# Blender 5.2.1 LTS
# www.blender.org
mtllib EvoluedGodzilla_body.mtl
o Object_8
v 0.509181 2.929231 0.084797
v 0.454867 2.713857 0.157098
v 0.539786 2.876331 -0.056005
v -0.454867 2.713857 0.157098
v -0.509181 2.929231 0.084797
v -0.539786 2.876331 -0.056005
v 0.168211 0.750066 -2.974525
v 0.160072 0.707962 -3.121164
v 0.197679 0.796991 -3.087715
v 0.164405 0.864554 -2.727168
v 0.162371 0.958534 -2.549837
v 0.222358 0.944949 -2.721277
v -0.160072 0.707962 -3.121164
v -0.168211 0.750066 -2.974525
v -0.197679 0.796991 -3.087715
v -0.162371 0.958534 -2.549837
v -0.164405 0.864554 -2.727168
v -0.222358 0.944949 -2.721277
v -0.124986 0.496073 -6.243806
v -0.131722 0.503974 -6.273169
v -0.132430 0.478449 -6.209979
v 0.031570 0.287917 -6.049537
v 0.031525 0.271895 -6.060613
v 0.002019 0.299204 -6.030668
v 0.000000 4.264310 1.446436
v 0.000000 4.273799 1.379234
v 0.042521 4.266842 1.444393
v 0.057710 4.281760 1.377764
v 0.137818 4.300846 1.400562
v 0.000000 4.286931 1.337486
v 0.160821 4.317339 1.341361
v 0.051062 4.305514 1.329677
v 0.000000 4.290985 1.287555
v 0.054066 4.305820 1.277095
v 0.103506 4.321650 1.313597
v 0.119569 4.331491 1.237324
v 0.143900 4.331842 1.279078
v 0.174977 4.345978 1.308833
v 0.174694 4.358853 1.252387
v 0.159474 4.346150 1.213942
v 0.206736 4.369901 1.295241
v 0.229838 4.345563 1.290905
v 0.198360 4.403461 1.341174
v 0.176347 4.372213 1.374578
v 0.179813 4.387598 1.371428
v 0.200598 4.387778 1.239704
v 0.193730 4.374573 1.201951
v 0.219123 4.405341 1.192503
v 0.220865 4.399086 1.267129
v 0.232583 4.420678 1.231807
v 0.245140 4.461928 1.181991
v 0.243218 4.480676 1.229929
v 0.263561 4.530321 1.171896
v 0.257192 4.389017 1.281722
v 0.232309 4.417593 1.299538
v 0.231027 4.431375 1.269403
v 0.216256 4.399410 1.372098
v 0.178599 4.412929 1.395831
v 0.196774 4.428288 1.371514
v 0.210689 4.461135 1.359920
v 0.256115 4.547031 1.234982
v 0.266161 4.656236 1.169649
v 0.241146 4.637013 1.249186
v 0.255773 4.441192 1.294830
v 0.247414 4.468146 1.274521
v 0.237032 4.458154 1.307284
v 0.217336 4.424826 1.389698
v 0.195700 4.452100 1.383572
v 0.166617 4.442382 1.417228
v 0.142563 4.402967 1.433326
v 0.140971 4.448838 1.457390
v 0.191908 4.473353 1.399103
v 0.154588 4.472774 1.429614
v 0.130715 4.494616 1.456354
v 0.111319 4.449749 1.473469
v 0.106160 4.491730 1.490794
v 0.075183 4.470153 1.480462
v 0.077421 4.449472 1.480673
v 0.174174 4.500933 1.419463
v 0.153327 4.491524 1.467641
v 0.207805 4.503848 1.375689
v 0.189008 4.523760 1.435334
v 0.160686 4.517444 1.478798
v 0.210746 4.540559 1.391310
v 0.205013 4.559280 1.439361
v 0.222514 4.569935 1.407748
v 0.223472 4.594975 1.351671
v 0.229621 4.558479 1.337228
v 0.236515 4.510075 1.305707
v 0.225520 4.489515 1.332113
v 0.255125 4.472908 1.316286
v 0.235359 4.481449 1.309358
v 0.276535 4.481705 1.271862
v 0.233442 4.499354 1.271133
v 0.256492 4.522893 1.258573
v 0.237092 4.536764 1.304012
v 0.286169 4.541331 1.264469
v 0.245510 4.560942 1.283268
v 0.230018 4.605052 1.294544
v 0.222345 4.619096 1.315554
v 0.218476 4.654240 1.306562
v 0.251373 4.657091 1.275197
v 0.233929 4.669179 1.252554
v 0.272690 4.674042 1.233342
v 0.223670 4.689192 1.223132
v 0.210809 4.684658 1.273298
v 0.240732 4.659264 1.222875
v 0.196721 4.723646 1.217884
v 0.191923 4.713852 1.292740
v 0.189453 4.761595 1.169011
v 0.184388 4.757507 1.244889
v 0.344492 3.205738 -0.678054
v 0.263389 3.179958 -0.724369
v 0.252685 3.243647 -0.763044
v 0.298834 3.294636 -0.744756
v 0.280749 3.326512 -0.824703
v 0.410908 3.237919 -0.576227
v 0.351137 3.403059 -0.711044
v 0.291980 3.357318 -0.786224
v 0.305857 3.385729 -0.787310
v 0.382312 3.381241 -0.490454
v 0.363857 3.490737 -0.793398
v 0.373924 3.563602 -0.723604
v 0.322883 3.439903 -0.844684
v 0.360481 3.513263 -0.908830
v 0.347525 3.474820 -0.912239
v 0.368133 3.533343 -1.000240
v 0.362110 3.552984 -0.903911
v 0.369589 3.557008 -0.821246
v 0.367014 3.603543 -0.858510
v 0.383169 3.620607 -0.809585
v 0.405922 3.684588 -0.859894
v 0.381063 3.653826 -0.907112
v 0.377511 3.500430 -0.630174
v 0.388979 3.675474 -0.742625
v 0.422018 3.722225 -0.915124
v 0.395729 3.687327 -0.955542
v 0.409924 3.737586 -0.822716
v 0.437988 3.741977 -1.012162
v 0.412068 3.711990 -1.024637
v 0.430197 3.731889 -1.101788
v 0.423510 3.768871 -1.011993
v 0.409690 3.769490 -0.906949
v 0.403824 3.770083 -0.856444
v 0.412533 3.794863 -0.843296
v 0.381268 3.761928 -0.796292
v 0.360520 3.711536 -0.730959
v 0.367260 3.654608 -0.657199
v 0.352352 3.726429 -0.670986
v 0.357511 3.738172 -0.639113
v 0.358964 3.765177 -0.664137
v 0.338670 3.738608 -0.626830
v 0.336522 3.654763 -0.575698
v 0.318403 3.645171 -0.544064
v 0.353074 3.602660 -0.600578
v 0.343836 3.578304 -0.543131
v 0.324160 3.625377 -0.514248
v 0.321071 3.706618 -0.520063
v 0.293285 3.602675 -0.489015
v 0.336865 3.564774 -0.502925
v 0.351911 3.522787 -0.419460
v 0.274168 3.611469 -0.438676
v 0.252906 3.126734 -0.757171
v 0.300515 3.066611 -0.779722
v 0.274210 3.177210 -0.816570
v 0.268251 3.145468 -0.857849
v 0.290142 3.098881 -0.880468
v 0.298341 2.986816 -0.821889
v 0.312757 3.148612 -0.992626
v 0.302968 3.261813 -1.011082
v 0.304948 3.215694 -1.048965
v 0.306999 2.994515 -1.014370
v 0.289362 2.795152 -0.935376
v 0.333812 3.137681 -1.117923
v 0.322953 3.217167 -1.103407
v 0.273103 2.884850 -1.115328
v 0.183506 2.714788 -1.127058
v 0.248732 2.853201 -1.177511
v 0.321139 3.003190 -1.210817
v 0.318913 3.014651 -1.307769
v 0.315120 3.104138 -1.239806
v 0.359755 3.233643 -1.271684
v 0.349031 3.280685 -1.268900
v 0.341330 3.191511 -1.313613
v 0.384530 3.287585 -1.499834
v 0.298439 4.162998 0.040392
v 0.339272 4.179365 0.013519
v 0.321543 4.121748 0.030977
v 0.308571 4.178627 0.075530
v 0.319019 4.170651 0.121549
v 0.319019 4.170651 0.121549
v 0.368866 4.225344 0.104053
v 0.341976 4.158658 0.204205
v 0.314606 4.235208 0.247940
v 0.341218 4.114250 0.106482
v 0.321543 4.121748 0.030977
v 0.339272 4.179365 0.013519
v 0.319019 4.170651 0.121549
v 0.314606 4.235208 0.247940
v 0.364239 4.305687 0.249488
v 0.339498 4.227813 0.320670
v 0.293796 4.294425 0.394715
v 0.401538 3.945069 0.039690
v 0.392087 3.992568 0.021174
v 0.474051 4.024246 0.019045
v 0.375231 4.046850 0.136077
v 0.401538 3.945069 0.039690
v 0.474051 4.024246 0.019045
v 0.397515 3.964869 0.099283
v 0.375231 4.046850 0.136077
v 0.274469 4.259977 -0.142724
v 0.249293 4.190818 -0.137389
v 0.144161 4.280679 -0.035148
v 0.211752 4.341140 -0.082872
v 0.273563 4.348013 -0.188513
v 0.298236 4.330594 -0.209096
v 0.308293 4.373836 -0.247221
v 0.289563 4.370955 -0.172177
v 0.262119 4.418953 -0.121535
v 0.319341 4.439418 -0.217321
v 0.311014 4.471066 -0.211770
v 0.349500 4.491757 -0.259047
v 0.329639 4.516545 -0.219291
v 0.314016 4.542140 -0.186250
v 0.363998 4.590977 -0.279592
v 0.284582 4.479039 -0.116981
v 0.266256 4.483621 -0.023608
v 0.207140 4.403223 0.048282
v 0.139947 4.391329 0.133174
v 0.351843 4.610620 -0.274955
v 0.388101 4.638684 -0.340574
v 0.361858 4.620894 -0.259994
v 0.329634 4.563129 -0.156435
v 0.314024 4.525093 -0.095986
v 0.306150 4.509128 -0.041496
v 0.311321 4.541586 -0.034241
v 0.242584 4.425060 0.094803
v 0.229093 4.437407 0.129877
v 0.205374 4.426863 0.174791
v 0.191368 4.458228 0.203343
v 0.129883 4.472077 0.226961
v 0.205198 4.521855 0.182163
v 0.060214 4.436382 0.197839
v 0.089623 4.364456 0.104520
v 0.065459 4.316771 -0.002538
v 0.055684 4.257600 -0.071600
v 0.048714 4.488554 0.257975
v 0.082823 4.516731 0.257851
v 0.167234 4.546120 0.202129
v 0.211683 4.566381 0.167286
v 0.243904 4.558020 0.136583
v 0.227851 4.598140 0.176145
v 0.147904 4.590198 0.220311
v 0.203560 4.643440 0.207874
v 0.291313 4.724605 0.157863
v 0.219398 4.654615 0.273429
v 0.152019 4.607810 0.269344
v 0.090871 4.578952 0.315586
v 0.176684 4.637032 0.339783
v 0.103888 4.603880 0.431180
v 0.249293 4.190818 -0.137389
v 0.181589 4.157923 -0.127033
v 0.144161 4.280679 -0.035148
v 0.105314 4.160306 -0.163413
v 0.143888 4.042474 -0.223250
v 0.045587 4.209368 -0.118786
v 0.055684 4.257600 -0.071600
v 0.000000 4.248806 -0.114251
v 0.062331 4.295990 -0.187584
v 0.000000 4.359076 -0.147186
v 0.085821 4.047027 -0.230704
v 0.143042 3.946158 -0.292242
v 0.030908 4.415060 -0.216951
v 0.000000 4.502601 -0.187364
v 0.038195 4.312890 -0.326223
v 0.028305 4.487603 -0.340310
v 0.000000 4.488895 -0.235311
v 0.000000 4.600926 -0.355346
v 0.079370 4.232515 -0.254976
v 0.027916 4.106662 -0.351332
v 0.061774 4.109565 -0.304420
v 0.044570 4.007630 -0.364435
v 0.055012 3.931711 -0.326765
v 0.090404 3.824584 -0.411066
v 0.185176 3.806152 -0.380090
v 0.009329 4.601060 -0.371048
v 0.000000 4.632974 -0.393414
v 0.000000 4.603818 -0.390747
v 0.018139 4.560801 -0.395509
v 0.015461 4.585481 -0.454770
v 0.000000 4.669721 -0.481131
v 0.000000 4.651870 -0.501893
v 0.026313 4.498338 -0.410771
v 0.054732 3.946173 -0.468056
v 0.134117 3.689840 -0.491472
v 0.210351 3.718620 -0.420738
v 0.023667 4.398145 -0.426453
v 0.080784 3.885351 -0.543396
v 0.186778 3.626418 -0.462525
v 0.265786 3.691247 -0.431709
v 0.274168 3.611469 -0.438676
v 0.245936 3.570654 -0.514107
v 0.293285 3.602675 -0.489015
v 0.155027 3.524376 -0.564264
v 0.206327 3.467642 -0.579328
v 0.101238 3.375959 -0.654217
v 0.042224 3.567042 -0.795224
v 0.086962 3.705698 -0.668696
v 0.073845 3.963996 -0.689628
v 0.182029 3.344840 -0.631391
v 0.097629 3.181396 -0.719553
v 0.202115 3.228155 -0.690580
v 0.000000 3.252195 -0.768603
v 0.000000 3.312127 -0.754022
v 0.000000 3.453671 -0.816334
v 0.000000 3.524279 -0.886483
v 0.000000 3.540867 -0.944954
v 0.000000 3.610796 -0.940182
v 0.056525 3.781820 -0.810760
v 0.037843 3.746886 -0.946407
v 0.000000 3.686815 -0.992653
v 0.063969 3.928393 -0.822383
v 0.052628 4.057251 -0.820642
v 0.014707 3.804533 -1.107248
v 0.000000 3.766135 -1.123770
v 0.000000 3.831073 -1.198228
v 0.000000 3.832273 -1.105084
v 0.000000 3.857380 -1.067047
v 0.025135 3.818358 -1.015513
v 0.022291 3.918796 -1.010628
v 0.000000 3.913837 -1.076694
v 0.028184 4.048927 -0.992841
v 0.016311 4.003364 -1.092827
v 0.000000 3.964223 -1.131524
v 0.000000 4.022349 -1.181823
v 0.000000 4.056250 -1.093555
v 0.000000 4.094436 -1.052654
v 0.028172 4.134248 -1.000585
v 0.000000 4.140040 -1.066628
v 0.026249 4.232714 -1.056240
v 0.000000 4.165192 -1.118817
v 0.022341 4.277225 -1.151901
v 0.000000 4.196862 -1.173933
v 0.000000 4.291297 -1.341949
v 0.034770 4.195446 -0.947816
v 0.010796 4.320393 -1.339931
v 0.000000 4.319808 -1.430778
v 0.000000 4.348356 -1.332351
v 0.000000 4.371745 -1.173126
v 0.000000 4.371050 -1.084069
v 0.017255 4.316288 -1.089194
v 0.000000 4.335559 -1.075892
v 0.019898 4.307148 -1.038072
v 0.000000 4.340350 -1.043957
v 0.016392 4.333996 -0.995779
v 0.000000 4.398327 -0.974925
v 0.000000 4.341993 -0.935967
v 0.013793 4.304197 -0.943404
v 0.027709 4.241325 -0.852158
v 0.013618 4.322016 -0.874833
v 0.000000 4.390302 -0.828979
v 0.000000 4.265637 -0.814121
v 0.023978 4.233299 -0.779956
v 0.000000 4.268367 -0.785311
v 0.022510 4.174284 -0.645554
v 0.015317 4.325565 -0.724886
v 0.000000 4.333659 -0.752817
v 0.000000 4.371266 -0.706219
v 0.000000 4.278620 -0.678168
v 0.018945 4.237260 -0.701168
v 0.017538 4.249700 -0.647723
v 0.000000 4.307623 -0.609316
v 0.000000 4.189723 -0.595576
v 0.023833 4.146072 -0.583720
v 0.042533 3.997308 -0.540420
v 0.011418 4.212320 -0.503569
v 0.000000 4.239570 -0.531880
v 0.000000 4.247792 -0.476123
v 0.000000 4.118715 -0.484950
v 0.025307 4.116632 -0.533147
v 0.000000 4.020710 -0.453920
v 0.000000 4.036656 -0.408595
v 0.000000 4.080288 -0.443610
v 0.000000 4.120499 -0.403038
v 0.000000 4.208147 -0.417005
v 0.000000 4.254734 -0.449535
v 0.018483 4.311417 -0.439983
v 0.000000 4.322220 -0.527035
v 0.000000 4.356943 -0.461402
v 0.000000 4.456187 -0.596970
v 0.000000 4.460134 -0.469371
v 0.000000 4.498298 -0.503673
v 0.019910 4.545745 -0.492692
v 0.000000 4.520060 -0.560948
v 0.012305 4.602175 -0.519705
v 0.007935 4.539840 -0.562729
v 0.000000 4.553006 -0.631895
v 0.000000 4.562936 -0.571419
v 0.008482 4.652424 -0.613900
v 0.000000 4.679609 -0.620822
v 0.000000 4.616323 -0.635091
v 0.000000 4.700562 -0.761663
v 0.181589 4.157923 -0.127033
v 0.249293 4.190818 -0.137389
v 0.274601 4.194096 -0.200739
v 0.225142 4.136939 -0.272608
v 0.340125 4.258283 -0.299498
v 0.143888 4.042474 -0.223250
v 0.328960 4.224854 -0.308466
v 0.233496 4.044945 -0.370183
v 0.143042 3.946158 -0.292242
v 0.294179 4.168478 -0.341255
v 0.318550 4.092649 -0.435200
v 0.350048 4.236978 -0.349714
v 0.334924 4.216953 -0.385391
v 0.380343 4.276832 -0.404977
v 0.265906 3.917156 -0.431656
v 0.185176 3.806152 -0.380090
v 0.340343 3.991112 -0.502201
v 0.350725 3.920067 -0.559465
v 0.294924 3.837855 -0.485908
v 0.291735 3.758029 -0.502325
v 0.210351 3.718620 -0.420738
v 0.265786 3.691247 -0.431709
v 0.362334 4.037702 -0.507285
v 0.406390 4.118847 -0.561391
v 0.385892 4.161439 -0.543715
v 0.440330 4.165500 -0.630021
v 0.432157 4.199973 -0.599529
v 0.374295 4.209821 -0.500894
v 0.419465 4.252107 -0.578898
v 0.461751 4.271504 -0.656590
v 0.453518 4.306463 -0.653597
v 0.498372 4.334448 -0.729148
v 0.467572 4.327653 -0.629365
v 0.432502 4.295464 -0.543200
v 0.388867 4.258374 -0.437278
v 0.376133 4.263753 -0.420681
v 0.399814 4.283684 -0.446700
v 0.319019 4.170651 0.121549
v 0.319208 4.212461 0.132442
v 0.368866 4.225344 0.104053
v 0.314606 4.235208 0.247940
v 0.314606 4.235208 0.247940
v 0.297965 4.297049 0.288189
v 0.364239 4.305687 0.249488
v 0.293796 4.294425 0.394715
v 0.194532 4.673569 1.361625
v 0.257337 4.638086 1.332514
v 0.208398 4.724645 1.377627
v 0.171708 4.746996 1.309103
v 0.234015 4.618741 1.359111
v 0.204511 4.639074 1.388470
v 0.254183 4.615038 1.377258
v 0.236658 4.603004 1.398091
v 0.207876 4.621922 1.414430
v 0.247334 4.595419 1.412608
v 0.224803 4.590820 1.437298
v 0.236505 4.582168 1.462425
v 0.212625 4.582712 1.475404
v 0.200216 4.604894 1.457444
v 0.223948 4.666735 1.402279
v 0.192982 4.609702 1.481363
v 0.218793 4.568644 1.494978
v 0.174023 4.582761 1.541072
v 0.211658 4.627376 1.459087
v 0.144952 4.623155 1.512124
v 0.126422 4.616312 1.536254
v 0.130362 4.600145 1.587365
v 0.101420 4.614882 1.563747
v 0.099508 4.602032 1.602819
v 0.213110 4.698411 1.395836
v 0.171918 4.665555 1.438104
v 0.199276 4.698025 1.384856
v 0.183523 4.732626 1.387523
v 0.148981 4.659605 1.468014
v 0.155827 4.688476 1.464189
v 0.162413 4.704410 1.429356
v 0.137084 4.646461 1.508746
v 0.144504 4.667716 1.491181
v 0.138676 4.630709 1.517895
v 0.128389 4.647817 1.521230
v 0.178381 4.754785 1.373398
v 0.193576 4.778760 1.321720
v 0.109449 4.791453 1.370364
v 0.209272 4.807796 1.234999
v 0.199744 4.788808 1.167211
v 0.113121 4.804223 1.310270
v 0.116036 4.815689 1.231610
v 0.143704 4.807642 1.174057
v 0.097638 4.814396 1.167102
v 0.204395 4.759912 1.387297
v 0.163864 4.754878 1.395165
v 0.174119 4.738145 1.415334
v 0.149069 4.737548 1.434689
v 0.189076 4.740718 1.431114
v 0.161131 4.720290 1.452651
v 0.025907 4.843566 1.270269
v 0.040670 4.840138 1.223766
v 0.042178 4.822704 1.305631
v 0.054828 4.835820 1.163937
v 0.052277 4.829293 1.159438
v 0.000000 4.849968 1.156980
v 0.000000 4.875199 1.164002
v 0.000000 4.848816 1.235803
v 0.013000 4.848797 1.239136
v 0.000000 4.872779 1.231165
v 0.000000 4.828297 1.344231
v 0.015857 4.825438 1.348633
v 0.000000 4.840365 1.349726
v 0.000000 4.772210 1.476816
v 0.097769 4.758848 1.446292
v 0.009745 4.759578 1.478647
v 0.087593 4.729485 1.514553
v 0.000000 4.728247 1.543807
v 0.146002 4.723186 1.473219
v 0.185417 4.727221 1.465896
v 0.167253 4.706503 1.486609
v 0.139880 4.707869 1.506359
v 0.160425 4.679752 1.488930
v 0.145077 4.672218 1.514344
v 0.138542 4.658385 1.505705
v 0.132143 4.655122 1.516349
v 0.177791 4.706522 1.497825
v 0.160312 4.697179 1.513951
v 0.141418 4.699480 1.531022
v 0.126905 4.656733 1.536692
v 0.170550 4.700938 1.522584
v 0.151862 4.687212 1.539319
v 0.137283 4.692667 1.549311
v 0.134860 4.668407 1.542125
v 0.072435 4.699830 1.565702
v 0.154508 4.687363 1.552840
v 0.142274 4.681273 1.572953
v 0.060376 4.675221 1.600453
v 0.000000 4.678109 1.598060
v 0.034525 4.656300 1.621818
v 0.000000 4.659734 1.615792
v 0.000000 4.648584 1.622800
v 0.121829 4.686608 1.564587
v 0.026513 4.638289 1.625440
v 0.000000 4.632944 1.641719
v 0.028102 4.625260 1.643893
v 0.049280 4.633464 1.629458
v 0.052789 4.622869 1.642243
v 0.079270 4.613108 1.642036
v 0.069545 4.631035 1.611537
v 0.073102 4.650602 1.633550
v 0.084314 4.618938 1.580562
v 0.083230 4.667662 1.615678
v 0.106520 4.672986 1.594134
v 0.114940 4.677695 1.582056
v 0.129018 4.674745 1.574339
v 0.120973 4.662220 1.560397
v 0.106051 4.651941 1.582468
v 0.129369 4.676721 1.583328
v 0.115037 4.666440 1.589527
v 0.116570 4.655250 1.549083
v 0.118124 4.672586 1.603567
v 0.107330 4.667549 1.606527
v 0.105019 4.649860 1.555554
v 0.115814 4.651644 1.547149
v 0.125541 4.651840 1.536084
v 0.108478 4.672617 1.616892
v 0.087327 4.660213 1.623362
v 0.085915 4.644858 1.603557
v 0.075296 4.630407 1.581190
v 0.091017 4.640487 1.566330
v 0.085440 4.622651 1.556456
v 0.094578 4.639683 1.554779
v 0.105327 4.622745 1.549644
v 0.107111 4.645281 1.551425
v 0.100127 4.635309 1.551896
v 0.122774 4.621012 1.533928
v 0.114109 4.650026 1.545850
v 0.121560 4.650773 1.534166
v 0.106500 4.645044 1.548228
v 0.123349 4.647493 1.522732
v 0.103161 4.638335 1.547133
v 0.124266 4.641340 1.526790
v 0.109633 4.633698 1.546984
v 0.109608 4.635450 1.544921
v 0.118323 4.632557 1.541449
v 0.116635 4.634739 1.540030
v 0.121659 4.636844 1.532113
v 0.124862 4.635610 1.533298
v 0.127614 4.640775 1.525976
v 0.000000 4.248806 -0.114251
v 0.000000 4.424922 -0.146621
v 0.055684 4.257600 -0.071600
v 0.000000 4.419805 -0.120642
v 0.037503 4.395444 -0.045280
v 0.065459 4.316771 -0.002538
v 0.024853 4.515699 -0.091157
v 0.000000 4.493916 -0.145289
v 0.000000 4.575052 -0.198947
v 0.059698 4.448316 0.063796
v 0.089623 4.364456 0.104520
v 0.060214 4.436382 0.197839
v 0.032008 4.524840 0.165566
v 0.048714 4.488554 0.257975
v 0.025501 4.549766 -0.019659
v 0.005480 4.590279 -0.194405
v 0.000000 4.603906 -0.220178
v 0.000000 4.611156 -0.185094
v 0.017174 4.592657 -0.127736
v 0.020162 4.621678 0.046066
v 0.019983 4.642570 -0.078384
v 0.016226 4.648195 -0.147594
v 0.010544 4.671796 -0.201899
v 0.000000 4.654121 -0.227901
v 0.000000 4.699891 -0.271063
v 0.000000 4.715337 -0.248310
v 0.011536 4.726258 -0.179103
v 0.007473 4.794000 -0.257859
v 0.000000 4.779697 -0.269388
v 0.000000 4.848772 -0.334592
v 0.000000 4.815331 -0.248776
v 0.000000 4.777184 -0.180294
v 0.000000 4.746382 -0.091837
v 0.013496 4.695161 -0.017409
v 0.000000 4.823917 -0.107233
v 0.000000 4.731547 0.001630
v 0.000000 4.674133 0.086231
v 0.000000 4.590254 0.151579
v 0.004632 4.596743 0.157408
v 0.000000 4.614192 0.153621
v 0.000000 4.593182 0.171370
v 0.000000 4.554714 0.182723
v 0.023712 4.546131 0.216691
v 0.000000 4.553658 0.203390
v 0.000000 4.580853 0.192263
v 0.028713 4.596272 0.247669
v 0.000000 4.600462 0.192002
v 0.000000 4.617513 0.217866
v 0.046636 4.561383 0.277836
v 0.082823 4.516731 0.257851
v 0.090871 4.578952 0.315586
v 0.054213 4.605711 0.331857
v 0.103888 4.603880 0.431180
v 0.029728 4.665662 0.365003
v 0.018029 4.682555 0.255167
v 0.000000 4.666478 0.220233
v 0.037494 4.652566 0.299580
v 0.020971 4.703031 0.323105
v 0.000000 4.722708 0.338522
v 0.000000 4.740949 0.310216
v 0.012237 4.723104 0.287470
v 0.000000 4.738962 0.295275
v 0.009725 4.768226 0.248394
v 0.000000 4.778576 0.260479
v 0.000000 4.816494 0.228363
v 0.012125 4.696563 0.214402
v 0.000000 4.666307 0.203054
v 0.000000 4.679975 0.163699
v 0.000000 4.725965 0.165318
v 0.016575 4.754489 0.217093
v 0.012362 4.793132 0.186092
v 0.000000 4.766513 0.146720
v 0.000000 4.894964 0.097519
v 0.000000 4.806016 0.203206
v 0.000000 4.806994 0.214554
v 0.003860 4.813657 0.219319
v 0.000000 4.834001 0.202653
v 0.183248 3.084109 -0.781114
v 0.252906 3.126734 -0.757171
v 0.274210 3.177210 -0.816570
v 0.268251 3.145468 -0.857849
v 0.226277 3.105344 -0.884574
v 0.138594 2.908444 -0.960282
v 0.256897 3.146976 -1.002320
v 0.302968 3.261813 -1.011082
v 0.304948 3.215694 -1.048965
v 0.218454 3.028016 -1.018083
v 0.274434 3.152525 -1.118777
v 0.322953 3.217167 -1.103407
v 0.222352 2.897738 -1.120801
v 0.183506 2.714788 -1.127058
v 0.248732 2.853201 -1.177511
v 0.275448 3.012730 -1.206805
v 0.318913 3.014651 -1.307769
v 0.315120 3.104138 -1.239806
v 0.323254 3.238451 -1.278056
v 0.349031 3.280685 -1.268900
v 0.341330 3.191511 -1.313613
v 0.384530 3.287585 -1.499834
v 0.263389 3.179958 -0.724369
v 0.202115 3.228155 -0.690580
v 0.252685 3.243647 -0.763044
v 0.238403 3.315080 -0.765354
v 0.280749 3.326512 -0.824703
v 0.182029 3.344840 -0.631391
v 0.250765 3.436662 -0.727908
v 0.291980 3.357318 -0.786224
v 0.305857 3.385729 -0.787310
v 0.206327 3.467642 -0.579328
v 0.298129 3.487408 -0.791970
v 0.282744 3.577488 -0.734562
v 0.322883 3.439903 -0.844684
v 0.236155 3.507984 -0.649514
v 0.268586 3.598550 -0.601471
v 0.245936 3.570654 -0.514107
v 0.342218 3.509279 -0.913580
v 0.347525 3.474820 -0.912239
v 0.368133 3.533343 -1.000240
v 0.362110 3.552984 -0.903911
v 0.322267 3.561300 -0.828463
v 0.367014 3.603543 -0.858510
v 0.326054 3.639162 -0.805034
v 0.291063 3.628166 -0.519638
v 0.293285 3.602675 -0.489015
v 0.321071 3.706618 -0.520063
v 0.318403 3.645171 -0.544064
v 0.306187 3.654930 -0.583802
v 0.338670 3.738608 -0.626830
v 0.317810 3.669899 -0.675949
v 0.334744 3.739708 -0.650555
v 0.358964 3.765177 -0.664137
v 0.352352 3.726429 -0.670986
v 0.360520 3.711536 -0.730959
v 0.333703 3.686289 -0.746568
v 0.381268 3.761928 -0.796292
v 0.365833 3.747483 -0.834384
v 0.412533 3.794863 -0.843296
v 0.403824 3.770083 -0.856444
v 0.371421 3.718853 -0.930319
v 0.409690 3.769490 -0.906949
v 0.423510 3.768871 -1.011993
v 0.352149 3.689329 -0.872175
v 0.381063 3.653826 -0.907112
v 0.395729 3.687327 -0.955542
v 0.397733 3.737390 -1.020515
v 0.430197 3.731889 -1.101788
v 0.412068 3.711990 -1.024637
v 0.202115 3.228155 -0.690580
v 0.263389 3.179958 -0.724369
v 0.252906 3.126734 -0.757171
v 0.183248 3.084109 -0.781114
v 0.097629 3.181396 -0.719553
v 0.099821 3.104291 -0.809320
v 0.000000 3.252195 -0.768603
v 0.000000 3.294405 -0.822912
v 0.072864 2.919955 -0.969759
v 0.138594 2.908444 -0.960282
v 0.021082 3.336357 -0.887894
v 0.000000 3.460031 -0.870527
v 0.000000 3.393045 -0.905086
v 0.000000 3.422765 -0.987192
v 0.053518 3.081324 -1.066432
v 0.031137 3.355178 -1.059722
v 0.027921 3.157853 -1.278918
v 0.000000 3.013978 -1.232536
v 0.000000 2.941061 -1.175459
v 0.000000 3.073420 -1.359142
v 0.000000 2.884783 -1.153937
v 0.000000 3.105741 -1.348653
v 0.056012 2.735107 -1.101068
v 0.183506 2.714788 -1.127058
v 0.000000 2.848200 -1.177863
v 0.113377 2.655355 -1.182672
v 0.011497 3.596318 -1.127266
v 0.000000 3.628925 -1.086238
v 0.000000 3.674784 -1.135846
v 0.000000 3.580903 -1.190980
v 0.029745 3.473154 -1.238150
v 0.027077 3.352990 -1.396946
v 0.000000 3.595065 -1.244322
v 0.028451 3.536812 -1.311738
v 0.000000 3.718410 -1.364096
v 0.000000 3.672148 -1.412057
v 0.039350 2.795297 -1.217949
v 0.042178 2.762532 -1.385339
v 0.094876 2.615213 -1.275158
v 0.040782 2.575570 -1.452302
v 0.086977 2.508847 -1.323500
v 0.000000 2.442643 -1.394893
v 0.000000 2.409452 -1.532020
v 0.000000 2.546370 -1.572621
v 0.019382 2.903229 -1.249221
v 0.000000 2.933818 -1.201372
v 0.000000 2.964427 -1.227208
v 0.000000 2.958978 -1.286888
v 0.012544 2.938363 -1.344192
v 0.000000 3.011568 -1.330251
v 0.000000 2.989658 -1.417944
v 0.032310 2.882425 -1.515896
v 0.000000 3.131163 -1.654972
v 0.000000 3.045827 -1.662522
v 0.026702 2.667018 -1.623020
v 0.000000 2.655385 -1.861562
v 0.000000 2.753399 -1.689082
v 0.027573 2.777325 -1.615603
v 0.000000 2.826307 -1.727691
v 0.024719 2.930568 -1.668169
v 0.000000 3.029643 -2.044993
v 0.077099 4.426012 1.495962
v 0.123554 4.432474 1.485572
v 0.128495 4.373366 1.465267
v 0.100522 4.400654 1.521970
v 0.072296 4.401557 1.522897
v 0.092183 4.369998 1.559371
v 0.065352 4.379782 1.544393
v 0.118377 4.352707 1.495858
v 0.069792 4.372981 1.586881
v 0.052485 4.370551 1.568781
v 0.047391 4.361798 1.601352
v 0.084158 4.357327 1.602262
v 0.060773 4.357146 1.634835
v 0.043812 4.353889 1.626888
v 0.030230 4.343800 1.657272
v 0.098513 4.330890 1.544394
v 0.084398 4.320351 1.591444
v 0.091374 4.280479 1.516275
v 0.106563 4.292398 1.469167
v 0.079100 4.275764 1.571246
v 0.073830 4.311097 1.626853
v 0.067370 4.348606 1.637687
v 0.054550 4.342470 1.667246
v 0.042426 4.350919 1.664654
v 0.029055 4.346279 1.678201
v 0.000000 4.340204 1.666163
v 0.000000 4.343812 1.679661
v 0.000000 4.340435 1.693916
v 0.032543 4.337801 1.687034
v 0.000000 4.325040 1.692781
v 0.058786 4.300102 1.664516
v 0.033150 4.286413 1.673308
v 0.000000 4.282223 1.677246
v 0.039147 4.248193 1.637989
v 0.000000 4.243446 1.644981
v 0.062687 4.258247 1.626199
v 0.009662 4.235369 1.635498
v 0.000000 4.241062 1.613608
v 0.022264 4.240668 1.630477
v 0.025347 4.239155 1.613007
v 0.000000 4.252682 1.557175
v 0.034532 4.232471 1.612622
v 0.039584 4.240474 1.612504
v 0.073363 4.267191 1.603459
v 0.051379 4.236722 1.592741
v 0.038321 4.252606 1.562594
v 0.062357 4.253674 1.585875
v 0.079335 4.254856 1.558770
v 0.073030 4.268668 1.553358
v 0.038982 4.264504 1.506416
v 0.000000 4.263010 1.506433
v 0.160416 4.356968 1.398559
v 0.167813 4.339720 1.351994
v 0.000000 4.387882 1.534351
v 0.000000 4.374807 1.540092
v 0.014802 4.390353 1.523422
v 0.022860 4.373093 1.527197
v 0.023622 4.399799 1.482000
v 0.055302 4.396078 1.475460
v 0.034224 4.407447 1.458900
v 0.053440 4.418811 1.450645
v 0.031722 4.374843 1.547976
v 0.018519 4.361839 1.580390
v 0.000000 4.357712 1.582434
v 0.000000 4.342143 1.620644
v 0.053186 4.368404 1.521585
v 0.072296 4.401557 1.522897
v 0.077099 4.426012 1.495962
v 0.059638 4.435719 1.457647
v 0.077421 4.449472 1.480673
v 0.065352 4.379782 1.544393
v 0.063651 4.452419 1.461067
v 0.052485 4.370551 1.568781
v 0.075183 4.470153 1.480462
v 0.043996 4.357522 1.557447
v 0.041309 4.342855 1.590492
v 0.047391 4.361798 1.601352
v 0.031982 4.337356 1.616618
v 0.043812 4.353889 1.626888
v 0.030230 4.343800 1.657272
v 0.009069 4.355106 1.630031
v 0.020384 4.338634 1.645160
v 0.004101 4.345525 1.645914
v 0.000000 4.329086 1.643318
v 0.005885 4.335486 1.652777
v 0.000000 4.340204 1.666163
v 0.039188 4.391641 1.324955
v 0.000000 4.384243 1.325328
v 0.000000 4.428973 1.349333
v 0.032737 4.431695 1.352175
v 0.052473 4.393331 1.330791
v 0.000000 4.459836 1.411994
v 0.051456 4.442178 1.371081
v 0.034777 4.461274 1.420409
v 0.000000 4.462990 1.464056
v 0.054048 4.452276 1.420024
v 0.037250 4.465424 1.471836
v 0.000000 4.453003 1.522463
v 0.063651 4.452419 1.461067
v 0.035291 4.453640 1.524186
v 0.000000 4.430483 1.565130
v 0.064121 4.451972 1.484460
v 0.059638 4.435719 1.457647
v 0.050804 4.422781 1.475491
v 0.053440 4.418811 1.450645
v 0.034224 4.407447 1.458900
v 0.023622 4.399799 1.482000
v 0.043914 4.414149 1.507283
v 0.014802 4.390353 1.523422
v 0.035584 4.405184 1.546706
v 0.000000 4.387882 1.534351
v 0.000000 4.388810 1.549656
v 0.057591 4.441453 1.519383
v 0.044473 4.427010 1.553693
v 0.015567 4.387103 1.588376
v 0.000000 4.382963 1.589184
v 0.023635 4.395900 1.599637
v 0.021079 4.406972 1.599570
v 0.000000 4.412570 1.598130
v 0.011500 4.393400 1.631734
v 0.000000 4.393309 1.636502
v 0.000000 4.400980 1.634564
v 0.011965 4.400567 1.629808
v 0.175904 4.548568 1.495236
v 0.144956 4.568799 1.536413
v 0.149978 4.539393 1.531533
v 0.141980 4.497372 1.512898
v 0.108174 4.471879 1.561167
v 0.113034 4.535779 1.597352
v 0.103063 4.475312 1.593203
v 0.126236 4.475071 1.496756
v 0.114388 4.473231 1.520973
v 0.097145 4.482127 1.519130
v 0.093806 4.467013 1.561179
v 0.089669 4.472485 1.590376
v 0.083097 4.470226 1.630744
v 0.096390 4.476009 1.634354
v 0.070602 4.470306 1.667840
v 0.089577 4.476661 1.673254
v 0.059950 4.467985 1.699998
v 0.107754 4.535029 1.638042
v 0.071915 4.477313 1.708341
v 0.041823 4.465021 1.720270
v 0.099718 4.531248 1.682135
v 0.044099 4.476727 1.744107
v 0.078935 4.526836 1.724960
v 0.088446 4.571913 1.685120
v 0.017126 4.468541 1.732613
v 0.013770 4.467095 1.724401
v 0.011788 4.462411 1.724329
v 0.000000 4.461583 1.729183
v 0.000000 4.479073 1.747670
v 0.045695 4.526816 1.749337
v 0.000000 4.527785 1.758698
v 0.022395 4.580066 1.754444
v 0.000000 4.578751 1.755682
v 0.021864 4.601936 1.734993
v 0.041301 4.603895 1.733139
v 0.000000 4.602795 1.737139
v 0.000000 4.614296 1.702525
v 0.023792 4.610180 1.704050
v 0.000000 4.619346 1.671884
v 0.027222 4.618950 1.680823
v 0.048151 4.587148 1.747088
v 0.045002 4.615510 1.708612
v 0.062795 4.629625 1.658654
v 0.065004 4.574612 1.735840
v 0.071748 4.582382 1.714448
v 0.060030 4.596869 1.732127
v 0.070674 4.602491 1.687628
v 0.095327 4.579072 1.639704
v 0.063886 4.597047 1.718157
v 0.057372 4.605906 1.746157
v 0.060234 4.616098 1.723320
v 0.060079 4.624218 1.700472
v 0.058513 4.619401 1.696707
v 0.061796 4.627543 1.687156
v 0.058716 4.622301 1.680159
v 0.068923 4.614100 1.668255
v 0.064498 4.620986 1.650316
v 0.101717 4.577894 1.600421
v 0.118569 4.562840 1.574417
v 0.000000 4.461583 1.729183
v 0.000000 4.487792 1.712856
v 0.011788 4.462411 1.724329
v 0.013770 4.467095 1.724401
v 0.032969 4.485095 1.710921
v 0.041823 4.465021 1.720270
v 0.026953 4.479133 1.686259
v 0.000000 4.481839 1.635717
v 0.056932 4.476702 1.642489
v 0.049948 4.487832 1.693875
v 0.059950 4.467985 1.699998
v 0.070602 4.470306 1.667840
v 0.062499 4.492404 1.658490
v 0.083097 4.470226 1.630744
v 0.072094 4.492240 1.625419
v 0.089669 4.472485 1.590376
v 0.077359 4.492648 1.589186
v 0.093806 4.467013 1.561179
v 0.023079 4.473048 1.595105
v 0.000000 4.527767 1.590497
v 0.000000 4.501047 1.551026
v 0.081132 4.490047 1.554551
v 0.097145 4.482127 1.519130
v 0.066590 4.478750 1.572383
v 0.013165 4.490932 1.546093
v 0.086411 4.506002 1.499855
v 0.106160 4.491730 1.490794
v 0.069245 4.481632 1.502831
v 0.038205 4.479502 1.476926
v 0.000000 4.536980 1.459374
v 0.026326 4.481451 1.446436
v 0.054048 4.452276 1.420024
v 0.000000 4.539982 1.349271
v 0.036346 4.479785 1.381049
v 0.051456 4.442178 1.371081
v 0.032281 4.474828 1.314759
v 0.000000 4.476931 1.284587
v 0.047721 4.405028 1.275655
v 0.000000 4.407234 1.235030
v 0.013562 4.340776 1.686518
v 0.012891 4.343629 1.680456
v 0.008692 4.359135 1.689342
v 0.007274 4.341350 1.689725
v 0.003372 4.344598 1.681971
v 0.012891 4.343629 1.680456
v 0.030520 4.340456 1.682565
v 0.029085 4.342335 1.677606
v 0.025772 4.356029 1.682973
v 0.025747 4.340793 1.684059
v 0.023295 4.342592 1.679078
v 0.029085 4.342335 1.677606
v 0.038605 4.353329 1.674219
v 0.037156 4.342058 1.673464
v 0.038329 4.341234 1.678363
v 0.042170 4.341465 1.677409
v 0.041486 4.343421 1.673154
v 0.037156 4.342058 1.673464
v 0.045261 4.372164 1.668105
v 0.045084 4.338657 1.655666
v 0.042904 4.337482 1.662965
v 0.051482 4.335156 1.660775
v 0.050652 4.339778 1.651443
v 0.045084 4.338657 1.655666
v 0.061613 4.357205 1.662471
v 0.055681 4.330480 1.652561
v 0.055408 4.329896 1.657462
v 0.060117 4.328271 1.656264
v 0.061140 4.330164 1.650626
v 0.055681 4.330480 1.652561
v 0.080231 4.359938 1.623159
v 0.069682 4.347248 1.619751
v 0.070557 4.346307 1.624706
v 0.075048 4.344221 1.622147
v 0.073451 4.346325 1.617224
v 0.069682 4.347248 1.619751
v 0.080093 4.370406 1.599702
v 0.072018 4.362243 1.595097
v 0.074205 4.359114 1.602530
v 0.081342 4.358837 1.598705
v 0.079401 4.360613 1.592010
v 0.072018 4.362243 1.595097
v 0.086262 4.373962 1.558255
v 0.081402 4.371962 1.561943
v 0.086943 4.384634 1.566900
v 0.087938 4.371350 1.564188
v 0.083991 4.369954 1.568335
v 0.081402 4.371962 1.561943
v 0.081749 4.395998 1.546589
v 0.078809 4.385808 1.536060
v 0.082073 4.383135 1.544804
v 0.087502 4.384786 1.541301
v 0.084807 4.387314 1.534014
v 0.078809 4.385808 1.536060
v 0.095471 4.478503 1.561142
v 0.101101 4.446099 1.558740
v 0.099630 4.476156 1.575458
v 0.106395 4.480239 1.557077
v 0.101702 4.474532 1.547384
v 0.095471 4.478503 1.561142
v 0.065610 4.440773 1.685190
v 0.066440 4.474320 1.701947
v 0.064733 4.476162 1.692159
v 0.072003 4.475359 1.697016
v 0.070525 4.475353 1.683384
v 0.064733 4.476162 1.692159
v 0.049660 4.451604 1.711364
v 0.045955 4.478808 1.720725
v 0.048625 4.476840 1.714089
v 0.053512 4.477278 1.721192
v 0.056704 4.478217 1.712309
v 0.048625 4.476840 1.714089
v 0.037694 4.466273 1.722623
v 0.037916 4.483813 1.721915
v 0.049811 4.482186 1.728852
v 0.049753 4.465852 1.726950
v 0.038150 4.444646 1.726878
v 0.042781 4.467395 1.737603
v 0.042021 4.485021 1.738691
v 0.031203 4.467674 1.731092
v 0.037694 4.466273 1.722623
v 0.031264 4.485540 1.733177
v 0.037916 4.483813 1.721915
v 0.012793 4.475277 1.736229
v 0.018313 4.472490 1.737312
v 0.010607 4.464477 1.739772
v 0.018088 4.476599 1.743247
v 0.010291 4.476042 1.742852
v 0.012793 4.475277 1.736229
v 0.000000 4.105755 1.162942
v 0.000000 4.020528 1.114904
v 0.083934 4.036840 1.075281
v 0.088110 4.104222 1.114843
v 0.000000 4.171827 1.215009
v 0.161936 4.054324 1.038989
v 0.081078 4.210460 1.190352
v 0.160664 4.135510 1.084128
v 0.148838 4.177200 1.125238
v 0.000000 3.930735 1.077647
v 0.103184 3.947505 1.052626
v 0.215466 3.940387 1.017050
v 0.258571 4.034709 1.002057
v 0.337534 3.986588 1.006627
v 0.301252 3.906098 1.029961
v 0.377194 3.895030 1.044503
v 0.398392 3.960175 1.012094
v 0.438633 4.024676 0.964152
v 0.385125 4.061151 0.904680
v 0.488384 4.044851 0.820071
v 0.248362 4.102866 1.009813
v 0.332376 4.145689 0.936493
v 0.436931 4.092138 0.800160
v 0.228644 4.146011 1.053933
v 0.489813 4.118494 0.720142
v 0.502264 4.031623 0.652990
v 0.383246 4.192159 0.818691
v 0.288653 4.178517 1.005960
v 0.345131 4.279676 0.862777
v 0.236653 4.149232 1.066372
v 0.263407 4.209697 1.011477
v 0.187197 4.213295 1.109358
v 0.144853 4.211246 1.148184
v 0.309211 4.320073 0.925233
v 0.290657 4.216030 1.026553
v 0.176836 4.281734 1.176886
v 0.132108 4.294419 1.212822
v 0.248523 4.270787 1.074616
v 0.283048 4.349170 1.026930
v 0.307022 4.372843 0.834163
v 0.294482 4.385304 0.907995
v 0.335768 4.322379 0.771692
v 0.294413 4.414476 1.011691
v 0.268843 4.371619 1.117335
v 0.281552 4.437514 1.125817
v 0.247240 4.349335 1.126516
v 0.211885 4.314730 1.145422
v 0.400335 4.221139 0.726535
v 0.263487 4.398510 1.144134
v 0.245140 4.461928 1.181991
v 0.219123 4.405341 1.192503
v 0.277043 4.357385 1.132973
v 0.268598 4.332901 1.152043
v 0.193730 4.374573 1.201951
v 0.243757 4.292296 1.162439
v 0.192210 4.281862 1.193745
v 0.159474 4.346150 1.213942
v 0.119569 4.331491 1.237324
v 0.067126 4.248618 1.259013
v 0.000000 4.232257 1.273546
v 0.000000 4.290985 1.287555
v 0.054066 4.305820 1.277095
v 0.511588 3.002843 0.149501
v 0.545000 3.129236 -0.031950
v 0.566130 3.194901 0.014377
v 0.547344 3.131757 0.233171
v 0.598148 3.366381 0.135439
v 0.396103 2.962620 0.237855
v 0.574573 3.304307 0.321155
v 0.591220 3.547004 0.245332
v 0.450032 3.100775 0.310264
v 0.413652 2.831833 0.197445
v 0.600674 3.469700 0.421616
v 0.555506 3.662709 0.324835
v 0.381205 2.729987 0.163152
v 0.331542 2.551578 0.151036
v 0.251101 2.711927 0.212705
v 0.221327 2.437866 0.097905
v 0.262223 2.813481 0.269956
v 0.288826 2.912621 0.335516
v 0.122455 2.677663 0.276958
v 0.113756 2.427312 0.135170
v 0.122509 2.787251 0.352700
v 0.000000 2.656848 0.315393
v 0.000000 2.409578 0.171254
v 0.000000 2.768067 0.402990
v 0.000000 2.912256 0.495341
v 0.140655 2.908367 0.437608
v 0.377040 3.021898 0.361775
v 0.139820 3.000646 0.534843
v 0.000000 2.975472 0.558579
v 0.308178 3.036935 0.484622
v 0.403315 3.110588 0.437900
v 0.133428 3.031940 0.652539
v 0.000000 3.005969 0.677522
v 0.311594 3.078281 0.610398
v 0.518198 3.266694 0.398814
v 0.388464 3.134666 0.546583
v 0.548296 3.412002 0.488286
v 0.451467 3.254854 0.532881
v 0.373951 3.203946 0.722685
v 0.061703 3.076837 0.825497
v 0.000000 3.095661 0.810261
v 0.000000 3.212957 0.963873
v 0.298400 3.144907 0.759221
v 0.046556 3.198373 0.971927
v 0.000000 3.239455 0.970736
v 0.181586 3.105559 0.790737
v 0.173703 3.248993 0.933519
v 0.075061 3.237918 0.954244
v 0.279611 3.301581 0.929820
v 0.075856 3.255984 0.991143
v 0.000000 3.264672 0.980610
v 0.000000 3.339741 0.992233
v 0.168949 3.276980 0.935220
v 0.172484 3.301221 0.967809
v 0.085413 3.350875 1.023856
v 0.000000 3.477968 1.033860
v 0.086618 3.483150 1.058487
v 0.000000 3.606400 1.065339
v 0.195128 3.382218 1.009046
v 0.250582 3.346489 0.969695
v 0.087328 3.610271 1.082346
v 0.000000 3.726398 1.057881
v 0.256501 3.331121 0.931165
v 0.321271 3.394752 0.968428
v 0.208058 3.506706 1.046803
v 0.338852 3.385043 0.928353
v 0.343638 3.446256 0.994250
v 0.361260 3.353969 0.891895
v 0.375200 3.423858 0.921855
v 0.422109 3.303367 0.682232
v 0.401530 3.419493 0.843401
v 0.408663 3.469772 0.954150
v 0.438693 3.480724 0.932611
v 0.334295 3.534840 1.051329
v 0.505328 3.389450 0.560669
v 0.400157 3.545752 1.020102
v 0.563725 3.446581 0.512840
v 0.614595 3.590742 0.497895
v 0.550058 3.768968 0.468281
v 0.615226 3.721469 0.550419
v 0.663846 3.802565 0.612605
v 0.589806 3.873237 0.539792
v 0.604916 3.949009 0.648202
v 0.669944 3.871882 0.703521
v 0.518431 3.411703 0.572138
v 0.583289 3.996480 0.837368
v 0.659395 3.926823 0.843585
v 0.611107 3.905197 0.981392
v 0.527375 3.956205 0.971103
v 0.489920 3.911300 1.022638
v 0.540451 3.827329 1.042243
v 0.452176 3.856238 1.052041
v 0.496298 3.748761 1.071969
v 0.353279 3.805435 1.066388
v 0.426980 3.780017 1.066656
v 0.422908 3.698944 1.054631
v 0.480698 3.651508 1.049168
v 0.348880 3.721661 1.043880
v 0.425809 3.627820 1.050294
v 0.470721 3.544898 1.006726
v 0.371965 3.628996 1.056604
v 0.281208 3.823579 1.034383
v 0.284963 3.717370 1.059837
v 0.200658 3.837890 1.032561
v 0.309753 3.625769 1.062339
v 0.198763 3.720280 1.054808
v 0.087197 3.842102 1.032858
v 0.000000 3.843597 1.030348
v 0.083435 3.732883 1.068014
v 0.205191 3.619795 1.064418
v 0.435078 3.547040 1.002211
v 0.466623 3.475637 0.942579
v 0.469095 3.420562 0.860672
v 0.437847 3.436285 0.845033
v 0.472008 3.416095 0.747104
v 0.431662 3.400841 0.736955
v 0.453146 3.432395 0.743531
v 0.472519 3.426484 0.671681
v 0.489321 3.418778 0.676725
v 0.457787 3.389318 0.661904
v 0.526548 3.025762 -0.141346
v 0.572767 2.989450 -0.461239
v 0.518022 3.240421 -0.274629
v 0.509776 3.144385 -0.353261
v 0.453381 3.195403 -0.477893
v 0.474951 3.034800 -0.585677
v 0.532967 3.325051 -0.217595
v 0.435605 3.290000 -0.402232
v 0.410908 3.237919 -0.576227
v 0.370014 3.009086 -0.783542
v 0.382312 3.381241 -0.490454
v 0.344492 3.205738 -0.678054
v 0.443697 3.414082 -0.315554
v 0.351911 3.522787 -0.419460
v 0.547228 3.493295 -0.090212
v 0.300515 3.066611 -0.779722
v 0.298341 2.986816 -0.821889
v 0.252906 3.126734 -0.757171
v 0.263389 3.179958 -0.724369
v 0.443008 3.588348 -0.193591
v 0.540984 3.656605 0.041038
v 0.357420 3.672745 -0.321076
v 0.274168 3.611469 -0.438676
v 0.265786 3.691247 -0.431709
v 0.486775 3.764301 0.103939
v 0.427263 3.763913 -0.076433
v 0.319003 3.768120 -0.399127
v 0.291735 3.758029 -0.502325
v 0.294924 3.837855 -0.485908
v 0.498226 3.814783 0.341115
v 0.361512 3.854902 -0.207581
v 0.332642 3.907383 -0.432005
v 0.350725 3.920067 -0.559465
v 0.340343 3.991112 -0.502201
v 0.350497 3.881217 -0.341924
v 0.366929 4.024025 -0.384787
v 0.362334 4.037702 -0.507285
v 0.484041 3.961570 0.429930
v 0.354041 3.980562 -0.284479
v 0.555136 4.045507 0.537585
v 0.463137 4.093113 0.604295
v 0.483349 4.105802 0.489325
v 0.405910 4.039157 0.291310
v 0.400798 4.222957 0.625790
v 0.436321 3.893111 0.192866
v 0.416065 4.143106 0.525336
v 0.368215 4.248588 0.482191
v 0.325713 4.318266 0.642330
v 0.320250 4.373628 0.715551
v 0.325857 4.333655 0.586329
v 0.289696 4.366210 0.450943
v 0.383156 4.342451 0.622905
v 0.253879 4.447005 0.556382
v 0.245138 4.520817 0.672677
v 0.430059 3.854064 0.016710
v 0.358363 3.933456 -0.102514
v 0.317314 3.926452 -0.169383
v 0.318359 3.983054 -0.152309
v 0.371091 3.973532 -0.032655
v 0.397515 3.964869 0.099283
v 0.401538 3.945069 0.039690
v 0.375231 4.046850 0.136077
v 0.392087 3.992568 0.021174
v 0.351129 4.048532 -0.049954
v 0.351483 4.061671 0.027637
v 0.341218 4.114250 0.106482
v 0.321543 4.121748 0.030977
v 0.378993 4.089502 0.211614
v 0.397761 4.164159 0.373838
v 0.341976 4.158658 0.204205
v 0.319019 4.170651 0.121549
v 0.339498 4.227813 0.320670
v 0.314606 4.235208 0.247940
v 0.293796 4.294425 0.394715
v 0.233054 4.376885 0.313946
v 0.297965 4.297049 0.288189
v 0.288983 4.240150 0.236502
v 0.319208 4.212461 0.132442
v 0.244529 4.324975 0.208332
v 0.214559 4.443542 0.259216
v 0.284517 4.289980 0.140521
v 0.217895 4.456180 0.381643
v 0.244904 4.386430 0.170904
v 0.306391 4.308623 0.054522
v 0.268450 4.374226 0.095689
v 0.205374 4.426863 0.174791
v 0.229093 4.437407 0.129877
v 0.242584 4.425060 0.094803
v 0.191368 4.458228 0.203343
v 0.296478 4.426043 0.015328
v 0.311321 4.541586 -0.034241
v 0.306150 4.509128 -0.041496
v 0.211731 4.521845 0.239365
v 0.205198 4.521855 0.182163
v 0.206963 4.559149 0.310223
v 0.221707 4.561644 0.197149
v 0.243904 4.558020 0.136583
v 0.227851 4.598140 0.176145
v 0.224334 4.609395 0.246123
v 0.291313 4.724605 0.157863
v 0.219398 4.654615 0.273429
v 0.176684 4.637032 0.339783
v 0.103888 4.603880 0.431180
v 0.165891 4.538169 0.444690
v 0.237378 4.451965 0.434532
v 0.239762 4.459258 0.477753
v 0.293060 4.477261 0.427443
v 0.238706 4.502349 0.536981
v 0.253931 4.529555 0.511999
v 0.101438 4.701152 0.585253
v 0.211185 4.591220 0.638051
v 0.040238 4.694287 0.457670
v 0.042289 4.745368 0.550299
v 0.029728 4.665662 0.365003
v 0.028037 4.748556 0.391101
v 0.000000 4.722708 0.338522
v 0.020201 4.821417 0.357506
v 0.014204 4.860734 0.425973
v 0.000000 4.794114 0.298426
v 0.000000 4.845741 0.272816
v 0.212228 4.620481 0.620448
v 0.124980 4.736578 0.580106
v 0.018866 4.810176 0.474472
v 0.010637 4.849586 0.331349
v 0.000000 4.876137 0.312650
v 0.013830 4.895960 0.326013
v 0.000000 4.948381 0.297614
v 0.016319 4.896217 0.363826
v 0.000000 4.918551 0.386360
v 0.009310 4.904053 0.402754
v 0.000000 4.931514 0.391330
v 0.000000 4.912056 0.425486
v 0.000000 4.879502 0.454369
v 0.000000 4.833901 0.491300
v 0.000000 4.828257 0.516740
v 0.024383 4.794641 0.527358
v 0.019772 4.828920 0.571469
v 0.038434 4.783729 0.598402
v 0.068265 4.772164 0.696859
v 0.015726 4.885964 0.549033
v 0.000000 4.887382 0.507641
v 0.000000 4.949067 0.479143
v 0.031142 4.815035 0.658000
v 0.011220 4.942749 0.523392
v 0.000000 4.950770 0.488127
v 0.000000 5.021334 0.479986
v 0.000000 4.966034 0.553710
v 0.000000 4.890150 0.601672
v 0.000000 4.859264 0.626573
v 0.000000 4.856288 0.644576
v 0.017952 4.859780 0.698711
v 0.000000 4.897456 0.649054
v 0.032518 4.808936 0.719994
v 0.071441 4.799293 0.819235
v 0.128970 4.757118 0.713081
v 0.019657 4.906646 0.681892
v 0.000000 4.937312 0.642500
v 0.011295 4.950168 0.660130
v 0.000000 4.989247 0.619505
v 0.000000 4.966029 0.683814
v 0.017389 4.914052 0.703458
v 0.000000 4.924809 0.726885
v 0.015380 4.874102 0.735093
v 0.000000 4.892270 0.752908
v 0.000000 4.857158 0.786691
v 0.015968 4.833166 0.774622
v 0.025842 4.825789 0.818691
v 0.017584 4.851090 0.885027
v 0.000000 4.852904 0.825061
v 0.000000 4.945811 0.800628
v 0.000000 4.880041 0.927559
v 0.017957 4.845434 0.974194
v 0.000000 4.858375 0.978722
v 0.000000 4.848641 1.023554
v 0.015913 4.847146 1.044501
v 0.000000 4.876839 1.011311
v 0.000000 4.855538 1.061152
v 0.067521 4.815492 0.977876
v 0.061611 4.830727 1.076304
v 0.026718 4.848262 1.088892
v 0.000000 4.852118 1.111140
v 0.018485 4.852857 1.121717
v 0.000000 4.866416 1.122752
v 0.000000 4.849968 1.156980
v 0.052277 4.829293 1.159438
v 0.097638 4.814396 1.167102
v 0.073171 4.808254 0.894474
v 0.105033 4.799103 0.987886
v 0.107450 4.807727 1.073012
v 0.153628 4.778308 1.075772
v 0.143704 4.807642 1.174057
v 0.199744 4.788808 1.167211
v 0.135355 4.799973 0.890605
v 0.211422 4.739833 0.924702
v 0.212230 4.778722 1.060267
v 0.193002 4.743860 1.074436
v 0.189453 4.761595 1.169011
v 0.202381 4.709969 0.945226
v 0.124252 4.774372 0.813488
v 0.203986 4.672117 0.855354
v 0.233019 4.616810 0.972676
v 0.232703 4.584865 0.869202
v 0.210586 4.700250 0.837505
v 0.215789 4.629437 0.752183
v 0.243868 4.559897 0.774627
v 0.223032 4.660872 0.723299
v 0.228330 4.634235 0.626078
v 0.321153 4.485466 1.024560
v 0.320180 4.436141 0.902712
v 0.331222 4.397250 0.798596
v 0.266161 4.656236 1.169649
v 0.227448 4.639172 1.082317
v 0.263561 4.530321 1.171896
v 0.285221 4.523148 1.099303
v 0.298439 4.162998 0.040392
v 0.320428 4.088707 -0.025203
v 0.273527 4.111793 -0.078534
v 0.309014 4.038767 -0.112991
v 0.305450 4.143187 -0.206581
v 0.343042 4.053686 -0.232195
v 0.344673 4.085998 -0.322064
v 0.336129 4.159172 -0.298867
v 0.389775 4.095507 -0.441411
v 0.370384 4.147275 -0.397602
v 0.418080 4.157656 -0.520651
v 0.406390 4.118847 -0.561391
v 0.440330 4.165500 -0.630021
v 0.432157 4.199973 -0.599529
v 0.406605 4.208233 -0.474768
v 0.438978 4.248904 -0.553443
v 0.461751 4.271504 -0.656590
v 0.361941 4.194022 -0.362825
v 0.473040 4.302259 -0.642135
v 0.498372 4.334448 -0.729148
v 0.467572 4.327653 -0.629365
v 0.432502 4.295464 -0.543200
v 0.388867 4.258374 -0.437278
v 0.328960 4.224854 -0.308466
v 0.340125 4.258283 -0.299498
v 0.274601 4.194096 -0.200739
v 0.249293 4.190818 -0.137389
v 0.350048 4.236978 -0.349714
v 0.391729 4.262132 -0.411702
v 0.399814 4.283684 -0.446700
v 0.380343 4.276832 -0.404977
v 0.295757 4.206865 -0.010741
v 0.274469 4.259977 -0.142724
v 0.310064 4.231462 0.069147
v 0.308571 4.178627 0.075530
v 0.307821 4.304962 -0.076763
v 0.300444 4.340972 -0.163016
v 0.298236 4.330594 -0.209096
v 0.308293 4.373836 -0.247221
v 0.289563 4.370955 -0.172177
v 0.318381 4.392323 -0.054929
v 0.319364 4.429164 -0.131354
v 0.319341 4.439418 -0.217321
v 0.311744 4.459997 -0.029845
v 0.331587 4.490416 -0.104210
v 0.314024 4.525093 -0.095986
v 0.334223 4.464663 -0.202942
v 0.349500 4.491757 -0.259047
v 0.329639 4.516545 -0.219291
v 0.331713 4.501926 -0.170917
v 0.344409 4.541231 -0.178878
v 0.329634 4.563129 -0.156435
v 0.361858 4.620894 -0.259994
v 0.371955 4.605616 -0.267806
v 0.363998 4.590977 -0.279592
v 0.388101 4.638684 -0.340574
v 0.169309 2.420999 -1.361062
v 0.086977 2.508847 -1.323500
v 0.094876 2.615213 -1.275158
v 0.162611 2.700794 -1.347059
v 0.269952 2.812654 -1.638737
v 0.226398 2.774147 -1.389517
v 0.168596 2.728029 -1.279074
v 0.113377 2.655355 -1.182672
v 0.241634 2.844464 -1.308179
v 0.183506 2.714788 -1.127058
v 0.202031 2.750359 -1.240756
v -0.042521 4.266842 1.444393
v -0.057710 4.281760 1.377764
v -0.137818 4.300846 1.400562
v -0.160821 4.317339 1.341361
v -0.051062 4.305514 1.329677
v -0.054066 4.305820 1.277095
v -0.103506 4.321650 1.313597
v -0.119569 4.331491 1.237324
v -0.143900 4.331842 1.279078
v -0.174977 4.345978 1.308833
v -0.174694 4.358853 1.252387
v -0.159474 4.346150 1.213942
v -0.206736 4.369901 1.295241
v -0.229838 4.345563 1.290905
v -0.198360 4.403461 1.341174
v -0.176347 4.372213 1.374578
v -0.179813 4.387598 1.371428
v -0.200598 4.387778 1.239704
v -0.193730 4.374573 1.201951
v -0.219123 4.405341 1.192503
v -0.220865 4.399086 1.267129
v -0.232583 4.420678 1.231807
v -0.245140 4.461928 1.181991
v -0.243218 4.480676 1.229929
v -0.263561 4.530321 1.171896
v -0.257192 4.389017 1.281722
v -0.232309 4.417593 1.299538
v -0.231027 4.431375 1.269403
v -0.256115 4.547031 1.234982
v -0.266161 4.656236 1.169649
v -0.241146 4.637013 1.249186
v -0.196774 4.428288 1.371514
v -0.210689 4.461135 1.359920
v -0.216256 4.399410 1.372098
v -0.178599 4.412929 1.395831
v -0.255773 4.441192 1.294830
v -0.247414 4.468146 1.274521
v -0.237032 4.458154 1.307284
v -0.217336 4.424826 1.389698
v -0.195700 4.452100 1.383572
v -0.166617 4.442382 1.417228
v -0.142563 4.402967 1.433326
v -0.140971 4.448838 1.457390
v -0.191908 4.473353 1.399103
v -0.154588 4.472774 1.429614
v -0.130715 4.494616 1.456354
v -0.111319 4.449749 1.473469
v -0.106160 4.491730 1.490794
v -0.075183 4.470153 1.480462
v -0.077421 4.449472 1.480673
v -0.174174 4.500933 1.419463
v -0.153327 4.491524 1.467641
v -0.207805 4.503848 1.375689
v -0.189008 4.523760 1.435334
v -0.160686 4.517444 1.478798
v -0.210746 4.540559 1.391310
v -0.205013 4.559280 1.439361
v -0.222514 4.569935 1.407748
v -0.223472 4.594975 1.351671
v -0.229621 4.558479 1.337228
v -0.236515 4.510075 1.305707
v -0.225520 4.489515 1.332113
v -0.255125 4.472908 1.316286
v -0.235359 4.481449 1.309358
v -0.276535 4.481705 1.271862
v -0.233442 4.499354 1.271133
v -0.256492 4.522893 1.258573
v -0.237092 4.536764 1.304012
v -0.286169 4.541331 1.264469
v -0.245510 4.560942 1.283268
v -0.230018 4.605052 1.294544
v -0.222345 4.619096 1.315554
v -0.218476 4.654240 1.306562
v -0.251373 4.657091 1.275197
v -0.233929 4.669179 1.252554
v -0.272690 4.674042 1.233342
v -0.223670 4.689192 1.223132
v -0.210809 4.684658 1.273298
v -0.240732 4.659264 1.222875
v -0.196721 4.723646 1.217884
v -0.191923 4.713852 1.292740
v -0.189453 4.761595 1.169011
v -0.184388 4.757507 1.244889
v -0.252685 3.243647 -0.763044
v -0.263389 3.179958 -0.724369
v -0.344492 3.205738 -0.678054
v -0.298834 3.294636 -0.744756
v -0.280749 3.326512 -0.824703
v -0.410908 3.237919 -0.576227
v -0.351137 3.403059 -0.711044
v -0.291980 3.357318 -0.786224
v -0.305857 3.385729 -0.787310
v -0.382312 3.381241 -0.490454
v -0.363857 3.490737 -0.793398
v -0.373924 3.563602 -0.723604
v -0.322883 3.439903 -0.844684
v -0.360481 3.513263 -0.908830
v -0.347525 3.474820 -0.912239
v -0.368133 3.533343 -1.000240
v -0.362110 3.552984 -0.903911
v -0.369589 3.557008 -0.821246
v -0.367014 3.603543 -0.858510
v -0.383169 3.620607 -0.809585
v -0.405922 3.684588 -0.859894
v -0.381063 3.653826 -0.907112
v -0.377511 3.500430 -0.630174
v -0.388979 3.675474 -0.742625
v -0.422018 3.722225 -0.915124
v -0.395729 3.687327 -0.955542
v -0.409924 3.737586 -0.822716
v -0.437988 3.741977 -1.012162
v -0.412068 3.711990 -1.024637
v -0.430197 3.731889 -1.101788
v -0.423510 3.768871 -1.011993
v -0.409690 3.769490 -0.906949
v -0.403824 3.770083 -0.856444
v -0.412533 3.794863 -0.843296
v -0.381268 3.761928 -0.796292
v -0.360520 3.711536 -0.730959
v -0.367260 3.654608 -0.657199
v -0.352352 3.726429 -0.670986
v -0.357511 3.738172 -0.639113
v -0.358964 3.765177 -0.664137
v -0.338670 3.738608 -0.626830
v -0.336522 3.654763 -0.575698
v -0.318403 3.645171 -0.544064
v -0.353074 3.602660 -0.600578
v -0.343836 3.578304 -0.543131
v -0.324160 3.625377 -0.514248
v -0.321071 3.706618 -0.520063
v -0.293285 3.602675 -0.489015
v -0.336865 3.564774 -0.502925
v -0.351911 3.522787 -0.419460
v -0.274168 3.611469 -0.438676
v -0.300515 3.066611 -0.779722
v -0.252906 3.126734 -0.757171
v -0.274210 3.177210 -0.816570
v -0.268251 3.145468 -0.857849
v -0.290142 3.098881 -0.880468
v -0.298341 2.986816 -0.821889
v -0.312757 3.148612 -0.992626
v -0.302968 3.261813 -1.011082
v -0.304948 3.215694 -1.048965
v -0.306999 2.994515 -1.014370
v -0.289362 2.795152 -0.935376
v -0.333812 3.137681 -1.117923
v -0.322953 3.217167 -1.103407
v -0.273103 2.884850 -1.115328
v -0.183506 2.714788 -1.127058
v -0.248732 2.853201 -1.177511
v -0.321139 3.003190 -1.210817
v -0.318913 3.014651 -1.307769
v -0.315120 3.104138 -1.239806
v -0.359755 3.233643 -1.271684
v -0.349031 3.280685 -1.268900
v -0.341330 3.191511 -1.313613
v -0.384530 3.287585 -1.499834
v -0.339272 4.179365 0.013519
v -0.298439 4.162998 0.040392
v -0.321543 4.121748 0.030977
v -0.308571 4.178627 0.075530
v -0.319019 4.170651 0.121549
v -0.368866 4.225344 0.104053
v -0.319019 4.170651 0.121549
v -0.341976 4.158658 0.204205
v -0.314606 4.235208 0.247940
v -0.321543 4.121748 0.030977
v -0.341218 4.114250 0.106482
v -0.339272 4.179365 0.013519
v -0.319019 4.170651 0.121549
v -0.364239 4.305687 0.249488
v -0.314606 4.235208 0.247940
v -0.339498 4.227813 0.320670
v -0.293796 4.294425 0.394715
v -0.392087 3.992568 0.021174
v -0.401538 3.945069 0.039690
v -0.474051 4.024246 0.019045
v -0.375231 4.046850 0.136077
v -0.474051 4.024246 0.019045
v -0.401538 3.945069 0.039690
v -0.397515 3.964869 0.099283
v -0.375231 4.046850 0.136077
v -0.144161 4.280679 -0.035148
v -0.249293 4.190818 -0.137389
v -0.274469 4.259977 -0.142724
v -0.211752 4.341140 -0.082872
v -0.273563 4.348013 -0.188513
v -0.298236 4.330594 -0.209096
v -0.308293 4.373836 -0.247221
v -0.289563 4.370955 -0.172177
v -0.262119 4.418953 -0.121535
v -0.319341 4.439418 -0.217321
v -0.311014 4.471066 -0.211770
v -0.349500 4.491757 -0.259047
v -0.329639 4.516545 -0.219291
v -0.314016 4.542140 -0.186250
v -0.363998 4.590977 -0.279592
v -0.284582 4.479039 -0.116981
v -0.266256 4.483621 -0.023608
v -0.207140 4.403223 0.048282
v -0.139947 4.391329 0.133174
v -0.351843 4.610620 -0.274955
v -0.388101 4.638684 -0.340574
v -0.361858 4.620894 -0.259994
v -0.329634 4.563129 -0.156435
v -0.314024 4.525093 -0.095986
v -0.306150 4.509128 -0.041496
v -0.311321 4.541586 -0.034241
v -0.242584 4.425060 0.094803
v -0.229093 4.437407 0.129877
v -0.205374 4.426863 0.174791
v -0.191368 4.458228 0.203343
v -0.129883 4.472077 0.226961
v -0.205198 4.521855 0.182163
v -0.060214 4.436382 0.197839
v -0.089623 4.364456 0.104520
v -0.065459 4.316771 -0.002538
v -0.055684 4.257600 -0.071600
v -0.048714 4.488554 0.257975
v -0.082823 4.516731 0.257851
v -0.167234 4.546120 0.202129
v -0.211683 4.566381 0.167286
v -0.243904 4.558020 0.136583
v -0.227851 4.598140 0.176145
v -0.147904 4.590198 0.220311
v -0.203560 4.643440 0.207874
v -0.291313 4.724605 0.157863
v -0.219398 4.654615 0.273429
v -0.152019 4.607810 0.269344
v -0.090871 4.578952 0.315586
v -0.176684 4.637032 0.339783
v -0.103888 4.603880 0.431180
v -0.181589 4.157923 -0.127033
v -0.249293 4.190818 -0.137389
v -0.144161 4.280679 -0.035148
v -0.105314 4.160306 -0.163413
v -0.143888 4.042474 -0.223250
v -0.045587 4.209368 -0.118786
v -0.055684 4.257600 -0.071600
v -0.062331 4.295990 -0.187584
v -0.085821 4.047027 -0.230704
v -0.143042 3.946158 -0.292242
v -0.030908 4.415060 -0.216951
v -0.038195 4.312890 -0.326223
v -0.028305 4.487603 -0.340310
v -0.079370 4.232515 -0.254976
v -0.027916 4.106662 -0.351332
v -0.061774 4.109565 -0.304420
v -0.044570 4.007630 -0.364435
v -0.055012 3.931711 -0.326765
v -0.090404 3.824584 -0.411066
v -0.185176 3.806152 -0.380090
v -0.009329 4.601060 -0.371048
v -0.018139 4.560801 -0.395509
v -0.015461 4.585481 -0.454770
v -0.026313 4.498338 -0.410771
v -0.054732 3.946173 -0.468056
v -0.134117 3.689840 -0.491472
v -0.210351 3.718620 -0.420738
v -0.023667 4.398145 -0.426453
v -0.080784 3.885351 -0.543396
v -0.186778 3.626418 -0.462525
v -0.265786 3.691247 -0.431709
v -0.274168 3.611469 -0.438676
v -0.245936 3.570654 -0.514107
v -0.293285 3.602675 -0.489015
v -0.155027 3.524376 -0.564264
v -0.206327 3.467642 -0.579328
v -0.101238 3.375959 -0.654217
v -0.042224 3.567042 -0.795224
v -0.086962 3.705698 -0.668696
v -0.073845 3.963996 -0.689628
v -0.182029 3.344840 -0.631391
v -0.097629 3.181396 -0.719553
v -0.202115 3.228155 -0.690580
v -0.056525 3.781820 -0.810760
v -0.037843 3.746886 -0.946407
v -0.063969 3.928393 -0.822383
v -0.052628 4.057251 -0.820642
v -0.014707 3.804533 -1.107248
v -0.025135 3.818358 -1.015513
v -0.022291 3.918796 -1.010628
v -0.028184 4.048927 -0.992841
v -0.016311 4.003364 -1.092827
v -0.028172 4.134248 -1.000585
v -0.026249 4.232714 -1.056240
v -0.022341 4.277225 -1.151901
v -0.034770 4.195446 -0.947816
v -0.010796 4.320393 -1.339931
v -0.017255 4.316288 -1.089194
v -0.019898 4.307148 -1.038072
v -0.016392 4.333996 -0.995779
v -0.013793 4.304197 -0.943404
v -0.027709 4.241325 -0.852158
v -0.013618 4.322016 -0.874833
v -0.023978 4.233299 -0.779956
v -0.022510 4.174284 -0.645554
v -0.015317 4.325565 -0.724886
v -0.018945 4.237260 -0.701168
v -0.017538 4.249700 -0.647723
v -0.023833 4.146072 -0.583720
v -0.042533 3.997308 -0.540420
v -0.011418 4.212320 -0.503569
v -0.025307 4.116632 -0.533147
v -0.018483 4.311417 -0.439983
v -0.019910 4.545745 -0.492692
v -0.007935 4.539840 -0.562729
v -0.012305 4.602175 -0.519705
v -0.008482 4.652424 -0.613900
v -0.249293 4.190818 -0.137389
v -0.181589 4.157923 -0.127033
v -0.274601 4.194096 -0.200739
v -0.225142 4.136939 -0.272608
v -0.340125 4.258283 -0.299498
v -0.143888 4.042474 -0.223250
v -0.328960 4.224854 -0.308466
v -0.233496 4.044945 -0.370183
v -0.143042 3.946158 -0.292242
v -0.294179 4.168478 -0.341255
v -0.318550 4.092649 -0.435200
v -0.350048 4.236978 -0.349714
v -0.334924 4.216953 -0.385391
v -0.380343 4.276832 -0.404977
v -0.265906 3.917156 -0.431656
v -0.185176 3.806152 -0.380090
v -0.340343 3.991112 -0.502201
v -0.350725 3.920067 -0.559465
v -0.294924 3.837855 -0.485908
v -0.291735 3.758029 -0.502325
v -0.210351 3.718620 -0.420738
v -0.265786 3.691247 -0.431709
v -0.362334 4.037702 -0.507285
v -0.406390 4.118847 -0.561391
v -0.385892 4.161439 -0.543715
v -0.440330 4.165500 -0.630021
v -0.432157 4.199973 -0.599529
v -0.374295 4.209821 -0.500894
v -0.419465 4.252107 -0.578898
v -0.461751 4.271504 -0.656590
v -0.453518 4.306463 -0.653597
v -0.498372 4.334448 -0.729148
v -0.467572 4.327653 -0.629365
v -0.432502 4.295464 -0.543200
v -0.388867 4.258374 -0.437278
v -0.376133 4.263753 -0.420681
v -0.399814 4.283684 -0.446700
v -0.319208 4.212461 0.132442
v -0.319019 4.170651 0.121549
v -0.368866 4.225344 0.104053
v -0.314606 4.235208 0.247940
v -0.297965 4.297049 0.288189
v -0.314606 4.235208 0.247940
v -0.364239 4.305687 0.249488
v -0.293796 4.294425 0.394715
v -0.194532 4.673569 1.361625
v -0.257337 4.638086 1.332514
v -0.208398 4.724645 1.377627
v -0.171708 4.746996 1.309103
v -0.234015 4.618741 1.359111
v -0.204511 4.639074 1.388470
v -0.254183 4.615038 1.377258
v -0.236658 4.603004 1.398091
v -0.207876 4.621922 1.414430
v -0.247334 4.595419 1.412608
v -0.224803 4.590820 1.437298
v -0.236505 4.582168 1.462425
v -0.212625 4.582712 1.475404
v -0.200216 4.604894 1.457444
v -0.223948 4.666735 1.402279
v -0.192982 4.609702 1.481363
v -0.218793 4.568644 1.494978
v -0.174023 4.582761 1.541072
v -0.211658 4.627376 1.459087
v -0.144952 4.623155 1.512124
v -0.126422 4.616312 1.536254
v -0.130362 4.600145 1.587365
v -0.101420 4.614882 1.563747
v -0.099508 4.602032 1.602819
v -0.213110 4.698411 1.395836
v -0.171918 4.665555 1.438104
v -0.199276 4.698025 1.384856
v -0.183523 4.732626 1.387523
v -0.148981 4.659605 1.468014
v -0.155827 4.688476 1.464189
v -0.162413 4.704410 1.429356
v -0.137084 4.646461 1.508746
v -0.144504 4.667716 1.491181
v -0.138676 4.630709 1.517895
v -0.128389 4.647817 1.521230
v -0.178381 4.754785 1.373398
v -0.193576 4.778760 1.321720
v -0.109449 4.791453 1.370364
v -0.209272 4.807796 1.234999
v -0.199744 4.788808 1.167211
v -0.113121 4.804223 1.310270
v -0.116036 4.815689 1.231610
v -0.143704 4.807642 1.174057
v -0.097638 4.814396 1.167102
v -0.204395 4.759912 1.387297
v -0.163864 4.754878 1.395165
v -0.174119 4.738145 1.415334
v -0.149069 4.737548 1.434689
v -0.189076 4.740718 1.431114
v -0.161131 4.720290 1.452651
v -0.040670 4.840138 1.223766
v -0.054828 4.835820 1.163937
v -0.052277 4.829293 1.159438
v -0.025907 4.843566 1.270269
v -0.013000 4.848797 1.239136
v -0.042178 4.822704 1.305631
v -0.015857 4.825438 1.348633
v -0.097769 4.758848 1.446292
v -0.009745 4.759578 1.478647
v -0.087593 4.729485 1.514553
v -0.146002 4.723186 1.473219
v -0.185417 4.727221 1.465896
v -0.167253 4.706503 1.486609
v -0.139880 4.707869 1.506359
v -0.160425 4.679752 1.488930
v -0.145077 4.672218 1.514344
v -0.138542 4.658385 1.505705
v -0.132143 4.655122 1.516349
v -0.177791 4.706522 1.497825
v -0.160312 4.697179 1.513951
v -0.141418 4.699480 1.531022
v -0.126905 4.656733 1.536692
v -0.170550 4.700938 1.522584
v -0.151862 4.687212 1.539319
v -0.137283 4.692667 1.549311
v -0.134860 4.668407 1.542125
v -0.072435 4.699830 1.565702
v -0.154508 4.687363 1.552840
v -0.142274 4.681273 1.572953
v -0.060376 4.675221 1.600453
v -0.034525 4.656300 1.621818
v -0.121829 4.686608 1.564587
v -0.026513 4.638289 1.625440
v -0.028102 4.625260 1.643893
v -0.049280 4.633464 1.629458
v -0.052789 4.622869 1.642243
v -0.079270 4.613108 1.642036
v -0.069545 4.631035 1.611537
v -0.073102 4.650602 1.633550
v -0.084314 4.618938 1.580562
v -0.083230 4.667662 1.615678
v -0.106520 4.672986 1.594134
v -0.114940 4.677695 1.582056
v -0.129018 4.674745 1.574339
v -0.120973 4.662220 1.560397
v -0.106051 4.651941 1.582468
v -0.129369 4.676721 1.583328
v -0.115037 4.666440 1.589527
v -0.116570 4.655250 1.549083
v -0.118124 4.672586 1.603567
v -0.107330 4.667549 1.606527
v -0.105019 4.649860 1.555554
v -0.115814 4.651644 1.547149
v -0.125541 4.651840 1.536084
v -0.108478 4.672617 1.616892
v -0.087327 4.660213 1.623362
v -0.085915 4.644858 1.603557
v -0.075296 4.630407 1.581190
v -0.091017 4.640487 1.566330
v -0.085440 4.622651 1.556456
v -0.094578 4.639683 1.554779
v -0.105327 4.622745 1.549644
v -0.107111 4.645281 1.551425
v -0.100127 4.635309 1.551896
v -0.122774 4.621012 1.533928
v -0.114109 4.650026 1.545850
v -0.106500 4.645044 1.548228
v -0.121560 4.650773 1.534166
v -0.123349 4.647493 1.522732
v -0.103161 4.638335 1.547133
v -0.124266 4.641340 1.526790
v -0.109633 4.633698 1.546984
v -0.109608 4.635450 1.544921
v -0.118323 4.632557 1.541449
v -0.116635 4.634739 1.540030
v -0.121659 4.636844 1.532113
v -0.124862 4.635610 1.533298
v -0.127614 4.640775 1.525976
v -0.055684 4.257600 -0.071600
v -0.037503 4.395444 -0.045280
v -0.065459 4.316771 -0.002538
v -0.024853 4.515699 -0.091157
v -0.059698 4.448316 0.063796
v -0.089623 4.364456 0.104520
v -0.060214 4.436382 0.197839
v -0.032008 4.524840 0.165566
v -0.048714 4.488554 0.257975
v -0.025501 4.549766 -0.019659
v -0.005480 4.590279 -0.194405
v -0.017174 4.592657 -0.127736
v -0.020162 4.621678 0.046066
v -0.019983 4.642570 -0.078384
v -0.016226 4.648195 -0.147594
v -0.010544 4.671796 -0.201899
v -0.011536 4.726258 -0.179103
v -0.007473 4.794000 -0.257859
v -0.013496 4.695161 -0.017409
v -0.004632 4.596743 0.157408
v -0.023712 4.546131 0.216691
v -0.028713 4.596272 0.247669
v -0.046636 4.561383 0.277836
v -0.082823 4.516731 0.257851
v -0.090871 4.578952 0.315586
v -0.054213 4.605711 0.331857
v -0.103888 4.603880 0.431180
v -0.029728 4.665662 0.365003
v -0.018029 4.682555 0.255167
v -0.037494 4.652566 0.299580
v -0.020971 4.703031 0.323105
v -0.012237 4.723104 0.287470
v -0.009725 4.768226 0.248394
v -0.012125 4.696563 0.214402
v -0.016575 4.754489 0.217093
v -0.012362 4.793132 0.186092
v -0.003860 4.813657 0.219319
v -0.252906 3.126734 -0.757171
v -0.183248 3.084109 -0.781114
v -0.274210 3.177210 -0.816570
v -0.268251 3.145468 -0.857849
v -0.226277 3.105344 -0.884574
v -0.138594 2.908444 -0.960282
v -0.256897 3.146976 -1.002320
v -0.302968 3.261813 -1.011082
v -0.304948 3.215694 -1.048965
v -0.218454 3.028016 -1.018083
v -0.274434 3.152525 -1.118777
v -0.322953 3.217167 -1.103407
v -0.222352 2.897738 -1.120801
v -0.183506 2.714788 -1.127058
v -0.248732 2.853201 -1.177511
v -0.275448 3.012730 -1.206805
v -0.318913 3.014651 -1.307769
v -0.315120 3.104138 -1.239806
v -0.323254 3.238451 -1.278056
v -0.349031 3.280685 -1.268900
v -0.341330 3.191511 -1.313613
v -0.384530 3.287585 -1.499834
v -0.252685 3.243647 -0.763044
v -0.202115 3.228155 -0.690580
v -0.263389 3.179958 -0.724369
v -0.238403 3.315080 -0.765354
v -0.280749 3.326512 -0.824703
v -0.182029 3.344840 -0.631391
v -0.250765 3.436662 -0.727908
v -0.291980 3.357318 -0.786224
v -0.305857 3.385729 -0.787310
v -0.206327 3.467642 -0.579328
v -0.298129 3.487408 -0.791970
v -0.282744 3.577488 -0.734562
v -0.322883 3.439903 -0.844684
v -0.236155 3.507984 -0.649514
v -0.268586 3.598550 -0.601471
v -0.245936 3.570654 -0.514107
v -0.342218 3.509279 -0.913580
v -0.347525 3.474820 -0.912239
v -0.368133 3.533343 -1.000240
v -0.362110 3.552984 -0.903911
v -0.322267 3.561300 -0.828463
v -0.367014 3.603543 -0.858510
v -0.326054 3.639162 -0.805034
v -0.291063 3.628166 -0.519638
v -0.293285 3.602675 -0.489015
v -0.321071 3.706618 -0.520063
v -0.318403 3.645171 -0.544064
v -0.306187 3.654930 -0.583802
v -0.338670 3.738608 -0.626830
v -0.317810 3.669899 -0.675949
v -0.334744 3.739708 -0.650555
v -0.358964 3.765177 -0.664137
v -0.352352 3.726429 -0.670986
v -0.360520 3.711536 -0.730959
v -0.333703 3.686289 -0.746568
v -0.381268 3.761928 -0.796292
v -0.365833 3.747483 -0.834384
v -0.412533 3.794863 -0.843296
v -0.403824 3.770083 -0.856444
v -0.371421 3.718853 -0.930319
v -0.409690 3.769490 -0.906949
v -0.423510 3.768871 -1.011993
v -0.352149 3.689329 -0.872175
v -0.381063 3.653826 -0.907112
v -0.395729 3.687327 -0.955542
v -0.397733 3.737390 -1.020515
v -0.430197 3.731889 -1.101788
v -0.412068 3.711990 -1.024637
v -0.252906 3.126734 -0.757171
v -0.263389 3.179958 -0.724369
v -0.202115 3.228155 -0.690580
v -0.183248 3.084109 -0.781114
v -0.097629 3.181396 -0.719553
v -0.099821 3.104291 -0.809320
v -0.072864 2.919955 -0.969759
v -0.138594 2.908444 -0.960282
v -0.021082 3.336357 -0.887894
v -0.053518 3.081324 -1.066432
v -0.031137 3.355178 -1.059722
v -0.027921 3.157853 -1.278918
v -0.056012 2.735107 -1.101068
v -0.183506 2.714788 -1.127058
v -0.113377 2.655355 -1.182672
v -0.011497 3.596318 -1.127266
v -0.029745 3.473154 -1.238150
v -0.027077 3.352990 -1.396946
v -0.028451 3.536812 -1.311738
v -0.039350 2.795297 -1.217949
v -0.042178 2.762532 -1.385339
v -0.094876 2.615213 -1.275158
v -0.040782 2.575570 -1.452302
v -0.086977 2.508847 -1.323500
v -0.019382 2.903229 -1.249221
v -0.012544 2.938363 -1.344192
v -0.032310 2.882425 -1.515896
v -0.026702 2.667018 -1.623020
v -0.027573 2.777325 -1.615603
v -0.024719 2.930568 -1.668169
v -0.077099 4.426012 1.495962
v -0.123554 4.432474 1.485572
v -0.128495 4.373366 1.465267
v -0.100522 4.400654 1.521970
v -0.072296 4.401557 1.522897
v -0.092183 4.369998 1.559371
v -0.065352 4.379782 1.544393
v -0.118377 4.352707 1.495858
v -0.069792 4.372981 1.586881
v -0.052485 4.370551 1.568781
v -0.047391 4.361798 1.601352
v -0.084158 4.357327 1.602262
v -0.060773 4.357146 1.634835
v -0.043812 4.353889 1.626888
v -0.030230 4.343800 1.657272
v -0.098513 4.330890 1.544394
v -0.084398 4.320351 1.591444
v -0.091374 4.280479 1.516275
v -0.106563 4.292398 1.469167
v -0.079100 4.275764 1.571246
v -0.073830 4.311097 1.626853
v -0.067370 4.348606 1.637687
v -0.054550 4.342470 1.667246
v -0.042426 4.350919 1.664654
v -0.029055 4.346279 1.678201
v -0.032543 4.337801 1.687034
v -0.058786 4.300102 1.664516
v -0.033150 4.286413 1.673308
v -0.039147 4.248193 1.637989
v -0.062687 4.258247 1.626199
v -0.009662 4.235369 1.635498
v -0.022264 4.240668 1.630477
v -0.025347 4.239155 1.613007
v -0.034532 4.232471 1.612622
v -0.039584 4.240474 1.612504
v -0.073363 4.267191 1.603459
v -0.051379 4.236722 1.592741
v -0.038321 4.252606 1.562594
v -0.062357 4.253674 1.585875
v -0.079335 4.254856 1.558770
v -0.073030 4.268668 1.553358
v -0.038982 4.264504 1.506416
v -0.160416 4.356968 1.398559
v -0.167813 4.339720 1.351994
v -0.014802 4.390353 1.523422
v -0.022860 4.373093 1.527197
v -0.023622 4.399799 1.482000
v -0.055302 4.396078 1.475460
v -0.034224 4.407447 1.458900
v -0.053440 4.418811 1.450645
v -0.031722 4.374843 1.547976
v -0.018519 4.361839 1.580390
v -0.053186 4.368404 1.521585
v -0.072296 4.401557 1.522897
v -0.077099 4.426012 1.495962
v -0.059638 4.435719 1.457647
v -0.077421 4.449472 1.480673
v -0.065352 4.379782 1.544393
v -0.063651 4.452419 1.461067
v -0.052485 4.370551 1.568781
v -0.075183 4.470153 1.480462
v -0.043996 4.357522 1.557447
v -0.041309 4.342855 1.590492
v -0.047391 4.361798 1.601352
v -0.031982 4.337356 1.616618
v -0.043812 4.353889 1.626888
v -0.030230 4.343800 1.657272
v -0.009069 4.355106 1.630031
v -0.020384 4.338634 1.645160
v -0.004101 4.345525 1.645914
v -0.005885 4.335486 1.652777
v -0.039188 4.391641 1.324955
v -0.032737 4.431695 1.352175
v -0.052473 4.393331 1.330791
v -0.051456 4.442178 1.371081
v -0.034777 4.461274 1.420409
v -0.054048 4.452276 1.420024
v -0.037250 4.465424 1.471836
v -0.063651 4.452419 1.461067
v -0.035291 4.453640 1.524186
v -0.064121 4.451972 1.484460
v -0.059638 4.435719 1.457647
v -0.050804 4.422781 1.475491
v -0.053440 4.418811 1.450645
v -0.034224 4.407447 1.458900
v -0.023622 4.399799 1.482000
v -0.043914 4.414149 1.507283
v -0.014802 4.390353 1.523422
v -0.035584 4.405184 1.546706
v -0.057591 4.441453 1.519383
v -0.044473 4.427010 1.553693
v -0.015567 4.387103 1.588376
v -0.023635 4.395900 1.599637
v -0.021079 4.406972 1.599570
v -0.011500 4.393400 1.631734
v -0.011965 4.400567 1.629808
v -0.175904 4.548568 1.495236
v -0.144956 4.568799 1.536413
v -0.149978 4.539393 1.531533
v -0.141980 4.497372 1.512898
v -0.108174 4.471879 1.561167
v -0.113034 4.535779 1.597352
v -0.103063 4.475312 1.593203
v -0.126236 4.475071 1.496756
v -0.114388 4.473231 1.520973
v -0.097145 4.482127 1.519130
v -0.093806 4.467013 1.561179
v -0.089669 4.472485 1.590376
v -0.083097 4.470226 1.630744
v -0.096390 4.476009 1.634354
v -0.070602 4.470306 1.667840
v -0.089577 4.476661 1.673254
v -0.059950 4.467985 1.699998
v -0.107754 4.535029 1.638042
v -0.071915 4.477313 1.708341
v -0.041823 4.465021 1.720270
v -0.099718 4.531248 1.682135
v -0.044099 4.476727 1.744107
v -0.078935 4.526836 1.724960
v -0.088446 4.571913 1.685120
v -0.017126 4.468541 1.732613
v -0.013770 4.467095 1.724401
v -0.011788 4.462411 1.724329
v -0.045695 4.526816 1.749337
v -0.022395 4.580066 1.754444
v -0.021864 4.601936 1.734993
v -0.041301 4.603895 1.733139
v -0.023792 4.610180 1.704050
v -0.027222 4.618950 1.680823
v -0.048151 4.587148 1.747088
v -0.045002 4.615510 1.708612
v -0.062795 4.629625 1.658654
v -0.065004 4.574612 1.735840
v -0.071748 4.582382 1.714448
v -0.060030 4.596869 1.732127
v -0.070674 4.602491 1.687628
v -0.095327 4.579072 1.639704
v -0.063886 4.597047 1.718157
v -0.057372 4.605906 1.746157
v -0.060234 4.616098 1.723320
v -0.060079 4.624218 1.700472
v -0.058513 4.619401 1.696707
v -0.061796 4.627543 1.687156
v -0.058716 4.622301 1.680159
v -0.068923 4.614100 1.668255
v -0.064498 4.620986 1.650316
v -0.101717 4.577894 1.600421
v -0.118569 4.562840 1.574417
v -0.011788 4.462411 1.724329
v -0.013770 4.467095 1.724401
v -0.032969 4.485095 1.710921
v -0.041823 4.465021 1.720270
v -0.026953 4.479133 1.686259
v -0.056932 4.476702 1.642489
v -0.049948 4.487832 1.693875
v -0.059950 4.467985 1.699998
v -0.070602 4.470306 1.667840
v -0.062499 4.492404 1.658490
v -0.083097 4.470226 1.630744
v -0.072094 4.492240 1.625419
v -0.089669 4.472485 1.590376
v -0.077359 4.492648 1.589186
v -0.093806 4.467013 1.561179
v -0.023079 4.473048 1.595105
v -0.081132 4.490047 1.554551
v -0.097145 4.482127 1.519130
v -0.066590 4.478750 1.572383
v -0.013165 4.490932 1.546093
v -0.086411 4.506002 1.499855
v -0.106160 4.491730 1.490794
v -0.069245 4.481632 1.502831
v -0.038205 4.479502 1.476926
v -0.026326 4.481451 1.446436
v -0.054048 4.452276 1.420024
v -0.036346 4.479785 1.381049
v -0.051456 4.442178 1.371081
v -0.032281 4.474828 1.314759
v -0.047721 4.405028 1.275655
v -0.012891 4.343629 1.680456
v -0.013562 4.340776 1.686518
v -0.008692 4.359135 1.689342
v -0.007274 4.341350 1.689725
v -0.003372 4.344598 1.681971
v -0.012891 4.343629 1.680456
v -0.029085 4.342335 1.677606
v -0.030520 4.340456 1.682565
v -0.025772 4.356029 1.682973
v -0.025747 4.340793 1.684059
v -0.023295 4.342592 1.679078
v -0.029085 4.342335 1.677606
v -0.037156 4.342058 1.673464
v -0.038605 4.353329 1.674219
v -0.038329 4.341234 1.678363
v -0.042170 4.341465 1.677409
v -0.041486 4.343421 1.673154
v -0.037156 4.342058 1.673464
v -0.045084 4.338657 1.655666
v -0.045261 4.372164 1.668105
v -0.042904 4.337482 1.662965
v -0.051482 4.335156 1.660775
v -0.050652 4.339778 1.651443
v -0.045084 4.338657 1.655666
v -0.055681 4.330480 1.652561
v -0.061613 4.357205 1.662471
v -0.055408 4.329896 1.657462
v -0.060117 4.328271 1.656264
v -0.061140 4.330164 1.650626
v -0.055681 4.330480 1.652561
v -0.069682 4.347248 1.619751
v -0.080231 4.359938 1.623159
v -0.070557 4.346307 1.624706
v -0.075048 4.344221 1.622147
v -0.073451 4.346325 1.617224
v -0.069682 4.347248 1.619751
v -0.072018 4.362243 1.595097
v -0.080093 4.370406 1.599702
v -0.074205 4.359114 1.602530
v -0.081342 4.358837 1.598705
v -0.079401 4.360613 1.592010
v -0.072018 4.362243 1.595097
v -0.081402 4.371962 1.561943
v -0.086262 4.373962 1.558255
v -0.086943 4.384634 1.566900
v -0.087938 4.371350 1.564188
v -0.083991 4.369954 1.568335
v -0.081402 4.371962 1.561943
v -0.078809 4.385808 1.536060
v -0.081749 4.395998 1.546589
v -0.082073 4.383135 1.544804
v -0.087502 4.384786 1.541301
v -0.084807 4.387314 1.534014
v -0.078809 4.385808 1.536060
v -0.101101 4.446099 1.558740
v -0.095471 4.478503 1.561142
v -0.099630 4.476156 1.575458
v -0.106395 4.480239 1.557077
v -0.101702 4.474532 1.547384
v -0.095471 4.478503 1.561142
v -0.066440 4.474320 1.701947
v -0.065610 4.440773 1.685190
v -0.064733 4.476162 1.692159
v -0.072003 4.475359 1.697016
v -0.070525 4.475353 1.683384
v -0.064733 4.476162 1.692159
v -0.045955 4.478808 1.720725
v -0.049660 4.451604 1.711364
v -0.048625 4.476840 1.714089
v -0.053512 4.477278 1.721192
v -0.056704 4.478217 1.712309
v -0.048625 4.476840 1.714089
v -0.037916 4.483813 1.721915
v -0.037694 4.466273 1.722623
v -0.049811 4.482186 1.728852
v -0.049753 4.465852 1.726950
v -0.038150 4.444646 1.726878
v -0.042781 4.467395 1.737603
v -0.042021 4.485021 1.738691
v -0.031203 4.467674 1.731092
v -0.037694 4.466273 1.722623
v -0.031264 4.485540 1.733177
v -0.037916 4.483813 1.721915
v -0.018313 4.472490 1.737312
v -0.012793 4.475277 1.736229
v -0.010607 4.464477 1.739772
v -0.018088 4.476599 1.743247
v -0.010291 4.476042 1.742852
v -0.012793 4.475277 1.736229
v -0.083934 4.036840 1.075281
v -0.088110 4.104222 1.114843
v -0.161936 4.054324 1.038989
v -0.160664 4.135510 1.084128
v -0.081078 4.210460 1.190352
v -0.148838 4.177200 1.125238
v -0.103184 3.947505 1.052626
v -0.215466 3.940387 1.017050
v -0.258571 4.034709 1.002057
v -0.337534 3.986588 1.006627
v -0.301252 3.906098 1.029961
v -0.377194 3.895030 1.044503
v -0.398392 3.960175 1.012094
v -0.438633 4.024676 0.964152
v -0.385125 4.061151 0.904680
v -0.488384 4.044851 0.820071
v -0.248362 4.102866 1.009813
v -0.332376 4.145689 0.936493
v -0.436931 4.092138 0.800160
v -0.228644 4.146011 1.053933
v -0.489813 4.118494 0.720142
v -0.502264 4.031623 0.652990
v -0.383246 4.192159 0.818691
v -0.288653 4.178517 1.005960
v -0.345131 4.279676 0.862777
v -0.236653 4.149232 1.066372
v -0.263407 4.209697 1.011477
v -0.187197 4.213295 1.109358
v -0.144853 4.211246 1.148184
v -0.309211 4.320073 0.925233
v -0.290657 4.216030 1.026553
v -0.176836 4.281734 1.176886
v -0.132108 4.294419 1.212822
v -0.248523 4.270787 1.074616
v -0.283048 4.349170 1.026930
v -0.307022 4.372843 0.834163
v -0.294482 4.385304 0.907995
v -0.335768 4.322379 0.771692
v -0.294413 4.414476 1.011691
v -0.268843 4.371619 1.117335
v -0.281552 4.437514 1.125817
v -0.247240 4.349335 1.126516
v -0.211885 4.314730 1.145422
v -0.400335 4.221139 0.726535
v -0.263487 4.398510 1.144134
v -0.245140 4.461928 1.181991
v -0.219123 4.405341 1.192503
v -0.277043 4.357385 1.132973
v -0.268598 4.332901 1.152043
v -0.193730 4.374573 1.201951
v -0.243757 4.292296 1.162439
v -0.192210 4.281862 1.193745
v -0.159474 4.346150 1.213942
v -0.119569 4.331491 1.237324
v -0.067126 4.248618 1.259013
v -0.054066 4.305820 1.277095
v -0.566130 3.194901 0.014377
v -0.545000 3.129236 -0.031950
v -0.511588 3.002843 0.149501
v -0.547344 3.131757 0.233171
v -0.598148 3.366381 0.135439
v -0.396103 2.962620 0.237855
v -0.574573 3.304307 0.321155
v -0.591220 3.547004 0.245332
v -0.450032 3.100775 0.310264
v -0.413652 2.831833 0.197445
v -0.600674 3.469700 0.421616
v -0.555506 3.662709 0.324835
v -0.381205 2.729987 0.163152
v -0.331542 2.551578 0.151036
v -0.251101 2.711927 0.212705
v -0.221327 2.437866 0.097905
v -0.262223 2.813481 0.269956
v -0.288826 2.912621 0.335516
v -0.122455 2.677663 0.276958
v -0.113756 2.427312 0.135170
v -0.122509 2.787251 0.352700
v -0.140655 2.908367 0.437608
v -0.377040 3.021898 0.361775
v -0.139820 3.000646 0.534843
v -0.308178 3.036935 0.484622
v -0.403315 3.110588 0.437900
v -0.133428 3.031940 0.652539
v -0.311594 3.078281 0.610398
v -0.518198 3.266694 0.398814
v -0.388464 3.134666 0.546583
v -0.548296 3.412002 0.488286
v -0.451467 3.254854 0.532881
v -0.373951 3.203946 0.722685
v -0.061703 3.076837 0.825497
v -0.298400 3.144907 0.759221
v -0.046556 3.198373 0.971927
v -0.181586 3.105559 0.790737
v -0.173703 3.248993 0.933519
v -0.075061 3.237918 0.954244
v -0.279611 3.301581 0.929820
v -0.075856 3.255984 0.991143
v -0.168949 3.276980 0.935220
v -0.085413 3.350875 1.023856
v -0.172484 3.301221 0.967809
v -0.086618 3.483150 1.058487
v -0.195128 3.382218 1.009046
v -0.250582 3.346489 0.969695
v -0.087328 3.610271 1.082346
v -0.256501 3.331121 0.931165
v -0.321271 3.394752 0.968428
v -0.208058 3.506706 1.046803
v -0.338852 3.385043 0.928353
v -0.343638 3.446256 0.994250
v -0.361260 3.353969 0.891895
v -0.375200 3.423858 0.921855
v -0.422109 3.303367 0.682232
v -0.401530 3.419493 0.843401
v -0.408663 3.469772 0.954150
v -0.438693 3.480724 0.932611
v -0.334295 3.534840 1.051329
v -0.505328 3.389450 0.560669
v -0.400157 3.545752 1.020102
v -0.563725 3.446581 0.512840
v -0.614595 3.590742 0.497895
v -0.550058 3.768968 0.468281
v -0.615226 3.721469 0.550419
v -0.663846 3.802565 0.612605
v -0.589806 3.873237 0.539792
v -0.604916 3.949009 0.648202
v -0.669944 3.871882 0.703521
v -0.518431 3.411703 0.572138
v -0.583289 3.996480 0.837368
v -0.659395 3.926823 0.843585
v -0.611107 3.905197 0.981392
v -0.527375 3.956205 0.971103
v -0.489920 3.911300 1.022638
v -0.540451 3.827329 1.042243
v -0.452176 3.856238 1.052041
v -0.496298 3.748761 1.071969
v -0.353279 3.805435 1.066388
v -0.426980 3.780017 1.066656
v -0.422908 3.698944 1.054631
v -0.480698 3.651508 1.049168
v -0.348880 3.721661 1.043880
v -0.425809 3.627820 1.050294
v -0.470721 3.544898 1.006726
v -0.371965 3.628996 1.056604
v -0.281208 3.823579 1.034383
v -0.284963 3.717370 1.059837
v -0.200658 3.837890 1.032561
v -0.309753 3.625769 1.062339
v -0.198763 3.720280 1.054808
v -0.087197 3.842102 1.032858
v -0.083435 3.732883 1.068014
v -0.205191 3.619795 1.064418
v -0.435078 3.547040 1.002211
v -0.466623 3.475637 0.942579
v -0.469095 3.420562 0.860672
v -0.437847 3.436285 0.845033
v -0.472008 3.416095 0.747104
v -0.431662 3.400841 0.736955
v -0.453146 3.432395 0.743531
v -0.472519 3.426484 0.671681
v -0.489321 3.418778 0.676725
v -0.457787 3.389318 0.661904
v -0.526548 3.025762 -0.141346
v -0.572767 2.989450 -0.461239
v -0.518022 3.240421 -0.274629
v -0.509776 3.144385 -0.353261
v -0.453381 3.195403 -0.477893
v -0.474951 3.034800 -0.585677
v -0.532967 3.325051 -0.217595
v -0.435605 3.290000 -0.402232
v -0.410908 3.237919 -0.576227
v -0.370014 3.009086 -0.783542
v -0.382312 3.381241 -0.490454
v -0.344492 3.205738 -0.678054
v -0.443697 3.414082 -0.315554
v -0.351911 3.522787 -0.419460
v -0.547228 3.493295 -0.090212
v -0.300515 3.066611 -0.779722
v -0.298341 2.986816 -0.821889
v -0.252906 3.126734 -0.757171
v -0.263389 3.179958 -0.724369
v -0.443008 3.588348 -0.193591
v -0.540984 3.656605 0.041038
v -0.357420 3.672745 -0.321076
v -0.274168 3.611469 -0.438676
v -0.265786 3.691247 -0.431709
v -0.486775 3.764301 0.103939
v -0.427263 3.763913 -0.076433
v -0.319003 3.768120 -0.399127
v -0.291735 3.758029 -0.502325
v -0.294924 3.837855 -0.485908
v -0.498226 3.814783 0.341115
v -0.361512 3.854902 -0.207581
v -0.332642 3.907383 -0.432005
v -0.350725 3.920067 -0.559465
v -0.340343 3.991112 -0.502201
v -0.350497 3.881217 -0.341924
v -0.366929 4.024025 -0.384787
v -0.362334 4.037702 -0.507285
v -0.484041 3.961570 0.429930
v -0.354041 3.980562 -0.284479
v -0.555136 4.045507 0.537585
v -0.463137 4.093113 0.604295
v -0.483349 4.105802 0.489325
v -0.405910 4.039157 0.291310
v -0.400798 4.222957 0.625790
v -0.436321 3.893111 0.192866
v -0.416065 4.143106 0.525336
v -0.368215 4.248588 0.482191
v -0.325713 4.318266 0.642330
v -0.320250 4.373628 0.715551
v -0.325857 4.333655 0.586329
v -0.289696 4.366210 0.450943
v -0.383156 4.342451 0.622905
v -0.253879 4.447005 0.556382
v -0.245138 4.520817 0.672677
v -0.397761 4.164159 0.373838
v -0.339498 4.227813 0.320670
v -0.378993 4.089502 0.211614
v -0.293796 4.294425 0.394715
v -0.375231 4.046850 0.136077
v -0.341976 4.158658 0.204205
v -0.314606 4.235208 0.247940
v -0.341218 4.114250 0.106482
v -0.319019 4.170651 0.121549
v -0.351483 4.061671 0.027637
v -0.321543 4.121748 0.030977
v -0.392087 3.992568 0.021174
v -0.397515 3.964869 0.099283
v -0.351129 4.048532 -0.049954
v -0.430059 3.854064 0.016710
v -0.401538 3.945069 0.039690
v -0.371091 3.973532 -0.032655
v -0.358363 3.933456 -0.102514
v -0.317314 3.926452 -0.169383
v -0.318359 3.983054 -0.152309
v -0.309014 4.038767 -0.112991
v -0.343042 4.053686 -0.232195
v -0.305450 4.143187 -0.206581
v -0.273527 4.111793 -0.078534
v -0.320428 4.088707 -0.025203
v -0.344673 4.085998 -0.322064
v -0.336129 4.159172 -0.298867
v -0.389775 4.095507 -0.441411
v -0.298439 4.162998 0.040392
v -0.370384 4.147275 -0.397602
v -0.418080 4.157656 -0.520651
v -0.406390 4.118847 -0.561391
v -0.440330 4.165500 -0.630021
v -0.432157 4.199973 -0.599529
v -0.406605 4.208233 -0.474768
v -0.438978 4.248904 -0.553443
v -0.461751 4.271504 -0.656590
v -0.361941 4.194022 -0.362825
v -0.473040 4.302259 -0.642135
v -0.498372 4.334448 -0.729148
v -0.467572 4.327653 -0.629365
v -0.432502 4.295464 -0.543200
v -0.388867 4.258374 -0.437278
v -0.328960 4.224854 -0.308466
v -0.340125 4.258283 -0.299498
v -0.274601 4.194096 -0.200739
v -0.249293 4.190818 -0.137389
v -0.350048 4.236978 -0.349714
v -0.391729 4.262132 -0.411702
v -0.399814 4.283684 -0.446700
v -0.380343 4.276832 -0.404977
v -0.295757 4.206865 -0.010741
v -0.274469 4.259977 -0.142724
v -0.310064 4.231462 0.069147
v -0.308571 4.178627 0.075530
v -0.307821 4.304962 -0.076763
v -0.319208 4.212461 0.132442
v -0.300444 4.340972 -0.163016
v -0.298236 4.330594 -0.209096
v -0.308293 4.373836 -0.247221
v -0.289563 4.370955 -0.172177
v -0.306391 4.308623 0.054522
v -0.318381 4.392323 -0.054929
v -0.319364 4.429164 -0.131354
v -0.319341 4.439418 -0.217321
v -0.334223 4.464663 -0.202942
v -0.349500 4.491757 -0.259047
v -0.329639 4.516545 -0.219291
v -0.331713 4.501926 -0.170917
v -0.311744 4.459997 -0.029845
v -0.331587 4.490416 -0.104210
v -0.344409 4.541231 -0.178878
v -0.296478 4.426043 0.015328
v -0.306150 4.509128 -0.041496
v -0.314024 4.525093 -0.095986
v -0.311321 4.541586 -0.034241
v -0.329634 4.563129 -0.156435
v -0.242584 4.425060 0.094803
v -0.361858 4.620894 -0.259994
v -0.371955 4.605616 -0.267806
v -0.363998 4.590977 -0.279592
v -0.388101 4.638684 -0.340574
v -0.268450 4.374226 0.095689
v -0.229093 4.437407 0.129877
v -0.284517 4.289980 0.140521
v -0.244904 4.386430 0.170904
v -0.205374 4.426863 0.174791
v -0.214559 4.443542 0.259216
v -0.191368 4.458228 0.203343
v -0.288983 4.240150 0.236502
v -0.297965 4.297049 0.288189
v -0.244529 4.324975 0.208332
v -0.233054 4.376885 0.313946
v -0.211731 4.521845 0.239365
v -0.205198 4.521855 0.182163
v -0.217895 4.456180 0.381643
v -0.221707 4.561644 0.197149
v -0.243904 4.558020 0.136583
v -0.227851 4.598140 0.176145
v -0.224334 4.609395 0.246123
v -0.291313 4.724605 0.157863
v -0.219398 4.654615 0.273429
v -0.176684 4.637032 0.339783
v -0.206963 4.559149 0.310223
v -0.103888 4.603880 0.431180
v -0.165891 4.538169 0.444690
v -0.237378 4.451965 0.434532
v -0.239762 4.459258 0.477753
v -0.293060 4.477261 0.427443
v -0.238706 4.502349 0.536981
v -0.253931 4.529555 0.511999
v -0.101438 4.701152 0.585253
v -0.211185 4.591220 0.638051
v -0.040238 4.694287 0.457670
v -0.042289 4.745368 0.550299
v -0.029728 4.665662 0.365003
v -0.028037 4.748556 0.391101
v -0.020201 4.821417 0.357506
v -0.014204 4.860734 0.425973
v -0.212228 4.620481 0.620448
v -0.124980 4.736578 0.580106
v -0.018866 4.810176 0.474472
v -0.010637 4.849586 0.331349
v -0.013830 4.895960 0.326013
v -0.016319 4.896217 0.363826
v -0.009310 4.904053 0.402754
v -0.024383 4.794641 0.527358
v -0.019772 4.828920 0.571469
v -0.038434 4.783729 0.598402
v -0.068265 4.772164 0.696859
v -0.015726 4.885964 0.549033
v -0.031142 4.815035 0.658000
v -0.011220 4.942749 0.523392
v -0.017952 4.859780 0.698711
v -0.032518 4.808936 0.719994
v -0.071441 4.799293 0.819235
v -0.128970 4.757118 0.713081
v -0.019657 4.906646 0.681892
v -0.011295 4.950168 0.660130
v -0.017389 4.914052 0.703458
v -0.015380 4.874102 0.735093
v -0.015968 4.833166 0.774622
v -0.025842 4.825789 0.818691
v -0.017584 4.851090 0.885027
v -0.017957 4.845434 0.974194
v -0.015913 4.847146 1.044501
v -0.067521 4.815492 0.977876
v -0.061611 4.830727 1.076304
v -0.026718 4.848262 1.088892
v -0.018485 4.852857 1.121717
v -0.052277 4.829293 1.159438
v -0.097638 4.814396 1.167102
v -0.073171 4.808254 0.894474
v -0.105033 4.799103 0.987886
v -0.107450 4.807727 1.073012
v -0.153628 4.778308 1.075772
v -0.143704 4.807642 1.174057
v -0.199744 4.788808 1.167211
v -0.135355 4.799973 0.890605
v -0.211422 4.739833 0.924702
v -0.212230 4.778722 1.060267
v -0.193002 4.743860 1.074436
v -0.189453 4.761595 1.169011
v -0.202381 4.709969 0.945226
v -0.124252 4.774372 0.813488
v -0.203986 4.672117 0.855354
v -0.233019 4.616810 0.972676
v -0.232703 4.584865 0.869202
v -0.210586 4.700250 0.837505
v -0.215789 4.629437 0.752183
v -0.243868 4.559897 0.774627
v -0.223032 4.660872 0.723299
v -0.228330 4.634235 0.626078
v -0.321153 4.485466 1.024560
v -0.320180 4.436141 0.902712
v -0.331222 4.397250 0.798596
v -0.266161 4.656236 1.169649
v -0.227448 4.639172 1.082317
v -0.263561 4.530321 1.171896
v -0.285221 4.523148 1.099303
v -0.094876 2.615213 -1.275158
v -0.086977 2.508847 -1.323500
v -0.169309 2.420999 -1.361062
v -0.162611 2.700794 -1.347059
v -0.269952 2.812654 -1.638737
v -0.226398 2.774147 -1.389517
v -0.168596 2.728029 -1.279074
v -0.113377 2.655355 -1.182672
v -0.241634 2.844464 -1.308179
v -0.183506 2.714788 -1.127058
v -0.202031 2.750359 -1.240756
v 0.000000 1.742997 -0.443458
v 0.000000 1.475766 -0.771553
v 0.143958 1.743662 -0.459390
v 0.351820 1.584164 -1.007187
v 0.408519 1.882048 -0.682188
v 0.000000 1.090569 -1.203407
v 0.316560 1.221674 -1.335742
v 0.000000 0.847438 -1.492229
v 0.293895 0.980790 -1.602319
v 0.000000 0.600802 -1.833951
v 0.244254 0.704680 -1.938035
v 0.000000 0.289372 -2.438422
v 0.192520 0.362352 -2.494494
v 0.000000 0.087131 -2.991387
v 0.213916 0.214785 -3.037580
v 0.187883 2.238781 -1.409419
v 0.169309 2.420999 -1.361062
v 0.314292 2.447232 -1.169491
v 0.347112 2.196552 -1.316026
v 0.434944 2.370731 -1.064318
v 0.551406 2.183816 -0.896445
v 0.232702 2.162825 -1.466752
v 0.150334 2.190885 -1.482451
v 0.271515 1.976072 -1.586658
v 0.475219 1.811795 -1.262550
v 0.319391 1.731780 -1.640752
v 0.217978 1.833561 -1.716685
v 0.294814 1.526915 -1.842556
v 0.294124 1.326743 -1.864553
v 0.295161 0.941167 -2.137599
v 0.262913 0.629719 -2.660013
v 0.244746 0.460443 -3.119221
v 0.235233 1.666397 -1.835643
v 0.253985 1.434731 -1.975671
v 0.060731 1.711384 -1.907255
v 0.226255 1.570838 -1.923073
v 0.038648 1.522979 -2.055617
v 0.258549 1.272185 -2.071718
v 0.236617 1.338433 -2.093417
v 0.036901 1.339207 -2.191448
v 0.218937 1.246613 -2.163764
v 0.251402 1.202001 -2.112545
v 0.256284 1.067839 -2.356943
v 0.143357 1.160364 -2.363153
v 0.059541 1.120630 -2.423315
v 0.215207 1.088446 -2.472207
v 0.195547 0.958975 -2.474541
v 0.215207 1.088446 -2.472207
v 0.162371 0.958534 -2.549837
v 0.195547 0.958975 -2.474541
v 0.211392 0.822337 -2.632067
v 0.216759 0.829727 -2.774103
v 0.164405 0.864554 -2.727168
v 0.222450 0.738966 -2.849356
v 0.169275 0.822102 -2.823704
v 0.160072 0.707962 -3.121164
v 0.168211 0.750066 -2.974525
v 0.185612 0.644549 -3.215336
v 0.086754 0.733545 -3.099592
v 0.056577 0.708795 -3.228108
v 0.085140 0.917944 -2.720074
v 0.000000 0.988231 -3.234399
v 0.000000 0.737695 -3.284109
v 0.000000 0.815502 -3.046915
v 0.051128 0.776843 -3.020654
v 0.161404 0.804047 -2.909513
v 0.116311 0.817569 -2.891961
v 0.039146 0.835903 -2.897309
v 0.000000 0.889241 -2.846150
v 0.036016 0.976686 -2.680642
v 0.000000 1.091754 -2.950769
v 0.000000 1.083977 -2.665761
v 0.000000 1.296079 -2.794897
v 0.000000 1.249947 -2.345081
v 0.000000 1.503482 -2.537304
v 0.000000 1.458259 -2.161368
v 0.017311 1.626326 -2.190192
v 0.000000 1.516142 -2.236321
v 0.000000 1.630707 -2.401102
v 0.000000 1.652857 -2.214693
v 0.000000 1.703582 -2.247829
v 0.000000 1.701437 -2.079693
v 0.033855 1.790022 -2.032098
v 0.000000 1.931614 -2.245226
v 0.000000 1.821963 -1.840919
v 0.132689 1.943995 -1.758853
v 0.189608 1.989075 -1.617746
v 0.052555 2.184926 -1.553704
v 0.041793 1.930187 -1.765183
v 0.000000 2.119086 -2.124921
v 0.000000 2.037001 -1.678969
v 0.000000 2.485140 -2.106209
v 0.000000 2.350078 -1.453581
v 0.127357 2.318513 -1.431561
v 0.190257 2.369959 -1.474892
v 0.169309 2.420999 -1.361062
v 0.000000 2.442643 -1.394893
v 0.086977 2.508847 -1.323500
v 0.294814 1.526915 -1.842556
v 0.375800 1.634068 -2.068296
v 0.235233 1.666397 -1.835643
v 0.253985 1.434731 -1.975671
v 0.271515 1.976072 -1.586658
v 0.318199 2.074730 -1.698651
v 0.232702 2.162825 -1.466752
v 0.217978 1.833561 -1.716685
v 0.232702 2.162825 -1.466752
v 0.189608 1.989075 -1.617746
v 0.150334 2.190885 -1.482451
v 0.318199 2.074730 -1.698651
v 0.217978 1.833561 -1.716685
v 0.253985 1.434731 -1.975671
v 0.226255 1.570838 -1.923073
v 0.375800 1.634068 -2.068296
v 0.235233 1.666397 -1.835643
v 0.236617 1.338433 -2.093417
v 0.253985 1.434731 -1.975671
v 0.351790 1.410582 -2.222885
v 0.218937 1.246613 -2.163764
v 0.258549 1.272185 -2.071718
v 0.351790 1.410582 -2.222885
v 0.253985 1.434731 -1.975671
v 0.218937 1.246613 -2.163764
v 0.281894 1.366750 -2.534392
v 0.251402 1.202001 -2.112545
v 0.256284 1.067839 -2.356943
v 0.215207 1.088446 -2.472207
v 0.211392 0.822337 -2.632067
v 0.222358 0.944949 -2.721277
v 0.162371 0.958534 -2.549837
v 0.164405 0.864554 -2.727168
v 0.216759 0.829727 -2.774103
v 0.222450 0.738966 -2.849356
v 0.294476 1.025866 -3.003186
v 0.168211 0.750066 -2.974525
v 0.187883 2.238781 -1.409419
v 0.190257 2.369959 -1.474892
v 0.169309 2.420999 -1.361062
v 0.150334 2.190885 -1.482451
v 0.168211 0.750066 -2.974525
v 0.197679 0.796991 -3.087715
v 0.086754 0.733545 -3.099592
v 0.160072 0.707962 -3.121164
v 0.051128 0.776843 -3.020654
v 0.039146 0.835903 -2.897309
v 0.116311 0.817569 -2.891961
v 0.085140 0.917944 -2.720074
v 0.161404 0.804047 -2.909513
v 0.294476 1.025866 -3.003186
v 0.168211 0.750066 -2.974525
v 0.169275 0.822102 -2.823704
v 0.216759 0.829727 -2.774103
v 0.218937 1.246613 -2.163764
v 0.251402 1.202001 -2.112545
v 0.281894 1.366750 -2.534392
v 0.143357 1.160364 -2.363153
v 0.215207 1.088446 -2.472207
v 0.244746 0.460443 -3.119221
v 0.213916 0.214785 -3.037580
v 0.191293 0.154804 -3.356944
v 0.230053 0.398146 -3.431255
v 0.177949 0.116820 -3.745314
v 0.201686 0.608130 -3.272564
v 0.185612 0.644549 -3.215336
v 0.159555 0.592699 -3.355831
v 0.190516 0.350174 -3.768574
v 0.168266 0.105024 -4.115327
v 0.162653 0.490314 -3.609698
v 0.148604 0.545387 -3.510062
v 0.142783 0.468381 -3.688781
v 0.041698 0.629535 -3.462259
v 0.124617 0.529803 -3.596102
v 0.000000 0.703309 -3.350945
v 0.160694 0.632648 -3.273717
v 0.000000 0.845299 -3.521437
v 0.000000 0.737695 -3.284109
v 0.056577 0.708795 -3.228108
v 0.000000 0.587307 -3.617166
v 0.025866 0.532994 -3.734358
v 0.000000 0.733079 -3.782337
v 0.000000 0.600715 -3.824460
v 0.000000 0.489805 -3.951109
v 0.119511 0.453162 -3.834681
v 0.158231 0.374767 -4.127345
v 0.150181 0.304275 -4.618685
v 0.133092 0.106388 -4.625598
v 0.068716 0.422395 -4.418520
v 0.058870 0.435747 -4.180311
v 0.102927 0.105854 -5.000262
v 0.109390 0.291031 -5.016091
v 0.090008 0.262685 -5.313115
v 0.085020 0.101279 -5.309795
v 0.073439 0.122183 -5.584766
v 0.080455 0.478536 -3.951056
v 0.030024 0.448661 -4.070915
v 0.000000 0.572482 -3.972062
v 0.000000 0.535498 -4.023543
v 0.000000 0.666135 -4.064496
v 0.000000 0.459879 -4.185090
v 0.016298 0.443350 -4.255738
v 0.000000 0.593802 -4.271937
v 0.000000 0.467608 -4.342830
v 0.016177 0.434732 -4.418667
v 0.000000 0.547236 -4.392973
v 0.000000 0.441066 -4.479379
v 0.018093 0.406328 -4.592452
v 0.000000 0.569848 -4.567183
v 0.000000 0.405048 -4.673174
v 0.065958 0.384192 -4.648223
v 0.027516 0.396033 -4.821245
v 0.000000 0.499120 -4.831175
v 0.000000 0.381441 -4.924843
v 0.020973 0.367699 -4.977730
v 0.000000 0.454332 -4.954237
v 0.000000 0.386527 -5.024188
v 0.023976 0.364396 -5.093202
v 0.000000 0.481252 -5.136244
v 0.000000 0.411073 -5.140593
v 0.024142 0.347616 -5.167769
v 0.000000 0.552383 -5.315978
v 0.016798 0.317237 -5.307761
v 0.000000 0.332541 -5.317964
v 0.000000 0.442898 -5.618395
v 0.026646 0.295668 -5.489045
v 0.000000 0.320598 -5.647659
v 0.076962 0.254044 -5.577465
v 0.015630 0.295066 -5.631446
v 0.024195 0.295633 -5.762005
v 0.000000 0.363927 -5.807452
v 0.000000 0.279135 -5.859266
v 0.063227 0.250445 -5.848434
v 0.062405 0.140586 -5.870695
v 0.000000 0.290500 -6.179132
v 0.066153 0.210324 -6.178149
v 0.000000 0.266908 -6.438025
v 0.037664 0.215755 -6.436648
v 0.000000 0.197332 -6.483475
v 0.000000 0.087131 -2.991387
v 0.000000 0.043738 -3.325631
v 0.000000 0.019925 -3.736651
v 0.000000 -0.009870 -4.114551
v 0.000000 -0.008818 -4.625387
v 0.000000 0.019811 -4.989161
v 0.000000 0.013768 -5.299095
v 0.000000 0.042978 -5.586034
v 0.000000 0.069396 -5.872549
v 0.000000 0.096627 -6.180470
v 0.000000 0.129201 -6.443572
v 0.241145 0.739307 -3.283762
v 0.160694 0.632648 -3.273717
v 0.185612 0.644549 -3.215336
v 0.159555 0.592699 -3.355831
v 0.201686 0.608130 -3.272564
v 0.241145 0.739307 -3.283762
v 0.185612 0.644549 -3.215336
v 0.159555 0.592699 -3.355831
v 0.162653 0.490314 -3.609698
v 0.202236 0.607085 -3.631710
v 0.148604 0.545387 -3.510062
v 0.142783 0.468381 -3.688781
v 0.124617 0.529803 -3.596102
v 0.202236 0.607085 -3.631710
v 0.142783 0.468381 -3.688781
v 0.148604 0.545387 -3.510062
v -0.143958 1.743662 -0.459390
v -0.351820 1.584164 -1.007187
v -0.408519 1.882048 -0.682188
v -0.316560 1.221674 -1.335742
v -0.293895 0.980790 -1.602319
v -0.244254 0.704680 -1.938035
v -0.192520 0.362352 -2.494494
v -0.213916 0.214785 -3.037580
v -0.169309 2.420999 -1.361062
v -0.187883 2.238781 -1.409419
v -0.314292 2.447232 -1.169491
v -0.347112 2.196552 -1.316026
v -0.434944 2.370731 -1.064318
v -0.551406 2.183816 -0.896445
v -0.232702 2.162825 -1.466752
v -0.150334 2.190885 -1.482451
v -0.271515 1.976072 -1.586658
v -0.475219 1.811795 -1.262550
v -0.319391 1.731780 -1.640752
v -0.217978 1.833561 -1.716685
v -0.294814 1.526915 -1.842556
v -0.294124 1.326743 -1.864553
v -0.295161 0.941167 -2.137599
v -0.262913 0.629719 -2.660013
v -0.244746 0.460443 -3.119221
v -0.235233 1.666397 -1.835643
v -0.253985 1.434731 -1.975671
v -0.060731 1.711384 -1.907255
v -0.226255 1.570838 -1.923073
v -0.038648 1.522979 -2.055617
v -0.258549 1.272185 -2.071718
v -0.236617 1.338433 -2.093417
v -0.036901 1.339207 -2.191448
v -0.218937 1.246613 -2.163764
v -0.251402 1.202001 -2.112545
v -0.256284 1.067839 -2.356943
v -0.143357 1.160364 -2.363153
v -0.059541 1.120630 -2.423315
v -0.215207 1.088446 -2.472207
v -0.195547 0.958975 -2.474541
v -0.215207 1.088446 -2.472207
v -0.162371 0.958534 -2.549837
v -0.195547 0.958975 -2.474541
v -0.211392 0.822337 -2.632067
v -0.216759 0.829727 -2.774103
v -0.164405 0.864554 -2.727168
v -0.222450 0.738966 -2.849356
v -0.169275 0.822102 -2.823704
v -0.160072 0.707962 -3.121164
v -0.168211 0.750066 -2.974525
v -0.185612 0.644549 -3.215336
v -0.086754 0.733545 -3.099592
v -0.056577 0.708795 -3.228108
v -0.085140 0.917944 -2.720074
v -0.051128 0.776843 -3.020654
v -0.161404 0.804047 -2.909513
v -0.116311 0.817569 -2.891961
v -0.039146 0.835903 -2.897309
v -0.036016 0.976686 -2.680642
v -0.017311 1.626326 -2.190192
v -0.033855 1.790022 -2.032098
v -0.132689 1.943995 -1.758853
v -0.189608 1.989075 -1.617746
v -0.052555 2.184926 -1.553704
v -0.041793 1.930187 -1.765183
v -0.127357 2.318513 -1.431561
v -0.190257 2.369959 -1.474892
v -0.169309 2.420999 -1.361062
v -0.086977 2.508847 -1.323500
v -0.375800 1.634068 -2.068296
v -0.294814 1.526915 -1.842556
v -0.235233 1.666397 -1.835643
v -0.253985 1.434731 -1.975671
v -0.318199 2.074730 -1.698651
v -0.271515 1.976072 -1.586658
v -0.232702 2.162825 -1.466752
v -0.217978 1.833561 -1.716685
v -0.189608 1.989075 -1.617746
v -0.232702 2.162825 -1.466752
v -0.150334 2.190885 -1.482451
v -0.318199 2.074730 -1.698651
v -0.217978 1.833561 -1.716685
v -0.226255 1.570838 -1.923073
v -0.253985 1.434731 -1.975671
v -0.375800 1.634068 -2.068296
v -0.235233 1.666397 -1.835643
v -0.253985 1.434731 -1.975671
v -0.236617 1.338433 -2.093417
v -0.351790 1.410582 -2.222885
v -0.218937 1.246613 -2.163764
v -0.351790 1.410582 -2.222885
v -0.258549 1.272185 -2.071718
v -0.253985 1.434731 -1.975671
v -0.218937 1.246613 -2.163764
v -0.251402 1.202001 -2.112545
v -0.281894 1.366750 -2.534392
v -0.256284 1.067839 -2.356943
v -0.215207 1.088446 -2.472207
v -0.222358 0.944949 -2.721277
v -0.211392 0.822337 -2.632067
v -0.162371 0.958534 -2.549837
v -0.164405 0.864554 -2.727168
v -0.222450 0.738966 -2.849356
v -0.216759 0.829727 -2.774103
v -0.294476 1.025866 -3.003186
v -0.168211 0.750066 -2.974525
v -0.190257 2.369959 -1.474892
v -0.187883 2.238781 -1.409419
v -0.169309 2.420999 -1.361062
v -0.150334 2.190885 -1.482451
v -0.197679 0.796991 -3.087715
v -0.168211 0.750066 -2.974525
v -0.086754 0.733545 -3.099592
v -0.160072 0.707962 -3.121164
v -0.039146 0.835903 -2.897309
v -0.051128 0.776843 -3.020654
v -0.116311 0.817569 -2.891961
v -0.085140 0.917944 -2.720074
v -0.294476 1.025866 -3.003186
v -0.161404 0.804047 -2.909513
v -0.168211 0.750066 -2.974525
v -0.169275 0.822102 -2.823704
v -0.216759 0.829727 -2.774103
v -0.251402 1.202001 -2.112545
v -0.218937 1.246613 -2.163764
v -0.281894 1.366750 -2.534392
v -0.143357 1.160364 -2.363153
v -0.215207 1.088446 -2.472207
v -0.213916 0.214785 -3.037580
v -0.244746 0.460443 -3.119221
v -0.191293 0.154804 -3.356944
v -0.230053 0.398146 -3.431255
v -0.177949 0.116820 -3.745314
v -0.201686 0.608130 -3.272564
v -0.185612 0.644549 -3.215336
v -0.159555 0.592699 -3.355831
v -0.190516 0.350174 -3.768574
v -0.168266 0.105024 -4.115327
v -0.162653 0.490314 -3.609698
v -0.148604 0.545387 -3.510062
v -0.142783 0.468381 -3.688781
v -0.041698 0.629535 -3.462259
v -0.124617 0.529803 -3.596102
v -0.160694 0.632648 -3.273717
v -0.056577 0.708795 -3.228108
v -0.025866 0.532994 -3.734358
v -0.119511 0.453162 -3.834681
v -0.158231 0.374767 -4.127345
v -0.150181 0.304275 -4.618685
v -0.133092 0.106388 -4.625598
v -0.068716 0.422395 -4.418520
v -0.058870 0.435747 -4.180311
v -0.102927 0.105854 -5.000262
v -0.109390 0.291031 -5.016091
v -0.090008 0.262685 -5.313115
v -0.085020 0.101279 -5.309795
v -0.073439 0.122183 -5.584766
v -0.080455 0.478536 -3.951056
v -0.030024 0.448661 -4.070915
v -0.016298 0.443350 -4.255738
v -0.016177 0.434732 -4.418667
v -0.018093 0.406328 -4.592452
v -0.065958 0.384192 -4.648223
v -0.027516 0.396033 -4.821245
v -0.020973 0.367699 -4.977730
v -0.023976 0.364396 -5.093202
v -0.024142 0.347616 -5.167769
v -0.016798 0.317237 -5.307761
v -0.026646 0.295668 -5.489045
v -0.076962 0.254044 -5.577465
v -0.015630 0.295066 -5.631446
v -0.024195 0.295633 -5.762005
v -0.063227 0.250445 -5.848434
v -0.062405 0.140586 -5.870695
v -0.066153 0.210324 -6.178149
v -0.037664 0.215755 -6.436648
v -0.160694 0.632648 -3.273717
v -0.241145 0.739307 -3.283762
v -0.185612 0.644549 -3.215336
v -0.159555 0.592699 -3.355831
v -0.241145 0.739307 -3.283762
v -0.201686 0.608130 -3.272564
v -0.185612 0.644549 -3.215336
v -0.159555 0.592699 -3.355831
v -0.202236 0.607085 -3.631710
v -0.162653 0.490314 -3.609698
v -0.148604 0.545387 -3.510062
v -0.142783 0.468381 -3.688781
v -0.202236 0.607085 -3.631710
v -0.124617 0.529803 -3.596102
v -0.142783 0.468381 -3.688781
v -0.148604 0.545387 -3.510062
v 0.062273 0.270631 -5.626525
v 0.112728 0.340336 -5.642563
v 0.001789 0.290415 -5.684685
v 0.077519 0.362971 -5.737638
v -0.002169 0.289446 -5.769898
v 0.008750 0.293857 -5.797530
v 0.081864 0.351271 -5.835146
v 0.017972 0.289332 -5.833993
v 0.029560 0.286378 -5.831981
v 0.086668 0.341267 -5.835166
v 0.211059 0.447019 -5.715909
v 0.188888 0.437771 -5.822849
v 0.189759 0.454100 -5.765915
v 0.181555 0.446598 -5.821045
v 0.225533 0.465331 -5.818152
v 0.213654 0.457525 -5.802220
v 0.243603 0.498343 -5.767558
v 0.262181 0.489742 -5.746545
v 0.247553 0.481720 -5.790201
v 0.338585 0.545274 -5.824687
v 0.112728 0.340336 -5.642563
v 0.062273 0.270631 -5.626525
v 0.055409 0.264410 -5.729860
v 0.105826 0.326587 -5.735667
v 0.029560 0.286378 -5.831981
v 0.086668 0.341267 -5.835166
v 0.211059 0.447019 -5.715909
v 0.206606 0.439828 -5.768202
v 0.188888 0.437771 -5.822849
v 0.213654 0.457525 -5.802220
v 0.225533 0.465331 -5.818152
v 0.247553 0.481720 -5.790201
v 0.261285 0.483503 -5.769738
v 0.262181 0.489742 -5.746545
v 0.338585 0.545274 -5.824687
v -0.002169 0.289446 -5.769898
v 0.008750 0.293857 -5.797530
v -0.001552 0.301071 -5.772583
v 0.007835 0.332226 -5.805474
v 0.017972 0.289332 -5.833993
v 0.019565 0.388358 -5.867162
v 0.039022 0.340261 -5.942091
v 0.043915 0.500409 -5.975504
v 0.034234 0.278649 -5.922928
v 0.022256 0.266932 -5.839665
v 0.029560 0.286378 -5.831981
v 0.040096 0.302464 -6.043167
v 0.043057 0.267192 -6.026806
v 0.031570 0.287917 -6.049537
v 0.031525 0.271895 -6.060613
v 0.047897 0.245034 -6.047774
v 0.038749 0.320167 -6.091769
v 0.036526 0.327897 -6.059032
v 0.044643 0.399715 -6.079444
v 0.050252 0.456776 -6.023361
v 0.044313 0.437619 -6.065718
v 0.051917 0.491517 -6.088346
v 0.051889 0.517024 -6.069732
v 0.056792 0.526214 -6.105400
v 0.060215 0.567498 -6.081733
v 0.062763 0.597744 -6.066514
v 0.073775 0.634445 -6.135093
v -0.028685 0.278927 -5.887403
v -0.022775 0.304193 -5.893842
v -0.037443 0.303091 -5.893409
v -0.013166 0.316637 -5.976924
v -0.081158 0.394809 -6.000610
v -0.030517 0.364004 -6.028619
v -0.061845 0.413565 -6.124568
v -0.144786 0.510899 -6.166704
v -0.015951 0.335452 -6.122789
v -0.115726 0.503994 -6.190603
v -0.190238 0.588306 -6.260996
v -0.172204 0.586462 -6.273253
v -0.208829 0.619995 -6.340270
v -0.177230 0.567951 -6.283670
v -0.124986 0.496073 -6.243806
v -0.098897 0.469471 -6.235394
v -0.131722 0.503974 -6.273169
v -0.109790 0.457178 -6.248991
v -0.062068 0.368691 -6.216726
v -0.027453 0.275288 -6.192708
v 0.005108 0.267188 -6.140759
v 0.031525 0.271895 -6.060613
v 0.062763 0.597744 -6.066514
v 0.073775 0.634445 -6.135093
v 0.051190 0.575516 -6.077495
v 0.043915 0.500409 -5.975504
v 0.021859 0.462337 -6.025295
v -0.006929 0.362943 -5.916341
v 0.019565 0.388358 -5.867162
v -0.014781 0.310276 -5.825436
v 0.007835 0.332226 -5.805474
v -0.001552 0.301071 -5.772583
v -0.016310 0.276123 -5.805090
v -0.002169 0.289446 -5.769898
v -0.028685 0.278927 -5.887403
v -0.022775 0.304193 -5.893842
v -0.013166 0.316637 -5.976924
v 0.009349 0.364247 -6.015176
v 0.002019 0.299204 -6.030668
v 0.021853 0.311674 -6.058852
v 0.031570 0.287917 -6.049537
v 0.038749 0.320167 -6.091769
v 0.036526 0.327897 -6.059032
v 0.044643 0.399715 -6.079444
v 0.044313 0.437619 -6.065718
v 0.041043 0.502142 -6.080627
v 0.051917 0.491517 -6.088346
v 0.056792 0.526214 -6.105400
v 0.051889 0.517024 -6.069732
v 0.060215 0.567498 -6.081733
v 0.073775 0.634445 -6.135093
v -0.037443 0.303091 -5.893409
v -0.037809 0.256730 -5.937103
v -0.028685 0.278927 -5.887403
v -0.081158 0.394809 -6.000610
v -0.077545 0.342851 -6.107624
v -0.038209 0.240745 -6.066686
v -0.027453 0.275288 -6.192708
v -0.144786 0.510899 -6.166704
v -0.062068 0.368691 -6.216726
v -0.109790 0.457178 -6.248991
v -0.190238 0.588306 -6.260996
v -0.188602 0.576205 -6.272860
v -0.208829 0.619995 -6.340270
v -0.177230 0.567951 -6.283670
v -0.011424 0.259709 -6.438147
v -0.064047 0.329074 -6.414719
v -0.004512 0.264142 -6.402403
v -0.040255 0.317848 -6.316706
v 0.001943 0.260047 -6.301041
v -0.027453 0.275288 -6.192708
v -0.108292 0.411394 -6.368692
v -0.094841 0.408808 -6.393235
v -0.098716 0.399110 -6.421089
v -0.115334 0.450916 -6.439150
v 0.031525 0.271895 -6.060613
v 0.083415 0.280098 -6.147981
v 0.005108 0.267188 -6.140759
v 0.041858 0.289797 -6.183882
v -0.027453 0.275288 -6.192708
v 0.149423 0.339799 -6.252858
v 0.088471 0.299203 -6.225893
v 0.091071 0.306097 -6.252870
v 0.006827 0.263020 -6.239984
v 0.060742 0.281884 -6.245242
v 0.009678 0.251826 -6.289200
v 0.034709 0.247061 -6.331662
v 0.029395 0.246364 -6.315507
v 0.031525 0.271895 -6.060613
v 0.039828 0.232119 -6.187145
v 0.083415 0.280098 -6.147981
v 0.088471 0.299203 -6.225893
v 0.149423 0.339799 -6.252858
v 0.060742 0.281884 -6.245242
v 0.091071 0.306097 -6.252870
v 0.029395 0.246364 -6.315507
v 0.034709 0.247061 -6.331662
v -0.116644 0.288524 -5.862010
v -0.048981 0.246668 -5.861437
v -0.069005 0.233177 -5.743622
v -0.140218 0.293875 -5.758369
v -0.096783 0.286186 -5.616414
v -0.062140 0.257452 -5.630899
v -0.172888 0.334180 -5.707736
v -0.254633 0.399926 -5.758276
v -0.253165 0.384644 -5.797449
v -0.365607 0.515302 -5.873170
v -0.062140 0.257452 -5.630899
v -0.042186 0.274455 -5.652207
v -0.096783 0.286186 -5.616414
v -0.106819 0.316865 -5.754067
v -0.036432 0.279180 -5.719480
v -0.172888 0.334180 -5.707736
v -0.039524 0.277038 -5.796494
v -0.232117 0.401739 -5.795659
v -0.254633 0.399926 -5.758276
v -0.365607 0.515302 -5.873170
v -0.116644 0.288524 -5.862010
v -0.048981 0.246668 -5.861437
v 0.057372 0.270900 -5.827972
v 0.093571 0.303578 -5.834303
v 0.022256 0.266932 -5.839665
v 0.071645 0.306157 -5.922843
v 0.102140 0.315326 -5.865238
v 0.141784 0.357026 -5.921534
v 0.034234 0.278649 -5.922928
v 0.154329 0.356622 -5.989511
v 0.070466 0.293956 -6.011698
v 0.043057 0.267192 -6.026806
v 0.047897 0.245034 -6.047774
v 0.098347 0.281187 -6.098847
v 0.110676 0.338216 -6.043671
v 0.194122 0.392803 -6.057704
v 0.158018 0.367403 -6.119148
v 0.222651 0.430988 -6.158107
v 0.245424 0.436539 -6.137031
v 0.152999 0.329081 -6.141842
v 0.281017 0.471980 -6.205195
v 0.187790 0.383543 -6.180686
v 0.199431 0.370392 -6.188185
v 0.210784 0.384489 -6.194520
v 0.203305 0.379989 -6.169188
v 0.229427 0.407987 -6.178730
v 0.264396 0.449521 -6.228257
v 0.260612 0.469963 -6.216992
v 0.299154 0.491580 -6.279294
v 0.057372 0.270900 -5.827972
v 0.056301 0.220516 -5.850976
v 0.093571 0.303578 -5.834303
v 0.098917 0.280381 -5.905094
v 0.102140 0.315326 -5.865238
v 0.062333 0.222627 -5.930650
v 0.123661 0.302170 -6.023263
v 0.046265 0.219485 -5.993931
v 0.141784 0.357026 -5.921534
v 0.047897 0.245034 -6.047774
v 0.154329 0.356622 -5.989511
v 0.098347 0.281187 -6.098847
v 0.179812 0.354847 -6.101097
v 0.194122 0.392803 -6.057704
v 0.152999 0.329081 -6.141842
v 0.245424 0.436539 -6.137031
v 0.200387 0.370389 -6.174613
v 0.199431 0.370392 -6.188185
v 0.210784 0.384489 -6.194520
v 0.203305 0.379989 -6.169188
v 0.242288 0.414533 -6.154939
v 0.281017 0.471980 -6.205195
v 0.229427 0.407987 -6.178730
v 0.276156 0.456418 -6.217146
v 0.299154 0.491580 -6.279294
v 0.264396 0.449521 -6.228257
v -0.011424 0.259709 -6.438147
v -0.041071 0.228833 -6.305696
v -0.064047 0.329074 -6.414719
v -0.073554 0.294424 -6.300926
v -0.027453 0.275288 -6.192708
v -0.108292 0.411394 -6.368692
v -0.113429 0.401509 -6.392613
v -0.098716 0.399110 -6.421089
v -0.115334 0.450916 -6.439150
v 0.571146 2.673882 0.147366
v 0.539786 2.876331 -0.056005
v 0.454867 2.713857 0.157098
v 0.626959 2.728069 -0.141241
v 0.648128 2.456619 -0.456705
v 0.601877 2.220869 -0.658513
v 0.685651 2.063657 -0.512293
v 0.525322 1.972287 -0.584651
v 0.551406 2.183816 -0.896445
v 0.408519 1.882048 -0.682188
v 0.000000 1.811472 -0.294541
v 0.000000 1.742997 -0.443458
v 0.143958 1.743662 -0.459390
v 0.230790 1.814853 -0.359245
v 0.160331 1.897036 -0.148767
v 0.000000 1.905204 -0.141409
v 0.000000 1.988001 -0.003704
v 0.226672 2.085601 0.038011
v 0.226672 2.085601 0.038011
v 0.331542 2.551578 0.151036
v 0.273311 2.344784 0.114384
v 0.221327 2.437866 0.097905
v 0.113756 2.427312 0.135170
v 0.113806 2.241319 0.086019
v 0.000000 1.988001 -0.003704
v 0.000000 2.409578 0.171254
v 0.000000 2.229814 0.120836
v -0.539786 2.876331 -0.056005
v -0.454867 2.713857 0.157098
v -0.648128 2.456619 -0.456705
v -0.601877 2.220869 -0.658513
v -0.525322 1.972287 -0.584651
v -0.551406 2.183816 -0.896445
v -0.408519 1.882048 -0.682188
v -0.143958 1.743662 -0.459390
v -0.230790 1.814853 -0.359245
v -0.160331 1.897036 -0.148767
v -0.226672 2.085601 0.038011
v -0.226672 2.085601 0.038011
v -0.331542 2.551578 0.151036
v -0.273311 2.344784 0.114384
v -0.221327 2.437866 0.097905
v -0.113756 2.427312 0.135170
v -0.113806 2.241319 0.086019
v 0.472008 3.416095 0.747104
v 0.546550 3.267621 0.756893
v 0.469095 3.420562 0.860672
v 0.557446 3.264631 0.860269
v 0.645025 3.151842 0.762791
v 0.644417 3.160640 0.864613
v 0.657897 3.072179 0.793130
v 0.669088 3.116181 0.877377
v 0.676464 3.018245 0.835832
v 0.690435 3.066879 0.909074
v 0.737122 2.937988 0.926441
v 0.714857 3.159253 0.953264
v 0.687037 3.191714 0.945647
v 0.610055 3.293023 0.959677
v 0.730912 2.992862 0.989386
v 0.824081 2.857272 1.035711
v 0.741705 3.117460 0.982318
v 0.516552 3.451974 0.965986
v 0.466623 3.475637 0.942579
v 0.470721 3.544898 1.006726
v 0.578961 3.557348 1.018712
v 0.480698 3.651508 1.049168
v 0.612543 3.486596 1.016670
v 0.563361 3.656218 1.059996
v 0.496298 3.748761 1.071969
v 0.694679 3.572963 1.004180
v 0.640488 3.695263 1.030224
v 0.540451 3.827329 1.042243
v 0.707134 3.730352 0.974541
v 0.611107 3.905197 0.981392
v 0.692075 3.331388 0.989109
v 0.715532 3.507319 1.002859
v 0.757570 3.762999 0.877292
v 0.659395 3.926823 0.843585
v 0.763118 3.589975 0.961178
v 0.759098 3.761614 0.763222
v 0.669944 3.871882 0.703521
v 0.811491 3.603996 0.863475
v 0.781321 3.524536 0.952647
v 0.731387 3.750122 0.674927
v 0.663846 3.802565 0.612605
v 0.615226 3.721469 0.550419
v 0.794699 3.621377 0.727271
v 0.728105 3.653606 0.630948
v 0.614595 3.590742 0.497895
v 0.685433 3.506553 0.507894
v 0.563725 3.446581 0.512840
v 0.761870 3.365235 0.984237
v 0.824434 3.538035 0.849920
v 0.780727 3.542140 0.611609
v 0.823742 3.386801 0.942695
v 0.797302 3.295090 0.988772
v 0.825861 3.541899 0.715374
v 0.883152 3.401933 0.779257
v 0.854388 3.402097 0.610114
v 0.759539 3.358409 0.532193
v 0.745730 3.248657 0.980664
v 0.763948 3.218788 1.002057
v 0.814968 3.263222 1.004123
v 0.847880 3.314878 0.944279
v 0.929990 3.307876 0.811081
v 0.951187 3.263570 0.646116
v 0.786325 3.179450 1.028203
v 0.838045 3.214633 1.043919
v 0.873462 3.278538 0.967870
v 0.854843 3.206248 0.562257
v 0.961233 3.252943 0.851844
v 0.982863 3.171548 0.714979
v 0.810515 3.111097 1.076704
v 0.870831 3.151027 1.101107
v 0.903217 3.233696 1.016323
v 0.987791 3.198670 0.916640
v 1.001833 3.105821 0.799570
v 0.765494 3.056135 1.041930
v 0.937940 3.164929 1.084191
v 1.017522 3.120484 1.003698
v 0.910175 3.019711 1.195825
v 0.847179 2.986885 1.179293
v 0.816068 2.936195 1.134021
v 1.031793 3.032365 0.912515
v 0.806329 2.891559 1.089424
v 0.862710 2.787376 1.110570
v 0.834176 2.818868 1.155525
v 0.828630 2.857491 1.195601
v 0.862013 2.904301 1.239961
v 0.909231 2.940995 1.265482
v 0.963329 3.019471 1.179739
v 0.973670 2.941077 1.247624
v 1.026859 2.911510 1.204589
v 1.019662 2.995941 1.120550
v 1.040628 2.950548 1.060561
v 1.059435 2.855151 1.129404
v 1.017065 2.882746 0.990201
v 1.025619 2.800449 1.064578
v 0.930619 2.836642 0.956510
v 0.963998 2.776683 1.052240
v 0.919338 2.766387 1.069712
v 0.991195 2.956038 0.842470
v 0.955860 3.020442 0.711905
v 0.914467 3.101947 0.614521
v 0.881357 2.931197 0.741376
v 0.839033 2.976166 0.663047
v 0.789014 3.062162 0.610507
v 0.844257 2.898621 0.805102
v 0.772498 2.966247 0.704857
v 0.735694 3.165504 0.572378
v 0.734315 3.049807 0.648892
v 0.785557 2.906666 0.856813
v 0.720293 2.984681 0.761819
v 0.687612 3.055819 0.720621
v 0.868453 2.827837 0.982992
v 0.824081 2.857272 1.035711
v 0.862710 2.787376 1.110570
v 0.737122 2.937988 0.926441
v 0.676464 3.018245 0.835832
v 0.657897 3.072179 0.793130
v 0.645025 3.151842 0.762791
v 0.666934 3.149725 0.692409
v 0.546550 3.267621 0.756893
v 0.690372 3.148342 0.626705
v 0.571322 3.284643 0.675349
v 0.472008 3.416095 0.747104
v 0.489321 3.418778 0.676725
v 0.603254 3.293050 0.600974
v 0.648446 3.310159 0.531545
v 0.533774 3.399574 0.588814
v 0.518431 3.411703 0.572138
v 0.587229 3.414703 0.525477
v 0.862013 2.904301 1.239961
v 0.828630 2.857491 1.195601
v 0.776963 2.795435 1.249401
v 0.828876 2.824361 1.301949
v 0.730901 2.723401 1.310617
v 0.893561 2.854552 1.330953
v 0.909231 2.940995 1.265482
v 0.774314 2.733489 1.356330
v 0.694947 2.644094 1.373472
v 0.968115 2.856712 1.330881
v 0.973670 2.941077 1.247624
v 0.860207 2.737110 1.408292
v 1.030346 2.817058 1.294563
v 1.026859 2.911510 1.204589
v 0.947836 2.747285 1.418976
v 1.061239 2.759430 1.214376
v 1.059435 2.855151 1.129404
v 1.033944 2.710230 1.143994
v 1.025619 2.800449 1.064578
v 0.963998 2.776683 1.052240
v 0.983590 2.689553 1.121498
v 1.043267 2.624523 1.177230
v 0.984186 2.605617 1.164597
v 1.078318 2.646628 1.238242
v 1.025444 2.561816 1.211114
v 0.982374 2.561229 1.208062
v 1.051152 2.672930 1.308915
v 1.031745 2.715553 1.369945
v 1.057431 2.566838 1.283602
v 1.008222 2.517436 1.214468
v 0.975589 2.521125 1.218501
v 1.037071 2.512542 1.274250
v 0.990155 2.469868 1.214720
v 0.955849 2.483547 1.216065
v 1.051472 2.595430 1.363560
v 0.959688 2.420861 1.199866
v 0.929387 2.431936 1.198340
v 0.877467 2.353986 1.181346
v 1.007935 2.528196 1.328619
v 1.012958 2.449325 1.262056
v 0.920355 2.360261 1.207939
v 0.941263 2.410921 1.257372
v 0.971905 2.397792 1.237516
v 0.967495 2.448744 1.284018
v 0.968748 2.467817 1.315704
v 1.023605 2.526653 1.387816
v 0.976513 2.452760 1.416779
v 0.946772 2.432606 1.354179
v 0.914859 2.382992 1.366787
v 1.033900 2.611509 1.412290
v 0.937651 2.372820 1.420937
v 0.812825 2.293711 1.388103
v 0.886706 2.395163 1.436048
v 0.911716 2.474119 1.442262
v 0.924243 2.524883 1.443989
v 1.003984 2.538613 1.434157
v 0.982668 2.641390 1.478778
v 0.956331 2.558879 1.443099
v 0.950316 2.572396 1.522582
v 0.902687 2.501765 1.487847
v 0.932169 2.666188 1.498714
v 0.906014 2.599620 1.543772
v 0.915501 2.510409 1.544426
v 0.863747 2.416586 1.525590
v 0.875786 2.535512 1.564121
v 0.867996 2.443140 1.570533
v 0.801128 2.340261 1.554888
v 0.819822 2.439260 1.549196
v 0.829396 2.424612 1.517755
v 0.848578 2.494190 1.486830
v 0.829744 2.533263 1.523649
v 0.868200 2.558764 1.453205
v 0.845479 2.590787 1.514056
v 0.855608 2.590199 1.427246
v 0.859217 2.649048 1.449182
v 0.809997 2.627586 1.362001
v 0.791944 2.655393 1.400822
v 0.761670 2.600039 1.400622
v 0.725240 2.646705 1.409147
v 0.709160 2.583293 1.426207
v 0.729948 2.554098 1.402346
v 0.676146 2.587749 1.400757
v 0.717547 2.496363 1.432485
v 0.776963 2.795435 1.249401
v 0.828630 2.857491 1.195601
v 0.834176 2.818868 1.155525
v 0.790426 2.749100 1.208145
v 0.730901 2.723401 1.310617
v 0.862710 2.787376 1.110570
v 0.744913 2.682513 1.279179
v 0.694947 2.644094 1.373472
v 0.859119 2.711837 1.164834
v 0.919338 2.766387 1.069712
v 0.842585 2.649789 1.237004
v 0.929347 2.687258 1.130610
v 0.963998 2.776683 1.052240
v 0.983590 2.689553 1.121498
v 0.926964 2.611392 1.178812
v 0.984186 2.605617 1.164597
v 0.949810 2.558519 1.244631
v 0.982374 2.561229 1.208062
v 0.975589 2.521125 1.218501
v 0.713562 2.612540 1.337363
v 0.676146 2.587749 1.400757
v 0.823517 2.636516 1.300999
v 0.689363 2.565605 1.373065
v 0.717547 2.496363 1.432485
v 0.729948 2.554098 1.402346
v 0.747157 2.587628 1.357145
v 0.761670 2.600039 1.400622
v 0.809997 2.627586 1.362001
v 0.894997 2.586036 1.355255
v 0.855608 2.590199 1.427246
v 0.925844 2.521849 1.363891
v 0.868200 2.558764 1.453205
v 0.924243 2.524883 1.443989
v 0.903999 2.468602 1.373353
v 0.911716 2.474119 1.442262
v 0.848578 2.494190 1.486830
v 0.902687 2.501765 1.487847
v 0.863747 2.416586 1.525590
v 0.829396 2.424612 1.517755
v 0.801128 2.340261 1.554888
v 0.886706 2.395163 1.436048
v 0.960587 2.511140 1.300755
v 0.866841 2.397567 1.379760
v 0.812825 2.293711 1.388103
v 0.914859 2.382992 1.366787
v 0.946772 2.432606 1.354179
v 0.968748 2.467817 1.315704
v 0.955744 2.522631 1.254919
v 0.955849 2.483547 1.216065
v 0.942394 2.475860 1.263963
v 0.967495 2.448744 1.284018
v 0.910442 2.429425 1.245005
v 0.929387 2.431936 1.198340
v 0.941263 2.410921 1.257372
v 0.877467 2.353986 1.181346
v -0.546550 3.267621 0.756893
v -0.472008 3.416095 0.747104
v -0.469095 3.420562 0.860672
v -0.557446 3.264631 0.860269
v -0.645025 3.151842 0.762791
v -0.644417 3.160640 0.864613
v -0.657897 3.072179 0.793130
v -0.669088 3.116181 0.877377
v -0.676464 3.018245 0.835832
v -0.690435 3.066879 0.909074
v -0.737122 2.937988 0.926441
v -0.714857 3.159253 0.953264
v -0.687037 3.191714 0.945647
v -0.610055 3.293023 0.959677
v -0.730912 2.992862 0.989386
v -0.824081 2.857272 1.035711
v -0.741705 3.117460 0.982318
v -0.516552 3.451974 0.965986
v -0.466623 3.475637 0.942579
v -0.470721 3.544898 1.006726
v -0.578961 3.557348 1.018712
v -0.480698 3.651508 1.049168
v -0.612543 3.486596 1.016670
v -0.563361 3.656218 1.059996
v -0.496298 3.748761 1.071969
v -0.694679 3.572963 1.004180
v -0.640488 3.695263 1.030224
v -0.540451 3.827329 1.042243
v -0.707134 3.730352 0.974541
v -0.611107 3.905197 0.981392
v -0.692075 3.331388 0.989109
v -0.715532 3.507319 1.002859
v -0.757570 3.762999 0.877292
v -0.659395 3.926823 0.843585
v -0.763118 3.589975 0.961178
v -0.759098 3.761614 0.763222
v -0.669944 3.871882 0.703521
v -0.811491 3.603996 0.863475
v -0.781321 3.524536 0.952647
v -0.731387 3.750122 0.674927
v -0.663846 3.802565 0.612605
v -0.615226 3.721469 0.550419
v -0.794699 3.621377 0.727271
v -0.728105 3.653606 0.630948
v -0.614595 3.590742 0.497895
v -0.685433 3.506553 0.507894
v -0.563725 3.446581 0.512840
v -0.761870 3.365235 0.984237
v -0.824434 3.538035 0.849920
v -0.780727 3.542140 0.611609
v -0.823742 3.386801 0.942695
v -0.797302 3.295090 0.988772
v -0.825861 3.541899 0.715374
v -0.883152 3.401933 0.779257
v -0.854388 3.402097 0.610114
v -0.759539 3.358409 0.532193
v -0.745730 3.248657 0.980664
v -0.763948 3.218788 1.002057
v -0.814968 3.263222 1.004123
v -0.847880 3.314878 0.944279
v -0.929990 3.307876 0.811081
v -0.951187 3.263570 0.646116
v -0.786325 3.179450 1.028203
v -0.838045 3.214633 1.043919
v -0.873462 3.278538 0.967870
v -0.854843 3.206248 0.562257
v -0.961233 3.252943 0.851844
v -0.982863 3.171548 0.714979
v -0.810515 3.111097 1.076704
v -0.870831 3.151027 1.101107
v -0.903217 3.233696 1.016323
v -0.987791 3.198670 0.916640
v -1.001833 3.105821 0.799570
v -0.765494 3.056135 1.041930
v -0.937940 3.164929 1.084191
v -1.017522 3.120484 1.003698
v -0.910175 3.019711 1.195825
v -0.847179 2.986885 1.179293
v -0.816068 2.936195 1.134021
v -1.031793 3.032365 0.912515
v -0.806329 2.891559 1.089424
v -0.862710 2.787376 1.110570
v -0.834176 2.818868 1.155525
v -0.828630 2.857491 1.195601
v -0.862013 2.904301 1.239961
v -0.909231 2.940995 1.265482
v -0.963329 3.019471 1.179739
v -0.973670 2.941077 1.247624
v -1.026859 2.911510 1.204589
v -1.019662 2.995941 1.120550
v -1.040628 2.950548 1.060561
v -1.059435 2.855151 1.129404
v -1.017065 2.882746 0.990201
v -1.025619 2.800449 1.064578
v -0.930619 2.836642 0.956510
v -0.963998 2.776683 1.052240
v -0.919338 2.766387 1.069712
v -0.991195 2.956038 0.842470
v -0.955860 3.020442 0.711905
v -0.914467 3.101947 0.614521
v -0.881357 2.931197 0.741376
v -0.839033 2.976166 0.663047
v -0.789014 3.062162 0.610507
v -0.844257 2.898621 0.805102
v -0.772498 2.966247 0.704857
v -0.735694 3.165504 0.572378
v -0.734315 3.049807 0.648892
v -0.785557 2.906666 0.856813
v -0.720293 2.984681 0.761819
v -0.687612 3.055819 0.720621
v -0.868453 2.827837 0.982992
v -0.824081 2.857272 1.035711
v -0.862710 2.787376 1.110570
v -0.737122 2.937988 0.926441
v -0.676464 3.018245 0.835832
v -0.657897 3.072179 0.793130
v -0.645025 3.151842 0.762791
v -0.666934 3.149725 0.692409
v -0.546550 3.267621 0.756893
v -0.690372 3.148342 0.626705
v -0.571322 3.284643 0.675349
v -0.472008 3.416095 0.747104
v -0.489321 3.418778 0.676725
v -0.603254 3.293050 0.600974
v -0.648446 3.310159 0.531545
v -0.533774 3.399574 0.588814
v -0.518431 3.411703 0.572138
v -0.587229 3.414703 0.525477
v -0.776963 2.795435 1.249401
v -0.828630 2.857491 1.195601
v -0.862013 2.904301 1.239961
v -0.828876 2.824361 1.301949
v -0.730901 2.723401 1.310617
v -0.893561 2.854552 1.330953
v -0.909231 2.940995 1.265482
v -0.774314 2.733489 1.356330
v -0.694947 2.644094 1.373472
v -0.968115 2.856712 1.330881
v -0.973670 2.941077 1.247624
v -0.860207 2.737110 1.408292
v -1.030346 2.817058 1.294563
v -1.026859 2.911510 1.204589
v -0.947836 2.747285 1.418976
v -1.061239 2.759430 1.214376
v -1.059435 2.855151 1.129404
v -1.033944 2.710230 1.143994
v -1.025619 2.800449 1.064578
v -0.963998 2.776683 1.052240
v -0.983590 2.689553 1.121498
v -1.043267 2.624523 1.177230
v -0.984186 2.605617 1.164597
v -1.078318 2.646628 1.238242
v -1.025444 2.561816 1.211114
v -0.982374 2.561229 1.208062
v -1.051152 2.672930 1.308915
v -1.031745 2.715553 1.369945
v -1.057431 2.566838 1.283602
v -1.008222 2.517436 1.214468
v -0.975589 2.521125 1.218501
v -1.037071 2.512542 1.274250
v -0.990155 2.469868 1.214720
v -0.955849 2.483547 1.216065
v -1.051472 2.595430 1.363560
v -0.959688 2.420861 1.199866
v -0.929387 2.431936 1.198340
v -0.877467 2.353986 1.181346
v -1.007935 2.528196 1.328619
v -1.012958 2.449325 1.262056
v -0.920355 2.360261 1.207939
v -0.941263 2.410921 1.257372
v -0.971905 2.397792 1.237516
v -0.967495 2.448744 1.284018
v -0.968748 2.467817 1.315704
v -1.023605 2.526653 1.387816
v -0.976513 2.452760 1.416779
v -0.946772 2.432606 1.354179
v -0.914859 2.382992 1.366787
v -1.033900 2.611509 1.412290
v -0.937651 2.372820 1.420937
v -0.812825 2.293711 1.388103
v -0.886706 2.395163 1.436048
v -0.911716 2.474119 1.442262
v -0.924243 2.524883 1.443989
v -1.003984 2.538613 1.434157
v -0.982668 2.641390 1.478778
v -0.956331 2.558879 1.443099
v -0.950316 2.572396 1.522582
v -0.902687 2.501765 1.487847
v -0.932169 2.666188 1.498714
v -0.906014 2.599620 1.543772
v -0.915501 2.510409 1.544426
v -0.863747 2.416586 1.525590
v -0.875786 2.535512 1.564121
v -0.867996 2.443140 1.570533
v -0.801128 2.340261 1.554888
v -0.819822 2.439260 1.549196
v -0.829396 2.424612 1.517755
v -0.848578 2.494190 1.486830
v -0.829744 2.533263 1.523649
v -0.868200 2.558764 1.453205
v -0.845479 2.590787 1.514056
v -0.855608 2.590199 1.427246
v -0.859217 2.649048 1.449182
v -0.809997 2.627586 1.362001
v -0.791944 2.655393 1.400822
v -0.761670 2.600039 1.400622
v -0.725240 2.646705 1.409147
v -0.709160 2.583293 1.426207
v -0.729948 2.554098 1.402346
v -0.676146 2.587749 1.400757
v -0.717547 2.496363 1.432485
v -0.828630 2.857491 1.195601
v -0.776963 2.795435 1.249401
v -0.834176 2.818868 1.155525
v -0.790426 2.749100 1.208145
v -0.862710 2.787376 1.110570
v -0.730901 2.723401 1.310617
v -0.859119 2.711837 1.164834
v -0.919338 2.766387 1.069712
v -0.744913 2.682513 1.279179
v -0.694947 2.644094 1.373472
v -0.929347 2.687258 1.130610
v -0.963998 2.776683 1.052240
v -0.983590 2.689553 1.121498
v -0.842585 2.649789 1.237004
v -0.926964 2.611392 1.178812
v -0.984186 2.605617 1.164597
v -0.949810 2.558519 1.244631
v -0.982374 2.561229 1.208062
v -0.975589 2.521125 1.218501
v -0.713562 2.612540 1.337363
v -0.676146 2.587749 1.400757
v -0.823517 2.636516 1.300999
v -0.689363 2.565605 1.373065
v -0.717547 2.496363 1.432485
v -0.729948 2.554098 1.402346
v -0.747157 2.587628 1.357145
v -0.761670 2.600039 1.400622
v -0.809997 2.627586 1.362001
v -0.894997 2.586036 1.355255
v -0.855608 2.590199 1.427246
v -0.925844 2.521849 1.363891
v -0.868200 2.558764 1.453205
v -0.924243 2.524883 1.443989
v -0.903999 2.468602 1.373353
v -0.911716 2.474119 1.442262
v -0.848578 2.494190 1.486830
v -0.902687 2.501765 1.487847
v -0.863747 2.416586 1.525590
v -0.829396 2.424612 1.517755
v -0.801128 2.340261 1.554888
v -0.886706 2.395163 1.436048
v -0.960587 2.511140 1.300755
v -0.866841 2.397567 1.379760
v -0.812825 2.293711 1.388103
v -0.914859 2.382992 1.366787
v -0.946772 2.432606 1.354179
v -0.968748 2.467817 1.315704
v -0.955744 2.522631 1.254919
v -0.955849 2.483547 1.216065
v -0.942394 2.475860 1.263963
v -0.967495 2.448744 1.284018
v -0.910442 2.429425 1.245005
v -0.929387 2.431936 1.198340
v -0.941263 2.410921 1.257372
v -0.877467 2.353986 1.181346
v 0.987550 3.004349 0.791513
v 0.980087 3.000845 0.728501
v 0.962393 3.012878 0.755875
v 0.993429 2.984335 0.758368
v 1.020870 2.970267 0.781140
v 1.033293 2.962978 0.665380
v 1.050382 2.922394 0.797942
v 1.019473 2.961372 0.892521
v 1.031825 2.918120 0.869357
v 1.047347 2.898795 0.886441
v 1.017733 2.876376 1.002174
v 0.962393 3.012878 0.755875
v 0.980087 3.000845 0.728501
v 0.965988 2.983089 0.783487
v 0.993429 2.984335 0.758368
v 0.978990 2.919900 0.884640
v 1.050382 2.922394 0.797942
v 1.033293 2.962978 0.665380
v 1.031825 2.918120 0.869357
v 1.047347 2.898795 0.886441
v 1.017733 2.876376 1.002174
v -0.980087 3.000845 0.728501
v -0.987550 3.004349 0.791513
v -0.962393 3.012878 0.755875
v -0.993429 2.984335 0.758368
v -1.020870 2.970267 0.781140
v -1.033293 2.962978 0.665380
v -1.050382 2.922394 0.797942
v -1.019473 2.961372 0.892521
v -1.031825 2.918120 0.869357
v -1.047347 2.898795 0.886441
v -1.017733 2.876376 1.002174
v -0.980087 3.000845 0.728501
v -0.962393 3.012878 0.755875
v -0.965988 2.983089 0.783487
v -0.993429 2.984335 0.758368
v -0.978990 2.919900 0.884640
v -1.050382 2.922394 0.797942
v -1.033293 2.962978 0.665380
v -1.031825 2.918120 0.869357
v -1.047347 2.898795 0.886441
v -1.017733 2.876376 1.002174
v -0.031170 3.615744 -1.463735
v 0.000000 3.692773 -1.577437
v -0.021271 3.648781 -1.582828
v 0.000000 3.677670 -1.779302
v 0.000000 3.582670 -1.610236
v 0.000000 3.531548 -1.520668
v -0.021503 3.478276 -1.436456
v 0.000000 3.481862 -1.499605
v -0.018400 3.416630 -1.493547
v 0.000000 3.508818 -1.638541
v 0.000000 3.371117 -1.523057
v 0.000000 3.301516 -1.433086
v 0.000000 3.263266 -1.414826
v -0.010105 3.206324 -1.405225
v 0.000000 3.244746 -1.554376
v 0.000000 3.158291 -1.411708
v 0.031170 3.615744 -1.463735
v 0.021271 3.648781 -1.582828
v 0.021503 3.478276 -1.436456
v 0.018400 3.416630 -1.493547
v 0.010105 3.206324 -1.405225
v -0.247354 2.584498 -1.182935
v -0.308601 2.634003 -1.025081
v -0.183506 2.714788 -1.127058
v -0.314292 2.447232 -1.169491
v -0.289362 2.795152 -0.935376
v -0.434944 2.370731 -1.064318
v -0.339929 2.748857 -0.823450
v -0.298341 2.986816 -0.821889
v -0.370014 3.009086 -0.783542
v -0.416716 2.517673 -0.905189
v -0.472683 2.852243 -0.680305
v -0.474951 3.034800 -0.585677
v -0.572767 2.989450 -0.461239
v -0.523512 2.389849 -0.785377
v -0.462146 2.696818 -0.752206
v -0.529570 2.560015 -0.660206
v -0.605914 2.805595 -0.390412
v 0.308601 2.634003 -1.025081
v 0.247354 2.584498 -1.182935
v 0.183506 2.714788 -1.127058
v 0.314292 2.447232 -1.169491
v 0.289362 2.795152 -0.935376
v 0.434944 2.370731 -1.064318
v 0.339929 2.748857 -0.823450
v 0.298341 2.986816 -0.821889
v 0.370014 3.009086 -0.783542
v 0.416716 2.517673 -0.905189
v 0.472683 2.852243 -0.680305
v 0.474951 3.034800 -0.585677
v 0.572767 2.989450 -0.461239
v 0.523512 2.389849 -0.785377
v 0.462146 2.696818 -0.752206
v 0.529570 2.560015 -0.660206
v 0.605914 2.805595 -0.390412
v -0.183506 2.714788 -1.127058
v -0.202031 2.750359 -1.240756
v -0.235445 2.725412 -1.320842
v -0.241634 2.844464 -1.308179
v -0.226398 2.774147 -1.389517
v -0.247354 2.584498 -1.182935
v -0.269952 2.812654 -1.638737
v -0.233706 2.528072 -1.271632
v -0.314292 2.447232 -1.169491
v -0.169309 2.420999 -1.361062
v -0.073130 4.480934 1.657038
v -0.084186 4.461696 1.637558
v -0.084613 4.477584 1.632542
v -0.075838 4.460877 1.656500
v -0.081615 4.436038 1.657898
v -0.092097 4.464054 1.661295
v -0.090000 4.486434 1.664864
v -0.078658 4.483809 1.671398
v -0.082119 4.459665 1.665324
v -0.075838 4.460877 1.656500
v -0.073130 4.480934 1.657038
v -0.111792 4.641973 1.546817
v -0.103161 4.638335 1.547133
v -0.106500 4.645044 1.548228
v -0.109608 4.635450 1.544921
v -0.114109 4.650026 1.545850
v -0.116635 4.634739 1.540030
v -0.121222 4.642679 1.537434
v -0.121560 4.650773 1.534166
v -0.121659 4.636844 1.532113
v -0.123349 4.647493 1.522732
v -0.124266 4.641340 1.526790
v -0.318359 3.983054 -0.152309
v -0.374562 3.993568 -0.170013
v -0.351129 4.048532 -0.049954
v -0.371091 3.973532 -0.032655
v -0.358363 3.933456 -0.102514
v -0.321543 4.121748 0.030977
v -0.320428 4.088707 -0.025203
v -0.376772 4.112593 -0.047944
v -0.351129 4.048532 -0.049954
v -0.351483 4.061671 0.027637
v 0.202031 2.750359 -1.240756
v 0.183506 2.714788 -1.127058
v 0.235445 2.725412 -1.320842
v 0.241634 2.844464 -1.308179
v 0.226398 2.774147 -1.389517
v 0.247354 2.584498 -1.182935
v 0.269952 2.812654 -1.638737
v 0.233706 2.528072 -1.271632
v 0.314292 2.447232 -1.169491
v 0.169309 2.420999 -1.361062
v 0.073130 4.480934 1.657038
v 0.084613 4.477584 1.632542
v 0.084186 4.461696 1.637558
v 0.075838 4.460877 1.656500
v 0.081615 4.436038 1.657898
v 0.092097 4.464054 1.661295
v 0.090000 4.486434 1.664864
v 0.078658 4.483809 1.671398
v 0.082119 4.459665 1.665324
v 0.075838 4.460877 1.656500
v 0.073130 4.480934 1.657038
v 0.103161 4.638335 1.547133
v 0.111792 4.641973 1.546817
v 0.106500 4.645044 1.548228
v 0.109608 4.635450 1.544921
v 0.114109 4.650026 1.545850
v 0.116635 4.634739 1.540030
v 0.121222 4.642679 1.537434
v 0.121560 4.650773 1.534166
v 0.121659 4.636844 1.532113
v 0.123349 4.647493 1.522732
v 0.124266 4.641340 1.526790
v 0.374562 3.993568 -0.170013
v 0.318359 3.983054 -0.152309
v 0.351129 4.048532 -0.049954
v 0.371091 3.973532 -0.032655
v 0.358363 3.933456 -0.102514
v 0.320428 4.088707 -0.025203
v 0.321543 4.121748 0.030977
v 0.376772 4.112593 -0.047944
v 0.351129 4.048532 -0.049954
v 0.351483 4.061671 0.027637
v -0.434788 2.506196 -0.123792
v -0.405644 2.450436 -0.050656
v -0.471970 2.362154 -0.261308
v -0.456097 2.281247 -0.330567
v -0.429823 2.195935 -0.305218
v -0.328743 2.141906 -0.227861
v -0.304562 2.170110 -0.155627
v -0.327329 2.234824 -0.091526
v -0.327329 2.234824 -0.091526
v -0.363320 2.394743 -0.052737
v -0.343336 2.323773 -0.065315
v -0.288595 2.288265 -0.075050
v -0.457482 2.481920 -0.238557
v -0.379924 2.312795 -0.159211
v 0.374649 2.454721 0.011687
v 0.332825 2.399685 0.009631
v 0.295446 2.361121 -0.008388
v 0.414084 2.441164 0.008387
v 0.374649 2.454721 0.011687
v 0.433013 2.459541 -0.089491
v 0.440192 2.367481 -0.196478
v 0.424507 2.287528 -0.264920
v 0.398543 2.203224 -0.239870
v 0.298656 2.149832 -0.163426
v 0.274760 2.177703 -0.092044
v 0.220385 2.208553 -0.042847
v 0.297259 2.241653 -0.028700
v 0.297259 2.241653 -0.028700
v 0.313076 2.329553 -0.002799
v 0.295446 2.361121 -0.008388
v 0.258965 2.357542 0.004251
v 0.258982 2.294464 -0.012418
v 0.333483 2.321736 -0.062935
vn 0.9386 -0.1287 0.3202
vn 0.4128 -0.2379 0.8792
vn 0.8623 0.4414 0.2483
vn -0.3619 -0.1604 0.9183
vn -0.9386 -0.1287 0.3202
vn -0.8623 0.4414 0.2482
vn 0.5721 0.6838 -0.4529
vn 0.6431 0.5518 -0.5309
vn 0.6150 0.7473 -0.2516
vn 0.5082 0.7458 -0.4308
vn 0.6743 0.5833 -0.4528
vn 0.4384 0.6382 -0.6329
vn -0.6431 0.5518 -0.5309
vn -0.5721 0.6839 -0.4528
vn -0.6150 0.7473 -0.2516
vn -0.6743 0.5834 -0.4527
vn -0.5082 0.7458 -0.4308
vn -0.4384 0.6382 -0.6329
vn 0.3709 0.9025 -0.2192
vn -0.3028 0.5559 -0.7741
vn -0.8881 -0.4521 -0.0831
vn 0.4011 -0.0811 -0.9124
vn 0.7924 0.5672 -0.2245
vn 0.1340 0.8229 -0.5522
vn -0.0000 -0.9878 -0.1559
vn -0.0000 -0.9282 -0.3722
vn 0.1940 -0.9774 -0.0845
vn 0.1905 -0.9423 -0.2753
vn 0.6739 -0.7277 0.1272
vn -0.0000 -0.9998 -0.0205
vn 0.6405 -0.7635 -0.0829
vn 0.2329 -0.9448 -0.2307
vn -0.0888 -0.1920 0.9774
vn 0.4441 -0.2426 0.8625
vn 0.2380 -0.9401 -0.2440
vn 0.3146 -0.9441 -0.0982
vn 0.3849 -0.9089 -0.1604
vn 0.3084 -0.9081 -0.2831
vn 0.6014 -0.7896 -0.1214
vn 0.7335 -0.6762 0.0687
vn 0.6752 -0.4954 -0.5465
vn 0.7488 -0.3948 -0.5325
vn 0.8951 -0.3030 0.3270
vn 0.8393 -0.2330 0.4912
vn 0.7440 -0.4304 0.5111
vn 0.7405 -0.6676 -0.0768
vn 0.5105 -0.0386 0.8590
vn 0.7217 -0.0177 0.6920
vn 0.7651 -0.4881 -0.4200
vn 0.8986 -0.4385 -0.0157
vn 0.8328 -0.1117 0.5421
vn 0.9751 -0.2088 0.0745
vn 0.9773 0.0395 0.2083
vn 0.9394 -0.2284 -0.2555
vn 0.9497 -0.0928 0.2991
vn 0.8887 -0.4073 -0.2106
vn 0.9310 -0.3085 0.1953
vn 0.5652 -0.4750 0.6745
vn 0.9940 -0.0761 0.0780
vn 0.8632 -0.1530 0.4812
vn 0.9989 0.0457 -0.0063
vn 0.8997 0.3697 0.2319
vn 0.9911 -0.0529 0.1224
vn 0.9525 -0.2090 0.2215
vn 0.9573 -0.2423 -0.1578
vn 0.9144 -0.1780 0.3637
vn 0.9567 -0.2748 0.0962
vn 0.8884 0.0637 0.4546
vn 0.7122 -0.1256 0.6906
vn 0.8783 -0.1137 0.4644
vn 0.8021 0.0479 0.5953
vn 0.7819 -0.1160 0.6125
vn 0.7280 -0.0734 0.6817
vn 0.5687 -0.7547 0.3272
vn 0.3584 0.2901 0.8873
vn -0.2353 -0.8794 0.4138
vn -0.2268 -0.7028 0.6742
vn -0.7906 -0.0374 0.6112
vn 0.7582 -0.3875 0.5244
vn 0.5267 -0.8496 0.0275
vn 0.8790 -0.1359 0.4570
vn 0.7999 -0.5266 0.2880
vn 0.8032 -0.4938 0.3333
vn 0.9084 -0.2938 0.2973
vn 0.7884 -0.5634 0.2470
vn 0.8839 -0.4484 0.1330
vn 0.9589 -0.2795 -0.0492
vn 0.9722 -0.0139 0.2339
vn 0.9312 0.0406 0.3621
vn 0.8621 0.1940 0.4681
vn 0.9928 0.0527 -0.1075
vn 0.9434 0.2727 0.1887
vn 0.9344 -0.1036 -0.3408
vn 0.9946 -0.0007 -0.1041
vn 0.8166 -0.5757 0.0418
vn 0.9216 0.0209 0.3876
vn 0.9997 0.0180 0.0146
vn 0.8588 0.3603 0.3642
vn 0.9513 0.0829 0.2968
vn 0.9848 -0.1563 -0.0756
vn 0.8401 0.5105 0.1835
vn 0.9423 0.3026 0.1434
vn 0.6578 0.6834 0.3165
vn 0.9596 0.2702 -0.0780
vn 0.7322 0.6558 0.1840
vn 0.7567 0.6092 0.2371
vn 0.9383 0.2576 -0.2308
vn 0.8736 0.4485 0.1889
vn 0.9057 0.4138 0.0916
vn 0.9970 -0.0439 0.0638
vn 0.9920 -0.0983 0.0787
vn 0.4004 0.2213 -0.8892
vn -0.5103 -0.0753 -0.8567
vn 0.5626 -0.4961 -0.6614
vn 0.7872 -0.2892 -0.5447
vn 0.9056 -0.2562 -0.3379
vn 0.9150 0.0675 -0.3977
vn 0.9411 -0.1646 -0.2954
vn -0.3580 0.7551 -0.5492
vn -0.3042 0.4595 -0.8345
vn 0.9886 0.1398 -0.0556
vn 0.9522 -0.2821 -0.1169
vn 0.9959 -0.0812 0.0390
vn 0.5068 0.0893 -0.8574
vn 0.9723 -0.2335 -0.0125
vn -0.6679 -0.0439 -0.7429
vn 0.9834 -0.1787 0.0317
vn -0.7590 0.6203 -0.1981
vn 0.9901 -0.1137 -0.0818
vn -0.7788 0.0289 -0.6266
vn 0.9749 -0.2209 -0.0280
vn 0.9445 -0.3282 0.0138
vn 0.8162 -0.5764 -0.0396
vn 0.9963 0.0775 0.0362
vn 0.9656 0.0895 0.2441
vn 0.9868 -0.1531 0.0531
vn -0.8720 -0.4350 -0.2243
vn 0.9516 0.0789 0.2969
vn 0.9962 -0.0867 0.0110
vn 0.2153 -0.7885 0.5762
vn -0.9020 0.2128 -0.3758
vn -0.7663 0.6220 -0.1610
vn 0.9531 0.3020 -0.0180
vn 0.9888 0.1475 -0.0235
vn -0.6843 0.6633 -0.3030
vn -0.7850 0.6145 0.0793
vn 0.8757 0.4238 0.2316
vn 0.9748 0.1063 0.1961
vn -0.0543 0.9361 0.3474
vn 0.8575 0.2862 0.4276
vn -0.7504 0.4842 -0.4499
vn 0.5176 0.5389 0.6646
vn 0.8476 0.2837 0.4484
vn -0.6499 0.7598 0.0193
vn 0.9616 0.1429 0.2344
vn 0.9479 0.2170 0.2333
vn 0.8188 0.2084 0.5350
vn -0.8905 0.3445 -0.2974
vn 0.6866 0.4039 0.6046
vn 0.8818 0.3874 0.2691
vn 0.8402 0.2358 -0.4883
vn 0.4383 0.8864 -0.1487
vn 0.1908 0.2321 -0.9538
vn 0.9725 0.2289 -0.0436
vn -0.7219 0.6843 -0.1031
vn -0.7637 0.5930 -0.2550
vn 0.9751 0.1864 0.1198
vn 0.9901 0.1394 -0.0178
vn 0.9762 0.0642 0.2073
vn 0.9673 0.1576 0.1988
vn 0.9428 0.2113 0.2579
vn 0.9926 -0.1136 0.0435
vn 0.8864 -0.2063 -0.4143
vn 0.9946 -0.0196 0.1015
vn -0.6950 0.6942 -0.1873
vn 0.9211 -0.3686 -0.1256
vn -0.2969 0.9386 0.1757
vn -0.8502 0.1133 -0.5142
vn 0.9728 -0.2283 -0.0386
vn -0.8944 0.1730 -0.4125
vn 0.9795 -0.1552 -0.1284
vn 0.9924 -0.0760 0.0964
vn 0.9590 0.2209 0.1777
vn -0.5469 -0.7103 0.4431
vn 0.9876 -0.1389 0.0727
vn 0.9970 -0.0596 -0.0496
vn -0.5790 0.5316 -0.6182
vn 0.3116 0.9481 -0.0632
vn 0.9944 -0.1039 -0.0194
vn 0.4307 0.8497 -0.3041
vn 0.4308 0.8497 -0.3041
vn -0.4790 0.6877 -0.5455
vn 0.9959 0.0088 0.0895
vn -0.0135 0.9461 -0.3235
vn 0.9802 0.1977 -0.0106
vn 0.3085 0.9489 -0.0665
vn -0.5790 0.5314 -0.6183
vn 0.4307 0.8497 -0.3042
vn -0.0135 0.9462 -0.3233
vn 0.9652 -0.2554 0.0560
vn 0.7797 0.4968 -0.3812
vn 0.5229 0.8387 0.1523
vn 0.6258 -0.2250 -0.7469
vn 0.9688 0.2244 -0.1055
vn 0.8155 -0.3264 0.4778
vn 0.5402 0.7714 -0.3364
vn 0.6278 -0.2271 -0.7445
vn 0.8155 -0.3265 0.4779
vn 0.8780 -0.3145 0.3609
vn 0.5374 0.7722 -0.3390
vn -0.6866 -0.1392 -0.7136
vn 0.9664 -0.0416 -0.2537
vn -0.0660 0.6397 -0.7658
vn -0.7933 0.3033 -0.5279
vn -0.8658 0.1672 -0.4717
vn -0.6827 -0.2374 -0.6910
vn 0.9942 0.0536 0.0931
vn 0.9447 -0.0833 -0.3172
vn -0.8784 0.2774 -0.3892
vn 0.5264 0.3277 -0.7846
vn -0.8586 0.0924 -0.5043
vn -0.7815 0.1306 -0.6101
vn 0.9742 -0.2011 -0.1023
vn -0.9261 0.3299 -0.1829
vn -0.7774 -0.2172 -0.5903
vn -0.8870 0.4358 -0.1525
vn -0.8095 0.5826 -0.0724
vn -0.7046 0.6817 -0.1970
vn -0.2442 0.8239 -0.5115
vn -0.9097 0.2917 -0.2957
vn 0.9816 -0.0688 0.1783
vn 0.7712 0.6066 -0.1932
vn -0.8362 0.5425 0.0806
vn 0.8826 0.3709 0.2888
vn 0.5359 0.4684 0.7024
vn -0.1570 0.6450 0.7479
vn -0.3364 0.9322 -0.1335
vn 0.6914 0.5934 -0.4122
vn 0.7863 0.6162 0.0442
vn -0.0342 0.8061 -0.5908
vn -0.3049 0.4232 -0.8532
vn -0.4915 -0.0008 -0.8709
vn 0.0809 0.4599 -0.8843
vn -0.0363 0.9664 -0.2544
vn 0.8488 0.0220 -0.5282
vn 0.7969 0.1153 -0.5930
vn 0.8443 0.4053 -0.3506
vn -0.3818 0.5741 -0.7243
vn -0.5368 0.0243 -0.8434
vn -0.5982 0.1604 -0.7851
vn 0.9142 -0.2190 0.3409
vn 0.9729 -0.1812 0.1438
vn -0.6831 0.4251 -0.5939
vn -0.6837 0.5836 -0.4381
vn 0.9171 -0.3121 0.2481
vn -0.4678 0.8787 -0.0957
vn -0.6377 0.7440 -0.1993
vn 0.4328 0.8090 -0.3977
vn -0.1166 0.9155 -0.3852
vn 0.3955 0.7506 -0.5293
vn 0.9664 -0.0417 -0.2537
vn -0.5738 0.7005 -0.4242
vn -0.0590 0.6397 -0.7664
vn 0.6921 0.5006 -0.5199
vn -0.3996 0.8801 -0.2562
vn 0.6613 0.7386 -0.1311
vn 0.7985 0.1124 -0.5915
vn -0.0000 0.5732 0.8194
vn 0.8922 0.3262 0.3123
vn -0.0009 0.9447 0.3280
vn 0.6802 0.3348 -0.6521
vn 0.2478 0.6180 -0.7461
vn 0.9389 0.2484 0.2382
vn -0.0000 -0.0735 0.9973
vn 0.9767 0.0591 -0.2061
vn 0.9829 0.1630 0.0851
vn -0.0000 0.1345 0.9909
vn -0.0001 0.9831 -0.1831
vn 0.9470 0.1762 -0.2685
vn 0.8653 0.0993 -0.4914
vn 0.9084 0.0468 -0.4154
vn 0.9226 0.2204 -0.3166
vn 0.7706 0.4191 -0.4801
vn 0.7597 0.4834 -0.4349
vn -0.7146 0.1877 -0.6739
vn 0.9314 0.3529 0.0895
vn 0.8530 0.4353 0.2879
vn 0.9237 0.0744 -0.3758
vn 0.9762 0.2164 0.0146
vn 0.9800 0.1932 0.0467
vn 0.9843 0.1768 -0.0004
vn -0.0000 0.3037 0.9528
vn 0.9911 0.0190 -0.1314
vn 0.9193 0.3916 0.0398
vn 0.8260 0.3159 -0.4669
vn -0.1684 -0.3565 -0.9190
vn 0.9752 -0.0105 -0.2209
vn 0.9723 0.2335 0.0069
vn 0.4186 0.4732 -0.7752
vn 0.8215 0.1850 -0.5393
vn 0.4390 0.8865 -0.1460
vn 0.1161 0.6967 -0.7079
vn 0.6866 0.4014 0.6062
vn 0.6367 0.3379 -0.6931
vn -0.9195 0.3098 -0.2418
vn 0.5983 0.1680 -0.7834
vn 0.9224 -0.1379 -0.3609
vn 0.9716 0.0658 -0.2274
vn 0.9908 0.1350 -0.0101
vn -0.8499 0.3100 -0.4260
vn 0.4487 0.3488 -0.8228
vn -0.8480 0.2831 -0.4481
vn 0.0002 -0.1276 -0.9918
vn -0.0000 0.6950 -0.7190
vn -0.0001 -0.9867 -0.1629
vn -0.5318 -0.7261 0.4360
vn 0.3884 0.6325 -0.6701
vn 0.9119 -0.3226 -0.2538
vn 0.9876 -0.0459 -0.1498
vn 0.9665 -0.1451 -0.2116
vn -0.0000 -0.9473 0.3204
vn 0.9883 0.0235 -0.1509
vn 0.9924 0.1060 -0.0628
vn 0.9829 0.0467 -0.1782
vn -0.0000 0.2199 -0.9755
vn -0.0159 0.9844 0.1752
vn -0.0000 0.7413 0.6711
vn 0.1857 0.9658 0.1808
vn 0.9763 0.0768 -0.2025
vn 0.9715 -0.0167 -0.2366
vn 0.0001 0.6713 -0.7412
vn 0.9779 0.0406 -0.2053
vn 0.9810 0.0248 -0.1923
vn -0.0000 0.4606 -0.8876
vn 0.1335 -0.9073 -0.3986
vn 0.0104 -0.2516 -0.9678
vn -0.0000 0.9778 -0.2094
vn 0.9653 -0.0611 -0.2538
vn 0.0001 0.5800 -0.8146
vn 0.9927 -0.0507 -0.1096
vn -0.0000 0.2198 -0.9755
vn 0.9971 -0.0083 -0.0757
vn 0.0001 -0.7195 0.6945
vn 0.0001 0.0374 -0.9993
vn 0.9959 0.0800 -0.0418
vn 0.9932 0.0537 -0.1032
vn 0.0001 -0.9921 -0.1252
vn -0.7060 0.2663 -0.6563
vn 0.9703 0.2385 0.0396
vn -0.8061 0.4938 -0.3262
vn 0.9585 0.2844 0.0196
vn -0.0000 -0.1669 0.9860
vn 0.9641 0.2593 -0.0571
vn -0.0001 0.7673 0.6413
vn 0.9650 0.2616 -0.0172
vn -0.0000 0.4586 -0.8886
vn 0.0029 0.0340 0.9994
vn 0.9750 0.2117 0.0679
vn 0.9733 0.2157 0.0784
vn 0.9750 0.2105 0.0704
vn -0.0000 -0.2822 0.9594
vn -0.0000 0.7920 -0.6105
vn 0.9631 0.2687 -0.0155
vn -0.0000 0.9469 0.3216
vn 0.9692 0.1983 0.1459
vn 0.9642 0.2641 -0.0227
vn -0.0001 0.9998 0.0203
vn 0.0100 -0.0234 0.9997
vn 0.8963 0.4356 -0.0833
vn 0.9836 0.1576 0.0875
vn 0.9738 0.2001 0.1080
vn 0.0243 -0.2927 0.9559
vn -0.0000 -0.0114 0.9999
vn 0.9637 0.2601 0.0607
vn 0.9391 0.2767 0.2036
vn 0.9755 0.1683 0.1419
vn -0.0000 0.7473 0.6645
vn 0.1744 0.8151 -0.5525
vn -0.0000 -0.8186 0.5743
vn 0.9572 0.1119 0.2670
vn -0.0001 0.6316 -0.7753
vn -0.0000 -0.3353 -0.9421
vn -0.6120 0.7279 -0.3092
vn -0.0000 0.9935 -0.1143
vn -0.0000 -0.9869 -0.1611
vn -0.0001 -0.8773 0.4800
vn 0.9662 -0.0797 -0.2452
vn 0.0275 0.9955 -0.0902
vn 0.8882 -0.2731 -0.3694
vn 0.1306 0.9758 0.1752
vn -0.0001 -0.8390 -0.5441
vn -0.0000 -0.8322 0.5545
vn 0.9892 -0.0657 -0.1308
vn -0.0001 -0.0432 -0.9991
vn 0.9908 0.1235 -0.0554
vn 0.9773 -0.1310 -0.1664
vn -0.9699 -0.1966 -0.1437
vn -0.0000 -0.7505 -0.6609
vn 0.9974 0.0684 -0.0216
vn -0.0000 0.1241 0.9923
vn -0.0000 -0.7477 0.6641
vn -0.9985 0.0186 -0.0512
vn -0.5726 0.7024 -0.4227
vn -0.6104 0.7712 -0.1808
vn -0.7305 0.5725 -0.3723
vn 0.0624 0.6238 0.7791
vn -0.3964 0.8820 -0.2548
vn 0.8257 0.2271 0.5164
vn -0.7422 0.3228 -0.5873
vn 0.2439 0.6180 -0.7474
vn -0.7469 0.4935 -0.4457
vn -0.8001 0.2416 -0.5491
vn -0.2716 0.8444 -0.4618
vn -0.8397 0.4804 -0.2532
vn -0.8581 0.5051 -0.0924
vn -0.7455 0.1852 -0.6402
vn -0.7172 0.1857 -0.6717
vn -0.7864 0.3211 -0.5277
vn -0.8033 0.2052 -0.5591
vn 0.9361 -0.1785 -0.3030
vn -0.6893 -0.0217 -0.7241
vn 0.8191 0.1859 -0.5427
vn 0.9067 -0.4215 -0.0146
vn -0.7766 -0.0820 -0.6246
vn -0.8526 0.0562 -0.5196
vn -0.8418 0.0987 -0.5307
vn 0.4270 0.9029 -0.0499
vn -0.8760 0.3253 -0.3561
vn -0.9017 0.2493 -0.3532
vn 0.4496 0.3369 -0.8272
vn -0.8919 0.2814 -0.3540
vn 0.9615 -0.1968 0.1919
vn -0.7890 0.5871 -0.1812
vn 0.8850 0.0264 0.4649
vn -0.1887 -0.6331 -0.7507
vn -0.8185 0.4058 -0.4066
vn -0.7999 0.3414 -0.4935
vn 0.4334 0.8475 -0.3064
vn 0.9843 0.1691 0.0508
vn -0.4790 0.6878 -0.5455
vn -0.0171 0.9465 -0.3222
vn -0.0119 0.9459 -0.3243
vn 0.8401 0.5236 -0.1416
vn 0.9653 -0.2552 0.0556
vn 0.5288 0.8346 0.1546
vn 0.9544 0.2847 -0.0897
vn 0.9799 0.1371 -0.1447
vn 0.8576 0.3884 0.3371
vn 0.9981 0.0609 0.0009
vn 0.9912 0.1083 0.0767
vn 0.9445 0.2971 0.1401
vn 0.9861 0.1589 -0.0493
vn 0.9887 0.1480 0.0236
vn 0.9315 0.2563 0.2581
vn 0.9974 0.0325 0.0639
vn 0.9460 0.1965 0.2579
vn 0.9362 -0.0629 0.3459
vn 0.9327 -0.0006 0.3608
vn 0.9256 0.2658 0.2694
vn 0.9895 0.1283 0.0665
vn 0.7347 0.4271 0.5270
vn 0.9388 -0.3217 0.1231
vn 0.6923 -0.0289 0.7210
vn 0.9048 0.1417 0.4015
vn 0.6280 0.5459 0.5547
vn 0.5366 0.6866 0.4905
vn 0.6460 0.3663 0.6697
vn 0.3693 0.8735 0.3171
vn 0.7332 0.5356 0.4191
vn 0.6200 0.7793 0.0912
vn 0.6355 0.5122 0.5778
vn 0.8596 0.4957 0.1238
vn 0.9433 0.0951 0.3180
vn 0.8279 0.3030 0.4719
vn 0.9684 -0.2411 0.0645
vn 0.9193 -0.0486 0.3906
vn 0.8703 0.1900 0.4545
vn 0.8803 -0.4556 0.1322
vn 0.7533 0.3003 0.5852
vn 0.7939 -0.0477 0.6062
vn 0.7782 0.6242 -0.0696
vn 0.9056 0.3004 0.2994
vn 0.3022 0.8905 0.3401
vn 0.8417 0.5399 0.0086
vn 0.9029 0.4291 -0.0267
vn 0.2384 0.9463 0.2183
vn 0.2332 0.9723 0.0176
vn 0.3420 0.9369 -0.0725
vn 0.3632 0.9288 -0.0729
vn 0.8839 0.4612 -0.0776
vn 0.2669 0.8765 0.4006
vn 0.8205 0.4894 0.2954
vn 0.3108 0.8458 0.4337
vn 0.8893 0.4485 0.0897
vn 0.8725 0.4811 0.0849
vn 0.4184 0.8832 0.2118
vn 0.3689 0.9246 0.0948
vn 0.2898 0.9108 0.2940
vn 0.4105 0.7356 -0.5390
vn 0.6929 0.7191 0.0517
vn 0.0001 0.9619 0.2733
vn -0.0000 0.9994 0.0342
vn -0.0000 0.9725 -0.2329
vn 0.5973 0.7832 -0.1728
vn -0.4153 0.1253 -0.9010
vn 0.3540 0.8959 -0.2683
vn 0.3916 0.9094 0.1404
vn -0.0000 0.5364 -0.8440
vn -0.0000 0.9739 -0.2269
vn 0.2902 0.8581 0.4237
vn 0.4400 0.7851 0.4360
vn 0.2478 0.8577 0.4504
vn -0.0000 0.7438 0.6684
vn 0.3198 0.8608 0.3958
vn 0.8614 0.5004 -0.0873
vn 0.8963 0.4394 0.0594
vn 0.3432 0.8659 0.3639
vn 0.7796 -0.6203 -0.0866
vn 0.7791 -0.6001 0.1816
vn 0.9122 -0.2512 0.3237
vn 0.8634 -0.3172 0.3922
vn 0.9144 0.3932 0.0963
vn 0.8974 0.4243 0.1212
vn 0.3437 0.8547 0.3891
vn 0.7810 -0.5185 0.3481
vn 0.8963 0.4435 -0.0060
vn 0.9296 0.0086 0.3684
vn 0.2825 0.8758 0.3913
vn 0.6893 -0.6934 0.2098
vn 0.1473 0.8202 0.5528
vn 0.9387 0.2549 0.2319
vn 0.6025 0.0829 0.7938
vn 0.0190 0.8006 0.5989
vn -0.0000 0.7521 0.6590
vn -0.0987 0.5331 0.8403
vn -0.0000 0.5715 0.8206
vn -0.0000 0.5265 0.8502
vn 0.1971 0.8079 0.5554
vn 0.0215 0.5763 0.8169
vn -0.0006 0.9464 0.3229
vn 0.1119 0.9318 0.3453
vn 0.1502 0.4958 0.8553
vn 0.2660 0.9625 0.0526
vn 0.7070 0.6655 0.2393
vn 0.8907 0.1220 0.4380
vn 0.3406 0.0115 0.9402
vn 0.6882 0.6876 0.2316
vn -0.0332 0.8244 0.5650
vn 0.2496 0.8943 0.3715
vn 0.2651 0.7744 0.5745
vn 0.7752 -0.1151 0.6212
vn 0.6240 -0.7544 0.2039
vn 0.6305 -0.7443 0.2200
vn 0.7948 0.4114 0.4462
vn 0.8948 -0.1495 0.4207
vn 0.6635 -0.6194 0.4196
vn 0.7471 0.4111 0.5224
vn 0.7277 0.1791 0.6621
vn 0.6065 -0.6769 0.4171
vn 0.6069 -0.6328 0.4808
vn 0.6490 -0.6547 0.3874
vn 0.7590 0.5384 0.3662
vn 0.4328 0.0483 0.9002
vn 0.7177 -0.6159 0.3249
vn 0.9119 -0.3231 0.2531
vn 0.6896 -0.6814 0.2453
vn 0.7092 0.3469 0.6138
vn 0.6324 -0.4522 0.6289
vn 0.5272 0.3963 0.7517
vn 0.6517 -0.5597 0.5120
vn 0.4958 -0.1043 0.8621
vn 0.6814 0.2828 0.6750
vn 0.5872 -0.0782 0.8057
vn 0.0975 -0.9083 0.4067
vn 0.2696 -0.2899 0.9183
vn 0.9527 -0.0416 0.3012
vn 0.9172 0.1117 0.3825
vn 0.1568 0.6655 0.7298
vn 0.5331 0.2917 0.7942
vn 0.5314 0.6591 0.5322
vn 0.6280 0.2863 0.7237
vn 0.6287 -0.2643 0.7314
vn 0.5177 0.8444 0.1374
vn 0.6023 0.4107 0.6845
vn 0.5559 0.4293 0.7118
vn -0.0000 0.5701 0.8216
vn 0.2644 0.8061 0.5294
vn 0.7969 0.1152 -0.5930
vn 0.0152 0.9706 0.2404
vn 0.9414 0.1277 -0.3121
vn 0.8514 0.0204 -0.5241
vn 0.9705 -0.0206 -0.2404
vn -0.0000 0.6275 -0.7786
vn -0.0001 0.5220 -0.8529
vn 0.9693 0.2223 -0.1053
vn -0.0360 0.9673 -0.2510
vn 0.0826 0.4568 -0.8857
vn 0.9218 0.3834 0.0581
vn 0.8457 0.4023 -0.3505
vn 0.9909 0.1189 -0.0629
vn 0.9735 0.0177 -0.2279
vn 0.3780 0.9072 0.1847
vn -0.0710 -0.8572 -0.5100
vn 0.9899 0.0216 -0.1398
vn 0.9687 0.2219 0.1112
vn 0.9958 0.0889 -0.0204
vn 0.9896 -0.0450 -0.1364
vn 0.9811 -0.0872 -0.1726
vn -0.0000 -0.9034 0.4288
vn -0.7165 -0.6442 -0.2677
vn -0.0001 -0.9538 -0.3005
vn 0.9940 0.1069 -0.0217
vn 0.9979 0.0434 -0.0488
vn 0.0001 -0.9823 0.1874
vn -0.0391 -0.7763 -0.6291
vn -0.0001 -0.1421 0.9898
vn -0.0000 -0.2210 0.9753
vn -0.0001 0.6952 0.7188
vn 0.9817 0.1767 0.0705
vn 0.9891 0.0009 -0.1473
vn 0.0001 -0.3282 0.9446
vn -0.0000 0.9053 -0.4248
vn 0.0001 -0.2852 -0.9585
vn 0.9492 0.2629 -0.1727
vn -0.0833 0.5070 0.8579
vn 0.7052 -0.0154 0.7088
vn -0.0000 0.9774 -0.2115
vn 0.8776 0.3277 -0.3500
vn -0.0000 -0.0437 -0.9990
vn -0.7926 -0.1829 -0.5817
vn 0.8957 0.1770 -0.4080
vn 0.8400 -0.0469 -0.5406
vn -0.0000 -0.3526 -0.9358
vn 0.7072 0.3798 -0.5963
vn -0.3810 0.5752 -0.7239
vn 0.4351 0.8062 -0.4009
vn 0.7794 0.5306 -0.3332
vn 0.3988 0.7505 -0.5270
vn 0.8432 0.5261 -0.1107
vn 0.9694 0.0826 -0.2312
vn -0.0000 0.4932 -0.8699
vn 0.9558 0.2515 -0.1522
vn 0.8843 0.4513 0.1197
vn -0.0001 -0.0730 -0.9973
vn -0.0000 0.3674 0.9301
vn 0.9372 0.3380 0.0858
vn -0.0000 0.2420 0.9703
vn 0.9386 0.2660 0.2198
vn -0.0001 0.9870 -0.1605
vn -0.0000 -0.2269 0.9739
vn 0.9638 -0.1820 -0.1948
vn 0.3763 -0.2033 -0.9039
vn -0.6681 -0.7257 0.1642
vn -0.0366 0.8833 -0.4674
vn 0.9950 0.0874 -0.0492
vn 0.9863 0.1557 0.0538
vn -0.0000 0.7859 -0.6183
vn 0.9144 -0.1662 -0.3691
vn -0.0171 0.8430 -0.5376
vn 0.9596 -0.0536 -0.2762
vn 0.9921 0.1060 -0.0675
vn 0.3573 0.7002 0.6181
vn -0.6873 0.6934 -0.2163
vn 0.1944 0.2343 -0.9525
vn -0.7634 0.5933 -0.2555
vn -0.8366 0.5347 -0.1190
vn -0.8330 0.3739 -0.4078
vn -0.9055 0.4147 -0.0898
vn 0.9407 0.2129 0.2642
vn -0.9063 0.3295 -0.2648
vn -0.9164 0.3515 -0.1917
vn -0.6972 0.6925 -0.1851
vn -0.8772 0.1891 -0.4413
vn -0.3009 0.9369 0.1779
vn -0.8502 0.1133 -0.5141
vn -0.9141 0.1692 -0.3686
vn 0.9798 -0.1531 -0.1284
vn -0.9464 0.2795 -0.1617
vn -0.5496 -0.7098 0.4406
vn 0.9876 -0.1389 0.0728
vn -0.5134 -0.0740 -0.8550
vn 0.5635 -0.4978 -0.6593
vn -0.8197 0.0840 -0.5666
vn 0.9056 -0.2562 -0.3380
vn -0.8518 0.3067 -0.4247
vn -0.8599 0.1784 -0.4782
vn -0.3602 0.7531 -0.5506
vn -0.3015 0.4611 -0.8346
vn -0.9181 0.3113 -0.2451
vn -0.9016 0.0500 -0.4297
vn -0.9122 0.2895 -0.2899
vn 0.5067 0.0892 -0.8575
vn -0.9103 0.3219 -0.2603
vn -0.8700 0.4863 -0.0813
vn -0.9368 0.1233 -0.3273
vn -0.6680 -0.0438 -0.7429
vn -0.7602 0.6180 -0.2007
vn -0.8628 0.2333 -0.4485
vn -0.7800 0.0314 -0.6250
vn -0.9169 0.2057 -0.3419
vn -0.8296 0.5378 0.1504
vn -0.8905 0.3445 -0.2973
vn -0.6502 0.7596 0.0139
vn -0.8301 0.5468 0.1097
vn 0.5142 0.5411 0.6654
vn -0.8794 0.4483 -0.1603
vn -0.8540 0.4996 -0.1450
vn -0.7505 0.4841 -0.4499
vn -0.0541 0.9362 0.3474
vn 0.8771 0.4254 0.2231
vn -0.8710 0.4851 -0.0782
vn -0.7849 0.6145 0.0793
vn -0.8265 0.5553 -0.0928
vn -0.6843 0.6632 -0.3031
vn 0.9887 0.1478 -0.0249
vn -0.9347 0.1899 -0.3004
vn 0.9527 0.3031 -0.0216
vn -0.9482 0.0497 -0.3136
vn 0.8147 -0.5787 -0.0370
vn -0.8719 -0.4335 -0.2276
vn -0.9337 0.1776 -0.3110
vn -0.9020 0.2129 -0.3757
vn 0.2184 -0.7891 0.5741
vn -0.8480 0.2831 -0.4480
vn -0.5151 -0.0771 -0.8537
vn 0.1887 0.2353 -0.9534
vn -0.6833 0.6954 -0.2227
vn 0.4482 0.3518 -0.8218
vn 0.7023 0.5473 -0.4552
vn 0.0002 -0.1326 -0.9912
vn -0.0002 0.9969 -0.0784
vn 0.6766 0.4030 -0.6163
vn -0.8308 0.3759 -0.4103
vn 0.9645 0.2161 0.1520
vn 0.9860 0.1655 0.0185
vn -0.0003 -0.1119 -0.9937
vn -0.0001 0.7990 -0.6013
vn 0.9829 0.0094 -0.1841
vn 0.9916 0.1120 0.0654
vn 0.9857 -0.0930 -0.1406
vn -0.0001 -0.8531 0.5218
vn -0.0001 -0.9953 0.0966
vn -0.1405 0.7168 -0.6830
vn -0.0000 0.9754 -0.2205
vn -0.0001 0.9287 -0.3709
vn 0.6110 0.6288 -0.4810
vn -0.2964 0.9383 0.1780
vn -0.0001 0.5268 -0.8500
vn 0.7921 0.5101 -0.3352
vn 0.9875 0.1550 0.0288
vn -0.0001 0.9234 -0.3838
vn 0.9758 0.1205 -0.1824
vn -0.0000 0.7040 0.7102
vn 0.9956 0.0922 0.0147
vn 0.9837 -0.1033 -0.1472
vn -0.0000 -0.3103 0.9506
vn 0.9907 0.1200 0.0634
vn -0.9836 0.1582 0.0868
vn -0.0001 0.3732 -0.9278
vn 0.9216 0.3777 0.0890
vn 0.9862 0.1406 -0.0876
vn -0.7144 0.4055 -0.5703
vn 0.9648 -0.1215 -0.2331
vn 0.4010 -0.5000 -0.7676
vn -0.0000 0.9240 -0.3825
vn -0.9571 -0.0969 -0.2730
vn -0.0015 -0.9164 0.4003
vn 0.9617 0.2311 0.1473
vn -0.0003 0.9954 -0.0959
vn 0.9288 0.1778 0.3251
vn -0.9338 0.3383 -0.1166
vn 0.9785 0.2024 0.0385
vn 0.9710 0.1110 0.2119
vn -0.9720 0.2336 -0.0265
vn 0.9941 0.1085 0.0052
vn -0.9861 0.1566 0.0559
vn -0.9884 0.1220 -0.0908
vn 0.9861 -0.0792 -0.1458
vn 0.9774 0.1718 -0.1232
vn -0.0000 0.9870 -0.1608
vn 0.9846 -0.0179 -0.1740
vn -0.0115 0.6906 -0.7232
vn 0.9961 0.0582 -0.0665
vn 0.2581 0.9476 0.1883
vn 0.0836 0.6874 0.7214
vn 0.6084 0.3760 0.6989
vn 0.9093 -0.1157 0.3998
vn 0.5444 0.5052 0.6696
vn -0.8391 0.4657 0.2812
vn 0.7456 0.5262 0.4090
vn -0.0041 0.9092 0.4163
vn 0.9317 -0.1162 0.3442
vn 0.0891 0.9244 0.3708
vn -0.8620 0.5063 -0.0254
vn -0.1175 0.9252 0.3608
vn 0.7661 0.4941 0.4111
vn 0.2045 0.9255 0.3189
vn -0.7360 0.6523 -0.1811
vn -0.3764 0.9039 -0.2033
vn 0.9575 -0.1133 0.2654
vn 0.9630 -0.0993 0.2505
vn 0.7222 -0.6876 0.0748
vn 0.7348 -0.6626 0.1454
vn 0.9756 -0.1861 0.1164
vn 0.9423 -0.0820 0.3247
vn 0.8125 0.3800 0.4421
vn 0.7063 0.3967 0.5864
vn 0.0213 0.9634 0.2672
vn 0.0713 0.9457 0.3171
vn 0.0038 0.8590 -0.5120
vn -0.0000 0.9951 0.0990
vn -0.0057 0.4173 0.9088
vn 0.3969 0.2834 0.8730
vn 0.0645 -0.3955 0.9162
vn 0.7380 -0.2232 0.6369
vn 0.3388 -0.4546 0.8237
vn 0.0017 -0.3556 0.9346
vn 0.4035 -0.7270 0.5555
vn -0.0000 -0.7728 0.6347
vn 0.7344 -0.5529 0.3937
vn -0.0267 -0.9738 0.2259
vn -0.0000 -0.9769 -0.2136
vn 0.1775 -0.9803 0.0871
vn -0.2267 -0.9548 -0.1924
vn -0.0000 -0.9784 -0.2069
vn 0.1991 -0.8610 -0.4681
vn 0.4740 -0.8696 0.1381
vn 0.9029 -0.3775 0.2057
vn 0.3347 -0.9280 -0.1640
vn 0.1033 -0.9520 -0.2883
vn 0.5851 -0.8082 -0.0666
vn 0.6647 -0.5902 -0.4580
vn 0.5969 -0.7055 -0.3821
vn 0.1798 -0.9785 -0.1011
vn -0.0000 -0.9884 -0.1518
vn 0.8758 -0.2410 0.4182
vn 0.7878 -0.5327 0.3093
vn 0.0001 -0.9999 -0.0159
vn -0.0000 0.7491 0.6624
vn 0.3670 0.2593 0.8934
vn 0.2863 0.9057 0.3125
vn 0.8067 -0.4649 -0.3648
vn -0.4570 0.7280 0.5111
vn 0.8288 -0.5507 -0.0993
vn -0.7379 0.5239 0.4255
vn 0.2741 0.9323 0.2360
vn 0.1753 0.9094 0.3771
vn -0.0000 0.9700 0.2431
vn 0.8079 0.5758 0.1254
vn -0.3365 0.8907 0.3056
vn 0.8056 -0.5896 0.0585
vn -0.7937 -0.0355 0.6072
vn -0.0003 0.9092 0.4164
vn -0.6893 -0.6665 0.2839
vn -0.8602 0.5095 -0.0242
vn -0.2254 -0.7009 0.6767
vn -0.1992 0.9265 0.3192
vn -0.2966 0.9256 0.2352
vn -0.1212 0.9252 0.3596
vn -0.1181 0.9870 0.1093
vn -0.7359 0.6538 -0.1759
vn -0.3781 0.9025 -0.2062
vn -0.1450 0.9547 0.2597
vn 0.0325 0.9914 0.1266
vn -0.4589 0.6666 0.5874
vn 0.8425 0.2469 0.4788
vn -0.3911 0.9202 -0.0155
vn 0.0037 0.8590 -0.5120
vn 0.1027 0.5477 -0.8303
vn -0.0000 0.5287 -0.8488
vn -0.0000 0.6966 -0.7175
vn 0.1378 0.7345 -0.6644
vn 0.2956 0.5766 -0.7617
vn -0.0000 0.9626 -0.2710
vn 0.1054 0.7533 -0.6492
vn 0.1400 0.9678 -0.2090
vn -0.0000 0.9963 0.0854
vn -0.7120 -0.5913 -0.3788
vn 0.1931 0.9786 0.0713
vn -0.0000 0.9594 0.2820
vn -0.6892 -0.6681 0.2805
vn 0.2156 0.8946 0.3914
vn 0.0229 0.7727 0.6344
vn 0.9163 0.3666 0.1615
vn 0.8079 -0.5864 0.0592
vn 0.8035 -0.5913 0.0684
vn -0.7367 0.5275 0.4231
vn 0.8272 -0.5534 -0.0973
vn 0.8065 -0.4650 -0.3651
vn 0.7718 -0.6357 0.0120
vn 0.3650 0.2630 0.8931
vn 0.7300 -0.6812 0.0549
vn -0.0000 -0.9999 -0.0115
vn -0.0004 -0.9506 0.3104
vn 0.9175 0.2557 0.3045
vn 0.8201 0.2741 0.5022
vn 0.4679 -0.8837 0.0145
vn -0.0000 -0.9677 -0.2520
vn 0.8809 -0.3787 0.2840
vn 0.6303 0.6154 0.4732
vn -0.0189 0.8232 0.5674
vn 0.6288 -0.4435 0.6387
vn -0.0000 -0.7795 0.6264
vn 0.0093 0.3676 0.9299
vn 0.5981 0.5734 0.5598
vn 0.6979 -0.5945 0.3994
vn 0.6636 -0.5427 0.5148
vn 0.8542 -0.1687 0.4918
vn 0.8036 -0.5063 0.3129
vn 0.5510 -0.8199 0.1555
vn 0.9539 0.0003 0.3002
vn 0.7388 -0.6564 0.1527
vn 0.1756 -0.9768 -0.1224
vn 0.1743 -0.9786 -0.1092
vn -0.3331 -0.8749 -0.3516
vn -0.7604 -0.6486 0.0347
vn -0.8710 -0.4709 -0.1402
vn -0.7916 -0.5270 -0.3092
vn 0.7434 -0.6571 0.1254
vn 0.1462 -0.9395 0.3098
vn 0.7400 -0.6347 0.2228
vn 0.5001 -0.8162 0.2893
vn 0.9860 0.0371 0.1625
vn 0.6990 -0.5760 0.4238
vn -0.3339 -0.6496 -0.6831
vn 0.9496 0.0051 0.3135
vn 0.3585 -0.5386 0.7625
vn 0.7985 -0.0574 0.5993
vn 0.8971 0.3196 0.3051
vn 0.1256 -0.8835 0.4513
vn 0.5940 -0.7678 -0.2401
vn 0.0067 -0.4252 -0.9051
vn -0.0000 -0.6742 0.7386
vn -0.0580 -0.3935 0.9175
vn 0.3890 -0.0701 0.9186
vn -0.1721 -0.0770 0.9821
vn 0.1227 0.3319 0.9353
vn -0.0000 0.3041 0.9526
vn 0.0069 0.8280 0.5606
vn -0.1308 0.8245 0.5505
vn -0.0000 0.8576 0.5143
vn -0.0000 0.9381 0.3462
vn -0.0650 0.9516 0.3002
vn -0.0212 0.9554 0.2946
vn -0.1170 0.9549 0.2728
vn 0.3458 0.2589 0.9019
vn -0.2928 0.9099 0.2938
vn 0.4943 0.8678 -0.0515
vn 0.7648 0.1442 0.6280
vn 0.8749 0.3123 0.3702
vn 0.8276 0.3435 0.4440
vn 0.8760 0.4340 0.2104
vn 0.9257 0.3112 0.2151
vn 0.9211 0.3067 0.2398
vn 0.4521 0.6584 0.6018
vn 0.4413 0.7217 0.5333
vn 0.2510 0.9449 -0.2101
vn 0.0396 0.9816 -0.1866
vn 0.4587 0.8861 -0.0659
vn 0.4361 0.8809 -0.1840
vn 0.7807 0.5760 0.2422
vn 0.5908 0.7735 -0.2294
vn 0.8881 0.0301 0.4586
vn 0.8045 -0.1092 0.5838
vn 0.0001 -0.6710 0.7415
vn 0.1510 -0.8917 -0.4267
vn 0.0091 -0.4287 -0.9034
vn 0.5910 -0.7703 -0.2393
vn -0.2049 -0.8650 -0.4580
vn -0.3354 -0.6470 -0.6848
vn 0.0098 -0.9901 0.1399
vn -0.3295 -0.9373 0.1135
vn 0.4425 -0.8843 0.1491
vn -0.3043 -0.9255 -0.2256
vn 0.1439 -0.9388 0.3129
vn -0.0301 -0.9973 -0.0670
vn -0.7937 -0.5254 -0.3066
vn -0.1143 -0.9904 -0.0773
vn -0.8726 -0.4677 -0.1407
vn -0.1116 -0.9938 0.0015
vn -0.7650 -0.6433 0.0321
vn -0.3900 -0.9134 -0.1167
vn -0.9176 -0.3941 0.0521
vn -0.0000 -0.5550 -0.8318
vn -0.1446 -0.9822 -0.1196
vn -0.3330 -0.8749 -0.3516
vn 0.3637 -0.9313 -0.0213
vn -0.5052 -0.8473 -0.1638
vn 0.0710 -0.9785 0.1935
vn -0.2383 -0.8776 0.4160
vn 0.3671 -0.9046 0.2167
vn -0.5672 -0.7955 0.2133
vn -0.0000 -0.5760 0.8175
vn -0.8106 -0.5735 0.1180
vn -0.4426 -0.6916 -0.5709
vn -0.8692 -0.4944 0.0103
vn 0.1060 0.7504 -0.6524
vn -0.7974 -0.4766 0.3701
vn -0.0000 -0.9684 0.2493
vn -0.7293 -0.4510 0.5146
vn 0.0033 0.0044 1.0000
vn 0.8444 0.1446 0.5159
vn 0.6984 0.4888 -0.5228
vn -0.0036 0.9588 0.2842
vn -0.1816 0.0356 0.9827
vn -0.8061 0.4744 -0.3539
vn 0.7036 0.4870 -0.5175
vn 0.8148 0.2346 0.5301
vn 0.6059 0.4131 -0.6799
vn -0.0803 0.9842 0.1579
vn -0.2673 0.0690 0.9611
vn -0.8930 0.2692 -0.3607
vn 0.6117 0.4126 -0.6750
vn -0.0994 0.9904 -0.0962
vn -0.9068 0.1432 -0.3964
vn -0.4097 0.3040 0.8601
vn 0.6121 0.3716 0.6980
vn 0.6942 0.2734 -0.6658
vn -0.9084 0.1432 -0.3929
vn -0.0662 0.9570 0.2825
vn -0.8127 0.2066 -0.5449
vn -0.6411 -0.0697 0.7643
vn 0.8159 0.0227 0.5777
vn 0.5312 0.4559 -0.7142
vn -0.8082 0.2087 -0.5507
vn 0.1206 0.9506 0.2861
vn -0.7257 0.3750 -0.5769
vn -0.6245 -0.0014 0.7810
vn 0.7439 -0.1767 0.6445
vn 0.6982 0.2770 -0.6602
vn -0.7282 0.3745 -0.5740
vn 0.4904 0.8612 0.1334
vn -0.6973 0.6568 -0.2871
vn -0.3098 0.3214 0.8948
vn 0.8778 -0.3128 0.3628
vn 0.3525 0.2209 -0.9094
vn -0.6973 0.6568 -0.2870
vn 0.3021 0.9230 0.2384
vn -0.6345 0.7446 -0.2073
vn -0.2267 0.3462 0.9104
vn 0.9092 0.0627 0.4116
vn 0.5071 0.5100 -0.6948
vn -0.6377 0.7438 -0.2004
vn 0.2019 0.6087 -0.7673
vn -0.9080 0.4161 -0.0488
vn 0.1479 0.9465 0.2870
vn 0.9535 0.0099 0.3011
vn -0.2197 0.1386 0.9657
vn -0.9080 0.4162 -0.0488
vn -0.1138 0.8331 0.5413
vn -0.8100 0.5179 -0.2750
vn -0.3086 -0.1384 0.9411
vn 0.8893 0.2893 0.3541
vn 0.2469 0.8244 -0.5092
vn -0.8121 0.5159 -0.2725
vn -0.9851 -0.1687 -0.0324
vn 0.0114 -0.9988 -0.0475
vn 0.0183 -0.4853 0.8742
vn 0.9882 -0.1526 0.0120
vn 0.1847 -0.3679 -0.9113
vn -0.9850 -0.1681 -0.0400
vn -0.0819 -0.9714 -0.2227
vn -0.2580 -0.4266 0.8669
vn -0.9847 0.0099 -0.1739
vn 0.8892 -0.2863 0.3567
vn 0.2364 -0.0842 -0.9680
vn -0.9834 0.0113 -0.1813
vn -0.0667 -0.9757 -0.2086
vn -0.7423 -0.3062 0.5960
vn -0.6820 0.0508 -0.7296
vn 0.4509 -0.3773 0.8089
vn 0.8150 -0.1963 -0.5453
vn -0.2798 -0.0791 -0.9568
vn -0.3264 0.0376 -0.9445
vn 0.9869 -0.0090 -0.1612
vn 0.9358 -0.2281 -0.2689
vn -0.1018 -0.9887 -0.1098
vn 0.2332 -0.2426 0.9417
vn 0.1172 -0.0852 0.9894
vn -0.9633 -0.1641 0.2124
vn -0.2723 -0.0790 -0.9590
vn -0.9447 -0.0511 0.3240
vn -0.3191 0.0372 -0.9470
vn -0.5770 -0.1468 -0.8035
vn 0.6550 -0.7096 -0.2597
vn -0.3559 -0.9345 0.0106
vn 0.3715 -0.4604 0.8062
vn -0.7050 -0.2004 0.6803
vn -0.5709 -0.1493 -0.8073
vn -0.0000 -0.1634 0.9866
vn -0.0001 -0.7204 0.6936
vn 0.4319 -0.3277 0.8403
vn 0.4588 -0.4779 0.7491
vn -0.0000 -0.9225 0.3859
vn 0.4214 -0.2425 0.8738
vn 0.5034 -0.5608 0.6573
vn 0.4491 -0.4660 0.7623
vn 0.5655 -0.4526 0.6894
vn -0.0000 -0.1200 0.9928
vn 0.2684 -0.1664 0.9488
vn 0.1289 0.0588 0.9899
vn 0.3663 0.1255 0.9220
vn 0.1388 0.4174 0.8980
vn -0.0892 0.2215 0.9711
vn -0.0303 0.3108 0.9500
vn 0.1253 0.4652 0.8763
vn 0.2529 0.7779 0.5752
vn 0.5164 0.6408 0.5681
vn 0.5766 0.7717 0.2683
vn 0.5977 -0.2297 0.7681
vn 0.7816 0.1759 0.5984
vn 0.6446 0.5793 0.4989
vn 0.5866 -0.7141 0.3820
vn 0.8932 0.4359 0.1110
vn 0.7683 0.6356 0.0758
vn 0.8477 0.3551 0.3940
vn 0.7258 0.0247 0.6875
vn 0.9055 0.3022 0.2979
vn 0.6024 -0.7089 0.3668
vn 0.9256 -0.3215 0.1997
vn 0.6042 -0.3541 0.7138
vn 0.5517 -0.4719 0.6877
vn 0.9503 0.1541 0.2704
vn 0.8933 -0.4409 0.0876
vn 0.3897 -0.8588 0.3325
vn 0.5068 -0.3909 0.7684
vn 0.8089 -0.1941 0.5550
vn 0.9637 -0.0772 0.2555
vn 0.9813 -0.0408 0.1879
vn 0.9777 -0.1392 0.1575
vn 0.9070 0.4145 0.0739
vn 0.9639 -0.1940 0.1825
vn 0.9779 -0.2087 0.0146
vn 0.9386 -0.0907 0.3328
vn 0.7567 -0.6210 -0.2041
vn 0.6455 -0.7625 -0.0449
vn 0.8433 0.5273 0.1038
vn 0.8431 -0.0643 0.5338
vn 0.8329 -0.1117 0.5421
vn 0.7196 -0.0204 0.6941
vn 0.9503 -0.2535 -0.1807
vn 0.8789 -0.4676 0.0937
vn 0.5104 -0.0386 0.8590
vn 0.6056 -0.7932 0.0641
vn 0.3097 -0.8296 0.4646
vn 0.7365 -0.6725 0.0720
vn 0.3164 -0.9439 -0.0949
vn 0.4801 -0.4427 0.7573
vn -0.0000 -0.7710 0.6369
vn -0.0891 -0.1926 0.9772
vn 0.4435 -0.2390 0.8638
vn 0.8778 -0.3336 0.3438
vn 0.9865 -0.1511 -0.0626
vn 0.9852 -0.1492 -0.0847
vn 0.8701 -0.3908 0.3003
vn 0.9972 -0.0352 -0.0661
vn 0.6846 -0.4445 0.5777
vn 0.9284 -0.2831 0.2409
vn 0.9838 0.1629 -0.0755
vn 0.7359 -0.5112 0.4440
vn 0.5950 -0.2613 0.7600
vn 0.9783 -0.1562 0.1363
vn 0.9361 0.3151 -0.1566
vn 0.2183 -0.2743 0.9365
vn -0.1200 -0.8718 0.4749
vn 0.3969 -0.4001 0.8260
vn 0.1822 -0.5101 0.8406
vn 0.4956 -0.4651 0.7335
vn 0.5483 -0.5676 0.6142
vn 0.4087 -0.4841 0.7737
vn 0.4476 -0.2925 0.8450
vn 0.4242 -0.5361 0.7298
vn -0.0000 -0.2433 0.9699
vn -0.0000 -0.1629 0.9866
vn -0.0000 -0.8185 0.5745
vn -0.0000 -0.8481 0.5298
vn 0.3707 -0.6327 0.6799
vn 0.7174 -0.5722 0.3974
vn 0.2933 -0.8392 0.4579
vn -0.0000 -0.9631 0.2693
vn 0.5317 -0.7465 0.4000
vn 0.7633 -0.5565 0.3282
vn 0.2783 -0.9083 0.3123
vn -0.0002 -0.8816 0.4719
vn 0.5183 -0.7955 0.3138
vn 0.8033 -0.4433 0.3978
vn 0.7699 -0.5778 0.2711
vn 0.8401 -0.4276 0.3337
vn 0.8529 -0.4169 0.3143
vn 0.7876 -0.4863 0.3784
vn 0.0421 -0.8292 0.5574
vn -0.0004 -0.5523 0.8336
vn -0.0003 -0.2882 0.9576
vn 0.5195 -0.7002 0.4898
vn 0.0558 -0.4159 0.9077
vn -0.0000 -0.3755 0.9268
vn 0.3641 -0.7770 0.5136
vn 0.2936 -0.3392 0.8937
vn 0.2220 -0.3076 0.9252
vn 0.4025 -0.3969 0.8249
vn 0.1203 -0.5971 0.7931
vn -0.0000 -0.5277 0.8495
vn -0.0004 -0.0037 1.0000
vn 0.3179 -0.3954 0.8617
vn 0.3986 -0.6418 0.6552
vn 0.0032 -0.3171 0.9484
vn -0.0000 -0.0055 1.0000
vn -0.0429 -0.2346 0.9711
vn -0.0002 0.1134 0.9935
vn 0.2388 -0.3973 0.8861
vn 0.4114 -0.6373 0.6516
vn -0.0235 -0.0458 0.9987
vn 0.0001 0.2756 0.9613
vn 0.3913 -0.5013 0.7718
vn 0.5114 -0.6165 0.5987
vn 0.1295 -0.2565 0.9578
vn 0.5720 -0.5071 0.6447
vn 0.4387 -0.5283 0.7269
vn 0.7241 -0.3875 0.5705
vn 0.7055 -0.5748 0.4145
vn 0.8922 -0.3179 0.3207
vn 0.7566 -0.5709 0.3189
vn 0.5324 -0.6508 0.5413
vn 0.0619 -0.8099 0.5833
vn 0.2498 -0.2970 0.9216
vn 0.8189 -0.4564 0.3480
vn 0.3894 -0.4195 0.8200
vn 0.1672 -0.2211 -0.9608
vn 0.9734 0.1780 -0.1443
vn 0.8775 0.2315 -0.4199
vn 0.7461 0.3009 -0.5939
vn 0.7984 0.3163 -0.5123
vn 0.8405 0.2129 -0.4982
vn 0.7848 0.5853 -0.2036
vn 0.8135 0.5361 -0.2253
vn 0.7090 -0.5005 0.4968
vn 0.5909 0.7947 0.1387
vn 0.7878 0.5796 0.2085
vn 0.5044 0.6760 0.5371
vn 0.4091 0.6736 0.6155
vn 0.2350 0.4569 0.8579
vn 0.2264 0.3572 0.9062
vn 0.1140 0.2933 0.9492
vn 0.0980 -0.0711 0.9926
vn -0.1154 0.0701 0.9908
vn -0.0221 0.0194 0.9996
vn -0.0699 -0.0993 0.9926
vn -0.0849 -0.2755 0.9576
vn -0.0271 -0.0127 0.9996
vn 0.0928 -0.2444 0.9652
vn -0.0494 -0.4953 0.8673
vn 0.1652 -0.0886 0.9823
vn -0.1084 0.1480 0.9830
vn -0.0011 0.0997 0.9950
vn 0.0427 0.1279 0.9909
vn 0.1091 -0.0279 0.9936
vn 0.0461 0.1562 0.9866
vn 0.0748 0.0267 0.9968
vn -0.0000 -0.0339 0.9994
vn -0.0106 0.1819 0.9833
vn 0.0679 -0.0325 0.9972
vn 0.1660 -0.5594 0.8121
vn -0.4270 -0.7515 0.5030
vn -0.7956 -0.4925 0.3528
vn 0.0345 -0.9565 0.2896
vn -0.5639 -0.8237 -0.0597
vn 0.8374 -0.4554 0.3023
vn 0.1307 -0.9821 0.1354
vn 0.2504 -0.9491 0.1911
vn -0.7883 -0.5477 -0.2802
vn 0.8396 -0.4139 0.3519
vn 0.9972 0.0629 0.0393
vn 0.9183 0.3682 -0.1457
vn 0.9503 0.1068 -0.2924
vn 0.9400 0.2858 -0.1861
vn 0.8857 0.3587 -0.2947
vn 0.8885 0.2543 -0.3818
vn 0.9312 0.1156 -0.3458
vn 0.8851 0.3049 -0.3516
vn 0.9149 0.0716 -0.3973
vn 0.7372 0.3301 -0.5896
vn 0.9881 0.1419 -0.0588
vn 0.4029 0.2243 -0.8874
vn 0.8505 0.2857 -0.4416
vn 0.8393 0.2396 -0.4880
vn 0.9211 0.2125 -0.3262
vn 0.9715 0.2315 -0.0513
vn 0.9892 0.1447 -0.0219
vn 0.1921 0.2356 -0.9527
vn 0.8470 0.3125 -0.4300
vn 0.9112 0.3387 -0.2346
vn 0.8762 0.1705 -0.4508
vn 0.4330 0.8890 -0.1491
vn 0.8198 0.1827 -0.5427
vn 0.8957 0.4157 -0.1577
vn 0.8738 0.3504 -0.3372
vn 0.9258 -0.1676 -0.3387
vn -0.6894 -0.0218 -0.7241
vn 0.9365 -0.1805 -0.3005
vn 0.9067 0.3293 -0.2636
vn 0.9513 0.2416 -0.1914
vn 0.9705 -0.2124 -0.1137
vn -0.8033 0.2052 -0.5590
vn -0.7868 0.3263 -0.5240
vn 0.9909 -0.0434 -0.1277
vn 0.9916 -0.1168 0.0555
vn 0.9067 -0.4215 -0.0145
vn 0.8661 0.2476 -0.4342
vn 0.9927 0.0316 0.1167
vn 0.8198 0.5425 -0.1834
vn 0.7741 0.6331 0.0048
vn 0.7852 0.5882 -0.1934
vn 0.9086 0.3072 -0.2829
vn 0.8448 0.5244 -0.1064
vn 0.9188 0.3558 -0.1708
vn 0.8040 0.5932 -0.0403
vn 0.8261 0.5424 -0.1526
vn 0.9851 -0.0238 0.1704
vn 0.9535 0.3010 -0.0144
vn 0.8817 0.2793 -0.3802
vn 0.8513 0.4823 -0.2068
vn 0.9513 -0.2454 -0.1865
vn 0.8872 0.4418 -0.1329
vn 0.8980 0.4232 -0.1205
vn 0.8989 0.3769 -0.2236
vn 0.8279 0.4625 -0.3173
vn 0.9479 0.2729 -0.1646
vn 0.3662 0.2426 -0.8983
vn 0.9896 0.1322 -0.0567
vn 0.8779 -0.3171 0.3587
vn 0.6230 -0.2272 -0.7485
vn 0.5401 0.7714 -0.3365
vn 0.9675 0.2266 -0.1126
vn 0.8008 0.0625 -0.5957
vn 0.9492 0.1883 0.2520
vn 0.9789 0.2035 -0.0160
vn 0.3062 0.9500 -0.0613
vn 0.9059 0.3634 -0.2175
vn 0.8615 0.4440 -0.2463
vn 0.9962 0.0120 0.0863
vn 0.4273 0.8513 -0.3045
vn 0.7809 0.4950 -0.3810
vn -0.0135 0.9462 -0.3234
vn 0.5234 0.8376 0.1563
vn 0.9112 0.3932 -0.1227
vn 0.8387 0.5248 -0.1455
vn 0.6750 0.6912 -0.2580
vn 0.9842 0.1693 0.0511
vn 0.9233 0.3825 0.0334
vn 0.9789 0.1922 -0.0689
vn 0.9091 0.3586 0.2121
vn 0.9173 0.3879 -0.0901
vn 0.8972 0.3954 0.1966
vn 0.9718 0.1571 0.1757
vn 0.8810 0.2989 0.3666
vn 0.7879 0.6141 0.0458
vn 0.6923 0.5899 -0.4156
vn -0.3366 0.9322 -0.1332
vn -0.0337 0.8092 -0.5865
vn 0.9040 0.1513 0.3998
vn 0.5330 0.4695 0.7039
vn 0.9917 -0.1153 -0.0578
vn -0.4904 0.0026 -0.8715
vn 0.9528 0.1407 0.2689
vn 0.9628 -0.2205 0.1563
vn 0.9503 -0.1521 0.2718
vn 0.9171 -0.3120 0.2480
vn -0.4647 0.8801 -0.0970
vn -0.1166 0.9154 -0.3852
vn 0.3952 0.7514 -0.5284
vn 0.7398 0.6558 -0.1506
vn 0.8343 0.2195 -0.5057
vn 0.9914 -0.0155 0.1303
vn 0.8464 -0.0885 -0.5252
vn 0.9870 0.0545 0.1514
vn 0.9377 0.3469 0.0174
vn 0.5374 0.2281 -0.8119
vn 0.9986 0.0498 0.0176
vn 0.8886 0.3921 -0.2379
vn 0.8256 0.4868 -0.2854
vn 0.8424 0.5264 -0.1149
vn 0.9765 0.0734 -0.2028
vn -0.0000 -0.0729 -0.9973
vn 0.9889 0.0085 -0.1485
vn 0.9660 0.1936 0.1716
vn -0.0000 0.6785 -0.7346
vn 0.8832 -0.3444 -0.3182
vn 0.7602 0.0210 -0.6493
vn 0.4914 0.5209 -0.6980
vn 0.9420 0.3264 0.0779
vn 0.9403 0.0404 -0.3380
vn -0.8558 -0.1811 -0.4845
vn 0.9404 0.0254 -0.3392
vn -0.5885 -0.2743 -0.7605
vn 0.9678 0.2472 0.0470
vn 0.6014 0.5882 0.5407
vn 0.9470 0.2947 0.1281
vn -0.8201 0.1093 -0.5617
vn -0.6862 0.7055 -0.1772
vn -0.0000 0.9688 -0.2478
vn -0.0001 0.8440 -0.5363
vn -0.0151 -0.0000 -0.9999
vn 0.9105 0.4053 -0.0824
vn 0.9557 0.2809 -0.0877
vn 0.9166 0.3664 -0.1601
vn 0.5224 0.8384 -0.1557
vn 0.9981 0.0504 -0.0349
vn -0.0000 -0.9980 -0.0633
vn -0.9146 0.3786 -0.1421
vn 0.8537 0.5114 -0.0982
vn 0.9951 0.0974 -0.0176
vn -0.2255 0.8042 0.5500
vn 0.0116 0.5972 0.8020
vn -0.0000 -0.4860 0.8739
vn -0.0000 0.9594 -0.2819
vn -0.0000 0.6523 -0.7579
vn -0.0001 0.1346 -0.9909
vn 0.9823 0.1699 -0.0791
vn 0.1086 -0.9518 -0.2868
vn 0.8277 0.5600 -0.0348
vn 0.4428 0.8797 -0.1733
vn 0.5187 0.8393 -0.1627
vn 0.9825 0.0211 -0.1850
vn -0.6726 -0.6657 -0.3232
vn 0.9774 0.1594 -0.1387
vn -0.0343 -0.5788 -0.8147
vn -0.1166 0.8189 -0.5620
vn 0.9413 0.2389 0.2384
vn -0.0001 0.9938 -0.1108
vn 0.9354 0.2471 0.2529
vn -0.0000 -0.2844 0.9587
vn -0.0015 0.2352 0.9719
vn 0.7974 0.6006 0.0583
vn 0.6269 0.7757 -0.0730
vn 0.8093 0.5864 -0.0339
vn -0.0000 0.1356 -0.9908
vn 0.0588 -0.5250 -0.8491
vn -0.0000 0.2957 0.9553
vn 0.5797 0.8127 0.0590
vn -0.0000 0.9288 -0.3705
vn -0.0000 0.9431 0.3326
vn 0.5452 0.8380 -0.0224
vn 0.8876 0.4594 -0.0341
vn -0.0000 0.8830 0.4694
vn 0.4259 0.9043 -0.0290
vn 0.4229 0.9047 -0.0506
vn 0.3429 0.9381 -0.0491
vn -0.0000 0.8350 -0.5502
vn 0.3894 0.9211 -0.0006
vn -0.0000 0.7914 -0.6113
vn 0.6905 0.7212 0.0555
vn 0.4246 0.8996 -0.1016
vn 0.4223 0.9062 -0.0238
vn 0.4349 0.8963 -0.0861
vn 0.2552 0.9560 -0.1445
vn 0.3434 0.9360 -0.0775
vn 0.9009 0.4332 -0.0282
vn 0.4711 0.8749 -0.1125
vn 0.9288 0.3696 -0.0277
vn 0.8010 0.5934 -0.0792
vn 1.0000 -0.0022 -0.0073
vn 0.9972 -0.0433 0.0609
vn 0.9994 -0.0038 0.0333
vn 0.5015 0.8372 -0.2181
vn 0.9965 0.0777 0.0303
vn 0.9132 0.4019 -0.0682
vn 0.9117 0.4018 -0.0853
vn 0.9519 0.3022 -0.0507
vn 0.9948 0.0989 0.0261
vn 0.9109 0.4016 -0.0952
vn 0.9644 0.2642 -0.0110
vn 0.8700 0.0426 -0.4912
vn 0.9787 0.0578 0.1967
vn 0.9989 0.0278 0.0391
vn 0.9962 -0.0865 0.0047
vn 0.8997 0.3698 0.2319
vn 0.9227 0.3732 -0.0967
vn 0.9768 0.0432 0.2098
vn 0.9720 0.1869 0.1424
vn 0.9970 -0.0576 -0.0524
vn 0.3064 0.9500 -0.0606
vn 0.3105 0.2070 -0.9277
vn 0.9176 0.3705 -0.1441
vn 0.8007 0.0625 -0.5958
vn 0.8951 0.4213 -0.1461
vn 0.8844 0.3044 0.3538
vn 0.9639 0.1237 0.2356
vn 0.9650 0.0928 0.2454
vn 0.9387 0.1161 0.3246
vn 0.9608 -0.2014 0.1904
vn 0.9355 -0.0173 0.3529
vn 0.9549 -0.2246 0.1944
vn -0.7766 -0.0819 -0.6246
vn -0.8418 0.0987 -0.5308
vn 0.4301 0.9014 -0.0494
vn 0.9391 -0.0340 0.3419
vn 0.9535 -0.0979 0.2851
vn 0.4497 0.3370 -0.8272
vn 0.9119 0.0290 0.4093
vn 0.9578 -0.1492 0.2455
vn -0.1861 -0.6351 -0.7497
vn 0.8273 0.2249 0.5147
vn 0.0583 0.6247 0.7787
vn -0.6086 0.7718 -0.1841
vn 0.9671 -0.0399 -0.2514
vn -0.2749 0.8442 -0.4602
vn 0.9525 -0.0511 0.3001
vn -0.8596 0.5031 -0.0892
vn 0.9682 -0.1573 -0.1945
vn -0.6857 -0.1424 -0.7138
vn 0.9910 -0.0324 -0.1296
vn 0.9939 -0.1080 -0.0236
vn 0.9737 -0.1918 -0.1231
vn 0.4301 0.8489 -0.3074
vn 0.9938 -0.0474 -0.1001
vn -0.6812 -0.2348 -0.6934
vn 0.9942 0.0537 0.0931
vn 0.9461 -0.0805 -0.3139
vn 0.9966 -0.0584 0.0582
vn 0.9648 -0.2621 -0.0196
vn 0.5292 0.3254 -0.7836
vn 0.9766 0.0255 0.2137
vn 0.9830 0.0499 0.1766
vn 0.8826 0.3709 0.2889
vn 0.9724 -0.2235 0.0667
vn -0.7814 0.1306 -0.6102
vn 0.9752 -0.1977 -0.0994
vn 0.9829 -0.1836 -0.0165
vn 0.9827 -0.0639 0.1740
vn 0.7697 0.6074 -0.1967
vn 0.9754 -0.0581 0.2126
vn -0.2696 0.4329 -0.8602
vn 0.4039 -0.4923 -0.7711
vn -0.7173 0.4032 -0.5682
vn -0.8805 0.3534 -0.3161
vn 0.9977 -0.0657 0.0158
vn -0.8290 0.5471 -0.1160
vn -0.8016 0.5978 -0.0050
vn 0.7922 0.5099 -0.3352
vn 0.2423 0.1040 0.9646
vn 0.9162 0.2452 0.3171
vn -0.1940 -0.9774 -0.0845
vn -0.1905 -0.9423 -0.2753
vn -0.6739 -0.7277 0.1272
vn -0.6405 -0.7635 -0.0828
vn -0.2329 -0.9448 -0.2307
vn -0.4441 -0.2426 0.8625
vn -0.2380 -0.9401 -0.2440
vn -0.3146 -0.9441 -0.0983
vn -0.3849 -0.9089 -0.1604
vn -0.3084 -0.9081 -0.2831
vn -0.6014 -0.7896 -0.1214
vn -0.7335 -0.6762 0.0687
vn -0.6752 -0.4954 -0.5465
vn -0.7488 -0.3948 -0.5325
vn -0.8951 -0.3030 0.3270
vn -0.8393 -0.2330 0.4912
vn -0.7440 -0.4304 0.5111
vn -0.7405 -0.6676 -0.0768
vn -0.5105 -0.0386 0.8590
vn -0.7217 -0.0177 0.6920
vn -0.7651 -0.4881 -0.4199
vn -0.8986 -0.4385 -0.0157
vn -0.8329 -0.1117 0.5421
vn -0.9751 -0.2088 0.0745
vn -0.9773 0.0395 0.2083
vn -0.9394 -0.2284 -0.2555
vn -0.9497 -0.0928 0.2991
vn -0.8887 -0.4074 -0.2106
vn -0.9989 0.0457 -0.0063
vn -0.8997 0.3697 0.2319
vn -0.9911 -0.0529 0.1224
vn -0.9940 -0.0761 0.0780
vn -0.8632 -0.1529 0.4812
vn -0.9310 -0.3085 0.1953
vn -0.5652 -0.4750 0.6745
vn -0.9525 -0.2090 0.2215
vn -0.9573 -0.2423 -0.1578
vn -0.9144 -0.1780 0.3637
vn -0.9567 -0.2748 0.0962
vn -0.8884 0.0637 0.4546
vn -0.7122 -0.1256 0.6906
vn -0.8783 -0.1137 0.4644
vn -0.8021 0.0479 0.5953
vn -0.7817 -0.1171 0.6125
vn -0.7279 -0.0734 0.6817
vn -0.5687 -0.7547 0.3272
vn -0.3584 0.2901 0.8873
vn 0.2339 -0.8795 0.4145
vn 0.2268 -0.7028 0.6742
vn 0.7920 -0.0321 0.6097
vn -0.7582 -0.3875 0.5244
vn -0.5267 -0.8496 0.0275
vn -0.8790 -0.1359 0.4570
vn -0.7999 -0.5266 0.2880
vn -0.8032 -0.4938 0.3332
vn -0.9084 -0.2938 0.2973
vn -0.7884 -0.5634 0.2470
vn -0.8839 -0.4484 0.1330
vn -0.9589 -0.2795 -0.0492
vn -0.9722 -0.0139 0.2339
vn -0.9312 0.0406 0.3621
vn -0.8621 0.1940 0.4681
vn -0.9928 0.0527 -0.1075
vn -0.9434 0.2727 0.1887
vn -0.9344 -0.1035 -0.3408
vn -0.9946 -0.0007 -0.1041
vn -0.8166 -0.5757 0.0418
vn -0.9216 0.0209 0.3876
vn -0.9997 0.0180 0.0146
vn -0.8588 0.3603 0.3642
vn -0.9513 0.0829 0.2968
vn -0.9848 -0.1563 -0.0756
vn -0.8401 0.5104 0.1837
vn -0.9423 0.3026 0.1435
vn -0.6578 0.6834 0.3165
vn -0.9596 0.2702 -0.0780
vn -0.7322 0.6558 0.1838
vn -0.7567 0.6092 0.2371
vn -0.9383 0.2576 -0.2308
vn -0.8736 0.4485 0.1889
vn -0.9057 0.4138 0.0916
vn -0.9970 -0.0439 0.0639
vn -0.9920 -0.0983 0.0786
vn -0.5626 -0.4961 -0.6614
vn 0.5103 -0.0754 -0.8567
vn -0.4004 0.2214 -0.8892
vn -0.7872 -0.2892 -0.5447
vn -0.9056 -0.2563 -0.3379
vn -0.9150 0.0675 -0.3977
vn -0.9411 -0.1646 -0.2954
vn 0.3557 0.7587 -0.5458
vn 0.3012 0.4640 -0.8330
vn -0.9886 0.1398 -0.0557
vn -0.9522 -0.2821 -0.1169
vn -0.9960 -0.0810 0.0389
vn -0.5067 0.0894 -0.8575
vn -0.9723 -0.2335 -0.0125
vn 0.6679 -0.0438 -0.7430
vn -0.9834 -0.1786 0.0318
vn 0.7594 0.6194 -0.1992
vn -0.9901 -0.1140 -0.0817
vn 0.7782 0.0318 -0.6273
vn -0.9749 -0.2209 -0.0280
vn -0.9445 -0.3284 0.0139
vn -0.8162 -0.5764 -0.0397
vn -0.9963 0.0775 0.0362
vn -0.9656 0.0895 0.2441
vn -0.9868 -0.1531 0.0531
vn 0.8720 -0.4350 -0.2243
vn -0.9516 0.0789 0.2969
vn -0.9962 -0.0867 0.0110
vn -0.2154 -0.7884 0.5762
vn 0.9020 0.2128 -0.3758
vn 0.7663 0.6220 -0.1611
vn -0.9531 0.3020 -0.0181
vn -0.9888 0.1474 -0.0237
vn 0.6843 0.6633 -0.3030
vn 0.7849 0.6145 0.0792
vn -0.8757 0.4237 0.2317
vn -0.9748 0.1063 0.1961
vn 0.0541 0.9361 0.3474
vn -0.8575 0.2862 0.4276
vn 0.7504 0.4841 -0.4500
vn -0.5176 0.5389 0.6645
vn -0.8476 0.2837 0.4484
vn 0.6492 0.7604 0.0162
vn -0.9616 0.1429 0.2344
vn -0.9479 0.2170 0.2333
vn -0.8188 0.2084 0.5349
vn 0.8905 0.3445 -0.2971
vn -0.6865 0.4039 0.6047
vn -0.8818 0.3875 0.2690
vn -0.8390 0.2387 -0.4890
vn -0.4383 0.8865 -0.1487
vn -0.9725 0.2289 -0.0436
vn -0.1886 0.2354 -0.9534
vn 0.7219 0.6843 -0.1031
vn 0.7638 0.5930 -0.2547
vn -0.9751 0.1864 0.1198
vn -0.9838 0.1316 -0.1221
vn -0.9762 0.0642 0.2073
vn -0.9646 0.1593 0.2103
vn -0.9428 0.2113 0.2579
vn -0.9926 -0.1136 0.0435
vn -0.9312 0.0687 -0.3581
vn -0.9946 -0.0196 0.1015
vn 0.6936 0.6942 -0.1922
vn -0.9211 -0.3686 -0.1256
vn -0.6018 0.7098 0.3662
vn 0.8501 0.1134 -0.5142
vn -0.9728 -0.2283 -0.0386
vn 0.8944 0.1729 -0.4125
vn -0.9793 -0.1564 -0.1284
vn -0.9924 -0.0760 0.0964
vn -0.9590 0.2209 0.1777
vn 0.5461 -0.7086 0.4468
vn -0.9876 -0.1392 0.0728
vn 0.5790 0.5312 -0.6185
vn -0.9970 -0.0596 -0.0496
vn -0.3116 0.9481 -0.0631
vn -0.9944 -0.1039 -0.0193
vn -0.4307 0.8497 -0.3041
vn 0.4790 0.6878 -0.5454
vn -0.4307 0.8497 -0.3042
vn -0.9959 0.0088 0.0895
vn 0.0136 0.9462 -0.3234
vn -0.3111 0.9486 -0.0577
vn -0.9803 0.1974 -0.0109
vn 0.5790 0.5314 -0.6184
vn -0.9652 -0.2554 0.0560
vn 0.0136 0.9461 -0.3234
vn -0.7797 0.4968 -0.3812
vn -0.5228 0.8387 0.1523
vn -0.9688 0.2243 -0.1056
vn -0.6258 -0.2249 -0.7469
vn -0.8155 -0.3265 0.4778
vn -0.5402 0.7714 -0.3363
vn -0.8155 -0.3265 0.4779
vn -0.6278 -0.2271 -0.7445
vn -0.8780 -0.3145 0.3609
vn -0.5374 0.7722 -0.3390
vn 0.0659 0.6398 -0.7657
vn -0.9664 -0.0416 -0.2537
vn 0.6872 -0.1396 -0.7130
vn 0.7933 0.3033 -0.5279
vn 0.8658 0.1672 -0.4717
vn 0.6827 -0.2373 -0.6911
vn -0.9942 0.0537 0.0931
vn -0.9447 -0.0833 -0.3172
vn 0.8784 0.2774 -0.3892
vn -0.5265 0.3276 -0.7845
vn 0.8586 0.0924 -0.5043
vn 0.7815 0.1306 -0.6101
vn -0.9743 -0.2009 -0.1021
vn 0.9261 0.3299 -0.1829
vn 0.7774 -0.2172 -0.5904
vn 0.8870 0.4358 -0.1525
vn 0.8095 0.5826 -0.0724
vn 0.7046 0.6817 -0.1970
vn 0.2442 0.8239 -0.5115
vn 0.9097 0.2917 -0.2957
vn -0.9816 -0.0690 0.1782
vn -0.7713 0.6065 -0.1932
vn 0.8362 0.5425 0.0806
vn -0.8835 0.3730 0.2835
vn -0.5359 0.4684 0.7024
vn 0.1569 0.6450 0.7479
vn 0.3365 0.9322 -0.1332
vn -0.6914 0.5934 -0.4122
vn -0.7884 0.6140 0.0390
vn 0.0341 0.8061 -0.5907
vn 0.3049 0.4232 -0.8532
vn 0.4915 -0.0008 -0.8709
vn -0.0808 0.4601 -0.8842
vn 0.0363 0.9664 -0.2545
vn -0.8489 0.0220 -0.5282
vn -0.7969 0.1153 -0.5931
vn -0.8437 0.4087 -0.3480
vn 0.3818 0.5741 -0.7243
vn 0.5368 0.0243 -0.8434
vn 0.5982 0.1605 -0.7851
vn -0.9142 -0.2191 0.3409
vn -0.9729 -0.1812 0.1438
vn 0.6831 0.4251 -0.5939
vn 0.6837 0.5836 -0.4381
vn -0.9171 -0.3120 0.2482
vn 0.4678 0.8786 -0.0956
vn 0.6377 0.7440 -0.1993
vn -0.4328 0.8090 -0.3977
vn 0.1166 0.9154 -0.3852
vn -0.3942 0.7522 -0.5280
vn 0.5738 0.7006 -0.4242
vn -0.9664 -0.0418 -0.2537
vn 0.0589 0.6397 -0.7663
vn -0.6921 0.5006 -0.5199
vn 0.3996 0.8802 -0.2562
vn -0.6613 0.7386 -0.1311
vn -0.7985 0.1124 -0.5915
vn -0.8922 0.3262 0.3123
vn -0.6802 0.3348 -0.6521
vn -0.2478 0.6180 -0.7461
vn -0.9389 0.2484 0.2382
vn -0.9767 0.0591 -0.2061
vn -0.9829 0.1630 0.0851
vn -0.9470 0.1762 -0.2685
vn -0.8653 0.0993 -0.4914
vn -0.9084 0.0468 -0.4154
vn -0.9227 0.2209 -0.3160
vn -0.7706 0.4191 -0.4801
vn -0.7597 0.4834 -0.4349
vn 0.7146 0.1876 -0.6739
vn -0.9314 0.3529 0.0895
vn -0.9762 0.2163 0.0144
vn -0.9800 0.1932 0.0467
vn -0.9911 0.0190 -0.1314
vn -0.9192 0.3917 0.0399
vn -0.8259 0.3160 -0.4669
vn 0.1684 -0.3565 -0.9190
vn -0.9752 -0.0105 -0.2209
vn -0.9723 0.2335 0.0069
vn -0.4186 0.4732 -0.7752
vn -0.8215 0.1850 -0.5393
vn -0.4390 0.8865 -0.1460
vn -0.1166 0.6969 -0.7076
vn -0.6865 0.4014 0.6063
vn -0.6367 0.3379 -0.6931
vn 0.9195 0.3098 -0.2418
vn -0.5983 0.1680 -0.7834
vn -0.9224 -0.1379 -0.3609
vn -0.9716 0.0658 -0.2274
vn -0.9908 0.1350 -0.0101
vn 0.8499 0.3100 -0.4260
vn -0.4487 0.3488 -0.8228
vn 0.8443 0.2982 -0.4453
vn -0.9876 -0.0459 -0.1498
vn -0.9665 -0.1451 -0.2116
vn -0.9883 0.0235 -0.1509
vn -0.9924 0.1060 -0.0628
vn -0.9829 0.0467 -0.1782
vn -0.9763 0.0769 -0.2025
vn -0.9715 -0.0167 -0.2366
vn -0.9779 0.0406 -0.2052
vn -0.9810 0.0247 -0.1923
vn -0.9653 -0.0611 -0.2538
vn -0.9927 -0.0507 -0.1096
vn -0.9971 -0.0083 -0.0757
vn -0.9959 0.0801 -0.0418
vn -0.9932 0.0537 -0.1032
vn -0.9585 0.2844 0.0196
vn -0.9641 0.2593 -0.0571
vn -0.9652 0.2607 -0.0178
vn -0.9750 0.2117 0.0679
vn -0.9733 0.2157 0.0784
vn -0.9750 0.2105 0.0704
vn -0.9631 0.2687 -0.0155
vn -0.9692 0.1982 0.1459
vn -0.9642 0.2641 -0.0227
vn -0.9836 0.1576 0.0875
vn -0.9738 0.2001 0.1080
vn -0.9637 0.2601 0.0607
vn -0.9391 0.2767 0.2036
vn -0.9755 0.1683 0.1419
vn -0.9572 0.1119 0.2670
vn -0.9662 -0.0797 -0.2452
vn -0.9892 -0.0657 -0.1308
vn -0.9773 -0.1310 -0.1664
vn -0.9908 0.1235 -0.0554
vn -0.9974 0.0684 -0.0216
vn -0.9664 -0.0418 -0.2536
vn 0.5732 0.7018 -0.4229
vn 0.6104 0.7712 -0.1808
vn 0.7305 0.5725 -0.3723
vn -0.0623 0.6240 0.7790
vn 0.3964 0.8820 -0.2549
vn -0.8243 0.2273 0.5185
vn 0.7422 0.3229 -0.5873
vn -0.2439 0.6180 -0.7474
vn 0.7469 0.4935 -0.4457
vn 0.8001 0.2416 -0.5491
vn 0.2717 0.8444 -0.4618
vn 0.8397 0.4804 -0.2532
vn 0.8581 0.5051 -0.0925
vn 0.7455 0.1852 -0.6402
vn 0.7171 0.1856 -0.6718
vn 0.7863 0.3216 -0.5276
vn 0.8033 0.2052 -0.5591
vn -0.9353 -0.1827 -0.3030
vn 0.6894 -0.0216 -0.7241
vn -0.8192 0.1857 -0.5426
vn -0.9067 -0.4215 -0.0146
vn 0.7766 -0.0819 -0.6247
vn 0.8526 0.0562 -0.5196
vn 0.8418 0.0988 -0.5307
vn -0.4279 0.9024 -0.0497
vn 0.8760 0.3253 -0.3561
vn 0.9017 0.2493 -0.3532
vn -0.4498 0.3369 -0.8272
vn 0.8919 0.2814 -0.3540
vn -0.9615 -0.1968 0.1919
vn 0.7889 0.5871 -0.1813
vn -0.8850 0.0264 0.4649
vn 0.1887 -0.6331 -0.7507
vn 0.8185 0.4058 -0.4066
vn 0.7999 0.3413 -0.4936
vn -0.9843 0.1691 0.0508
vn -0.4321 0.8486 -0.3053
vn 0.0172 0.9465 -0.3223
vn -0.8401 0.5236 -0.1416
vn 0.0119 0.9458 -0.3244
vn -0.9653 -0.2551 0.0557
vn -0.5287 0.8346 0.1546
vn -0.9544 0.2847 -0.0896
vn -0.9799 0.1371 -0.1447
vn -0.8576 0.3884 0.3371
vn -0.9981 0.0609 0.0009
vn -0.9912 0.1083 0.0767
vn -0.9445 0.2971 0.1401
vn -0.9861 0.1589 -0.0493
vn -0.9887 0.1480 0.0236
vn -0.9315 0.2563 0.2581
vn -0.9974 0.0325 0.0639
vn -0.9460 0.1965 0.2579
vn -0.9362 -0.0629 0.3459
vn -0.9327 -0.0006 0.3608
vn -0.9256 0.2658 0.2694
vn -0.9895 0.1283 0.0665
vn -0.7347 0.4271 0.5270
vn -0.9388 -0.3217 0.1231
vn -0.6923 -0.0290 0.7210
vn -0.9048 0.1417 0.4015
vn -0.6280 0.5459 0.5547
vn -0.5366 0.6866 0.4905
vn -0.6460 0.3663 0.6697
vn -0.3693 0.8735 0.3171
vn -0.7332 0.5356 0.4191
vn -0.6200 0.7793 0.0912
vn -0.6352 0.5122 0.5781
vn -0.8596 0.4958 0.1237
vn -0.9433 0.0952 0.3180
vn -0.8279 0.3030 0.4719
vn -0.9684 -0.2411 0.0645
vn -0.9193 -0.0486 0.3906
vn -0.8702 0.1899 0.4545
vn -0.8803 -0.4556 0.1322
vn -0.7533 0.3003 0.5852
vn -0.7939 -0.0477 0.6061
vn -0.7782 0.6242 -0.0696
vn -0.9056 0.3004 0.2994
vn -0.3021 0.8905 0.3402
vn -0.8417 0.5399 0.0086
vn -0.9028 0.4292 -0.0265
vn -0.2384 0.9463 0.2183
vn -0.2333 0.9722 0.0176
vn -0.3424 0.9368 -0.0719
vn -0.3632 0.9288 -0.0729
vn -0.8839 0.4612 -0.0775
vn -0.2669 0.8765 0.4006
vn -0.8205 0.4894 0.2954
vn -0.3111 0.8458 0.4335
vn -0.8892 0.4486 0.0896
vn -0.8725 0.4811 0.0849
vn -0.3689 0.9246 0.0948
vn -0.4105 0.7356 -0.5389
vn -0.6929 0.7192 0.0517
vn -0.4185 0.8832 0.2119
vn -0.5973 0.7832 -0.1728
vn -0.2898 0.9108 0.2940
vn -0.3916 0.9094 0.1404
vn -0.2902 0.8581 0.4237
vn -0.4400 0.7851 0.4360
vn -0.2478 0.8578 0.4504
vn -0.3199 0.8608 0.3959
vn -0.8614 0.5004 -0.0873
vn -0.8963 0.4394 0.0594
vn -0.3432 0.8659 0.3639
vn -0.7796 -0.6203 -0.0866
vn -0.7791 -0.6000 0.1816
vn -0.9122 -0.2512 0.3237
vn -0.8634 -0.3172 0.3922
vn -0.9144 0.3932 0.0963
vn -0.8974 0.4243 0.1212
vn -0.3437 0.8547 0.3890
vn -0.7810 -0.5185 0.3481
vn -0.8963 0.4434 -0.0060
vn -0.9296 0.0086 0.3684
vn -0.2831 0.8757 0.3911
vn -0.6893 -0.6934 0.2098
vn -0.1473 0.8202 0.5528
vn -0.9387 0.2549 0.2319
vn -0.6025 0.0829 0.7938
vn -0.0190 0.8006 0.5989
vn 0.0987 0.5331 0.8403
vn -0.1971 0.8079 0.5554
vn -0.0215 0.5763 0.8169
vn -0.1119 0.9318 0.3453
vn -0.1502 0.4958 0.8554
vn -0.2660 0.9625 0.0527
vn -0.7070 0.6655 0.2393
vn -0.8907 0.1220 0.4380
vn -0.3406 0.0115 0.9402
vn -0.6882 0.6876 0.2315
vn 0.0333 0.8244 0.5650
vn -0.2496 0.8942 0.3715
vn -0.2651 0.7744 0.5745
vn -0.7754 -0.1150 0.6209
vn -0.6240 -0.7544 0.2038
vn -0.6305 -0.7443 0.2200
vn -0.7948 0.4114 0.4462
vn -0.8948 -0.1495 0.4207
vn -0.6635 -0.6194 0.4196
vn -0.7471 0.4111 0.5224
vn -0.7277 0.1791 0.6621
vn -0.6065 -0.6769 0.4171
vn -0.6069 -0.6328 0.4808
vn -0.6490 -0.6547 0.3874
vn -0.7590 0.5384 0.3662
vn -0.4326 0.0480 0.9003
vn -0.7177 -0.6159 0.3249
vn -0.9119 -0.3231 0.2530
vn -0.6896 -0.6814 0.2454
vn -0.7092 0.3469 0.6138
vn -0.6324 -0.4522 0.6289
vn -0.5272 0.3963 0.7517
vn -0.6517 -0.5597 0.5120
vn -0.4958 -0.1043 0.8621
vn -0.6814 0.2828 0.6751
vn -0.5872 -0.0781 0.8057
vn -0.2696 -0.2899 0.9183
vn -0.0975 -0.9084 0.4067
vn -0.9527 -0.0416 0.3012
vn -0.9173 0.1114 0.3823
vn -0.1568 0.6659 0.7294
vn -0.5331 0.2917 0.7942
vn -0.5314 0.6591 0.5322
vn -0.6280 0.2863 0.7237
vn -0.6288 -0.2642 0.7313
vn -0.5174 0.8446 0.1377
vn -0.6023 0.4107 0.6845
vn -0.5559 0.4293 0.7118
vn -0.7969 0.1153 -0.5930
vn -0.9414 0.1277 -0.3121
vn -0.8514 0.0204 -0.5241
vn -0.9705 -0.0206 -0.2404
vn -0.9693 0.2223 -0.1053
vn 0.0361 0.9673 -0.2510
vn -0.0824 0.4570 -0.8857
vn -0.9218 0.3834 0.0581
vn -0.8458 0.4023 -0.3505
vn -0.9909 0.1189 -0.0629
vn -0.9735 0.0178 -0.2279
vn -0.9899 0.0219 -0.1397
vn -0.9687 0.2219 0.1112
vn -0.9958 0.0890 -0.0204
vn -0.9896 -0.0450 -0.1363
vn -0.9810 -0.0874 -0.1733
vn -0.9940 0.1069 -0.0219
vn -0.9979 0.0434 -0.0488
vn -0.9817 0.1767 0.0705
vn -0.9492 0.2629 -0.1727
vn -0.8776 0.3277 -0.3500
vn -0.8957 0.1770 -0.4080
vn -0.7072 0.3798 -0.5963
vn 0.3796 0.5771 -0.7231
vn -0.4351 0.8062 -0.4009
vn -0.7794 0.5306 -0.3332
vn -0.3972 0.7523 -0.5256
vn -0.8432 0.5262 -0.1107
vn -0.9694 0.0826 -0.2312
vn -0.9558 0.2515 -0.1522
vn -0.8843 0.4512 0.1197
vn -0.9372 0.3380 0.0858
vn -0.9386 0.2660 0.2198
vn -0.9638 -0.1820 -0.1948
vn -0.9950 0.0873 -0.0492
vn -0.9863 0.1557 0.0538
vn -0.9921 0.1062 -0.0676
vn -0.1906 0.2321 -0.9538
vn 0.6877 0.6928 -0.2169
vn 0.7634 0.5933 -0.2552
vn 0.8366 0.5348 -0.1190
vn 0.8330 0.3738 -0.4079
vn 0.9055 0.4147 -0.0898
vn -0.9646 0.1593 0.2104
vn -0.9426 0.2125 0.2576
vn 0.9063 0.3295 -0.2648
vn 0.9164 0.3515 -0.1917
vn 0.6973 0.6925 -0.1850
vn 0.8772 0.1891 -0.4413
vn -0.6048 0.7063 0.3680
vn 0.8502 0.1134 -0.5141
vn 0.9141 0.1692 -0.3686
vn 0.8944 0.1730 -0.4125
vn 0.9464 0.2795 -0.1617
vn 0.5498 -0.7095 0.4409
vn -0.9876 -0.1392 0.0727
vn -0.5635 -0.4978 -0.6593
vn 0.5134 -0.0740 -0.8550
vn 0.8197 0.0840 -0.5666
vn -0.9056 -0.2562 -0.3380
vn 0.8518 0.3067 -0.4247
vn 0.8599 0.1784 -0.4782
vn 0.3603 0.7530 -0.5506
vn 0.3015 0.4611 -0.8346
vn 0.9181 0.3114 -0.2451
vn 0.9016 0.0500 -0.4297
vn 0.9122 0.2895 -0.2900
vn 0.9103 0.3219 -0.2603
vn 0.8700 0.4863 -0.0813
vn -0.1161 0.6968 -0.7078
vn 0.9368 0.1233 -0.3273
vn -0.9834 -0.1786 0.0319
vn 0.7606 0.6171 -0.2018
vn 0.8630 0.2327 -0.4485
vn 0.7797 0.0317 -0.6253
vn 0.9169 0.2057 -0.3419
vn 0.8296 0.5378 0.1504
vn 0.8905 0.3445 -0.2972
vn 0.6502 0.7596 0.0137
vn 0.8301 0.5468 0.1097
vn -0.5143 0.5412 0.6653
vn 0.8794 0.4483 -0.1604
vn 0.8541 0.4996 -0.1449
vn 0.7505 0.4841 -0.4500
vn 0.0541 0.9362 0.3474
vn -0.8757 0.4227 0.2335
vn 0.8710 0.4851 -0.0782
vn 0.7849 0.6145 0.0793
vn 0.8265 0.5553 -0.0927
vn 0.6843 0.6633 -0.3029
vn -0.9885 0.1496 -0.0213
vn 0.9347 0.1899 -0.3004
vn -0.9527 0.3031 -0.0216
vn 0.7663 0.6220 -0.1610
vn 0.9482 0.0497 -0.3136
vn -0.8148 -0.5786 -0.0371
vn 0.8719 -0.4335 -0.2278
vn 0.9337 0.1775 -0.3110
vn 0.9019 0.2128 -0.3759
vn -0.2184 -0.7891 0.5741
vn -0.1885 0.2353 -0.9535
vn 0.5151 -0.0771 -0.8536
vn 0.8443 0.2981 -0.4453
vn 0.6833 0.6953 -0.2228
vn -0.4483 0.3518 -0.8217
vn -0.7023 0.5472 -0.4552
vn -0.6766 0.4030 -0.6163
vn 0.8308 0.3759 -0.4104
vn -0.9645 0.2161 0.1520
vn -0.9829 0.0094 -0.1841
vn -0.9916 0.1120 0.0653
vn -0.9857 -0.0930 -0.1406
vn -0.6110 0.6288 -0.4810
vn -0.7922 0.5100 -0.3352
vn -0.9875 0.1550 0.0288
vn -0.9956 0.0923 0.0147
vn -0.9837 -0.1033 -0.1472
vn -0.9907 0.1200 0.0634
vn -0.9216 0.3777 0.0890
vn -0.9862 0.1408 -0.0876
vn 0.7144 0.4056 -0.5702
vn -0.9648 -0.1215 -0.2331
vn -0.3999 -0.4937 -0.7723
vn -0.9617 0.2311 0.1473
vn -0.9785 0.2028 0.0380
vn -0.9941 0.1085 0.0052
vn -0.9861 -0.0792 -0.1458
vn -0.9846 -0.0181 -0.1740
vn -0.9961 0.0583 -0.0665
vn -0.0836 0.6875 0.7214
vn -0.6084 0.3760 0.6989
vn -0.9093 -0.1157 0.3998
vn -0.5444 0.5052 0.6696
vn 0.8391 0.4658 0.2810
vn -0.7456 0.5262 0.4090
vn 0.0037 0.9095 0.4156
vn -0.9317 -0.1162 0.3442
vn -0.0891 0.9244 0.3708
vn 0.8620 0.5063 -0.0254
vn 0.1175 0.9253 0.3607
vn -0.7661 0.4941 0.4111
vn -0.2045 0.9255 0.3189
vn 0.7353 0.6528 -0.1821
vn 0.3771 0.9036 -0.2030
vn -0.9575 -0.1133 0.2654
vn -0.9630 -0.0993 0.2505
vn -0.7223 -0.6876 0.0748
vn -0.7348 -0.6624 0.1458
vn -0.9756 -0.1861 0.1164
vn -0.9422 -0.0820 0.3247
vn -0.8125 0.3800 0.4421
vn -0.7063 0.3967 0.5864
vn -0.0213 0.9634 0.2672
vn -0.0714 0.9457 0.3171
vn -0.3970 0.2834 0.8730
vn -0.7380 -0.2232 0.6369
vn -0.3387 -0.4547 0.8237
vn -0.4035 -0.7270 0.5555
vn -0.7344 -0.5528 0.3937
vn 0.0267 -0.9738 0.2259
vn -0.1775 -0.9803 0.0871
vn 0.2266 -0.9548 -0.1924
vn -0.1992 -0.8610 -0.4681
vn -0.4740 -0.8696 0.1381
vn -0.9027 -0.3777 0.2061
vn -0.3347 -0.9280 -0.1640
vn -0.1033 -0.9520 -0.2882
vn -0.5851 -0.8082 -0.0666
vn -0.6647 -0.5902 -0.4580
vn -0.5969 -0.7055 -0.3821
vn -0.1798 -0.9785 -0.1011
vn -0.8758 -0.2410 0.4182
vn -0.7878 -0.5327 0.3093
vn -0.3669 0.2592 0.8934
vn -0.2863 0.9057 0.3125
vn -0.8068 -0.4647 -0.3648
vn 0.4570 0.7280 0.5111
vn -0.8287 -0.5507 -0.0993
vn 0.7379 0.5239 0.4255
vn -0.2741 0.9323 0.2360
vn -0.1753 0.9094 0.3771
vn 0.3364 0.8906 0.3061
vn -0.0835 0.6875 0.7214
vn -0.8056 -0.5896 0.0585
vn 0.7937 -0.0355 0.6072
vn 0.0003 0.9092 0.4164
vn 0.6894 -0.6664 0.2839
vn 0.8602 0.5095 -0.0242
vn 0.2254 -0.7009 0.6767
vn 0.1992 0.9265 0.3192
vn 0.2966 0.9256 0.2352
vn 0.1212 0.9252 0.3596
vn 0.1181 0.9870 0.1093
vn 0.7359 0.6538 -0.1759
vn 0.3781 0.9025 -0.2062
vn 0.1450 0.9547 0.2597
vn -0.0325 0.9914 0.1266
vn 0.4589 0.6666 0.5874
vn 0.3911 0.9202 -0.0155
vn -0.1027 0.5477 -0.8303
vn -0.1378 0.7345 -0.6644
vn -0.2956 0.5766 -0.7617
vn -0.1054 0.7533 -0.6492
vn -0.1400 0.9678 -0.2090
vn 0.7122 -0.5914 -0.3782
vn -0.1931 0.9786 0.0713
vn 0.6892 -0.6680 0.2805
vn -0.2156 0.8946 0.3914
vn -0.9163 0.3666 0.1615
vn -0.8079 -0.5864 0.0592
vn -0.8035 -0.5913 0.0684
vn 0.7387 0.5250 0.4227
vn -0.8272 -0.5535 -0.0973
vn -0.8068 -0.4647 -0.3649
vn -0.7718 -0.6357 0.0120
vn -0.3648 0.2628 0.8932
vn -0.7301 -0.6812 0.0549
vn -0.9175 0.2557 0.3045
vn -0.8201 0.2741 0.5022
vn -0.4681 -0.8836 0.0142
vn -0.8809 -0.3787 0.2840
vn -0.6303 0.6154 0.4732
vn -0.6288 -0.4434 0.6388
vn -0.5981 0.5734 0.5598
vn -0.6979 -0.5945 0.3994
vn -0.6636 -0.5427 0.5148
vn -0.8542 -0.1687 0.4918
vn -0.8036 -0.5064 0.3129
vn -0.5510 -0.8199 0.1555
vn -0.9539 0.0002 0.3001
vn -0.7388 -0.6564 0.1527
vn -0.1756 -0.9768 -0.1225
vn -0.1743 -0.9786 -0.1092
vn 0.3331 -0.8749 -0.3516
vn 0.7604 -0.6485 0.0347
vn 0.8710 -0.4709 -0.1403
vn 0.7916 -0.5270 -0.3092
vn -0.7434 -0.6570 0.1253
vn -0.1461 -0.9395 0.3098
vn -0.7399 -0.6347 0.2228
vn -0.5001 -0.8162 0.2893
vn -0.9860 0.0371 0.1624
vn -0.6990 -0.5760 0.4238
vn 0.3350 -0.6496 -0.6824
vn -0.9496 0.0050 0.3134
vn -0.3585 -0.5386 0.7625
vn -0.7985 -0.0574 0.5993
vn -0.8971 0.3196 0.3051
vn -0.1256 -0.8835 0.4513
vn -0.5940 -0.7678 -0.2401
vn -0.0068 -0.4252 -0.9051
vn -0.3890 -0.0701 0.9186
vn -0.1227 0.3319 0.9353
vn -0.0069 0.8280 0.5606
vn 0.1308 0.8245 0.5505
vn 0.0650 0.9516 0.3002
vn 0.1171 0.9549 0.2728
vn -0.3458 0.2589 0.9019
vn 0.2928 0.9099 0.2938
vn -0.4943 0.8678 -0.0515
vn -0.7647 0.1441 0.6280
vn -0.8749 0.3123 0.3702
vn -0.8276 0.3434 0.4440
vn -0.8760 0.4340 0.2104
vn -0.9256 0.3113 0.2152
vn -0.9211 0.3067 0.2398
vn -0.4521 0.6584 0.6018
vn -0.4413 0.7217 0.5333
vn -0.2510 0.9449 -0.2101
vn -0.0396 0.9816 -0.1866
vn -0.4588 0.8861 -0.0659
vn -0.4361 0.8809 -0.1840
vn -0.7807 0.5760 0.2422
vn -0.5908 0.7735 -0.2293
vn -0.8881 0.0301 0.4586
vn -0.8045 -0.1092 0.5838
vn -0.0092 -0.4287 -0.9034
vn -0.5941 -0.7679 -0.2397
vn 0.2049 -0.8650 -0.4580
vn 0.3365 -0.6471 -0.6842
vn -0.0098 -0.9901 0.1399
vn -0.4424 -0.8844 0.1491
vn 0.3043 -0.9255 -0.2255
vn -0.1439 -0.9388 0.3128
vn 0.0301 -0.9973 -0.0670
vn 0.7937 -0.5254 -0.3067
vn 0.1143 -0.9904 -0.0772
vn 0.8726 -0.4677 -0.1408
vn 0.1116 -0.9938 0.0015
vn 0.7650 -0.6432 0.0321
vn 0.3900 -0.9134 -0.1167
vn 0.1446 -0.9822 -0.1195
vn 0.3330 -0.8749 -0.3516
vn -0.3638 -0.9313 -0.0213
vn 0.5052 -0.8473 -0.1638
vn -0.0710 -0.9785 0.1935
vn 0.2383 -0.8776 0.4159
vn -0.3671 -0.9046 0.2167
vn 0.5671 -0.7955 0.2134
vn 0.8106 -0.5735 0.1180
vn 0.8692 -0.4944 0.0102
vn -0.1060 0.7504 -0.6524
vn 0.7974 -0.4766 0.3701
vn 0.7292 -0.4511 0.5146
vn -0.6984 0.4888 -0.5228
vn -0.8444 0.1446 0.5159
vn 0.0036 0.9587 0.2842
vn 0.1816 0.0356 0.9827
vn 0.8061 0.4744 -0.3538
vn -0.7035 0.4871 -0.5174
vn -0.6059 0.4131 -0.6799
vn -0.8148 0.2346 0.5301
vn 0.0803 0.9842 0.1579
vn 0.2673 0.0690 0.9611
vn 0.8930 0.2692 -0.3607
vn -0.6117 0.4125 -0.6750
vn 0.9068 0.1432 -0.3964
vn 0.0994 0.9904 -0.0962
vn 0.4097 0.3040 0.8601
vn -0.6121 0.3716 0.6980
vn -0.6942 0.2734 -0.6658
vn 0.9084 0.1431 -0.3929
vn 0.8127 0.2066 -0.5449
vn 0.0661 0.9570 0.2824
vn 0.6411 -0.0697 0.7643
vn -0.8159 0.0227 0.5777
vn -0.5312 0.4559 -0.7142
vn 0.8082 0.2087 -0.5507
vn 0.7257 0.3750 -0.5769
vn -0.1206 0.9506 0.2861
vn 0.6246 -0.0014 0.7810
vn -0.7439 -0.1767 0.6445
vn -0.6982 0.2770 -0.6602
vn 0.7282 0.3745 -0.5740
vn 0.6973 0.6568 -0.2871
vn -0.4903 0.8613 0.1334
vn 0.3098 0.3214 0.8948
vn -0.8778 -0.3128 0.3628
vn -0.3525 0.2210 -0.9094
vn 0.6974 0.6567 -0.2870
vn 0.6345 0.7446 -0.2073
vn -0.3021 0.9230 0.2384
vn 0.2267 0.3462 0.9104
vn -0.9092 0.0627 0.4116
vn -0.5071 0.5100 -0.6948
vn 0.6377 0.7438 -0.2004
vn 0.9080 0.4162 -0.0488
vn -0.2019 0.6087 -0.7673
vn -0.1479 0.9464 0.2870
vn -0.9535 0.0099 0.3011
vn 0.2197 0.1386 0.9657
vn 0.8100 0.5179 -0.2750
vn 0.1138 0.8331 0.5413
vn 0.3086 -0.1384 0.9411
vn -0.8893 0.2893 0.3541
vn -0.2469 0.8245 -0.5092
vn 0.8121 0.5159 -0.2725
vn -0.0114 -0.9988 -0.0475
vn 0.9851 -0.1687 -0.0324
vn -0.0183 -0.4853 0.8742
vn -0.9882 -0.1526 0.0120
vn -0.1847 -0.3679 -0.9113
vn 0.9849 -0.1682 -0.0400
vn 0.2580 -0.4266 0.8669
vn 0.0819 -0.9714 -0.2227
vn 0.9847 0.0099 -0.1739
vn -0.8892 -0.2863 0.3567
vn -0.2364 -0.0842 -0.9680
vn 0.9834 0.0113 -0.1813
vn 0.7423 -0.3062 0.5960
vn 0.0667 -0.9757 -0.2086
vn 0.6820 0.0508 -0.7296
vn -0.4509 -0.3773 0.8089
vn -0.8150 -0.1963 -0.5453
vn 0.3264 0.0375 -0.9445
vn 0.2799 -0.0791 -0.9568
vn -0.9869 -0.0090 -0.1612
vn -0.9358 -0.2281 -0.2689
vn 0.1018 -0.9887 -0.1098
vn -0.2331 -0.2426 0.9417
vn -0.1172 -0.0852 0.9894
vn 0.9633 -0.1641 0.2124
vn 0.2723 -0.0790 -0.9590
vn 0.9447 -0.0511 0.3240
vn 0.3191 0.0371 -0.9470
vn -0.6550 -0.7096 -0.2597
vn 0.5770 -0.1468 -0.8035
vn 0.3558 -0.9345 0.0106
vn -0.3716 -0.4604 0.8062
vn 0.7050 -0.2004 0.6803
vn 0.5709 -0.1493 -0.8074
vn -0.4319 -0.3277 0.8403
vn -0.4588 -0.4779 0.7491
vn -0.4209 -0.2427 0.8740
vn -0.4492 -0.4660 0.7623
vn -0.5034 -0.5608 0.6573
vn -0.5655 -0.4526 0.6895
vn -0.2684 -0.1664 0.9488
vn -0.1289 0.0588 0.9899
vn -0.3663 0.1255 0.9220
vn -0.1388 0.4174 0.8980
vn 0.0892 0.2215 0.9711
vn 0.0303 0.3108 0.9500
vn -0.1253 0.4652 0.8763
vn -0.2529 0.7779 0.5752
vn -0.5164 0.6408 0.5681
vn -0.5766 0.7717 0.2683
vn -0.5977 -0.2297 0.7681
vn -0.7817 0.1759 0.5984
vn -0.6446 0.5793 0.4989
vn -0.5867 -0.7141 0.3820
vn -0.8932 0.4359 0.1110
vn -0.7683 0.6356 0.0758
vn -0.8477 0.3551 0.3940
vn -0.7258 0.0247 0.6875
vn -0.9055 0.3022 0.2979
vn -0.6024 -0.7089 0.3667
vn -0.9256 -0.3215 0.1997
vn -0.6042 -0.3541 0.7138
vn -0.5517 -0.4719 0.6877
vn -0.9503 0.1541 0.2704
vn -0.8933 -0.4409 0.0876
vn -0.3897 -0.8588 0.3326
vn -0.5068 -0.3909 0.7684
vn -0.8089 -0.1941 0.5550
vn -0.9637 -0.0772 0.2555
vn -0.9813 -0.0408 0.1879
vn -0.9777 -0.1392 0.1575
vn -0.9070 0.4145 0.0739
vn -0.9639 -0.1940 0.1825
vn -0.9786 -0.2051 0.0154
vn -0.9386 -0.0907 0.3328
vn -0.7567 -0.6210 -0.2041
vn -0.6454 -0.7625 -0.0449
vn -0.8433 0.5273 0.1037
vn -0.8431 -0.0643 0.5339
vn -0.7197 -0.0203 0.6940
vn -0.9503 -0.2536 -0.1806
vn -0.8789 -0.4676 0.0936
vn -0.5104 -0.0386 0.8590
vn -0.6056 -0.7932 0.0641
vn -0.3097 -0.8296 0.4646
vn -0.7365 -0.6726 0.0720
vn -0.3165 -0.9438 -0.0950
vn -0.4801 -0.4427 0.7573
vn -0.4435 -0.2390 0.8638
vn -0.9852 -0.1492 -0.0847
vn -0.9866 -0.1510 -0.0625
vn -0.8778 -0.3336 0.3439
vn -0.8701 -0.3909 0.3003
vn -0.9972 -0.0352 -0.0661
vn -0.6846 -0.4445 0.5777
vn -0.9284 -0.2831 0.2409
vn -0.9838 0.1629 -0.0755
vn -0.7359 -0.5112 0.4440
vn -0.5950 -0.2613 0.7600
vn -0.9783 -0.1562 0.1363
vn -0.9361 0.3151 -0.1566
vn -0.2184 -0.2743 0.9365
vn 0.4614 0.1169 0.8794
vn -0.3969 -0.4001 0.8261
vn -0.1519 -0.4264 0.8917
vn -0.4956 -0.4651 0.7335
vn -0.5483 -0.5676 0.6142
vn -0.4087 -0.4841 0.7737
vn -0.4476 -0.2925 0.8450
vn -0.4242 -0.5361 0.7298
vn -0.3707 -0.6327 0.6799
vn -0.7174 -0.5721 0.3975
vn -0.2934 -0.8392 0.4579
vn -0.5320 -0.7466 0.3995
vn -0.7632 -0.5565 0.3283
vn -0.2783 -0.9084 0.3121
vn -0.5183 -0.7955 0.3138
vn -0.8033 -0.4432 0.3978
vn -0.7699 -0.5778 0.2711
vn -0.8401 -0.4276 0.3337
vn -0.8529 -0.4169 0.3143
vn -0.7876 -0.4864 0.3784
vn -0.0421 -0.8292 0.5574
vn -0.5195 -0.7002 0.4898
vn -0.0558 -0.4159 0.9077
vn -0.3641 -0.7770 0.5136
vn -0.2936 -0.3392 0.8937
vn -0.2220 -0.3076 0.9252
vn -0.4025 -0.3969 0.8249
vn -0.1203 -0.5971 0.7931
vn -0.3179 -0.3954 0.8617
vn -0.0032 -0.3171 0.9484
vn -0.3986 -0.6418 0.6552
vn 0.0429 -0.2344 0.9712
vn -0.2388 -0.3972 0.8861
vn -0.4114 -0.6373 0.6516
vn 0.0235 -0.0458 0.9987
vn -0.3913 -0.5013 0.7718
vn -0.5114 -0.6165 0.5986
vn -0.1295 -0.2565 0.9578
vn -0.5720 -0.5071 0.6447
vn -0.4387 -0.5283 0.7269
vn -0.7241 -0.3875 0.5705
vn -0.7055 -0.5751 0.4143
vn -0.8922 -0.3179 0.3207
vn -0.7566 -0.5709 0.3189
vn -0.5324 -0.6508 0.5413
vn -0.0619 -0.8099 0.5833
vn -0.2498 -0.2970 0.9216
vn -0.8189 -0.4564 0.3480
vn -0.3894 -0.4195 0.8200
vn -0.1672 -0.2211 -0.9608
vn -0.9732 0.1784 -0.1448
vn -0.8775 0.2315 -0.4200
vn -0.7461 0.3009 -0.5939
vn -0.7984 0.3163 -0.5123
vn -0.8405 0.2128 -0.4982
vn -0.7848 0.5853 -0.2036
vn -0.8135 0.5361 -0.2253
vn -0.7090 -0.5005 0.4967
vn -0.5909 0.7947 0.1387
vn -0.7878 0.5796 0.2085
vn -0.5045 0.6760 0.5371
vn -0.4091 0.6736 0.6155
vn -0.2350 0.4570 0.8579
vn -0.2264 0.3571 0.9062
vn -0.1140 0.2932 0.9492
vn -0.0972 -0.0713 0.9927
vn 0.1154 0.0702 0.9908
vn 0.0221 0.0194 0.9996
vn 0.0699 -0.0993 0.9926
vn 0.0849 -0.2755 0.9576
vn 0.0271 -0.0127 0.9996
vn -0.0928 -0.2444 0.9652
vn 0.0495 -0.4952 0.8673
vn -0.1652 -0.0886 0.9823
vn 0.1084 0.1480 0.9830
vn 0.0011 0.0997 0.9950
vn -0.0427 0.1279 0.9909
vn -0.1091 -0.0279 0.9936
vn -0.0461 0.1562 0.9866
vn -0.0748 0.0267 0.9968
vn 0.0106 0.1819 0.9833
vn -0.0679 -0.0325 0.9972
vn -0.1660 -0.5594 0.8121
vn 0.4269 -0.7515 0.5030
vn 0.7956 -0.4925 0.3528
vn -0.0345 -0.9565 0.2896
vn 0.5639 -0.8237 -0.0597
vn -0.8374 -0.4555 0.3022
vn -0.1307 -0.9821 0.1354
vn -0.2504 -0.9491 0.1911
vn 0.7883 -0.5477 -0.2802
vn -0.8396 -0.4139 0.3519
vn -0.9972 0.0629 0.0393
vn -0.9183 0.3681 -0.1457
vn -0.9503 0.1068 -0.2924
vn -0.9400 0.2858 -0.1861
vn -0.8857 0.3587 -0.2947
vn -0.8886 0.2543 -0.3818
vn -0.9311 0.1156 -0.3459
vn -0.8851 0.3049 -0.3516
vn -0.9149 0.0716 -0.3973
vn -0.7372 0.3301 -0.5896
vn -0.9881 0.1419 -0.0588
vn -0.4028 0.2243 -0.8874
vn -0.8505 0.2857 -0.4416
vn -0.8394 0.2395 -0.4879
vn -0.9211 0.2125 -0.3261
vn -0.9715 0.2316 -0.0512
vn -0.9824 0.1358 -0.1282
vn -0.1918 0.2356 -0.9527
vn -0.8470 0.3125 -0.4300
vn -0.9112 0.3387 -0.2346
vn -0.8762 0.1705 -0.4508
vn -0.4363 0.8879 -0.1460
vn -0.8198 0.1827 -0.5427
vn -0.8957 0.4157 -0.1577
vn -0.8738 0.3503 -0.3372
vn -0.9258 -0.1676 -0.3387
vn 0.6893 -0.0216 -0.7241
vn -0.9368 -0.1799 -0.3002
vn -0.9067 0.3293 -0.2636
vn -0.9513 0.2416 -0.1914
vn -0.9706 -0.2124 -0.1137
vn 0.8034 0.2052 -0.5590
vn 0.7880 0.3208 -0.5255
vn -0.9909 -0.0434 -0.1277
vn -0.9916 -0.1168 0.0555
vn -0.9067 -0.4215 -0.0145
vn -0.8661 0.2476 -0.4342
vn -0.9927 0.0316 0.1167
vn -0.8198 0.5425 -0.1834
vn -0.7740 0.6331 0.0048
vn -0.7852 0.5882 -0.1934
vn -0.9086 0.3072 -0.2829
vn -0.8448 0.5244 -0.1064
vn -0.9188 0.3558 -0.1708
vn -0.8040 0.5932 -0.0403
vn -0.8261 0.5424 -0.1526
vn -0.9851 -0.0238 0.1704
vn -0.9535 0.3010 -0.0144
vn -0.8817 0.2793 -0.3802
vn -0.8513 0.4823 -0.2068
vn -0.9513 -0.2454 -0.1865
vn -0.8872 0.4418 -0.1329
vn -0.8980 0.4232 -0.1205
vn -0.8615 0.4440 -0.2463
vn -0.7809 0.4951 -0.3810
vn -0.9059 0.3634 -0.2175
vn -0.5234 0.8376 0.1563
vn -0.5401 0.7715 -0.3364
vn -0.9962 0.0120 0.0863
vn 0.0135 0.9462 -0.3234
vn -0.9789 0.2035 -0.0160
vn -0.4273 0.8513 -0.3044
vn -0.9493 0.1882 0.2520
vn -0.3062 0.9500 -0.0614
vn -0.9676 0.2258 -0.1129
vn -0.8779 -0.3170 0.3588
vn -0.8008 0.0625 -0.5957
vn -0.8989 0.3769 -0.2236
vn -0.6230 -0.2272 -0.7485
vn -0.9896 0.1323 -0.0567
vn -0.8279 0.4625 -0.3173
vn -0.9479 0.2729 -0.1646
vn -0.3662 0.2428 -0.8983
vn -0.8007 0.0625 -0.5958
vn -0.8951 0.4213 -0.1461
vn -0.9639 0.1237 0.2356
vn -0.8844 0.3044 0.3538
vn -0.9175 0.3707 -0.1441
vn -0.3107 0.2070 -0.9277
vn -0.9650 0.0928 0.2454
vn -0.9387 0.1161 0.3246
vn -0.9608 -0.2014 0.1904
vn -0.9970 -0.0576 -0.0524
vn -0.3065 0.9500 -0.0605
vn -0.9355 -0.0173 0.3529
vn -0.9548 -0.2244 0.1951
vn 0.7765 -0.0819 -0.6248
vn 0.8417 0.0988 -0.5308
vn -0.4311 0.9009 -0.0491
vn -0.9391 -0.0340 0.3419
vn -0.9535 -0.0979 0.2851
vn -0.4497 0.3369 -0.8272
vn -0.9119 0.0290 0.4093
vn -0.9578 -0.1492 0.2455
vn 0.1860 -0.6349 -0.7499
vn -0.8274 0.2249 0.5146
vn -0.0583 0.6248 0.7786
vn 0.6104 0.7711 -0.1809
vn -0.9670 -0.0400 -0.2514
vn 0.2783 0.8458 -0.4551
vn -0.9525 -0.0511 0.3001
vn 0.8596 0.5031 -0.0893
vn -0.9682 -0.1572 -0.1948
vn 0.6870 -0.1474 -0.7116
vn -0.9910 -0.0324 -0.1297
vn -0.9942 -0.1056 -0.0226
vn -0.9737 -0.1918 -0.1231
vn -0.9842 0.1694 0.0511
vn -0.9938 -0.0474 -0.1001
vn 0.6812 -0.2347 -0.6935
vn -0.9461 -0.0805 -0.3139
vn -0.9718 0.1571 0.1757
vn -0.9966 -0.0584 0.0582
vn -0.9649 -0.2620 -0.0196
vn -0.5293 0.3253 -0.7836
vn -0.9724 -0.2236 0.0667
vn -0.9751 -0.1986 -0.0989
vn -0.9829 -0.1836 -0.0165
vn -0.9766 0.0255 0.2137
vn -0.9830 0.0499 0.1766
vn -0.9827 -0.0639 0.1740
vn -0.9040 0.1513 0.3998
vn -0.5328 0.4697 0.7039
vn -0.8826 0.3709 0.2889
vn 0.8362 0.5425 0.0805
vn 0.3366 0.9322 -0.1332
vn -0.7697 0.6073 -0.1967
vn -0.9754 -0.0581 0.2126
vn 0.7773 -0.2171 -0.5905
vn -0.8811 0.2989 0.3666
vn -0.6923 0.5899 -0.4156
vn -0.9091 0.3587 0.2120
vn -0.8972 0.3954 0.1966
vn -0.7879 0.6141 0.0459
vn -0.9789 0.1922 -0.0689
vn 0.0336 0.8092 -0.5865
vn -0.6750 0.6912 -0.2580
vn -0.8387 0.5248 -0.1455
vn -0.9233 0.3825 0.0334
vn -0.9112 0.3932 -0.1227
vn -0.9917 -0.1153 -0.0578
vn 0.4904 0.0026 -0.8715
vn -0.9173 0.3878 -0.0900
vn -0.9628 -0.2205 0.1563
vn -0.9503 -0.1521 0.2718
vn -0.9171 -0.3119 0.2481
vn 0.4648 0.8801 -0.0969
vn -0.9528 0.1407 0.2689
vn -0.3936 0.7532 -0.5270
vn -0.7398 0.6558 -0.1506
vn -0.8343 0.2195 -0.5057
vn -0.9913 -0.0155 0.1304
vn -0.8464 -0.0885 -0.5252
vn -0.9870 0.0545 0.1513
vn -0.9377 0.3469 0.0174
vn -0.5374 0.2281 -0.8119
vn -0.9986 0.0498 0.0176
vn -0.8889 0.3913 -0.2381
vn -0.8256 0.4868 -0.2854
vn -0.8433 0.5253 -0.1135
vn -0.9765 0.0734 -0.2028
vn -0.9889 0.0085 -0.1485
vn -0.9660 0.1936 0.1716
vn -0.7602 0.0209 -0.6493
vn -0.4914 0.5209 -0.6980
vn -0.9420 0.3264 0.0779
vn -0.9403 0.0404 -0.3380
vn -0.9404 0.0254 -0.3392
vn -0.9678 0.2472 0.0470
vn -0.9470 0.2947 0.1281
vn -0.9104 0.4055 -0.0826
vn -0.9556 0.2812 -0.0879
vn -0.9166 0.3664 -0.1601
vn -0.5224 0.8384 -0.1557
vn -0.9981 0.0504 -0.0349
vn -0.8537 0.5113 -0.0983
vn -0.9951 0.0974 -0.0176
vn -0.9823 0.1699 -0.0791
vn -0.8277 0.5600 -0.0348
vn -0.4427 0.8797 -0.1733
vn -0.5187 0.8393 -0.1627
vn -0.9825 0.0211 -0.1850
vn -0.9774 0.1594 -0.1387
vn -0.9413 0.2389 0.2384
vn -0.9354 0.2471 0.2529
vn -0.7974 0.6006 0.0583
vn -0.6269 0.7757 -0.0730
vn -0.8093 0.5864 -0.0339
vn -0.5798 0.8127 0.0590
vn -0.5452 0.8380 -0.0224
vn -0.4259 0.9043 -0.0290
vn -0.4229 0.9047 -0.0506
vn -0.3429 0.9381 -0.0491
vn -0.3894 0.9211 -0.0006
vn -0.6905 0.7212 0.0555
vn -0.3633 0.9288 -0.0729
vn -0.4246 0.8996 -0.1016
vn -0.4223 0.9062 -0.0238
vn -0.4349 0.8963 -0.0861
vn -0.2552 0.9560 -0.1445
vn -0.3434 0.9360 -0.0775
vn -0.9009 0.4332 -0.0282
vn -0.4711 0.8749 -0.1125
vn -0.9288 0.3696 -0.0277
vn -0.8010 0.5934 -0.0791
vn -1.0000 -0.0022 -0.0072
vn -0.9972 -0.0433 0.0609
vn -0.9994 -0.0038 0.0333
vn -0.5015 0.8372 -0.2181
vn -0.9965 0.0777 0.0303
vn -0.9132 0.4019 -0.0682
vn -0.9117 0.4018 -0.0853
vn -0.9519 0.3022 -0.0507
vn -0.9948 0.0989 0.0261
vn -0.9109 0.4016 -0.0952
vn -0.9644 0.2642 -0.0110
vn -0.8700 0.0426 -0.4912
vn -0.9788 0.0578 0.1967
vn -0.9989 0.0278 0.0391
vn -0.9962 -0.0864 0.0047
vn -0.8997 0.3698 0.2319
vn -0.9227 0.3732 -0.0967
vn -0.9768 0.0432 0.2097
vn -0.9720 0.1869 0.1424
vn 0.7173 0.4032 -0.5682
vn -0.4039 -0.4922 -0.7711
vn 0.2696 0.4328 -0.8602
vn 0.8805 0.3534 -0.3161
vn -0.9977 -0.0658 0.0157
vn 0.8290 0.5471 -0.1158
vn 0.8016 0.5979 -0.0051
vn -0.7908 0.5085 -0.3408
vn -0.2424 0.1039 0.9646
vn -0.6078 0.7038 0.3677
vn -0.9152 0.2426 0.3219
vn -0.0000 -0.8370 0.5471
vn -0.0000 -0.8106 0.5856
vn 0.3339 -0.8356 0.4362
vn 0.7882 -0.5009 0.3574
vn 0.7635 -0.6321 0.1323
vn -0.0000 -0.7467 0.6651
vn 0.8500 -0.4377 0.2933
vn -0.0000 -0.7886 0.6149
vn 0.8595 -0.4182 0.2938
vn -0.0000 -0.8462 0.5328
vn 0.8004 -0.5299 0.2803
vn -0.0000 -0.9164 0.4003
vn 0.7816 -0.5792 0.2315
vn -0.0000 -0.9731 0.2302
vn 0.8239 -0.5548 0.1160
vn 0.7796 0.3456 -0.5223
vn -0.2689 0.4317 -0.8610
vn 0.8194 0.3373 -0.4636
vn 0.7689 0.3558 -0.5313
vn 0.8386 0.3495 -0.4179
vn 0.9738 0.0033 -0.2273
vn 0.4731 0.6311 -0.6148
vn 0.4672 0.4712 -0.7482
vn 0.9767 0.0675 -0.2035
vn 0.9808 -0.0789 -0.1784
vn 0.9080 0.1473 -0.3922
vn 0.6449 0.3537 -0.6775
vn 0.9995 0.0207 -0.0245
vn 0.9917 0.0353 -0.1238
vn 0.9975 -0.0231 -0.0664
vn 0.9995 0.0149 -0.0274
vn 0.9983 0.0418 -0.0414
vn 0.6060 0.5943 -0.5287
vn 0.8092 0.2413 -0.5358
vn 0.7312 0.4847 -0.4800
vn -0.1432 0.5297 -0.8360
vn 0.8070 0.2428 -0.5383
vn 0.7751 0.3321 -0.5375
vn 0.9858 -0.1391 -0.0936
vn -0.2390 0.6899 -0.6834
vn 0.7272 0.4817 -0.4890
vn 0.5156 0.7585 -0.3985
vn 0.9654 0.1928 -0.1753
vn 0.5136 0.7619 -0.3945
vn 0.9745 -0.1138 -0.1931
vn -0.2829 0.7876 -0.5474
vn 0.6306 0.6427 -0.4350
vn 0.6103 0.2013 -0.7662
vn 0.9392 0.1060 -0.3267
vn 0.6046 0.2065 -0.7693
vn 0.6743 0.5834 -0.4528
vn 0.9384 0.1130 -0.3265
vn 0.9581 0.2701 -0.0951
vn 0.7529 0.6580 -0.0135
vn 0.5083 0.7476 -0.4274
vn 0.9902 0.0580 -0.1274
vn -0.0937 0.9794 -0.1788
vn 0.6410 0.5567 -0.5283
vn 0.5741 0.6842 -0.4497
vn 0.7578 0.6522 0.0202
vn 0.4862 0.8368 -0.2516
vn 0.6980 0.6090 -0.3767
vn 0.4762 0.7663 -0.4314
vn -0.0000 0.9249 -0.3801
vn -0.0000 0.7220 -0.6919
vn -0.0000 0.9793 0.2025
vn 0.5738 0.8026 -0.1627
vn 0.5691 0.6857 -0.4538
vn -0.3799 0.8754 -0.2990
vn 0.2353 0.8997 -0.3676
vn 0.4464 0.8129 -0.3740
vn -0.0000 0.8093 -0.5874
vn 0.7756 0.5234 -0.3530
vn -0.0000 0.4901 -0.8717
vn -0.0000 0.6695 -0.7428
vn -0.0000 0.5011 -0.8654
vn -0.0000 0.7626 -0.6469
vn -0.0000 0.4761 -0.8794
vn -0.0000 0.5539 -0.8326
vn 0.9903 0.0946 -0.1022
vn -0.0000 -0.6506 -0.7594
vn -0.0000 0.1715 -0.9852
vn -0.0000 -0.1333 -0.9911
vn -0.0000 0.5933 -0.8050
vn -0.0000 0.1609 -0.9870
vn 0.9796 0.1619 -0.1193
vn -0.0000 0.5644 -0.8255
vn -0.0000 0.5513 -0.8343
vn 0.4311 0.4706 -0.7699
vn 0.0464 0.6708 -0.7402
vn 0.7722 0.3946 -0.4979
vn 0.4657 0.4679 -0.7511
vn 0.5768 0.5085 -0.6394
vn -0.0000 0.4717 -0.8817
vn -0.0000 0.6183 -0.7860
vn -0.0000 0.4827 -0.8758
vn -0.0000 0.6336 -0.7737
vn -0.1539 0.4984 -0.8532
vn 0.3718 0.5813 -0.7238
vn -0.2688 0.4322 -0.8608
vn -0.0021 0.9240 -0.3824
vn 0.4071 -0.4884 -0.7718
vn 0.9997 0.0186 -0.0160
vn 0.5323 0.3929 -0.7498
vn 0.6078 0.5976 -0.5229
vn 0.5508 0.5093 -0.6612
vn 0.4731 0.6308 -0.6151
vn 0.6476 0.3514 -0.6761
vn 0.4730 0.6309 -0.6150
vn 0.0541 0.6712 -0.7393
vn 0.4658 0.4706 -0.7493
vn 0.5473 0.5108 -0.6630
vn 0.8070 0.2427 -0.5383
vn -0.1391 0.5302 -0.8364
vn 0.6086 0.5956 -0.5243
vn -0.2314 0.6903 -0.6856
vn 0.5384 0.4560 -0.7086
vn 0.5197 0.7581 -0.3938
vn 0.9853 -0.1459 -0.0888
vn 0.5352 0.4579 -0.7098
vn 0.8088 0.2416 -0.5361
vn 0.5166 0.7596 -0.3952
vn 0.2353 0.7132 -0.6603
vn 0.9667 0.1915 -0.1694
vn 0.9745 -0.1144 -0.1933
vn 0.6049 0.2073 -0.7688
vn 0.9603 0.2624 -0.0946
vn 0.4424 0.6362 -0.6321
vn 0.5081 0.7458 -0.4308
vn 0.7501 0.6613 -0.0100
vn 0.9909 0.0499 -0.1247
vn 0.3789 0.8237 -0.4218
vn 0.5746 0.6811 -0.4537
vn 0.7824 0.3451 -0.5185
vn 0.3795 0.5794 -0.7213
vn -0.2726 0.4315 -0.8599
vn 0.4685 0.4678 -0.7495
vn 0.6114 0.7500 -0.2523
vn 0.4839 0.8370 -0.2554
vn 0.6429 0.5540 -0.5290
vn 0.5722 0.8040 -0.1618
vn 0.4398 0.8156 -0.3761
vn 0.4728 0.7680 -0.4320
vn -0.3722 0.8783 -0.3001
vn 0.3826 0.8220 -0.4219
vn -0.0924 0.9783 -0.1852
vn 0.7548 0.6559 -0.0104
vn 0.5173 0.7571 -0.3991
vn 0.9657 0.1943 -0.1720
vn 0.2310 0.7145 -0.6604
vn -0.2787 0.7886 -0.5482
vn 0.6074 0.2046 -0.7676
vn 0.8239 -0.5548 0.1159
vn 0.8260 -0.5631 0.0266
vn 0.9872 0.1123 -0.1133
vn 0.8411 -0.5408 0.0056
vn 0.9915 0.0622 -0.1139
vn 0.7593 0.6503 0.0247
vn 0.6550 0.6263 -0.4227
vn 0.9742 0.2008 -0.1030
vn 0.8816 -0.4713 -0.0245
vn 0.9922 0.0918 -0.0844
vn 0.7202 0.6727 -0.1696
vn 0.6921 0.6253 -0.3606
vn 0.7678 0.5942 -0.2398
vn -0.0792 0.9309 -0.3566
vn -0.0000 0.9699 -0.2434
vn -0.1330 0.9472 -0.2917
vn -0.0000 0.9657 -0.2596
vn -0.0000 0.7254 -0.6883
vn 0.6934 0.6150 -0.3753
vn 0.7568 0.6532 0.0244
vn -0.0000 0.9370 -0.3493
vn 0.7899 0.5915 -0.1618
vn -0.0000 0.9665 -0.2565
vn -0.0000 0.5359 -0.8443
vn -0.0000 0.9950 -0.0997
vn 0.6698 0.7318 -0.1258
vn 0.8938 0.4386 -0.0934
vn 0.9336 0.3455 -0.0953
vn 0.8918 -0.4487 -0.0579
vn 0.5292 0.8405 -0.1162
vn 0.3980 0.9149 -0.0676
vn 0.8996 -0.4329 -0.0577
vn 0.9138 0.3960 -0.0897
vn 0.9039 0.4178 -0.0922
vn 0.9105 -0.4102 -0.0518
vn 0.9258 -0.3729 -0.0626
vn 0.4425 0.8796 -0.1749
vn 0.5167 0.8414 -0.1582
vn -0.0000 0.9020 0.4316
vn -0.0000 0.9999 -0.0145
vn -0.0000 0.9963 0.0861
vn -0.0000 0.9966 -0.0827
vn 0.7168 0.6973 0.0016
vn -0.0000 0.9985 -0.0548
vn -0.0000 0.9997 0.0237
vn 0.6386 0.7536 -0.1558
vn -0.0000 0.9941 0.1088
vn -0.0000 0.9854 -0.1702
vn 0.7090 0.6909 -0.1414
vn -0.0000 0.9993 0.0368
vn -0.0000 0.9973 -0.0730
vn 0.5373 0.8374 -0.1007
vn 0.8222 0.5611 -0.0959
vn -0.0000 0.9874 -0.1584
vn -0.0000 0.9970 -0.0771
vn 0.8071 0.5902 0.0174
vn -0.0000 0.9747 0.2235
vn -0.0000 0.9989 -0.0478
vn 0.8451 0.5333 -0.0373
vn -0.0000 0.9257 -0.3781
vn -0.0000 0.8268 -0.5625
vn 0.8600 0.5064 -0.0627
vn -0.0000 0.9173 -0.3981
vn 0.7960 0.5818 -0.1669
vn -0.0000 0.8137 -0.5813
vn -0.0000 0.8252 -0.5648
vn 0.8318 0.5536 -0.0413
vn -0.0000 0.9964 -0.0849
vn 0.8960 0.4419 -0.0446
vn 0.7271 0.6865 -0.0070
vn 0.8180 0.5726 -0.0551
vn -0.0000 0.9095 -0.4157
vn -0.0000 0.9847 -0.1740
vn 0.8649 0.4972 -0.0693
vn 0.9300 -0.3647 -0.0461
vn -0.0000 0.9956 -0.0937
vn 0.9921 0.0889 -0.0886
vn -0.0000 0.8992 -0.4375
vn 0.9265 0.1246 -0.3550
vn -0.0000 -0.0526 -0.9986
vn -0.0000 -0.9732 0.2302
vn -0.0000 -0.9947 0.1033
vn -0.0000 -0.9983 0.0578
vn -0.0000 -0.9999 0.0104
vn -0.0000 -0.9988 -0.0498
vn -0.0000 -0.9990 -0.0436
vn -0.0000 -0.9985 -0.0546
vn -0.0000 -0.9945 -0.1047
vn -0.0000 -0.9956 -0.0942
vn -0.0000 -0.9844 -0.1762
vn -0.0000 -0.8832 -0.4690
vn 0.4644 0.8822 -0.0772
vn -0.1251 0.9479 -0.2931
vn 0.6550 0.6264 -0.4227
vn 0.9921 0.0536 -0.1132
vn 0.4644 0.8823 -0.0772
vn 0.6550 0.6263 -0.4228
vn 0.9926 0.0879 -0.0832
vn 0.4987 0.8155 -0.2936
vn 0.7228 0.6703 -0.1681
vn 0.6930 0.6243 -0.3606
vn -0.0749 0.9311 -0.3569
vn 0.6920 0.6254 -0.3605
vn 0.7202 0.6728 -0.1695
vn -0.3338 -0.8356 0.4362
vn -0.7883 -0.5009 0.3573
vn -0.7635 -0.6321 0.1323
vn -0.8499 -0.4377 0.2933
vn -0.8595 -0.4181 0.2939
vn -0.8004 -0.5298 0.2803
vn -0.7816 -0.5792 0.2316
vn -0.8239 -0.5548 0.1160
vn 0.2689 0.4317 -0.8610
vn -0.7796 0.3456 -0.5223
vn -0.8194 0.3373 -0.4636
vn -0.7689 0.3558 -0.5313
vn -0.8386 0.3493 -0.4180
vn -0.9737 0.0029 -0.2277
vn -0.4731 0.6309 -0.6150
vn -0.4672 0.4712 -0.7482
vn -0.9767 0.0675 -0.2035
vn -0.9808 -0.0788 -0.1784
vn -0.9080 0.1473 -0.3922
vn -0.6449 0.3536 -0.6775
vn -0.9995 0.0207 -0.0245
vn -0.9917 0.0354 -0.1238
vn -0.9975 -0.0231 -0.0664
vn -0.9995 0.0149 -0.0274
vn -0.9983 0.0418 -0.0414
vn -0.6060 0.5943 -0.5287
vn -0.8092 0.2413 -0.5357
vn -0.7312 0.4847 -0.4800
vn 0.1432 0.5297 -0.8360
vn -0.8070 0.2427 -0.5384
vn -0.7751 0.3321 -0.5375
vn -0.9858 -0.1391 -0.0936
vn 0.2390 0.6899 -0.6834
vn -0.7272 0.4817 -0.4890
vn -0.5156 0.7585 -0.3985
vn -0.9654 0.1928 -0.1753
vn -0.5136 0.7620 -0.3944
vn -0.9745 -0.1138 -0.1931
vn 0.2830 0.7876 -0.5474
vn -0.6306 0.6427 -0.4350
vn -0.6104 0.2013 -0.7661
vn -0.9392 0.1060 -0.3266
vn -0.6046 0.2065 -0.7693
vn -0.6743 0.5834 -0.4528
vn -0.9384 0.1134 -0.3264
vn -0.9581 0.2703 -0.0951
vn -0.7529 0.6580 -0.0135
vn -0.5083 0.7476 -0.4274
vn -0.9902 0.0580 -0.1274
vn 0.0937 0.9794 -0.1788
vn -0.6410 0.5567 -0.5284
vn -0.5741 0.6842 -0.4497
vn -0.7578 0.6522 0.0202
vn -0.4862 0.8369 -0.2515
vn -0.6980 0.6090 -0.3767
vn -0.4762 0.7663 -0.4314
vn -0.5739 0.8026 -0.1627
vn -0.5691 0.6857 -0.4538
vn 0.3798 0.8754 -0.2990
vn -0.2353 0.8997 -0.3676
vn -0.4464 0.8129 -0.3740
vn -0.7756 0.5234 -0.3530
vn -0.9904 0.0949 -0.1002
vn -0.9796 0.1619 -0.1193
vn -0.4311 0.4706 -0.7699
vn -0.0464 0.6708 -0.7402
vn -0.7722 0.3946 -0.4979
vn -0.4657 0.4679 -0.7511
vn -0.5768 0.5085 -0.6394
vn 0.1539 0.4984 -0.8532
vn -0.3718 0.5812 -0.7239
vn 0.2699 0.4335 -0.8598
vn -0.4011 -0.4895 -0.7743
vn -0.5323 0.3930 -0.7498
vn -0.9997 0.0186 -0.0160
vn -0.6079 0.5975 -0.5230
vn -0.8070 0.2428 -0.5383
vn -0.5508 0.5093 -0.6613
vn -0.4730 0.6309 -0.6150
vn -0.6477 0.3513 -0.6761
vn -0.0541 0.6712 -0.7393
vn -0.4658 0.4706 -0.7493
vn -0.5473 0.5108 -0.6630
vn -0.6449 0.3535 -0.6775
vn 0.1391 0.5302 -0.8364
vn -0.8070 0.2427 -0.5383
vn -0.5323 0.3929 -0.7499
vn -0.6086 0.5955 -0.5244
vn 0.2314 0.6903 -0.6856
vn -0.5384 0.4561 -0.7086
vn -0.5198 0.7581 -0.3938
vn -0.5352 0.4579 -0.7099
vn -0.9853 -0.1459 -0.0888
vn -0.8088 0.2417 -0.5362
vn -0.5165 0.7596 -0.3953
vn -0.9667 0.1915 -0.1695
vn -0.2353 0.7132 -0.6603
vn -0.9746 -0.1139 -0.1931
vn -0.6050 0.2072 -0.7688
vn -0.4424 0.6361 -0.6322
vn -0.9603 0.2621 -0.0961
vn -0.5081 0.7458 -0.4308
vn -0.9905 0.0495 -0.1283
vn -0.7501 0.6613 -0.0100
vn -0.3789 0.8237 -0.4219
vn -0.5746 0.6811 -0.4538
vn -0.3795 0.5794 -0.7213
vn -0.7816 0.3431 -0.5209
vn 0.2726 0.4314 -0.8600
vn -0.4685 0.4679 -0.7494
vn -0.6114 0.7501 -0.2522
vn -0.5721 0.6838 -0.4529
vn -0.4825 0.8395 -0.2497
vn -0.6429 0.5539 -0.5290
vn -0.4398 0.8155 -0.3761
vn -0.5723 0.8039 -0.1618
vn -0.4728 0.7680 -0.4320
vn -0.3825 0.8219 -0.4221
vn 0.3722 0.8783 -0.3000
vn 0.0900 0.9794 -0.1810
vn -0.7548 0.6559 -0.0104
vn -0.9658 0.1943 -0.1720
vn -0.5216 0.7552 -0.3970
vn -0.2310 0.7144 -0.6604
vn 0.2787 0.7885 -0.5483
vn -0.6074 0.2046 -0.7676
vn -0.8239 -0.5548 0.1159
vn -0.8259 -0.5631 0.0267
vn -0.9872 0.1123 -0.1133
vn -0.8412 -0.5406 0.0055
vn -0.9915 0.0623 -0.1139
vn -0.7593 0.6503 0.0247
vn -0.6550 0.6263 -0.4228
vn -0.9742 0.2008 -0.1030
vn -0.8816 -0.4713 -0.0245
vn -0.9922 0.0918 -0.0844
vn -0.7202 0.6727 -0.1696
vn -0.6921 0.6253 -0.3606
vn -0.7678 0.5942 -0.2398
vn 0.0792 0.9309 -0.3566
vn 0.1330 0.9472 -0.2917
vn -0.6947 0.6146 -0.3738
vn -0.7568 0.6532 0.0244
vn -0.7899 0.5915 -0.1618
vn -0.6698 0.7318 -0.1258
vn -0.8938 0.4386 -0.0934
vn -0.9336 0.3455 -0.0953
vn -0.8918 -0.4487 -0.0579
vn -0.5292 0.8405 -0.1162
vn -0.3980 0.9149 -0.0676
vn -0.8996 -0.4328 -0.0577
vn -0.9138 0.3960 -0.0897
vn -0.9039 0.4178 -0.0922
vn -0.9105 -0.4102 -0.0517
vn -0.9258 -0.3729 -0.0627
vn -0.4425 0.8796 -0.1749
vn -0.5167 0.8414 -0.1582
vn -0.7168 0.6973 0.0016
vn -0.6386 0.7536 -0.1558
vn -0.7090 0.6909 -0.1414
vn -0.5373 0.8374 -0.1007
vn -0.8222 0.5611 -0.0959
vn -0.8071 0.5902 0.0174
vn -0.8451 0.5333 -0.0373
vn -0.8600 0.5064 -0.0627
vn -0.7960 0.5818 -0.1669
vn -0.8318 0.5536 -0.0413
vn -0.8959 0.4419 -0.0446
vn -0.7271 0.6865 -0.0070
vn -0.8180 0.5726 -0.0551
vn -0.8642 0.4986 -0.0684
vn -0.9300 -0.3647 -0.0461
vn -0.9921 0.0888 -0.0885
vn -0.9265 0.1246 -0.3550
vn 0.1251 0.9479 -0.2931
vn -0.4644 0.8822 -0.0772
vn -0.4644 0.8823 -0.0772
vn -0.9921 0.0536 -0.1132
vn -0.7568 0.6532 0.0243
vn -0.4987 0.8155 -0.2937
vn -0.9926 0.0879 -0.0832
vn -0.7227 0.6704 -0.1680
vn -0.6934 0.6240 -0.3604
vn -0.4987 0.8155 -0.2936
vn 0.0749 0.9311 -0.3569
vn -0.7201 0.6728 -0.1697
vn 0.6721 -0.7174 0.1832
vn 0.8556 -0.5175 0.0076
vn -0.6024 0.7343 0.3129
vn -0.6136 0.7784 0.1322
vn -0.6877 0.6696 0.2807
vn 0.3105 0.9276 0.2078
vn -0.4113 0.5106 -0.7551
vn 0.8188 0.4134 -0.3983
vn 0.6417 -0.5964 -0.4822
vn 0.7326 -0.6233 -0.2735
vn 0.5137 -0.8371 0.1880
vn 0.7063 -0.6785 -0.2020
vn -0.5768 0.8135 0.0741
vn -0.3629 0.6761 -0.6413
vn -0.4074 0.9074 -0.1031
vn -0.3900 0.8990 -0.1992
vn -0.4830 0.8720 0.0797
vn 0.6954 -0.6932 0.1893
vn 0.3876 -0.8957 -0.2180
vn 0.6073 -0.7917 -0.0665
vn 0.8537 -0.5207 0.0079
vn 0.6744 -0.7160 0.1805
vn 0.7557 -0.6411 -0.1337
vn 0.7429 -0.6603 -0.1104
vn 0.6414 -0.5967 -0.4822
vn 0.7319 -0.6262 -0.2686
vn 0.5167 -0.8357 0.1862
vn 0.6852 -0.7203 -0.1081
vn 0.7061 -0.6776 -0.2057
vn -0.3884 0.8990 -0.2022
vn -0.4075 0.9074 -0.1030
vn 0.3906 -0.8941 -0.2193
vn 0.6314 -0.7748 -0.0329
vn 0.6953 -0.6933 0.1893
vn 0.6073 -0.7917 -0.0666
vn -0.6875 0.6682 0.2844
vn 0.3175 0.9247 0.2098
vn -0.0170 0.4423 0.8967
vn 0.2070 0.7250 0.6569
vn 0.8161 0.4157 -0.4016
vn 0.1923 0.7217 0.6650
vn 0.9930 -0.0185 0.1170
vn 0.1485 0.7256 0.6719
vn 0.4446 0.8893 0.1070
vn 0.4372 0.8897 0.1315
vn 0.6401 -0.5929 -0.4886
vn 0.9881 -0.0775 -0.1328
vn 0.5383 0.6672 -0.5149
vn 0.3977 -0.0836 -0.9137
vn 0.7961 0.5618 -0.2249
vn 0.6720 -0.1254 -0.7298
vn 0.1803 0.2249 -0.9576
vn 0.5025 0.5789 -0.6422
vn 0.2261 -0.0378 -0.9734
vn 0.9971 -0.0520 0.0560
vn 0.2476 0.1004 -0.9637
vn 0.3888 -0.3818 -0.8385
vn 0.4146 0.1363 -0.8997
vn 0.2341 0.6336 -0.7374
vn 0.5333 -0.3614 -0.7648
vn 0.1904 0.7789 0.5976
vn 0.1860 0.6535 -0.7337
vn -0.9363 0.0266 0.3503
vn -0.6808 0.5952 0.4270
vn -0.4438 0.3593 0.8209
vn -0.2323 0.9694 0.0797
vn -0.4696 0.6636 0.5824
vn 0.7637 0.6190 0.1831
vn 0.8128 0.5813 0.0379
vn -0.5137 0.5312 0.6738
vn 0.8774 0.4369 -0.1984
vn 0.7533 0.6500 0.0998
vn -0.5931 0.5741 0.5644
vn 0.7547 0.6561 0.0028
vn -0.3350 0.4803 -0.8106
vn 0.2039 -0.5349 -0.8200
vn 0.3708 0.9025 -0.2192
vn 0.8533 0.3695 -0.3679
vn -0.3028 0.5560 -0.7741
vn -0.1103 -0.4394 -0.8915
vn 0.1400 -0.2556 -0.9566
vn -0.2372 0.8908 -0.3875
vn 0.3945 0.9138 -0.0971
vn 0.7960 0.5617 -0.2257
vn 0.1941 0.7780 0.5975
vn 0.1932 0.6515 -0.7336
vn -0.9494 0.1046 -0.2962
vn 0.1485 0.7255 0.6720
vn -0.9682 0.1934 -0.1585
vn -0.9373 0.3423 0.0652
vn 0.1850 0.7235 0.6651
vn -0.9174 0.3375 0.2108
vn 0.1995 0.7269 0.6571
vn -0.0249 0.4430 0.8962
vn -0.9573 0.1705 0.2333
vn -0.9386 0.0281 0.3439
vn -0.6773 0.5978 0.4289
vn -0.2398 0.9677 0.0776
vn -0.9256 0.1470 -0.3487
vn -0.8029 -0.0046 -0.5961
vn 0.3980 -0.0830 -0.9136
vn 0.1761 0.2255 -0.9582
vn 0.5024 0.5789 -0.6422
vn 0.2222 -0.0375 -0.9743
vn 0.2406 0.1007 -0.9654
vn -0.9223 0.1903 -0.3364
vn 0.3818 -0.3823 -0.8415
vn 0.2378 0.6330 -0.7367
vn 0.4114 0.1370 -0.9011
vn 0.5303 -0.3618 -0.7667
vn 0.1922 0.6548 -0.7309
vn -0.4409 0.3624 0.8212
vn -0.9531 -0.2540 0.1644
vn -0.9379 0.0219 0.3462
vn -0.4760 0.6595 0.5817
vn -0.9242 -0.3783 -0.0529
vn -0.9288 -0.3680 -0.0435
vn -0.5197 0.5268 0.6726
vn 0.1365 -0.2572 -0.9567
vn -0.1137 -0.4405 -0.8905
vn -0.5961 0.5716 0.5639
vn -0.8609 -0.5040 -0.0695
vn -0.3283 0.4847 -0.8107
vn 0.2005 -0.5367 -0.8196
vn -0.1619 0.2034 -0.9656
vn -0.0259 0.0121 -0.9996
vn 0.7620 0.6330 -0.1369
vn 0.7937 0.6070 0.0399
vn 0.7842 0.6193 0.0374
vn -0.2338 0.8922 -0.3864
vn -0.3636 0.6966 0.6185
vn 0.8387 0.5416 0.0575
vn 0.1120 -0.1649 -0.9799
vn -0.1949 0.7284 -0.6568
vn 0.7921 0.5679 -0.2238
vn 0.8176 0.2154 0.5340
vn 0.4004 0.9108 -0.1007
vn -0.2460 0.9622 0.1169
vn -0.2369 0.8926 -0.3837
vn 0.7015 0.4487 -0.5537
vn 0.6439 -0.1029 -0.7581
vn 0.5446 0.4065 -0.7336
vn -0.2733 0.9213 -0.2765
vn 0.4436 0.3602 -0.8207
vn -0.3511 0.8958 -0.2725
vn 0.4831 0.3703 -0.7934
vn 0.2219 -0.9550 -0.1967
vn 0.7942 0.5648 -0.2241
vn 0.7375 -0.6749 -0.0222
vn 0.8191 0.2116 0.5332
vn 0.6434 -0.0993 -0.7591
vn 0.6979 0.4556 -0.5525
vn 0.4453 0.3525 -0.8231
vn 0.5425 0.4097 -0.7334
vn 0.2181 -0.9558 -0.1970
vn 0.4861 0.3674 -0.7929
vn 0.5029 0.7944 -0.3404
vn 0.4715 0.7559 -0.4543
vn -0.6241 -0.7809 0.0250
vn -0.6468 -0.7616 0.0404
vn -0.4186 -0.8512 0.3167
vn 0.5572 0.2771 0.7828
vn 0.3993 0.8629 0.3096
vn -0.7374 -0.6528 0.1736
vn -0.7064 -0.7076 -0.0163
vn 0.6206 0.7808 0.0721
vn 0.5572 0.2772 0.7828
vn 0.4566 0.8240 0.3354
vn -0.4153 -0.8521 0.3186
vn 0.4615 0.8871 -0.0038
vn 0.4535 0.8900 0.0467
vn 0.3994 0.8629 0.3096
vn 0.4426 0.8641 -0.2396
vn 0.5791 0.8065 0.1195
vn 0.6209 0.7805 0.0723
vn 0.5030 0.7944 -0.3404
vn 0.4715 0.7559 -0.4542
vn 0.0726 0.1116 0.9911
vn 0.4763 0.5119 0.7149
vn 0.4373 0.8897 0.1315
vn -0.5839 0.8114 0.0273
vn 0.4752 0.6948 0.5398
vn 0.5843 0.6969 0.4157
vn 0.4376 0.8929 0.1064
vn 0.6596 0.6159 0.4307
vn -0.7102 0.6702 -0.2155
vn 0.5416 0.6655 -0.5136
vn 0.6742 -0.1226 -0.7283
vn -0.3106 -0.5836 -0.7503
vn -0.7025 0.6954 -0.1514
vn 0.4841 0.5766 0.6582
vn -0.7591 0.6064 -0.2368
vn -0.7031 0.6993 -0.1293
vn 0.5633 0.5155 0.6457
vn -0.2482 -0.6769 -0.6929
vn 0.6516 0.5825 0.4859
vn -0.5460 0.7798 -0.3061
vn 0.0579 -0.6183 -0.7838
vn 0.6214 0.3816 -0.6843
vn 0.9509 0.2776 -0.1368
vn -0.1110 -0.5585 -0.8220
vn -0.2453 -0.6634 -0.7069
vn -0.7210 0.6807 -0.1298
vn 0.3917 0.3902 -0.8333
vn 0.0700 0.1144 0.9910
vn 0.8209 -0.4960 0.2831
vn 0.4823 0.5061 0.7150
vn 0.8669 -0.4771 0.1441
vn 0.4812 0.6904 0.5401
vn 0.7977 -0.6031 -0.0016
vn 0.7560 -0.6537 0.0347
vn 0.6759 -0.7068 -0.2089
vn 0.5843 0.6970 0.4157
vn 0.6733 -0.1194 -0.7297
vn 0.6600 0.6116 0.4363
vn 0.7504 -0.6507 0.1163
vn 0.4842 0.5766 0.6581
vn -0.2423 -0.6811 -0.6909
vn 0.5684 0.5097 0.6458
vn 0.8032 -0.5898 0.0842
vn 0.0547 -0.6165 -0.7855
vn 0.6274 0.3758 -0.6820
vn 0.9499 0.2808 -0.1375
vn 0.7911 -0.6056 0.0863
vn 0.6543 0.5796 0.4858
vn -0.1052 -0.5624 -0.8201
vn 0.8098 -0.5866 0.0100
vn 0.3885 0.3925 -0.8336
vn -0.2421 -0.6653 -0.7062
vn -0.1649 0.2010 -0.9656
vn -0.8834 -0.4684 -0.0100
vn -0.0298 0.0177 -0.9994
vn -0.9419 -0.3063 0.1379
vn -0.2373 0.8908 -0.3875
vn -0.3698 0.6937 0.6181
vn -0.9727 -0.2231 -0.0642
vn 0.1051 -0.1677 -0.9802
vn -0.1874 0.7312 -0.6559
vn 0.7072 0.0346 0.7062
vn 0.8603 0.4449 0.2488
vn -0.7594 -0.4001 0.5130
vn 0.9774 0.0395 0.2076
vn 0.6739 -0.1815 -0.7162
vn 0.5418 -0.4522 -0.7085
vn 0.7875 -0.1484 -0.5982
vn 0.9737 0.0029 -0.2277
vn 0.9893 -0.1290 0.0675
vn 0.6603 -0.6657 0.3476
vn 0.7604 -0.6371 0.1262
vn -0.0000 -0.8916 0.4528
vn -0.0000 -0.8413 0.5406
vn 0.3310 -0.8402 0.4295
vn 0.9022 -0.4104 0.1329
vn 0.8227 -0.5475 0.1533
vn -0.0000 -0.8396 0.5431
vn 0.0554 -0.4986 0.8651
vn 0.9779 -0.1496 0.1459
vn 0.1878 0.5990 -0.7784
vn 0.3637 -0.2769 0.8894
vn 0.2533 -0.3046 0.9182
vn -0.0000 -0.6437 0.7653
vn -0.3273 0.0987 0.9398
vn -0.0001 -0.1586 0.9873
vn -0.0000 -0.3615 0.9324
vn -0.9936 -0.0665 0.0917
vn -0.5479 -0.8355 0.0423
vn -0.7604 -0.6371 0.1262
vn -0.3310 -0.8402 0.4295
vn -0.6396 -0.2642 0.7219
vn -0.1264 -0.4009 0.9074
vn 0.2551 -0.6943 0.6729
vn -0.3928 -0.1793 0.9020
vn -0.7322 -0.1016 0.6734
vn -0.1493 -0.4280 0.8914
vn -0.4467 -0.2875 0.8472
vn -0.2842 -0.3508 0.8923
vn 0.2385 0.2144 0.9472
vn -0.8237 -0.5547 -0.1177
vn -0.7956 -0.4925 0.3527
vn -0.7891 -0.5462 0.2811
vn -0.8765 -0.4647 -0.1257
vn -0.8217 -0.4672 0.3265
vn -0.9432 -0.3273 -0.0575
vn -0.8975 -0.2206 0.3818
vn -0.8929 -0.4486 0.0386
vn -0.9067 -0.1281 0.4018
vn -0.8024 -0.5921 0.0753
vn -0.7349 -0.1038 0.6702
vn -0.5936 -0.3274 0.7351
vn -0.5169 -0.4065 0.7534
vn -0.9033 -0.1972 0.3810
vn -0.7598 -0.6484 -0.0476
vn -0.8074 0.0747 0.5853
vn -0.4853 -0.4611 0.7429
vn -0.4319 -0.7501 0.5008
vn -0.0512 -0.4901 0.8702
vn 0.0055 -0.2428 0.9701
vn -0.0885 -0.2768 0.9568
vn -0.1136 -0.1379 0.9839
vn 0.1299 -0.1626 0.9781
vn 0.1040 -0.0706 0.9921
vn 0.3906 0.0233 0.9203
vn 0.4244 0.0824 0.9017
vn 0.2297 0.3550 0.9062
vn 0.6894 0.2883 0.6645
vn 0.5068 0.6729 0.5389
vn -0.1081 -0.1764 0.9784
vn 0.3507 0.0291 0.9360
vn 0.8832 0.4123 0.2236
vn 0.7891 0.5767 0.2113
vn 0.7332 0.1615 0.6606
vn 0.8915 0.4089 -0.1947
vn 0.9414 0.2524 0.2238
vn 0.7579 0.1447 0.6361
vn 0.8059 0.3379 -0.4862
vn 0.7427 0.3033 -0.5970
vn 0.9147 0.3322 -0.2301
vn 0.7464 0.3221 -0.5824
vn 0.9732 0.1811 -0.1418
vn 0.3594 0.1248 -0.9248
vn 0.1636 -0.2239 -0.9608
vn 0.3134 0.0532 0.9481
vn 0.9413 0.2603 0.2151
vn 0.7478 0.3740 -0.5485
vn 0.7359 0.2613 0.6246
vn 0.1493 0.3116 0.9384
vn 0.9095 0.3729 -0.1839
vn 0.9055 0.4153 0.0876
vn 0.7754 0.3393 -0.5326
vn 0.3211 0.0267 -0.9467
vn -0.3192 -0.0166 0.9475
vn -0.5437 0.1769 0.8204
vn -0.0770 0.5529 0.8297
vn 0.6241 0.5118 0.5904
vn 0.8528 0.4997 0.1517
vn 0.8529 0.2631 -0.4509
vn -0.6303 0.2552 0.7332
vn -0.2048 0.5809 0.7878
vn 0.4753 0.7067 0.5241
vn 0.3913 -0.1104 -0.9136
vn 0.8454 0.5161 0.1375
vn 0.9429 0.1055 -0.3159
vn -0.6705 0.2987 0.6791
vn -0.2009 0.5631 0.8016
vn 0.4119 0.7383 0.5341
vn 0.8536 0.5052 0.1272
vn 0.9700 0.0540 -0.2370
vn -0.8382 0.0986 0.5364
vn 0.4473 0.6454 0.6192
vn 0.8883 0.4075 0.2118
vn -0.1607 0.5852 0.7948
vn -0.7061 0.3292 0.6269
vn -0.9039 0.0396 0.4260
vn 0.9883 0.0108 -0.1519
vn -0.9293 -0.3086 0.2028
vn -0.7355 -0.5239 -0.4296
vn -0.9409 -0.1648 -0.2958
vn -0.9588 0.2666 0.0986
vn -0.7289 0.4795 0.4887
vn -0.2227 0.6401 0.7353
vn 0.4826 0.5831 0.6535
vn 0.4558 0.6083 0.6498
vn 0.8433 0.3977 0.3616
vn 0.8784 0.3580 0.3167
vn 0.9962 0.0747 -0.0458
vn 0.9968 0.0539 -0.0589
vn 0.8117 -0.4096 -0.4163
vn 0.7488 -0.4107 -0.5202
vn 0.2105 -0.8251 -0.5244
vn 0.2082 -0.6958 -0.6874
vn -0.3487 -0.7224 -0.5971
vn 0.7734 -0.4898 -0.4025
vn 0.7282 -0.4078 -0.5508
vn 0.5636 -0.2964 -0.7710
vn 0.2837 -0.8328 -0.4754
vn 0.0830 -0.7008 -0.7085
vn -0.1222 -0.5204 -0.8452
vn -0.0467 -0.9210 -0.3866
vn -0.4256 -0.7614 -0.4890
vn -0.2665 -0.4097 -0.8724
vn -0.6047 -0.5351 -0.5900
vn -0.5114 -0.8315 -0.2170
vn -0.6849 -0.6720 -0.2818
vn -0.8246 -0.4453 -0.3489
vn -0.3957 -0.8626 -0.3152
vn -0.7558 -0.6527 -0.0517
vn -0.7315 -0.5271 -0.4325
vn -0.7992 -0.5969 0.0700
vn -0.8907 -0.4534 0.0326
vn -0.9416 -0.3305 -0.0645
vn -0.8749 -0.4659 -0.1323
vn -0.8209 -0.4614 -0.3366
vn -0.8229 -0.5540 -0.1257
vn -0.6955 -0.4881 -0.5273
vn -0.7857 -0.5334 -0.3132
vn -0.5639 -0.8237 -0.0598
vn -0.7883 -0.5477 -0.2803
vn -0.7152 -0.5137 -0.4739
vn -0.3331 -0.3506 -0.8753
vn -0.6340 -0.6610 -0.4013
vn 0.7096 -0.4947 0.5018
vn -0.2792 -0.4004 -0.8728
vn -0.7271 0.4862 0.4847
vn -0.9573 0.2733 0.0946
vn -0.8800 0.4641 -0.1009
vn -0.6296 0.6302 0.4544
vn -0.9005 0.4335 -0.0324
vn -0.2914 0.6380 0.7128
vn -0.5304 0.5949 0.6040
vn -0.9219 0.3791 0.0804
vn 0.3477 0.5900 0.7287
vn 0.4559 0.6083 0.6497
vn -0.3813 0.5370 0.7525
vn 0.8263 0.3561 0.4363
vn 0.2431 0.6196 0.7463
vn 0.9962 0.0865 -0.0000
vn 0.7499 -0.2800 -0.5994
vn 0.7488 -0.4107 -0.5203
vn 0.2116 -0.6911 -0.6911
vn 0.1583 -0.5229 -0.8376
vn 0.6629 -0.3760 -0.6474
vn 0.0265 -0.5798 -0.8144
vn 0.9939 -0.0870 -0.0671
vn 0.5918 -0.4455 -0.6718
vn -0.2369 -0.5057 -0.8295
vn 0.9632 0.1186 0.2411
vn 0.8304 0.3198 0.4562
vn 0.9434 -0.3286 0.0454
vn 0.4749 -0.2248 -0.8508
vn -0.5043 0.0104 -0.8634
vn 0.9072 -0.4127 0.0816
vn 0.5240 -0.1174 -0.8436
vn -0.5355 0.3763 -0.7560
vn 0.9668 -0.1530 0.2048
vn 0.4942 -0.1478 -0.8567
vn -0.4093 0.4684 -0.7830
vn -0.6659 -0.5883 -0.4589
vn 0.8265 -0.5352 0.1743
vn 0.8032 -0.5833 0.1210
vn 0.2431 -0.9681 0.0605
vn -0.1908 -0.4979 0.8460
vn 0.6478 -0.7502 0.1327
vn -0.2061 -0.6585 0.7238
vn -0.0205 -0.9998 0.0006
vn 0.9028 -0.4146 0.1145
vn 0.7382 -0.4596 0.4938
vn 0.2820 -0.5634 -0.7765
vn 0.3122 -0.4120 -0.8560
vn 0.8469 -0.0333 0.5308
vn 0.6571 -0.6213 0.4269
vn -0.6669 -0.7395 -0.0915
vn -0.4447 0.0356 0.8949
vn -0.4923 0.1760 0.8524
vn -0.0764 -0.8970 0.4354
vn 0.5613 -0.1584 0.8123
vn 0.7272 0.1473 0.6704
vn 0.5944 -0.3928 0.7017
vn 0.8047 -0.1715 0.5683
vn 0.6012 -0.7248 -0.3364
vn 0.0737 0.5841 0.8083
vn 0.0495 0.4173 0.9074
vn 0.8202 -0.2866 0.4951
vn 0.6311 -0.6365 -0.4433
vn -0.1101 0.2164 0.9701
vn 0.3589 -0.2839 0.8891
vn -0.4270 -0.8920 0.1481
vn -0.9113 0.1538 0.3820
vn -0.5198 -0.2255 -0.8240
vn -0.5677 -0.2771 -0.7752
vn -0.9647 0.2144 0.1530
vn -0.8446 -0.3167 -0.4318
vn -0.8617 0.3779 0.3385
vn -0.9111 -0.4063 -0.0687
vn -0.7739 0.2220 0.5931
vn 0.0255 -0.9843 0.1744
vn -0.1167 -0.0791 0.9900
vn 0.6392 -0.4459 0.6266
vn -0.2627 0.4236 0.8669
vn -0.0942 0.1140 0.9890
vn 0.8244 -0.5652 -0.0301
vn -0.9720 0.0770 0.2221
vn 0.1403 -0.9097 0.3908
vn -0.9581 0.2698 0.0960
vn -0.9403 -0.1587 -0.3012
vn -0.7892 -0.1192 -0.6024
vn -0.9005 0.4336 -0.0324
vn -0.7335 -0.5213 -0.4360
vn -0.6963 -0.3058 -0.6494
vn -0.9209 0.3807 0.0837
vn -0.6360 -0.4355 -0.6370
vn -0.3494 -0.7168 -0.6034
vn -0.5693 -0.6484 -0.5054
vn -0.3739 -0.5394 -0.7545
vn 0.2048 -0.6926 -0.6917
vn 0.1512 -0.5248 -0.8377
vn -0.4512 -0.6269 -0.6351
vn 0.0184 -0.5804 -0.8141
vn -0.7318 -0.5426 -0.4124
vn -0.2430 -0.5069 -0.8270
vn -0.5073 0.0110 -0.8617
vn -0.5635 -0.3489 -0.7488
vn -0.9710 0.0787 0.2258
vn -0.3346 -0.8766 -0.3460
vn -0.5736 -0.5310 -0.6237
vn 0.1385 -0.9133 0.3831
vn 0.8262 -0.5628 -0.0239
vn 0.3180 -0.8110 -0.4911
vn 0.6361 -0.4457 0.6299
vn 0.0266 -0.9844 0.1739
vn -0.6754 -0.6965 -0.2426
vn -0.9085 -0.4114 -0.0729
vn -0.9353 -0.1794 -0.3049
vn -0.8412 -0.3214 -0.4348
vn -0.0738 -0.8966 0.4366
vn -0.8970 0.1727 -0.4069
vn -0.4892 0.1749 0.8545
vn -0.5705 -0.2752 -0.7738
vn 0.6353 -0.6369 -0.4367
vn -0.5260 -0.2224 -0.8209
vn -0.4269 -0.8921 0.1481
vn -0.4388 0.0316 0.8980
vn -0.9622 -0.2128 -0.1699
vn -0.8064 0.3245 -0.4945
vn -0.6726 -0.7339 -0.0948
vn 0.3178 -0.4157 -0.8522
vn 0.2827 -0.5680 -0.7729
vn -0.0201 -0.9998 0.0007
vn -0.9815 0.0708 -0.1779
vn -0.5329 0.3755 -0.7583
vn -0.9515 0.1893 0.2424
vn -0.2030 -0.6597 0.7236
vn -0.8943 0.1851 0.4074
vn -0.4035 0.4661 -0.7874
vn -0.1976 -0.4938 0.8468
vn -0.6690 -0.5860 -0.4572
vn 0.8237 -0.5547 -0.1177
vn 0.7891 -0.5462 0.2811
vn 0.8765 -0.4647 -0.1257
vn 0.8217 -0.4672 0.3265
vn 0.9432 -0.3273 -0.0575
vn 0.8975 -0.2205 0.3818
vn 0.8929 -0.4485 0.0386
vn 0.9067 -0.1281 0.4018
vn 0.8024 -0.5921 0.0753
vn 0.7349 -0.1038 0.6702
vn 0.5936 -0.3274 0.7351
vn 0.5169 -0.4065 0.7534
vn 0.9033 -0.1972 0.3810
vn 0.7598 -0.6484 -0.0476
vn 0.8074 0.0747 0.5853
vn 0.4853 -0.4611 0.7429
vn 0.4319 -0.7501 0.5009
vn 0.0513 -0.4900 0.8702
vn -0.0055 -0.2428 0.9701
vn 0.0885 -0.2768 0.9568
vn 0.1136 -0.1379 0.9839
vn -0.1299 -0.1626 0.9781
vn -0.1033 -0.0708 0.9921
vn -0.3906 0.0233 0.9203
vn -0.4244 0.0824 0.9017
vn -0.2297 0.3550 0.9062
vn -0.6894 0.2883 0.6645
vn -0.5068 0.6729 0.5388
vn 0.1081 -0.1764 0.9784
vn -0.3507 0.0291 0.9360
vn -0.8832 0.4123 0.2236
vn -0.7891 0.5767 0.2113
vn -0.7332 0.1615 0.6606
vn -0.8915 0.4089 -0.1947
vn -0.9414 0.2524 0.2238
vn -0.7579 0.1447 0.6361
vn -0.8059 0.3379 -0.4862
vn -0.7435 0.3019 -0.5967
vn -0.9147 0.3322 -0.2301
vn -0.7464 0.3221 -0.5824
vn -0.9732 0.1812 -0.1418
vn -0.3594 0.1248 -0.9248
vn -0.1636 -0.2239 -0.9608
vn -0.3134 0.0532 0.9481
vn -0.9413 0.2603 0.2151
vn -0.7478 0.3740 -0.5485
vn -0.7359 0.2613 0.6246
vn -0.1493 0.3116 0.9384
vn -0.9095 0.3729 -0.1839
vn -0.9055 0.4153 0.0876
vn -0.7754 0.3393 -0.5326
vn -0.3211 0.0267 -0.9467
vn 0.3192 -0.0166 0.9475
vn 0.5438 0.1769 0.8204
vn 0.0770 0.5529 0.8297
vn -0.6241 0.5118 0.5904
vn -0.8528 0.4997 0.1517
vn -0.8529 0.2631 -0.4509
vn 0.6303 0.2552 0.7332
vn 0.2048 0.5809 0.7878
vn -0.4753 0.7067 0.5241
vn -0.3913 -0.1104 -0.9136
vn -0.8454 0.5161 0.1375
vn -0.9429 0.1055 -0.3159
vn 0.6705 0.2987 0.6791
vn 0.2009 0.5631 0.8016
vn -0.4119 0.7383 0.5341
vn -0.8536 0.5052 0.1272
vn -0.9700 0.0540 -0.2370
vn 0.8382 0.0986 0.5364
vn -0.4473 0.6454 0.6192
vn -0.8883 0.4075 0.2118
vn 0.1607 0.5852 0.7948
vn 0.7061 0.3292 0.6269
vn 0.9039 0.0396 0.4260
vn -0.9883 0.0108 -0.1519
vn 0.9293 -0.3086 0.2028
vn 0.7355 -0.5239 -0.4297
vn 0.9409 -0.1648 -0.2958
vn 0.9587 0.2666 0.0986
vn 0.7289 0.4795 0.4886
vn 0.2227 0.6401 0.7353
vn -0.4826 0.5831 0.6535
vn -0.4558 0.6083 0.6498
vn -0.8433 0.3977 0.3616
vn -0.8784 0.3580 0.3167
vn -0.9962 0.0747 -0.0458
vn -0.9968 0.0539 -0.0589
vn -0.8117 -0.4096 -0.4163
vn -0.7488 -0.4107 -0.5202
vn -0.2105 -0.8251 -0.5244
vn -0.2082 -0.6958 -0.6874
vn 0.3488 -0.7224 -0.5971
vn -0.7734 -0.4898 -0.4025
vn -0.7282 -0.4078 -0.5508
vn -0.5636 -0.2964 -0.7710
vn -0.2837 -0.8328 -0.4754
vn -0.0830 -0.7008 -0.7085
vn 0.1222 -0.5204 -0.8452
vn 0.0468 -0.9211 -0.3866
vn 0.4256 -0.7614 -0.4890
vn 0.2665 -0.4097 -0.8724
vn 0.6047 -0.5351 -0.5900
vn 0.5114 -0.8315 -0.2169
vn 0.6849 -0.6720 -0.2818
vn 0.8246 -0.4453 -0.3489
vn 0.3957 -0.8626 -0.3152
vn 0.7558 -0.6528 -0.0517
vn 0.7315 -0.5271 -0.4325
vn 0.7992 -0.5969 0.0700
vn 0.8907 -0.4533 0.0325
vn 0.9416 -0.3305 -0.0645
vn 0.8749 -0.4659 -0.1323
vn 0.8209 -0.4614 -0.3366
vn 0.8230 -0.5540 -0.1257
vn 0.6955 -0.4881 -0.5273
vn 0.7857 -0.5334 -0.3132
vn 0.7152 -0.5137 -0.4739
vn 0.3331 -0.3506 -0.8753
vn 0.6340 -0.6610 -0.4013
vn -0.7096 -0.4946 0.5018
vn 0.2792 -0.4004 -0.8728
vn 0.8800 0.4641 -0.1009
vn 0.9573 0.2733 0.0946
vn 0.7271 0.4862 0.4847
vn 0.6296 0.6302 0.4544
vn 0.9005 0.4336 -0.0324
vn 0.2914 0.6380 0.7128
vn 0.5304 0.5949 0.6040
vn 0.9219 0.3791 0.0804
vn -0.3477 0.5901 0.7286
vn -0.4559 0.6083 0.6497
vn 0.3813 0.5370 0.7525
vn -0.8264 0.3561 0.4363
vn -0.2431 0.6196 0.7463
vn -0.9962 0.0865 -0.0000
vn -0.7499 -0.2800 -0.5994
vn -0.7488 -0.4107 -0.5203
vn -0.2116 -0.6911 -0.6911
vn -0.1583 -0.5229 -0.8376
vn -0.6629 -0.3760 -0.6474
vn -0.0265 -0.5798 -0.8143
vn -0.9939 -0.0870 -0.0671
vn -0.5918 -0.4455 -0.6718
vn 0.2369 -0.5057 -0.8295
vn -0.9632 0.1186 0.2411
vn -0.8304 0.3198 0.4562
vn -0.9434 -0.3286 0.0454
vn -0.4749 -0.2248 -0.8508
vn 0.5043 0.0103 -0.8635
vn -0.9071 -0.4129 0.0815
vn -0.5240 -0.1174 -0.8436
vn 0.5356 0.3762 -0.7560
vn -0.9668 -0.1536 0.2043
vn -0.4941 -0.1478 -0.8568
vn 0.4093 0.4684 -0.7830
vn 0.6659 -0.5882 -0.4589
vn -0.8265 -0.5352 0.1743
vn -0.8032 -0.5833 0.1210
vn -0.2431 -0.9681 0.0605
vn 0.1908 -0.4979 0.8460
vn -0.6478 -0.7502 0.1327
vn 0.2061 -0.6586 0.7238
vn 0.0204 -0.9998 0.0005
vn -0.9029 -0.4144 0.1144
vn -0.7382 -0.4597 0.4937
vn -0.2793 -0.5669 -0.7750
vn -0.3123 -0.4119 -0.8560
vn -0.8469 -0.0333 0.5308
vn -0.6571 -0.6213 0.4269
vn 0.6669 -0.7395 -0.0916
vn 0.4447 0.0356 0.8950
vn 0.4923 0.1760 0.8524
vn 0.0764 -0.8970 0.4354
vn -0.5613 -0.1584 0.8123
vn -0.7271 0.1475 0.6705
vn -0.5944 -0.3928 0.7017
vn -0.8047 -0.1715 0.5683
vn -0.6028 -0.7254 -0.3324
vn -0.0737 0.5841 0.8083
vn -0.0495 0.4173 0.9074
vn -0.8202 -0.2865 0.4952
vn -0.6311 -0.6365 -0.4434
vn 0.1102 0.2168 0.9700
vn -0.3589 -0.2839 0.8891
vn 0.4270 -0.8920 0.1481
vn 0.9113 0.1538 0.3820
vn 0.5198 -0.2255 -0.8240
vn 0.5677 -0.2771 -0.7752
vn 0.9647 0.2144 0.1530
vn 0.8446 -0.3167 -0.4318
vn 0.8617 0.3779 0.3385
vn 0.9111 -0.4063 -0.0687
vn 0.7739 0.2220 0.5931
vn -0.0255 -0.9843 0.1744
vn 0.1167 -0.0791 0.9900
vn -0.6372 -0.4478 0.6273
vn 0.2627 0.4236 0.8669
vn 0.0942 0.1140 0.9890
vn -0.8244 -0.5652 -0.0301
vn 0.9720 0.0769 0.2222
vn -0.1404 -0.9097 0.3908
vn 0.9581 0.2699 0.0960
vn 0.9403 -0.1587 -0.3012
vn 0.7892 -0.1192 -0.6024
vn 0.7335 -0.5213 -0.4361
vn 0.6359 -0.4356 -0.6370
vn 0.3494 -0.7168 -0.6035
vn 0.6963 -0.3058 -0.6494
vn 0.9209 0.3807 0.0837
vn 0.3739 -0.5394 -0.7545
vn -0.2047 -0.6926 -0.6917
vn -0.1512 -0.5248 -0.8377
vn 0.5687 -0.6491 -0.5052
vn 0.4512 -0.6269 -0.6351
vn -0.0184 -0.5804 -0.8141
vn 0.7318 -0.5426 -0.4124
vn 0.2430 -0.5069 -0.8270
vn 0.5073 0.0110 -0.8617
vn 0.5635 -0.3489 -0.7488
vn 0.9710 0.0786 0.2259
vn 0.3346 -0.8766 -0.3460
vn 0.5736 -0.5310 -0.6237
vn -0.1383 -0.9133 0.3831
vn -0.8283 -0.5598 -0.0257
vn -0.3180 -0.8110 -0.4911
vn -0.6361 -0.4457 0.6299
vn -0.0246 -0.9845 0.1736
vn 0.6754 -0.6965 -0.2426
vn 0.9085 -0.4114 -0.0729
vn 0.9353 -0.1794 -0.3049
vn 0.8412 -0.3214 -0.4349
vn 0.0738 -0.8966 0.4366
vn 0.8970 0.1727 -0.4070
vn 0.4892 0.1749 0.8545
vn 0.5705 -0.2752 -0.7738
vn -0.6013 -0.7248 -0.3363
vn -0.6353 -0.6369 -0.4367
vn 0.5260 -0.2223 -0.8209
vn 0.4270 -0.8921 0.1481
vn 0.4388 0.0316 0.8980
vn 0.9622 -0.2128 -0.1699
vn 0.8064 0.3245 -0.4945
vn 0.6726 -0.7339 -0.0948
vn -0.3179 -0.4156 -0.8522
vn -0.2824 -0.5680 -0.7731
vn 0.0187 -0.9998 -0.0039
vn 0.9815 0.0708 -0.1779
vn 0.5329 0.3754 -0.7583
vn 0.9515 0.1893 0.2424
vn 0.2030 -0.6597 0.7235
vn 0.8943 0.1851 0.4074
vn 0.4034 0.4661 -0.7874
vn 0.1975 -0.4938 0.8468
vn 0.6690 -0.5860 -0.4571
vn 0.6959 0.7109 -0.1013
vn 0.6670 0.7341 -0.1276
vn -0.8393 -0.4021 -0.3658
vn -0.4994 -0.8165 -0.2897
vn 0.7406 0.6719 -0.0065
vn 0.6980 0.7150 0.0398
vn -0.4775 -0.8210 -0.3131
vn 0.9002 0.4129 0.1387
vn -0.1370 -0.9187 -0.3704
vn -0.2477 -0.8806 -0.4039
vn 0.9173 0.2749 0.2880
vn -0.8393 -0.4022 -0.3657
vn 0.6669 0.7341 -0.1276
vn -0.4591 -0.7765 -0.4316
vn -0.4993 -0.8165 -0.2897
vn -0.2956 -0.8942 -0.3362
vn -0.1365 -0.9206 -0.3659
vn -0.2477 -0.8806 -0.4040
vn 0.9185 0.2712 0.2876
vn -0.6670 0.7341 -0.1276
vn -0.6959 0.7109 -0.1013
vn 0.8393 -0.4021 -0.3658
vn 0.4993 -0.8166 -0.2896
vn -0.7406 0.6719 -0.0065
vn -0.6978 0.7152 0.0399
vn 0.4775 -0.8210 -0.3131
vn -0.9002 0.4129 0.1387
vn 0.1364 -0.9206 -0.3660
vn 0.2477 -0.8806 -0.4040
vn -0.9175 0.2744 0.2879
vn -0.6670 0.7340 -0.1276
vn 0.8393 -0.4023 -0.3657
vn 0.4591 -0.7765 -0.4316
vn 0.4993 -0.8166 -0.2897
vn 0.2956 -0.8942 -0.3362
vn -0.6977 0.7152 0.0399
vn 0.1363 -0.9206 -0.3660
vn 0.2477 -0.8806 -0.4039
vn -0.9185 0.2712 0.2876
vn -0.9900 0.1402 -0.0182
vn -0.0001 0.4235 0.9059
vn -0.9912 0.1140 -0.0674
vn 0.3939 0.9163 0.0723
vn 0.0037 0.2204 -0.9754
vn 0.0004 0.5720 -0.8203
vn -0.9898 -0.0038 -0.1424
vn 0.0001 0.9572 0.2895
vn -0.9827 -0.0457 -0.1794
vn 0.9268 -0.2533 -0.2774
vn -0.0001 -0.9183 0.3959
vn -0.0000 -0.9736 0.2284
vn -0.0000 -0.9966 -0.0819
vn -0.9943 -0.0108 -0.1062
vn 0.0112 -0.9591 -0.2829
vn -0.0001 0.3672 -0.9302
vn 0.9899 0.1409 -0.0181
vn 0.9912 0.1140 -0.0674
vn 0.9898 -0.0038 -0.1424
vn 0.9827 -0.0457 -0.1794
vn 0.9943 -0.0108 -0.1062
vn -0.9755 0.2101 -0.0656
vn -0.7753 0.4228 -0.4693
vn -0.6048 0.7062 0.3680
vn -0.8199 0.3383 -0.4618
vn -0.9290 0.0745 -0.3626
vn -0.8386 0.3495 -0.4179
vn -0.7686 0.2674 -0.5811
vn -0.9830 0.1378 -0.1213
vn -0.7395 0.3250 -0.5895
vn -0.8280 0.3643 -0.4262
vn -0.8273 0.1514 -0.5410
vn -0.8887 0.2517 -0.3833
vn -0.9193 0.3647 -0.1483
vn -0.9012 0.2586 -0.3477
vn -0.9921 -0.1222 0.0274
vn -0.8017 0.2707 -0.5329
vn -0.8914 0.1892 -0.4118
vn -0.9953 0.0800 -0.0550
vn -0.9624 0.1167 0.2453
vn 0.7753 0.4228 -0.4693
vn 0.9755 0.2101 -0.0657
vn -0.2992 0.9371 0.1800
vn 0.8196 0.3388 -0.4621
vn 0.8847 -0.2059 -0.4182
vn 0.7686 0.2674 -0.5811
vn 0.9890 0.1472 -0.0148
vn 0.7395 0.3250 -0.5895
vn 0.8280 0.3643 -0.4262
vn 0.8273 0.1513 -0.5410
vn 0.8887 0.2516 -0.3833
vn 0.9193 0.3647 -0.1483
vn 0.9012 0.2586 -0.3477
vn 0.9798 -0.1998 0.0067
vn 0.8017 0.2707 -0.5329
vn 0.8914 0.1892 -0.4118
vn 0.9683 0.1997 -0.1501
vn -0.6048 0.7063 0.3679
vn -0.9152 0.2426 0.3217
vn -0.9870 0.0739 0.1427
vn -0.2463 0.1035 0.9636
vn -0.9977 -0.0657 0.0157
vn -0.9477 -0.0191 -0.3185
vn -0.8224 0.3322 -0.4618
vn 0.2725 0.4315 -0.8600
vn 0.9819 -0.1704 0.0832
vn -0.0827 -0.3448 -0.9350
vn -0.2247 -0.1044 -0.9688
vn 0.9803 -0.1932 0.0407
vn 0.0685 -0.9911 0.1145
vn -0.9198 -0.1780 0.3498
vn -0.8667 -0.0705 0.4938
vn 0.1706 -0.2142 0.9618
vn 0.2211 -0.2635 0.9390
vn 0.9803 -0.1931 0.0407
vn 0.9815 -0.1709 0.0868
vn -0.4632 -0.1458 0.8742
vn -0.9175 0.1085 0.3827
vn -0.2669 -0.2839 0.9210
vn -0.5321 0.6562 0.5351
vn -0.5878 -0.0783 0.8052
vn -0.6318 -0.2650 0.7284
vn -0.8656 -0.0973 0.4913
vn -0.0922 -0.9080 0.4087
vn -0.5205 0.8425 0.1390
vn -0.9533 -0.0383 0.2997
vn -0.1608 0.6653 0.7291
vn -0.3680 0.2433 -0.8974
vn -0.4946 0.1684 -0.8526
vn -0.7980 0.0606 -0.5996
vn -0.9901 0.1301 -0.0522
vn -0.8284 0.4660 -0.3108
vn -0.3124 0.9482 -0.0580
vn -0.3131 0.2094 -0.9263
vn -0.6130 0.5490 -0.5683
vn -0.7994 0.0579 -0.5980
vn -0.9489 0.1854 0.2553
vn 0.9152 0.2425 0.3219
vn -0.3000 0.9374 0.1771
vn 0.9870 0.0739 0.1427
vn 0.2462 0.1036 0.9637
vn 0.9755 0.2101 -0.0656
vn 0.9977 -0.0657 0.0157
vn 0.9477 -0.0191 -0.3185
vn 0.8224 0.3323 -0.4618
vn -0.2724 0.4315 -0.8600
vn -0.9819 -0.1704 0.0832
vn 0.2247 -0.1044 -0.9688
vn 0.0827 -0.3448 -0.9350
vn -0.9803 -0.1932 0.0407
vn -0.0685 -0.9911 0.1145
vn 0.9198 -0.1780 0.3498
vn 0.8667 -0.0705 0.4938
vn -0.1706 -0.2142 0.9618
vn -0.2210 -0.2635 0.9390
vn -0.9815 -0.1709 0.0869
vn 0.9159 0.1147 0.3848
vn 0.4632 -0.1458 0.8742
vn 0.2658 -0.2845 0.9211
vn 0.5320 0.6562 0.5351
vn 0.5873 -0.0771 0.8057
vn 0.6317 -0.2650 0.7285
vn 0.8656 -0.0972 0.4913
vn 0.0910 -0.9066 0.4121
vn 0.5208 0.8423 0.1388
vn 0.9533 -0.0383 0.2996
vn 0.1608 0.6652 0.7291
vn 0.4946 0.1684 -0.8526
vn 0.3680 0.2433 -0.8974
vn 0.8003 0.0576 -0.5968
vn 0.9900 0.1310 -0.0531
vn 0.8269 0.4657 -0.3152
vn 0.3130 0.2095 -0.9264
vn 0.3123 0.9482 -0.0581
vn 0.6130 0.5490 -0.5682
vn 0.8002 0.0572 -0.5970
vn 0.9489 0.1854 0.2553
vn -0.6737 -0.5312 0.5139
vn -0.8118 -0.4260 0.3992
vn -0.8476 -0.2396 0.4735
vn -0.9196 -0.1345 0.3692
vn -0.8206 -0.2741 0.5015
vn -0.9434 -0.2953 0.1508
vn -0.8919 -0.1535 0.4253
vn -0.6409 -0.2723 0.7177
vn -0.7429 0.0597 0.6668
vn -0.6730 -0.6243 0.3966
vn -0.8675 -0.1747 0.4657
vn -0.6973 -0.3352 0.6335
vn -0.1406 0.3211 0.9365
vn -0.3015 -0.4919 0.8168
vn -0.2687 -0.4041 0.8744
vn -0.6451 -0.6370 0.4220
vn 0.2892 -0.5599 0.7764
vn 0.4681 -0.8822 0.0508
vn 0.3091 0.1809 -0.9337
vn -0.0107 0.6648 -0.7469
vn 0.8058 -0.3298 0.4918
vn 0.7835 -0.0846 0.6156
vn 0.0175 0.1006 0.9948
vn 0.6244 -0.4452 0.6418
vn -0.7329 -0.6249 0.2690
vn 0.5194 -0.5670 0.6393
vn 0.3601 -0.4997 -0.7878
vn 0.8536 -0.5208 0.0028
vn 0.9402 -0.2911 0.1768
vn 0.9137 -0.3409 -0.2210
vn 0.7501 -0.5181 0.4109
vn 0.8146 -0.5125 0.2715
vn 0.6228 -0.5418 0.5643
vn 0.3364 -0.2514 0.9075
vn 0.4036 -0.7082 0.5793
vn 0.2293 0.5953 0.7701
vn 0.1562 -0.3141 0.9365
vt 0.379639 0.394531
vt 0.380127 0.435059
vt 0.407471 0.398926
vt 0.463867 0.777100
vt 0.467041 0.802612
vt 0.479736 0.789429
vt 0.798828 0.870361
vt 0.794922 0.835815
vt 0.782227 0.862183
vt 0.619629 0.113281
vt 0.615234 0.116211
vt 0.624512 0.108887
vt 0.652344 0.040039
vt 0.654297 0.037109
vt 0.649414 0.043945
vt 0.671875 0.761475
vt 0.685059 0.761841
vt 0.672363 0.753052
vt 0.685547 0.750610
vt 0.682617 0.734131
vt 0.693848 0.761841
vt 0.694824 0.730469
vt 0.696289 0.751465
vt 0.703613 0.762451
vt 0.706543 0.751709
vt 0.700195 0.741211
vt 0.716309 0.738525
vt 0.708496 0.733398
vt 0.703125 0.727051
vt 0.715332 0.725342
vt 0.722168 0.730225
vt 0.710449 0.718750
vt 0.706055 0.719238
vt 0.696777 0.710938
vt 0.688477 0.718750
vt 0.689453 0.715820
vt 0.719238 0.717041
vt 0.726562 0.720947
vt 0.729492 0.712402
vt 0.715332 0.711426
vt 0.722656 0.708008
vt 0.733398 0.699707
vt 0.724121 0.695557
vt 0.735840 0.685059
vt 0.708496 0.711670
vt 0.708984 0.706055
vt 0.715820 0.705322
vt 0.691406 0.710693
vt 0.684570 0.710449
vt 0.691406 0.705566
vt 0.694336 0.698975
vt 0.723633 0.681152
vt 0.736816 0.659180
vt 0.720703 0.663574
vt 0.710938 0.701416
vt 0.715332 0.698730
vt 0.707031 0.699219
vt 0.687988 0.705322
vt 0.688477 0.700439
vt 0.678223 0.704346
vt 0.674316 0.714111
vt 0.667969 0.705811
vt 0.684082 0.697021
vt 0.673828 0.699219
vt 0.665039 0.695557
vt 0.660645 0.705322
vt 0.656738 0.697021
vt 0.652344 0.702881
vt 0.653809 0.705811
vt 0.677246 0.691895
vt 0.665527 0.690674
vt 0.690430 0.690674
vt 0.675781 0.685303
vt 0.664551 0.685059
vt 0.687500 0.683350
vt 0.677246 0.677979
vt 0.685547 0.676514
vt 0.697754 0.673096
vt 0.700684 0.679688
vt 0.707520 0.688721
vt 0.700684 0.692627
vt 0.703613 0.696777
vt 0.706055 0.695068
vt 0.713379 0.695312
vt 0.717773 0.690674
vt 0.719238 0.686523
vt 0.708008 0.683594
vt 0.718262 0.682861
vt 0.713379 0.677734
vt 0.709961 0.669922
vt 0.706055 0.667480
vt 0.707031 0.658447
vt 0.715332 0.659912
vt 0.718262 0.655518
vt 0.722656 0.656982
vt 0.724121 0.650146
vt 0.713379 0.651123
vt 0.726562 0.658203
vt 0.724121 0.642090
vt 0.708984 0.644775
vt 0.732910 0.632812
vt 0.718262 0.635742
vt 0.121887 0.363770
vt 0.137329 0.356934
vt 0.133789 0.344727
vt 0.121338 0.342773
vt 0.125977 0.327637
vt 0.103333 0.374512
vt 0.099915 0.335938
vt 0.117676 0.330078
vt 0.113525 0.327637
vt 0.075562 0.366699
vt 0.097656 0.314453
vt 0.079773 0.314941
vt 0.112183 0.314453
vt 0.108643 0.296875
vt 0.114258 0.300781
vt 0.116577 0.282227
vt 0.102905 0.292480
vt 0.092468 0.302734
vt 0.091248 0.292480
vt 0.082642 0.296387
vt 0.080322 0.281738
vt 0.091064 0.280273
vt 0.076843 0.334473
vt 0.067627 0.298340
vt 0.082153 0.269531
vt 0.092590 0.269531
vt 0.069092 0.279785
vt 0.090637 0.253906
vt 0.097229 0.257324
vt 0.102722 0.243652
vt 0.086426 0.250488
vt 0.073608 0.264648
vt 0.068359 0.271484
vt 0.063538 0.270508
vt 0.061127 0.281738
vt 0.059753 0.295898
vt 0.059998 0.312500
vt 0.051575 0.302246
vt 0.046509 0.304688
vt 0.045715 0.298340
vt 0.043335 0.307129
vt 0.049286 0.323242
vt 0.045959 0.328125
vt 0.059448 0.326172
vt 0.055054 0.336914
vt 0.044708 0.334473
vt 0.035675 0.322754
vt 0.040955 0.341797
vt 0.051178 0.344238
vt 0.048584 0.360840
vt 0.033234 0.347168
vt 0.494629 0.063477
vt 0.496582 0.077637
vt 0.508301 0.060059
vt 0.514160 0.067383
vt 0.515137 0.077637
vt 0.499268 0.092773
vt 0.537109 0.076172
vt 0.546387 0.058105
vt 0.550293 0.067871
vt 0.531738 0.103027
vt 0.505859 0.130859
vt 0.557617 0.084961
vt 0.559570 0.070801
vt 0.541504 0.128418
vt 0.533203 0.161133
vt 0.549316 0.138184
vt 0.564941 0.112793
vt 0.581543 0.117188
vt 0.575684 0.098145
vt 0.588867 0.077637
vt 0.590820 0.069336
vt 0.593262 0.087402
vt 0.630371 0.080566
vt 0.224609 0.010254
vt 0.219116 0.002930
vt 0.216919 0.013672
vt 0.230713 0.006836
vt 0.238403 0.003418
vt 0.212158 0.018066
vt 0.214355 0.004883
vt 0.196899 0.017578
vt 0.187378 0.004883
vt 0.083984 0.080078
vt 0.087891 0.063477
vt 0.077087 0.056152
vt 0.071106 0.079102
vt 0.127808 0.076172
vt 0.128906 0.057617
vt 0.111389 0.073242
vt 0.093811 0.057129
vt 0.297607 0.025391
vt 0.304932 0.034668
vt 0.322266 0.024902
vt 0.319336 0.059570
vt 0.117065 0.105469
vt 0.129517 0.085449
vt 0.105469 0.098145
vt 0.096252 0.080566
vt 0.075806 0.613770
vt 0.065674 0.606201
vt 0.053833 0.634521
vt 0.072021 0.635254
vt 0.090088 0.622314
vt 0.092590 0.616455
vt 0.102478 0.619141
vt 0.091858 0.627441
vt 0.089355 0.640381
vt 0.106506 0.629395
vt 0.109070 0.634521
vt 0.119385 0.629883
vt 0.116821 0.638428
vt 0.115417 0.645996
vt 0.134766 0.638916
vt 0.098022 0.647949
vt 0.087280 0.660889
vt 0.065430 0.661621
vt 0.048096 0.670166
vt 0.135986 0.642822
vt 0.149170 0.637939
vt 0.136353 0.646484
vt 0.115662 0.653076
vt 0.103516 0.656494
vt 0.096008 0.662354
vt 0.098694 0.667236
vt 0.067383 0.672607
vt 0.063477 0.677734
vt 0.056213 0.682617
vt 0.051880 0.689453
vt 0.040131 0.690918
vt 0.054443 0.701416
vt 0.030609 0.679688
vt 0.040985 0.661621
vt 0.040131 0.641846
vt 0.038422 0.626465
vt 0.024490 0.692139
vt 0.029495 0.697754
vt 0.046509 0.704834
vt 0.055817 0.709717
vt 0.063843 0.709229
vt 0.056213 0.716064
vt 0.040985 0.711914
vt 0.048401 0.723389
vt 0.064148 0.739990
vt 0.038910 0.730957
vt 0.033936 0.717529
vt 0.021515 0.710205
vt 0.025116 0.728516
vt 0.004642 0.722412
vt 0.621094 0.991226
vt 0.615234 0.978745
vt 0.598145 0.986763
vt 0.611816 0.963043
vt 0.637695 0.966217
vt 0.594727 0.964752
vt 0.586914 0.974701
vt 0.583984 0.963470
vt 0.589844 0.945587
vt 0.572266 0.947876
vt 0.636230 0.955994
vt 0.658691 0.964050
vt 0.571777 0.931396
vt 0.553711 0.928833
vt 0.597656 0.920532
vt 0.568359 0.905579
vt 0.559570 0.922668
vt 0.549316 0.895935
vt 0.605957 0.940521
vt 0.635254 0.929077
vt 0.630859 0.938934
vt 0.653320 0.934875
vt 0.662109 0.947357
vt 0.687500 0.948059
vt 0.688965 0.966522
vt 0.550781 0.893127
vt 0.545898 0.887512
vt 0.550781 0.889404
vt 0.559082 0.891541
vt 0.558594 0.879883
vt 0.544922 0.870483
vt 0.549316 0.868042
vt 0.571289 0.892883
vt 0.674805 0.925476
vt 0.716797 0.953918
vt 0.705078 0.970108
vt 0.589355 0.897034
vt 0.693848 0.922180
vt 0.723145 0.968918
vt 0.707520 0.980713
vt 0.721191 0.985489
vt 0.735840 0.979782
vt 0.729980 0.988403
vt 0.749512 0.963715
vt 0.757324 0.975693
vt 0.783203 0.964417
vt 0.770996 0.921021
vt 0.735352 0.925232
vt 0.700195 0.892151
vt 0.780762 0.980453
vt 0.817383 0.979385
vt 0.801270 0.992821
vt 0.817871 0.955688
vt 0.808105 0.950745
vt 0.791992 0.928284
vt 0.788574 0.911255
vt 0.791992 0.901245
vt 0.781738 0.894531
vt 0.740723 0.895569
vt 0.761230 0.879395
vt 0.776367 0.879028
vt 0.720703 0.877197
vt 0.702148 0.861938
vt 0.771484 0.849609
vt 0.779297 0.851440
vt 0.778320 0.833374
vt 0.767090 0.846069
vt 0.759766 0.848755
vt 0.758789 0.861328
vt 0.744141 0.850586
vt 0.752930 0.841309
vt 0.723633 0.838257
vt 0.741699 0.829224
vt 0.752441 0.828003
vt 0.750000 0.814209
vt 0.734375 0.822266
vt 0.724609 0.823486
vt 0.712402 0.827026
vt 0.720215 0.816528
vt 0.705566 0.807495
vt 0.723145 0.806396
vt 0.710449 0.788696
vt 0.725098 0.795044
vt 0.731445 0.760254
vt 0.697754 0.827271
vt 0.727051 0.757080
vt 0.737793 0.744141
vt 0.721680 0.754517
vt 0.699707 0.774048
vt 0.688965 0.786255
vt 0.697754 0.792725
vt 0.692383 0.791992
vt 0.692871 0.801147
vt 0.688477 0.795776
vt 0.684082 0.803955
vt 0.672363 0.799194
vt 0.675293 0.811035
vt 0.682129 0.814697
vt 0.680176 0.835205
vt 0.671387 0.822144
vt 0.656250 0.819946
vt 0.670898 0.837158
vt 0.672363 0.846313
vt 0.667480 0.840332
vt 0.664551 0.872192
vt 0.652832 0.842773
vt 0.654785 0.837280
vt 0.644043 0.839600
vt 0.653320 0.854858
vt 0.662598 0.856812
vt 0.654297 0.862793
vt 0.641113 0.861450
vt 0.655762 0.877014
vt 0.661133 0.884338
vt 0.676270 0.908813
vt 0.642090 0.887085
vt 0.641602 0.879761
vt 0.633789 0.886475
vt 0.651855 0.901367
vt 0.659180 0.894653
vt 0.660156 0.917419
vt 0.651855 0.922302
vt 0.645996 0.913879
vt 0.636230 0.918152
vt 0.622070 0.910828
vt 0.616211 0.902649
vt 0.605469 0.900879
vt 0.610352 0.885071
vt 0.599609 0.893188
vt 0.591797 0.863647
vt 0.582031 0.884521
vt 0.577148 0.876160
vt 0.567383 0.875671
vt 0.576172 0.864868
vt 0.559082 0.867676
vt 0.572266 0.863525
vt 0.574219 0.850708
vt 0.568848 0.860352
vt 0.554688 0.848511
vt 0.549805 0.846069
vt 0.562012 0.846313
vt 0.551758 0.820190
vt 0.561035 0.794434
vt 0.557617 0.807983
vt 0.567383 0.816162
vt 0.584961 0.809082
vt 0.576660 0.838867
vt 0.587402 0.784546
vt 0.581543 0.834473
vt 0.609375 0.806885
vt 0.607910 0.778564
vt 0.592285 0.826416
vt 0.615234 0.827515
vt 0.586426 0.841431
vt 0.594238 0.840454
vt 0.590332 0.854248
vt 0.634766 0.799927
vt 0.638672 0.773315
vt 0.637695 0.822876
vt 0.654297 0.820435
vt 0.653320 0.797852
vt 0.665527 0.789185
vt 0.656250 0.768677
vt 0.667480 0.770874
vt 0.633301 0.831055
vt 0.632812 0.850342
vt 0.624023 0.852783
vt 0.637207 0.866089
vt 0.628418 0.866943
vt 0.611816 0.854126
vt 0.618652 0.871094
vt 0.628906 0.884583
vt 0.623535 0.888489
vt 0.631836 0.903320
vt 0.617676 0.890137
vt 0.608887 0.874390
vt 0.597168 0.855835
vt 0.593750 0.853638
vt 0.595703 0.860840
vt 0.257568 0.017578
vt 0.261963 0.011230
vt 0.254150 0.004395
vt 0.281250 0.003906
vt 0.301514 0.043457
vt 0.295410 0.056641
vt 0.310547 0.057617
vt 0.283447 0.074219
vt 0.695801 0.652588
vt 0.701660 0.664307
vt 0.692383 0.644043
vt 0.705566 0.637451
vt 0.695801 0.666992
vt 0.689453 0.659424
vt 0.692383 0.668213
vt 0.688477 0.669922
vt 0.684082 0.662598
vt 0.686035 0.670654
vt 0.680176 0.670410
vt 0.675781 0.671143
vt 0.671387 0.670654
vt 0.674805 0.665283
vt 0.687012 0.654297
vt 0.669922 0.663086
vt 0.667969 0.670898
vt 0.656738 0.667725
vt 0.675781 0.661133
vt 0.659180 0.655518
vt 0.653320 0.656250
vt 0.645020 0.662598
vt 0.645996 0.655273
vt 0.638184 0.659180
vt 0.688477 0.648682
vt 0.676270 0.650879
vt 0.689941 0.647705
vt 0.690918 0.639893
vt 0.668945 0.650391
vt 0.672363 0.645752
vt 0.679688 0.644287
vt 0.660156 0.651123
vt 0.665039 0.648193
vt 0.658203 0.654053
vt 0.657227 0.650391
vt 0.692871 0.634766
vt 0.703125 0.630127
vt 0.688477 0.617920
vt 0.719727 0.625977
vt 0.731934 0.624512
vt 0.699707 0.613770
vt 0.714844 0.609131
vt 0.727539 0.612305
vt 0.726074 0.602539
vt 0.688965 0.635254
vt 0.687012 0.631104
vt 0.683594 0.637207
vt 0.678223 0.632324
vt 0.681152 0.637695
vt 0.675293 0.638916
vt 0.701660 0.593506
vt 0.711426 0.593506
vt 0.695801 0.599854
vt 0.723633 0.593506
vt 0.725586 0.593506
vt 0.726074 0.582764
vt 0.720703 0.580811
vt 0.707520 0.586426
vt 0.707031 0.588867
vt 0.705078 0.583252
vt 0.686035 0.594482
vt 0.685547 0.597656
vt 0.684082 0.593506
vt 0.658203 0.605469
vt 0.672363 0.621826
vt 0.658203 0.608643
vt 0.657715 0.625244
vt 0.643066 0.614258
vt 0.670410 0.633545
vt 0.671875 0.638428
vt 0.667969 0.639160
vt 0.663086 0.634521
vt 0.666992 0.645020
vt 0.661133 0.645996
vt 0.661133 0.649170
vt 0.658691 0.649414
vt 0.666504 0.639893
vt 0.663086 0.639648
vt 0.658203 0.636719
vt 0.654785 0.647705
vt 0.661621 0.640137
vt 0.657715 0.640625
vt 0.655273 0.637939
vt 0.655273 0.645020
vt 0.645996 0.629395
vt 0.655762 0.640625
vt 0.651855 0.640625
vt 0.638184 0.633545
vt 0.630371 0.625488
vt 0.630371 0.635986
vt 0.626465 0.630859
vt 0.624512 0.633789
vt 0.651367 0.637207
vt 0.626953 0.638916
vt 0.621094 0.637207
vt 0.624023 0.642578
vt 0.629883 0.644043
vt 0.626953 0.647217
vt 0.629395 0.653564
vt 0.634766 0.648682
vt 0.635254 0.642578
vt 0.641113 0.653564
vt 0.639160 0.638672
vt 0.645020 0.638916
vt 0.647461 0.638672
vt 0.650391 0.640381
vt 0.650391 0.645264
vt 0.645020 0.645508
vt 0.648926 0.640869
vt 0.645996 0.641357
vt 0.651367 0.647705
vt 0.644531 0.640869
vt 0.643066 0.640625
vt 0.648926 0.648438
vt 0.651367 0.648438
vt 0.654297 0.648682
vt 0.641602 0.640869
vt 0.638184 0.641357
vt 0.639160 0.646484
vt 0.640625 0.651123
vt 0.645020 0.649658
vt 0.645508 0.653076
vt 0.647461 0.650635
vt 0.648926 0.654053
vt 0.649414 0.649414
vt 0.648438 0.651367
vt 0.653320 0.655029
vt 0.651367 0.648926
vt 0.654297 0.649414
vt 0.649902 0.649902
vt 0.656250 0.650391
vt 0.649414 0.651123
vt 0.655273 0.651367
vt 0.650391 0.652100
vt 0.650391 0.651855
vt 0.652344 0.652588
vt 0.652344 0.652100
vt 0.653809 0.651611
vt 0.654297 0.652344
vt 0.655762 0.651611
vt 0.881836 0.635010
vt 0.839355 0.635742
vt 0.881836 0.651855
vt 0.840820 0.641846
vt 0.849121 0.660889
vt 0.869629 0.669678
vt 0.819336 0.653564
vt 0.822754 0.638916
vt 0.802246 0.628906
vt 0.840332 0.688965
vt 0.861816 0.696533
vt 0.846191 0.719727
vt 0.823242 0.715576
vt 0.836914 0.735107
vt 0.812988 0.671387
vt 0.798828 0.630615
vt 0.794922 0.624756
vt 0.793945 0.633057
vt 0.799805 0.646729
vt 0.797852 0.688965
vt 0.789551 0.659912
vt 0.786133 0.643555
vt 0.779297 0.631348
vt 0.782715 0.624268
vt 0.770996 0.615479
vt 0.767578 0.621338
vt 0.767090 0.638184
vt 0.749023 0.621338
vt 0.751953 0.617920
vt 0.733887 0.604736
vt 0.743652 0.624268
vt 0.754395 0.639404
vt 0.764160 0.659424
vt 0.778809 0.675537
vt 0.745605 0.658203
vt 0.770020 0.681396
vt 0.785645 0.699707
vt 0.805664 0.713867
vt 0.804688 0.715820
vt 0.800293 0.715088
vt 0.805664 0.718994
vt 0.813965 0.721924
vt 0.820312 0.729736
vt 0.814941 0.725830
vt 0.808594 0.727539
vt 0.812012 0.742432
vt 0.804688 0.729248
vt 0.803223 0.735840
vt 0.823242 0.746826
vt 0.837891 0.744141
vt 0.828125 0.760498
vt 0.817383 0.763062
vt 0.828613 0.787964
vt 0.804688 0.774658
vt 0.792969 0.750854
vt 0.792969 0.740723
vt 0.804199 0.758789
vt 0.793457 0.767822
vt 0.788574 0.773804
vt 0.783203 0.768433
vt 0.786133 0.761475
vt 0.782715 0.765137
vt 0.772949 0.756836
vt 0.770996 0.760986
vt 0.760254 0.757446
vt 0.785645 0.742920
vt 0.791504 0.737061
vt 0.784668 0.729980
vt 0.774902 0.734131
vt 0.773438 0.748535
vt 0.761719 0.745117
vt 0.764160 0.733643
vt 0.731445 0.734619
vt 0.760254 0.750610
vt 0.760742 0.753174
vt 0.759766 0.755005
vt 0.753906 0.753418
vt 0.497314 0.046387
vt 0.496582 0.031250
vt 0.482910 0.027344
vt 0.477539 0.035156
vt 0.477051 0.046387
vt 0.478271 0.086426
vt 0.454346 0.045410
vt 0.445801 0.025391
vt 0.441406 0.034668
vt 0.458984 0.066895
vt 0.434082 0.050293
vt 0.431885 0.036133
vt 0.447266 0.094238
vt 0.455322 0.125977
vt 0.437988 0.104004
vt 0.425781 0.078125
vt 0.406738 0.081543
vt 0.414307 0.063477
vt 0.401855 0.042969
vt 0.400391 0.034180
vt 0.397217 0.052246
vt 0.360596 0.043945
vt 0.495361 0.759766
vt 0.507812 0.767578
vt 0.505859 0.752075
vt 0.518066 0.749268
vt 0.516113 0.736572
vt 0.530762 0.772095
vt 0.541016 0.747803
vt 0.524414 0.738525
vt 0.529297 0.735840
vt 0.554199 0.772339
vt 0.546875 0.731934
vt 0.564941 0.738037
vt 0.536133 0.724365
vt 0.557129 0.757568
vt 0.576172 0.759277
vt 0.575684 0.775879
vt 0.543945 0.708984
vt 0.538086 0.710693
vt 0.542969 0.692627
vt 0.552246 0.707031
vt 0.557617 0.721191
vt 0.563477 0.710938
vt 0.572266 0.721191
vt 0.587891 0.770752
vt 0.585938 0.778198
vt 0.602051 0.766357
vt 0.591309 0.764038
vt 0.588379 0.757568
vt 0.600098 0.744873
vt 0.584961 0.740967
vt 0.598633 0.741211
vt 0.603027 0.736328
vt 0.595703 0.737061
vt 0.590332 0.728027
vt 0.583496 0.728027
vt 0.595215 0.714355
vt 0.589844 0.709229
vt 0.600098 0.703857
vt 0.595215 0.702637
vt 0.580078 0.694580
vt 0.592285 0.694092
vt 0.586426 0.676270
vt 0.577637 0.706299
vt 0.569336 0.700439
vt 0.572754 0.690430
vt 0.579590 0.677734
vt 0.575684 0.662842
vt 0.574219 0.677246
vt 0.232910 0.712646
vt 0.244507 0.722168
vt 0.255127 0.718750
vt 0.261963 0.705566
vt 0.240601 0.693604
vt 0.261475 0.689209
vt 0.233521 0.672852
vt 0.235596 0.662109
vt 0.305664 0.688477
vt 0.304199 0.700195
vt 0.240356 0.649170
vt 0.222412 0.635742
vt 0.234985 0.639648
vt 0.240601 0.626221
vt 0.296387 0.656494
vt 0.258789 0.625000
vt 0.310791 0.619141
vt 0.325928 0.641846
vt 0.329102 0.657715
vt 0.331787 0.618164
vt 0.334473 0.666992
vt 0.326416 0.615723
vt 0.344482 0.694336
vt 0.347412 0.716797
vt 0.343262 0.669189
vt 0.363770 0.705078
vt 0.234863 0.587891
vt 0.225586 0.589355
vt 0.225342 0.577637
vt 0.244019 0.581055
vt 0.264160 0.587646
vt 0.298584 0.580811
vt 0.248169 0.572510
vt 0.264404 0.570557
vt 0.245605 0.542725
vt 0.257080 0.541016
vt 0.355957 0.674805
vt 0.385010 0.665771
vt 0.380859 0.699219
vt 0.412598 0.688965
vt 0.397461 0.710693
vt 0.419189 0.715820
vt 0.441406 0.705566
vt 0.434570 0.682129
vt 0.351562 0.655273
vt 0.341309 0.653809
vt 0.343018 0.647217
vt 0.352539 0.643066
vt 0.363281 0.641846
vt 0.354980 0.631592
vt 0.369873 0.627441
vt 0.394775 0.635986
vt 0.393799 0.585449
vt 0.402832 0.597412
vt 0.430176 0.659424
vt 0.467773 0.640137
vt 0.433350 0.640137
vt 0.419189 0.643555
vt 0.432617 0.625977
vt 0.413818 0.615479
vt 0.462646 0.566895
vt 0.652832 0.710205
vt 0.662109 0.710449
vt 0.667969 0.721436
vt 0.654297 0.718506
vt 0.649414 0.716064
vt 0.646973 0.725830
vt 0.645020 0.719727
vt 0.662109 0.726807
vt 0.639648 0.725830
vt 0.639160 0.720947
vt 0.633789 0.725342
vt 0.638672 0.730713
vt 0.630371 0.731689
vt 0.628906 0.728516
vt 0.622070 0.732666
vt 0.651855 0.733154
vt 0.642578 0.736816
vt 0.658203 0.742920
vt 0.668457 0.738770
vt 0.647461 0.744873
vt 0.635742 0.739990
vt 0.631348 0.733643
vt 0.625488 0.736816
vt 0.624023 0.734863
vt 0.620117 0.736816
vt 0.614746 0.734131
vt 0.614746 0.737061
vt 0.614258 0.740234
vt 0.620605 0.739502
vt 0.615234 0.744141
vt 0.628418 0.744141
vt 0.625488 0.748779
vt 0.620605 0.753174
vt 0.633789 0.754272
vt 0.629883 0.761108
vt 0.636719 0.750000
vt 0.632812 0.760254
vt 0.637207 0.763062
vt 0.634277 0.758179
vt 0.638184 0.758545
vt 0.649902 0.763062
vt 0.637695 0.756470
vt 0.639160 0.755859
vt 0.641113 0.747314
vt 0.642578 0.754272
vt 0.648926 0.755737
vt 0.644043 0.750977
vt 0.649414 0.748291
vt 0.650879 0.747559
vt 0.660156 0.754028
vt 0.660156 0.761841
vt 0.683594 0.722656
vt 0.693359 0.725830
vt 0.030426 0.051758
vt 0.030411 0.055664
vt 0.034821 0.050293
vt 0.036957 0.054199
vt 0.041504 0.041504
vt 0.049194 0.043457
vt 0.046509 0.037109
vt 0.052612 0.036133
vt 0.037109 0.060059
vt 0.031342 0.067383
vt 0.026581 0.066406
vt 0.022263 0.075684
vt 0.044586 0.056152
vt 0.054199 0.055176
vt 0.059235 0.047363
vt 0.057404 0.036621
vt 0.063843 0.041504
vt 0.048828 0.061523
vt 0.061676 0.035645
vt 0.044250 0.067871
vt 0.068115 0.037598
vt 0.040314 0.064941
vt 0.036743 0.072754
vt 0.041046 0.076172
vt 0.033142 0.078613
vt 0.036957 0.082520
vt 0.029404 0.087891
vt 0.025665 0.078125
vt 0.027695 0.083984
vt 0.023941 0.082031
vt 0.020203 0.082520
vt 0.023010 0.084961
vt 0.021439 0.088379
vt 0.127686 0.137695
vt 0.130127 0.125000
vt 0.113647 0.124512
vt 0.112244 0.135254
vt 0.125977 0.142578
vt 0.090942 0.124512
vt 0.105408 0.141113
vt 0.088379 0.135742
vt 0.073608 0.124512
vt 0.089172 0.142578
vt 0.072144 0.136719
vt 0.053406 0.126953
vt 0.075500 0.146973
vt 0.055298 0.137695
vt 0.037537 0.131836
vt 0.068237 0.145996
vt 0.074463 0.153320
vt 0.067078 0.156250
vt 0.074341 0.160156
vt 0.068420 0.165527
vt 0.059418 0.166016
vt 0.055939 0.155273
vt 0.045319 0.163086
vt 0.042419 0.152832
vt 0.039581 0.165039
vt 0.035309 0.162598
vt 0.056946 0.145020
vt 0.044708 0.144531
vt 0.026825 0.151855
vt 0.023727 0.155762
vt 0.025864 0.146484
vt 0.026871 0.143066
vt 0.025833 0.135742
vt 0.015472 0.144043
vt 0.011787 0.143555
vt 0.013420 0.140137
vt 0.016541 0.142578
vt 0.663574 0.677734
vt 0.653320 0.671875
vt 0.653809 0.677490
vt 0.655273 0.686279
vt 0.642578 0.689209
vt 0.638184 0.674072
vt 0.636230 0.686768
vt 0.656738 0.692139
vt 0.650391 0.691650
vt 0.649902 0.695312
vt 0.641113 0.691650
vt 0.635254 0.689453
vt 0.626953 0.687256
vt 0.627441 0.684570
vt 0.618652 0.686279
vt 0.619629 0.682617
vt 0.611328 0.684326
vt 0.629883 0.672607
vt 0.611816 0.680908
vt 0.604492 0.683594
vt 0.621094 0.671631
vt 0.603516 0.678711
vt 0.611816 0.670654
vt 0.621094 0.663330
vt 0.598633 0.682129
vt 0.598633 0.683838
vt 0.597656 0.684082
vt 0.595215 0.683594
vt 0.594727 0.678467
vt 0.604004 0.669189
vt 0.595215 0.666992
vt 0.602051 0.657471
vt 0.598145 0.655762
vt 0.605957 0.651855
vt 0.608887 0.653564
vt 0.602539 0.649170
vt 0.608887 0.643555
vt 0.611328 0.647461
vt 0.614746 0.640137
vt 0.616699 0.645508
vt 0.607422 0.658447
vt 0.613281 0.650879
vt 0.624023 0.649902
vt 0.610352 0.661377
vt 0.615234 0.660400
vt 0.611328 0.657471
vt 0.620117 0.656250
vt 0.630371 0.662842
vt 0.614258 0.657715
vt 0.609375 0.656494
vt 0.613281 0.654297
vt 0.616699 0.652832
vt 0.617188 0.651855
vt 0.619141 0.651367
vt 0.620117 0.651123
vt 0.623535 0.653320
vt 0.626465 0.650391
vt 0.638184 0.664795
vt 0.643555 0.670166
vt 0.138916 0.034180
vt 0.131836 0.031250
vt 0.136963 0.037109
vt 0.135742 0.037109
vt 0.128662 0.039062
vt 0.132324 0.043457
vt 0.123230 0.035645
vt 0.112549 0.025391
vt 0.110657 0.040039
vt 0.123596 0.041992
vt 0.126099 0.047363
vt 0.117310 0.049316
vt 0.114502 0.043945
vt 0.106995 0.050781
vt 0.106018 0.044434
vt 0.096741 0.049805
vt 0.096924 0.043945
vt 0.090149 0.050293
vt 0.100830 0.029297
vt 0.100281 0.014648
vt 0.089905 0.020508
vt 0.088074 0.043457
vt 0.079041 0.049805
vt 0.093018 0.039062
vt 0.088196 0.024414
vt 0.074646 0.044434
vt 0.070435 0.047852
vt 0.075256 0.037109
vt 0.069519 0.028320
vt 0.068970 0.009277
vt 0.062347 0.023438
vt 0.053040 0.030762
vt 0.042603 0.001953
vt 0.045959 0.020996
vt 0.040863 0.029785
vt 0.029785 0.017090
vt 0.021164 0.010254
vt 0.015282 0.031250
vt 0.002989 0.021484
vt 0.007446 0.105469
vt 0.008469 0.104492
vt 0.005180 0.102051
vt 0.006050 0.105469
vt 0.004253 0.105469
vt 0.002359 0.104980
vt 0.006504 0.122559
vt 0.007488 0.122070
vt 0.005264 0.119629
vt 0.005516 0.122559
vt 0.004391 0.122559
vt 0.003193 0.122070
vt 0.005703 0.137207
vt 0.003986 0.139160
vt 0.004807 0.139648
vt 0.005547 0.139648
vt 0.006329 0.139160
vt 0.007263 0.139160
vt 0.015854 0.103027
vt 0.011749 0.109863
vt 0.013412 0.109863
vt 0.015228 0.110840
vt 0.017487 0.110840
vt 0.018875 0.110352
vt 0.022919 0.100098
vt 0.020767 0.105957
vt 0.021835 0.105957
vt 0.022934 0.105957
vt 0.024261 0.105957
vt 0.025467 0.105469
vt 0.028214 0.116699
vt 0.025543 0.119141
vt 0.026627 0.119629
vt 0.027924 0.120117
vt 0.029266 0.119629
vt 0.030258 0.119629
vt 0.006397 0.148926
vt 0.003815 0.149414
vt 0.004589 0.150879
vt 0.006405 0.151367
vt 0.008026 0.150879
vt 0.008949 0.149414
vt 0.022903 0.129395
vt 0.024216 0.128906
vt 0.022049 0.126465
vt 0.021500 0.129395
vt 0.020294 0.129395
vt 0.019150 0.128418
vt 0.013832 0.113281
vt 0.010773 0.114258
vt 0.012184 0.115723
vt 0.013420 0.116211
vt 0.015137 0.116211
vt 0.016159 0.115723
vt 0.002846 0.081543
vt 0.002876 0.088379
vt 0.005993 0.081543
vt 0.009201 0.084961
vt 0.009315 0.087402
vt 0.009377 0.090820
vt 0.002533 0.099121
vt 0.005661 0.092285
vt 0.003519 0.091309
vt 0.007133 0.093262
vt 0.009094 0.095703
vt 0.010468 0.097656
vt 0.014801 0.090332
vt 0.012642 0.084473
vt 0.011322 0.085449
vt 0.014519 0.084473
vt 0.016891 0.084961
vt 0.018646 0.085938
vt 0.021683 0.097168
vt 0.023331 0.093750
vt 0.020325 0.092773
vt 0.019745 0.095703
vt 0.017365 0.100586
vt 0.017532 0.095215
vt 0.017303 0.091797
vt 0.015045 0.095703
vt 0.013443 0.097168
vt 0.014519 0.091797
vt 0.011856 0.093262
vt 0.017288 0.078613
vt 0.016098 0.078125
vt 0.015594 0.080566
vt 0.014809 0.078125
vt 0.013725 0.079102
vt 0.012901 0.080078
vt 0.110962 0.213379
vt 0.115784 0.229492
vt 0.131836 0.225098
vt 0.128540 0.210938
vt 0.104614 0.201172
vt 0.146851 0.220215
vt 0.117432 0.190430
vt 0.142090 0.203125
vt 0.134766 0.194336
vt 0.117920 0.247070
vt 0.136108 0.242676
vt 0.155273 0.242188
vt 0.164917 0.222168
vt 0.176025 0.230469
vt 0.168091 0.247070
vt 0.178589 0.249023
vt 0.183350 0.235840
vt 0.194214 0.223145
vt 0.196045 0.210449
vt 0.220703 0.212402
vt 0.163818 0.209473
vt 0.185791 0.197266
vt 0.218628 0.202148
vt 0.156128 0.200195
vt 0.235596 0.198730
vt 0.250977 0.208984
vt 0.210327 0.185547
vt 0.171387 0.193359
vt 0.199463 0.171387
vt 0.155151 0.197754
vt 0.167969 0.187988
vt 0.140625 0.186035
vt 0.130371 0.187012
vt 0.185059 0.165527
vt 0.165649 0.184082
vt 0.128784 0.171875
vt 0.118042 0.172363
vt 0.152466 0.173828
vt 0.162964 0.159180
vt 0.201538 0.153320
vt 0.187012 0.152832
vt 0.215454 0.160156
vt 0.167603 0.147949
vt 0.145630 0.153320
vt 0.146484 0.141602
vt 0.143311 0.158691
vt 0.137817 0.166504
vt 0.227905 0.178711
vt 0.140625 0.147461
vt 0.135376 0.135254
vt 0.128174 0.144043
vt 0.141846 0.154297
vt 0.137939 0.156738
vt 0.121765 0.151367
vt 0.134399 0.162598
vt 0.127563 0.167969
vt 0.116943 0.160156
vt 0.111450 0.166504
vt 0.106140 0.182617
vt 0.096313 0.189453
vt 0.091858 0.179688
vt 0.099976 0.173828
vt 0.365723 0.384277
vt 0.394775 0.354980
vt 0.385010 0.344727
vt 0.348389 0.363281
vt 0.360107 0.317871
vt 0.343750 0.403809
vt 0.329590 0.334961
vt 0.338135 0.289062
vt 0.330322 0.377930
vt 0.361816 0.420410
vt 0.310303 0.307617
vt 0.322998 0.269043
vt 0.368652 0.439453
vt 0.378662 0.470703
vt 0.344971 0.456543
vt 0.376465 0.499023
vt 0.332275 0.439453
vt 0.320068 0.421875
vt 0.326660 0.474121
vt 0.361572 0.510986
vt 0.309570 0.458008
vt 0.310547 0.490234
vt 0.346924 0.525879
vt 0.292236 0.474609
vt 0.269531 0.455566
vt 0.291748 0.438965
vt 0.318604 0.396484
vt 0.271729 0.426270
vt 0.256836 0.447266
vt 0.292725 0.400879
vt 0.304932 0.380859
vt 0.251221 0.418457
vt 0.236694 0.437988
vt 0.270752 0.391602
vt 0.314697 0.346680
vt 0.285156 0.377441
vt 0.298584 0.321777
vt 0.289062 0.354004
vt 0.253662 0.367188
vt 0.215210 0.414551
vt 0.208740 0.423828
vt 0.176758 0.397949
vt 0.243896 0.381348
vt 0.183472 0.393555
vt 0.171143 0.391602
vt 0.230225 0.397949
vt 0.198608 0.374512
vt 0.182007 0.383789
vt 0.209473 0.357422
vt 0.175781 0.377441
vt 0.165405 0.385254
vt 0.154785 0.371094
vt 0.194214 0.370117
vt 0.188477 0.363770
vt 0.166626 0.360352
vt 0.140869 0.344727
vt 0.154175 0.336426
vt 0.130371 0.318359
vt 0.181885 0.348145
vt 0.196167 0.350586
vt 0.144409 0.312500
vt 0.123535 0.292969
vt 0.203125 0.354980
vt 0.203491 0.338379
vt 0.171997 0.325684
vt 0.211792 0.340332
vt 0.200928 0.328613
vt 0.220825 0.344238
vt 0.215698 0.332520
vt 0.261719 0.349121
vt 0.231079 0.333496
vt 0.212402 0.322266
vt 0.217407 0.320801
vt 0.189087 0.313477
vt 0.285156 0.329590
vt 0.199219 0.309570
vt 0.295166 0.315918
vt 0.298340 0.291016
vt 0.298340 0.253906
vt 0.284424 0.267090
vt 0.271484 0.254395
vt 0.281250 0.238770
vt 0.259766 0.229004
vt 0.255859 0.244629
vt 0.283936 0.325195
vt 0.226807 0.226562
vt 0.233032 0.239258
vt 0.212036 0.245605
vt 0.203491 0.236328
vt 0.194824 0.245605
vt 0.200562 0.260254
vt 0.188477 0.255859
vt 0.195557 0.274414
vt 0.175659 0.266602
vt 0.185791 0.270020
vt 0.188965 0.284180
vt 0.199585 0.290039
vt 0.177612 0.282227
vt 0.193970 0.295898
vt 0.208008 0.307617
vt 0.186890 0.297363
vt 0.164917 0.264160
vt 0.169189 0.284180
vt 0.152832 0.263184
vt 0.178467 0.299805
vt 0.156250 0.286621
vt 0.134521 0.265137
vt 0.119812 0.267578
vt 0.137207 0.289062
vt 0.162842 0.305176
vt 0.204346 0.309082
vt 0.219360 0.318359
vt 0.233887 0.325684
vt 0.232910 0.329590
vt 0.252686 0.327148
vt 0.251465 0.334961
vt 0.251465 0.330078
vt 0.264648 0.328125
vt 0.265381 0.326172
vt 0.265869 0.333984
vt 0.416504 0.369629
vt 0.473389 0.368652
vt 0.434570 0.327148
vt 0.451172 0.341797
vt 0.472656 0.327148
vt 0.495850 0.352051
vt 0.421875 0.314453
vt 0.458008 0.311523
vt 0.489502 0.315918
vt 0.528320 0.346191
vt 0.472168 0.291992
vt 0.508301 0.313965
vt 0.439697 0.292480
vt 0.457764 0.267578
vt 0.395752 0.288086
vt 0.530762 0.331055
vt 0.541992 0.342285
vt 0.529785 0.317383
vt 0.520996 0.310547
vt 0.414551 0.264160
vt 0.369873 0.262695
vt 0.436523 0.243164
vt 0.464600 0.248047
vt 0.461182 0.235352
vt 0.357666 0.242188
vt 0.389893 0.234863
vt 0.448242 0.223633
vt 0.467041 0.220215
vt 0.461426 0.208984
vt 0.317383 0.239746
vt 0.410889 0.212891
vt 0.449707 0.198242
vt 0.471436 0.191406
vt 0.459961 0.182129
vt 0.433838 0.204590
vt 0.438721 0.177734
vt 0.459961 0.174316
vt 0.297852 0.215820
vt 0.422119 0.187988
vt 0.272705 0.209961
vt 0.256836 0.196289
vt 0.278320 0.195312
vt 0.317627 0.194824
vt 0.247192 0.174805
vt 0.339600 0.219238
vt 0.268799 0.184082
vt 0.272705 0.164062
vt 0.239380 0.157227
vt 0.223511 0.147949
vt 0.250000 0.150879
vt 0.274414 0.137207
vt 0.240723 0.150879
vt 0.251709 0.126465
vt 0.228394 0.116699
vt 0.370361 0.221680
vt 0.389160 0.201172
vt 0.402344 0.198730
vt 0.397217 0.189453
vt 0.375244 0.196777
vt 0.353027 0.203125
vt 0.363770 0.205566
vt 0.343994 0.188477
vt 0.365234 0.196289
vt 0.375977 0.183105
vt 0.362793 0.183105
vt 0.347412 0.174316
vt 0.361572 0.171875
vt 0.329102 0.183105
vt 0.296387 0.176758
vt 0.328125 0.168945
vt 0.342773 0.163574
vt 0.304199 0.161133
vt 0.317139 0.156250
vt 0.288574 0.148438
vt 0.299805 0.127930
vt 0.307373 0.145996
vt 0.319336 0.152344
vt 0.338867 0.156250
vt 0.320068 0.134766
vt 0.307617 0.114746
vt 0.333984 0.141113
vt 0.285156 0.114258
vt 0.324951 0.124023
vt 0.349854 0.136719
vt 0.339355 0.125488
vt 0.322510 0.114746
vt 0.330811 0.114258
vt 0.336914 0.115723
vt 0.317383 0.110352
vt 0.353271 0.114746
vt 0.358643 0.093262
vt 0.360840 0.099121
vt 0.309814 0.100586
vt 0.319824 0.100586
vt 0.297363 0.094727
vt 0.317383 0.093262
vt 0.328857 0.093262
vt 0.321289 0.087402
vt 0.309082 0.085449
vt 0.326172 0.062988
vt 0.304443 0.077637
vt 0.291748 0.080078
vt 0.272217 0.079590
vt 0.272461 0.095703
vt 0.274658 0.118164
vt 0.265625 0.122559
vt 0.269531 0.115723
vt 0.252686 0.115234
vt 0.256836 0.108887
vt 0.243042 0.069824
vt 0.232910 0.102051
vt 0.264893 0.060547
vt 0.246582 0.055176
vt 0.281982 0.061035
vt 0.274414 0.047852
vt 0.285645 0.049805
vt 0.277100 0.033691
vt 0.263672 0.029785
vt 0.288818 0.036133
vt 0.291016 0.025879
vt 0.235840 0.095215
vt 0.238281 0.067383
vt 0.257324 0.040527
vt 0.280518 0.027832
vt 0.282959 0.021973
vt 0.278809 0.019531
vt 0.281250 0.008789
vt 0.272705 0.021484
vt 0.267578 0.017578
vt 0.265625 0.021484
vt 0.265869 0.016113
vt 0.261230 0.020996
vt 0.257568 0.027344
vt 0.253174 0.036133
vt 0.249878 0.037598
vt 0.248901 0.044922
vt 0.240234 0.040039
vt 0.236816 0.049316
vt 0.219482 0.055176
vt 0.242432 0.029297
vt 0.249878 0.027344
vt 0.252441 0.015625
vt 0.225586 0.044922
vt 0.244751 0.018555
vt 0.250732 0.015625
vt 0.249023 0.002930
vt 0.238525 0.015625
vt 0.233032 0.029785
vt 0.229858 0.035156
vt 0.227417 0.035645
vt 0.217773 0.037109
vt 0.226074 0.028809
vt 0.214722 0.046387
vt 0.197510 0.054199
vt 0.216064 0.066406
vt 0.219360 0.028320
vt 0.226196 0.021484
vt 0.222168 0.020020
vt 0.228027 0.011719
vt 0.217407 0.017578
vt 0.215698 0.027344
vt 0.210815 0.025391
vt 0.211182 0.034668
vt 0.207153 0.031738
vt 0.202148 0.037598
vt 0.204834 0.042480
vt 0.197144 0.044922
vt 0.185181 0.041016
vt 0.196045 0.038574
vt 0.197388 0.021973
vt 0.177124 0.035645
vt 0.169434 0.042480
vt 0.168457 0.038574
vt 0.161255 0.039551
vt 0.156860 0.041992
vt 0.160522 0.034668
vt 0.152954 0.039551
vt 0.169189 0.052246
vt 0.151611 0.050781
vt 0.148804 0.044434
vt 0.144775 0.040039
vt 0.142944 0.042969
vt 0.141968 0.039062
vt 0.135986 0.041016
vt 0.136963 0.050781
vt 0.136230 0.059082
vt 0.184082 0.053223
vt 0.167847 0.059570
vt 0.152710 0.059570
vt 0.152832 0.069336
vt 0.135132 0.066895
vt 0.136597 0.077148
vt 0.184570 0.063965
vt 0.178833 0.083008
vt 0.155029 0.079102
vt 0.152832 0.085449
vt 0.136475 0.082520
vt 0.176025 0.088867
vt 0.198486 0.064453
vt 0.192627 0.093262
vt 0.173340 0.106445
vt 0.192139 0.109863
vt 0.195068 0.087402
vt 0.211548 0.098633
vt 0.209351 0.112305
vt 0.215820 0.092285
vt 0.233032 0.094238
vt 0.166016 0.134766
vt 0.187988 0.142090
vt 0.207642 0.146973
vt 0.136963 0.104980
vt 0.153687 0.104492
vt 0.139771 0.125000
vt 0.152710 0.126953
vt 0.358398 0.163086
vt 0.372314 0.175293
vt 0.381348 0.166504
vt 0.389404 0.180176
vt 0.404053 0.159668
vt 0.411133 0.175781
vt 0.426025 0.168457
vt 0.420654 0.155762
vt 0.447998 0.164062
vt 0.438965 0.156250
vt 0.461670 0.151367
vt 0.468994 0.158203
vt 0.480957 0.148438
vt 0.475098 0.143066
vt 0.452881 0.143555
vt 0.466797 0.134766
vt 0.484863 0.129395
vt 0.432129 0.148438
vt 0.482178 0.123535
vt 0.497314 0.116699
vt 0.479248 0.119629
vt 0.463867 0.126953
vt 0.444824 0.135742
vt 0.421143 0.144531
vt 0.419678 0.138184
vt 0.400146 0.150391
vt 0.388916 0.151367
vt 0.428467 0.141602
vt 0.440430 0.135254
vt 0.446045 0.130859
vt 0.437988 0.132812
vt 0.365234 0.153320
vt 0.386230 0.139648
vt 0.350098 0.151367
vt 0.351318 0.161133
vt 0.372559 0.133301
vt 0.386963 0.125000
vt 0.395020 0.125488
vt 0.400879 0.117188
vt 0.387939 0.119629
vt 0.366699 0.118652
vt 0.378906 0.109863
vt 0.393555 0.105957
vt 0.360352 0.107910
vt 0.372559 0.100098
vt 0.369141 0.094238
vt 0.390381 0.101074
vt 0.399658 0.094727
vt 0.391357 0.091797
vt 0.383545 0.095703
vt 0.383545 0.088379
vt 0.378174 0.085449
vt 0.394043 0.070801
vt 0.396484 0.073242
vt 0.399170 0.075684
vt 0.407471 0.063965
vt 0.544434 0.205566
vt 0.532715 0.187988
vt 0.515137 0.178223
vt 0.496094 0.191406
vt 0.467773 0.242188
vt 0.478760 0.198730
vt 0.491211 0.179199
vt 0.507324 0.162109
vt 0.467041 0.183594
vt 0.491455 0.151855
vt 0.484619 0.171875
vt 0.006390 0.993397
vt 0.080566 0.993397
vt 0.007057 0.968292
vt 0.102966 0.919189
vt 0.025589 0.906311
vt 0.181885 0.993397
vt 0.187866 0.934631
vt 0.248169 0.993397
vt 0.251221 0.939178
vt 0.322021 0.993397
vt 0.326904 0.951355
vt 0.441406 0.993397
vt 0.441650 0.957611
vt 0.544434 0.993397
vt 0.538574 0.937439
vt 0.101746 0.751587
vt 0.077026 0.736328
vt 0.042145 0.755859
vt 0.087158 0.781250
vt 0.030807 0.785645
vt 0.023865 0.833862
vt 0.117554 0.761597
vt 0.120178 0.747314
vt 0.151978 0.781616
vt 0.116028 0.848633
vt 0.183960 0.815918
vt 0.187378 0.785400
vt 0.234619 0.826660
vt 0.258545 0.853882
vt 0.336426 0.889099
vt 0.445557 0.895203
vt 0.532715 0.889709
vt 0.221924 0.802734
vt 0.264648 0.826172
vt 0.236450 0.770142
vt 0.244385 0.808594
vt 0.278320 0.784058
vt 0.295166 0.842529
vt 0.293213 0.830200
vt 0.316406 0.798096
vt 0.313477 0.835938
vt 0.309326 0.848999
vt 0.359619 0.851440
vt 0.354248 0.828125
vt 0.371338 0.814209
vt 0.375244 0.840454
vt 0.389160 0.854858
vt 0.376221 0.837891
vt 0.404297 0.842529
vt 0.392090 0.850464
vt 0.425781 0.863403
vt 0.449707 0.855347
vt 0.439453 0.846558
vt 0.468506 0.863281
vt 0.458496 0.847168
vt 0.516113 0.845093
vt 0.488525 0.849121
vt 0.536133 0.849243
vt 0.510254 0.832031
vt 0.532715 0.825073
vt 0.435303 0.829590
vt 0.520020 0.775513
vt 0.541504 0.813965
vt 0.496094 0.812866
vt 0.494385 0.826416
vt 0.473877 0.845337
vt 0.470215 0.837280
vt 0.470459 0.823242
vt 0.458252 0.815674
vt 0.424805 0.817627
vt 0.457275 0.776611
vt 0.414307 0.800659
vt 0.419434 0.757568
vt 0.348145 0.795044
vt 0.351318 0.739990
vt 0.300781 0.781738
vt 0.287354 0.755371
vt 0.305664 0.766235
vt 0.317871 0.733398
vt 0.288574 0.748535
vt 0.287842 0.738037
vt 0.265137 0.755127
vt 0.248779 0.746582
vt 0.269287 0.705811
vt 0.217041 0.753174
vt 0.184448 0.759644
vt 0.158447 0.767944
vt 0.132812 0.731689
vt 0.193481 0.746338
vt 0.229980 0.683350
vt 0.172119 0.733398
vt 0.174316 0.627441
vt 0.101074 0.714355
vt 0.096619 0.737793
vt 0.095032 0.749268
vt 0.077942 0.733643
vt 0.083313 0.706787
vt 0.061890 0.714844
vt 0.799316 0.908813
vt 0.841309 0.890198
vt 0.792969 0.880676
vt 0.818848 0.921326
vt 0.070435 0.201172
vt 0.082581 0.176270
vt 0.036530 0.180176
vt 0.101013 0.218750
vt 0.228516 0.244629
vt 0.233032 0.285645
vt 0.238281 0.246582
vt 0.202515 0.282715
vt 0.231323 0.318359
vt 0.806641 0.831421
vt 0.807129 0.851685
vt 0.846191 0.841431
vt 0.808594 0.875854
vt 0.809570 0.060547
vt 0.823730 0.045410
vt 0.777832 0.051270
vt 0.804688 0.075195
vt 0.788574 0.042969
vt 0.796387 0.004395
vt 0.763672 0.036133
vt 0.798828 0.040527
vt 0.969727 0.210449
vt 0.919922 0.266602
vt 0.963867 0.271484
vt 0.982422 0.260254
vt 0.865234 0.042969
vt 0.880371 0.020996
vt 0.853027 0.020996
vt 0.884277 0.038086
vt 0.179321 0.619873
vt 0.195557 0.633301
vt 0.214722 0.577881
vt 0.216064 0.631836
vt 0.069336 0.117188
vt 0.057556 0.080566
vt 0.034363 0.102539
vt 0.095398 0.110352
vt 0.514160 0.778564
vt 0.493652 0.777710
vt 0.501465 0.794189
vt 0.490234 0.794678
vt 0.241089 0.318848
vt 0.270264 0.307129
vt 0.244019 0.288574
vt 0.277832 0.267578
vt 0.024460 0.210449
vt 0.011063 0.153809
vt 0.009064 0.218262
vt 0.042877 0.208496
vt 0.052917 0.199219
vt 0.921387 0.227051
vt 0.915527 0.235352
vt 0.982910 0.200195
vt 0.927734 0.195801
vt 0.938965 0.171387
vt 0.908203 0.989105
vt 0.953613 0.994415
vt 0.956055 0.939911
vt 0.910645 0.933044
vt 0.954590 0.871582
vt 0.878418 0.966156
vt 0.873535 0.977081
vt 0.875977 0.950073
vt 0.910645 0.871338
vt 0.952637 0.807129
vt 0.887695 0.903198
vt 0.879883 0.921875
vt 0.888184 0.888184
vt 0.853027 0.929443
vt 0.878418 0.905701
vt 0.840820 0.951294
vt 0.871582 0.965576
vt 0.813477 0.925110
vt 0.837402 0.963348
vt 0.849121 0.974304
vt 0.854004 0.899536
vt 0.863281 0.878357
vt 0.827148 0.873291
vt 0.849121 0.863525
vt 0.865234 0.839111
vt 0.887207 0.860840
vt 0.901367 0.805786
vt 0.916992 0.717529
vt 0.952637 0.718018
vt 0.888672 0.752808
vt 0.881348 0.795654
vt 0.958984 0.652100
vt 0.924805 0.646484
vt 0.935547 0.593994
vt 0.965332 0.597900
vt 0.968750 0.549316
vt 0.879395 0.839355
vt 0.872070 0.815186
vt 0.850098 0.834961
vt 0.854492 0.824707
vt 0.833008 0.819092
vt 0.868652 0.793701
vt 0.874512 0.781738
vt 0.848633 0.774170
vt 0.872559 0.765259
vt 0.879395 0.751709
vt 0.858887 0.755249
vt 0.877441 0.740479
vt 0.885742 0.719971
vt 0.856445 0.723389
vt 0.886230 0.703857
vt 0.896973 0.710938
vt 0.895020 0.677490
vt 0.876465 0.673340
vt 0.896484 0.657959
vt 0.902344 0.649414
vt 0.886230 0.649658
vt 0.899414 0.640381
vt 0.907227 0.629150
vt 0.887207 0.618896
vt 0.899414 0.619629
vt 0.911621 0.616211
vt 0.877441 0.586914
vt 0.919434 0.591553
vt 0.916504 0.588379
vt 0.906738 0.533203
vt 0.929688 0.560059
vt 0.928223 0.531250
vt 0.943848 0.546875
vt 0.933105 0.534668
vt 0.938965 0.512207
vt 0.927734 0.502197
vt 0.940918 0.493652
vt 0.952148 0.499023
vt 0.974121 0.499023
vt 0.953613 0.437988
vt 0.971680 0.442383
vt 0.970703 0.393555
vt 0.980957 0.398438
vt 0.984375 0.388672
vt 0.992188 0.993900
vt 0.993164 0.940643
vt 0.991699 0.869995
vt 0.989746 0.805054
vt 0.985352 0.717529
vt 0.983398 0.654785
vt 0.987305 0.601318
vt 0.988281 0.551025
vt 0.991211 0.500732
vt 0.994629 0.446777
vt 0.995605 0.399414
vt 0.745117 0.770020
vt 0.749512 0.799438
vt 0.763184 0.792480
vt 0.731934 0.809204
vt 0.795898 0.823975
vt 0.780273 0.786255
vt 0.775391 0.824951
vt 0.823730 0.819824
vt 0.742676 0.025879
vt 0.747070 0.004395
vt 0.725098 0.017090
vt 0.756836 0.030762
vt 0.535156 0.681152
vt 0.528809 0.661621
vt 0.515137 0.686279
vt 0.550293 0.675537
vt 0.502930 0.055664
vt 0.520508 0.057129
vt 0.505371 0.039062
vt 0.526367 0.038086
vt 0.511230 0.024902
vt 0.515137 0.021484
vt 0.532715 0.021973
vt 0.518555 0.015625
vt 0.520508 0.014160
vt 0.533203 0.020508
vt 0.549316 0.054688
vt 0.554688 0.032715
vt 0.551758 0.044434
vt 0.553711 0.034668
vt 0.562500 0.037598
vt 0.560547 0.040527
vt 0.562988 0.049805
vt 0.562012 0.055664
vt 0.564941 0.044434
vt 0.584473 0.053223
vt 0.352051 0.004883
vt 0.337158 0.007812
vt 0.339111 0.023926
vt 0.353271 0.021484
vt 0.343262 0.041992
vt 0.356934 0.039062
vt 0.379883 0.011719
vt 0.380371 0.020996
vt 0.380371 0.031250
vt 0.384766 0.026367
vt 0.387939 0.028320
vt 0.391357 0.022949
vt 0.392578 0.018555
vt 0.392334 0.014160
vt 0.411865 0.023438
vt 0.787598 0.079102
vt 0.782715 0.076660
vt 0.786133 0.080566
vt 0.777832 0.081543
vt 0.777832 0.072266
vt 0.763184 0.083008
vt 0.757324 0.068359
vt 0.735840 0.087402
vt 0.766113 0.061523
vt 0.779297 0.068359
vt 0.780273 0.072266
vt 0.746582 0.052246
vt 0.752930 0.048828
vt 0.747070 0.049316
vt 0.747559 0.045898
vt 0.752441 0.044434
vt 0.737793 0.049805
vt 0.741699 0.054199
vt 0.731445 0.062500
vt 0.733398 0.076660
vt 0.729492 0.069336
vt 0.720703 0.074707
vt 0.720703 0.080566
vt 0.714355 0.077637
vt 0.713867 0.086426
vt 0.712891 0.092285
vt 0.699219 0.090820
vt 0.655273 0.072266
vt 0.652832 0.068359
vt 0.651367 0.070312
vt 0.647949 0.054199
vt 0.628906 0.056641
vt 0.637207 0.047852
vt 0.622559 0.034668
vt 0.598633 0.036133
vt 0.638184 0.030273
vt 0.601562 0.028320
vt 0.578125 0.028809
vt 0.579102 0.024414
vt 0.563965 0.021973
vt 0.579590 0.020020
vt 0.597168 0.018066
vt 0.605469 0.018555
vt 0.596191 0.011230
vt 0.606445 0.014648
vt 0.624512 0.015137
vt 0.643555 0.013184
vt 0.649414 0.023926
vt 0.653809 0.037598
vt 0.665527 0.012695
vt 0.652344 0.010742
vt 0.665039 0.018555
vt 0.687500 0.021484
vt 0.682129 0.033203
vt 0.708008 0.040527
vt 0.713379 0.030762
vt 0.726562 0.041504
vt 0.728027 0.034668
vt 0.735840 0.038086
vt 0.732422 0.044922
vt 0.737305 0.039551
vt 0.719238 0.051758
vt 0.716309 0.048340
vt 0.702148 0.052734
vt 0.691895 0.048340
vt 0.694824 0.059570
vt 0.688477 0.060547
vt 0.690430 0.065430
vt 0.681152 0.062988
vt 0.684570 0.058105
vt 0.676758 0.048340
vt 0.675781 0.041016
vt 0.670410 0.031250
vt 0.668457 0.034180
vt 0.663086 0.029297
vt 0.668945 0.026855
vt 0.664062 0.020996
vt 0.651367 0.012695
vt 0.683105 0.078613
vt 0.685547 0.089844
vt 0.687500 0.080078
vt 0.658203 0.085938
vt 0.655762 0.106934
vt 0.676270 0.110840
vt 0.659668 0.129395
vt 0.623535 0.099121
vt 0.643066 0.122070
vt 0.625000 0.117676
vt 0.601074 0.104492
vt 0.601562 0.107422
vt 0.588379 0.112793
vt 0.602539 0.110352
vt 0.370117 0.071777
vt 0.355225 0.062500
vt 0.364746 0.074707
vt 0.346680 0.079590
vt 0.354980 0.089355
vt 0.337646 0.101074
vt 0.335205 0.059570
vt 0.340088 0.057129
vt 0.344482 0.053223
vt 0.337158 0.045410
vt 0.076294 0.377441
vt 0.053436 0.374512
vt 0.062561 0.391602
vt 0.048309 0.389160
vt 0.052002 0.396973
vt 0.021927 0.370117
vt 0.033478 0.384277
vt 0.026932 0.387695
vt 0.043823 0.403809
vt 0.033569 0.395020
vt 0.036865 0.412598
vt 0.026489 0.416992
vt 0.030396 0.416992
vt 0.225342 0.469727
vt 0.247681 0.486816
vt 0.246216 0.472168
vt 0.262451 0.476562
vt 0.273682 0.464844
vt 0.263428 0.484375
vt 0.268311 0.477539
vt 0.270508 0.501709
vt 0.273682 0.500732
vt 0.453125 0.458984
vt 0.447754 0.471680
vt 0.468262 0.478027
vt 0.471680 0.461914
vt 0.492920 0.477051
vt 0.487793 0.483887
vt 0.483643 0.456543
vt 0.481445 0.436035
vt 0.474121 0.435547
vt 0.474854 0.401855
vt 0.486328 0.744873
vt 0.491211 0.740723
vt 0.479492 0.739502
vt 0.494385 0.718750
vt 0.499268 0.733154
vt 0.479248 0.714600
vt 0.508789 0.724854
vt 0.484619 0.691406
vt 0.476318 0.693604
vt 0.472900 0.657227
vt 0.511719 0.707031
vt 0.520020 0.717773
vt 0.353027 0.785278
vt 0.363037 0.786865
vt 0.348389 0.779297
vt 0.365479 0.767822
vt 0.368164 0.781860
vt 0.382324 0.774170
vt 0.356934 0.764893
vt 0.389404 0.762695
vt 0.369385 0.750366
vt 0.363037 0.745117
vt 0.361816 0.738770
vt 0.376465 0.732178
vt 0.382568 0.748291
vt 0.402832 0.752930
vt 0.397705 0.737305
vt 0.417236 0.735840
vt 0.420654 0.742676
vt 0.392578 0.728271
vt 0.435059 0.734131
vt 0.407471 0.727539
vt 0.407227 0.723145
vt 0.412354 0.723877
vt 0.410645 0.728027
vt 0.416260 0.728516
vt 0.429932 0.724365
vt 0.431885 0.729492
vt 0.445557 0.720947
vt 0.437012 0.777222
vt 0.445557 0.780396
vt 0.433105 0.769897
vt 0.445068 0.764404
vt 0.435791 0.764526
vt 0.456055 0.770996
vt 0.458008 0.747070
vt 0.466309 0.765991
vt 0.437500 0.750610
vt 0.471680 0.757446
vt 0.446289 0.742188
vt 0.472168 0.743408
vt 0.460449 0.728027
vt 0.449951 0.727539
vt 0.470215 0.728760
vt 0.453857 0.709717
vt 0.468262 0.716553
vt 0.470215 0.715332
vt 0.468994 0.711914
vt 0.466309 0.715820
vt 0.458740 0.710205
vt 0.457520 0.695312
vt 0.463623 0.709473
vt 0.461182 0.696045
vt 0.464600 0.683350
vt 0.464111 0.696533
vt 0.401367 0.130371
vt 0.425781 0.130371
vt 0.405273 0.113770
vt 0.425781 0.117676
vt 0.445312 0.122070
vt 0.413086 0.096680
vt 0.408936 0.098145
vt 0.403809 0.099609
vt 0.400635 0.089355
vt 0.701660 0.149902
vt 0.732910 0.110352
vt 0.685059 0.133789
vt 0.754395 0.137695
vt 0.878418 0.259766
vt 0.865234 0.208984
vt 0.845215 0.246094
vt 0.908203 0.201660
vt 0.909180 0.258789
vt 0.972168 0.302734
vt 0.961914 0.281738
vt 0.940918 0.291504
vt 0.929688 0.315918
vt 0.965820 0.343262
vt 0.984863 0.322266
vt 0.995605 0.335449
vt 0.612793 0.166016
vt 0.617676 0.147461
vt 0.603516 0.135254
vt 0.579102 0.158691
vt 0.529785 0.173340
vt 0.570312 0.194824
vt 0.588867 0.121094
vt 0.564941 0.142578
vt 0.983887 0.366211
vt 0.646973 0.145508
vt 0.012390 0.437988
vt 0.012550 0.465820
vt 0.031799 0.439453
vt 0.030365 0.469238
vt 0.011627 0.488281
vt 0.029480 0.491699
vt 0.011414 0.499512
vt 0.028336 0.500244
vt 0.011848 0.508301
vt 0.027344 0.510254
vt 0.012383 0.528809
vt 0.045990 0.503662
vt 0.047180 0.495605
vt 0.050507 0.472656
vt 0.026840 0.529785
vt 0.011986 0.554688
vt 0.044922 0.514648
vt 0.052216 0.440918
vt 0.045502 0.432617
vt 0.055450 0.421875
vt 0.072388 0.430176
vt 0.065186 0.406250
vt 0.071411 0.444824
vt 0.077942 0.412109
vt 0.075867 0.392090
vt 0.091003 0.438965
vt 0.093018 0.414062
vt 0.091064 0.384766
vt 0.108521 0.416016
vt 0.112183 0.380859
vt 0.067322 0.477051
vt 0.088257 0.451660
vt 0.127686 0.417480
vt 0.138672 0.385742
vt 0.104675 0.442871
vt 0.146729 0.421387
vt 0.162476 0.399414
vt 0.123474 0.446777
vt 0.102417 0.455566
vt 0.162720 0.423828
vt 0.177856 0.413086
vt 0.193115 0.426270
vt 0.148193 0.447266
vt 0.169678 0.440918
vt 0.198730 0.447754
vt 0.194336 0.466309
vt 0.219116 0.475098
vt 0.081726 0.479492
vt 0.122070 0.458984
vt 0.166992 0.461914
vt 0.096191 0.482422
vt 0.078186 0.496582
vt 0.146240 0.461914
vt 0.128540 0.486328
vt 0.161011 0.487305
vt 0.184692 0.492188
vt 0.064270 0.496094
vt 0.062927 0.505127
vt 0.075867 0.505371
vt 0.092041 0.498047
vt 0.120728 0.505127
vt 0.149780 0.512695
vt 0.060638 0.515625
vt 0.071655 0.518311
vt 0.088989 0.508057
vt 0.172485 0.518555
vt 0.114685 0.517334
vt 0.139893 0.529053
vt 0.055389 0.532715
vt 0.067505 0.536133
vt 0.084106 0.521240
vt 0.106262 0.530273
vt 0.128906 0.542969
vt 0.042114 0.531250
vt 0.078369 0.539795
vt 0.096741 0.549072
vt 0.059082 0.566162
vt 0.046967 0.562256
vt 0.034332 0.559082
vt 0.115173 0.561279
vt 0.023300 0.557129
vt 0.009163 0.572998
vt 0.019623 0.574951
vt 0.028671 0.576172
vt 0.040192 0.579102
vt 0.050079 0.582520
vt 0.068176 0.569824
vt 0.060455 0.586670
vt 0.072449 0.593506
vt 0.082947 0.575439
vt 0.096313 0.582520
vt 0.090393 0.602539
vt 0.114624 0.591309
vt 0.107483 0.609375
vt 0.133057 0.600098
vt 0.118896 0.615234
vt 0.125000 0.621826
vt 0.132812 0.570312
vt 0.148804 0.552246
vt 0.161743 0.535889
vt 0.158691 0.568848
vt 0.169678 0.557129
vt 0.181519 0.543457
vt 0.159790 0.581055
vt 0.178711 0.565186
vt 0.192139 0.526123
vt 0.189453 0.550049
vt 0.168457 0.591064
vt 0.188477 0.572998
vt 0.199707 0.559814
vt 0.141968 0.609131
vt 0.149536 0.620117
vt 0.133545 0.631348
vt 0.177490 0.603760
vt 0.200073 0.583496
vt 0.209839 0.568848
vt 0.219727 0.551758
vt 0.210083 0.543213
vt 0.239624 0.529053
vt 0.201172 0.534912
vt 0.228516 0.518555
vt 0.257080 0.504395
vt 0.246460 0.496582
vt 0.217407 0.509277
vt 0.205566 0.500244
vt 0.229736 0.490234
vt 0.230591 0.485352
vt 0.216064 0.481934
vt 0.484131 0.559082
vt 0.471680 0.559570
vt 0.466553 0.575195
vt 0.480225 0.577393
vt 0.461182 0.591309
vt 0.493408 0.575928
vt 0.495117 0.556641
vt 0.471436 0.596924
vt 0.452148 0.606689
vt 0.506348 0.574463
vt 0.506348 0.553711
vt 0.488770 0.601807
vt 0.520996 0.574463
vt 0.520020 0.551514
vt 0.505371 0.599365
vt 0.539062 0.571777
vt 0.538086 0.549072
vt 0.555664 0.569092
vt 0.554199 0.547363
vt 0.565918 0.548096
vt 0.565918 0.567627
vt 0.560547 0.584717
vt 0.571289 0.583740
vt 0.548828 0.588867
vt 0.565430 0.596680
vt 0.572754 0.594727
vt 0.536621 0.594238
vt 0.523438 0.596191
vt 0.553223 0.604492
vt 0.570801 0.603516
vt 0.576172 0.601074
vt 0.561523 0.610596
vt 0.576660 0.610352
vt 0.581543 0.605957
vt 0.539551 0.610352
vt 0.585449 0.616699
vt 0.589844 0.613525
vt 0.600098 0.628418
vt 0.552734 0.618164
vt 0.570312 0.617920
vt 0.591797 0.627197
vt 0.579102 0.629639
vt 0.581055 0.623291
vt 0.569336 0.626709
vt 0.562012 0.627197
vt 0.543457 0.623291
vt 0.546875 0.638916
vt 0.561035 0.637695
vt 0.564941 0.648438
vt 0.530762 0.614502
vt 0.554199 0.652100
vt 0.567871 0.674561
vt 0.545898 0.659668
vt 0.535645 0.647949
vt 0.528809 0.640869
vt 0.535645 0.627686
vt 0.516113 0.619141
vt 0.527344 0.631836
vt 0.513672 0.634277
vt 0.521484 0.648682
vt 0.505371 0.619141
vt 0.504883 0.633301
vt 0.511719 0.646729
vt 0.512695 0.665771
vt 0.503418 0.645020
vt 0.505371 0.660400
vt 0.500000 0.680420
vt 0.496094 0.663086
vt 0.489746 0.664795
vt 0.484619 0.650879
vt 0.492920 0.645752
vt 0.481689 0.636475
vt 0.493652 0.635254
vt 0.481934 0.629395
vt 0.488525 0.619873
vt 0.471191 0.621338
vt 0.471924 0.613281
vt 0.461670 0.620605
vt 0.458252 0.611572
vt 0.450928 0.620850
vt 0.454590 0.627441
vt 0.445557 0.615967
vt 0.444580 0.634766
vt 0.418213 0.531494
vt 0.418701 0.514648
vt 0.408936 0.514404
vt 0.406982 0.531250
vt 0.416748 0.549316
vt 0.399414 0.510254
vt 0.407227 0.550293
vt 0.417236 0.567627
vt 0.392334 0.525146
vt 0.389404 0.503174
vt 0.388916 0.542480
vt 0.379883 0.518311
vt 0.384033 0.496582
vt 0.371826 0.512695
vt 0.372314 0.531982
vt 0.363770 0.526611
vt 0.363037 0.544434
vt 0.360107 0.536133
vt 0.355225 0.539551
vt 0.408203 0.567139
vt 0.416016 0.578857
vt 0.390381 0.554443
vt 0.409424 0.578369
vt 0.403320 0.593750
vt 0.401123 0.581543
vt 0.400879 0.571045
vt 0.393799 0.575195
vt 0.390137 0.565430
vt 0.373779 0.563721
vt 0.380371 0.576172
vt 0.361572 0.567627
vt 0.376709 0.581543
vt 0.365723 0.582031
vt 0.352051 0.572754
vt 0.358398 0.584717
vt 0.372559 0.594727
vt 0.363525 0.591553
vt 0.362549 0.606201
vt 0.368652 0.607910
vt 0.363770 0.627197
vt 0.350098 0.590332
vt 0.355225 0.555176
vt 0.343506 0.581787
vt 0.332031 0.600830
vt 0.336182 0.573730
vt 0.343018 0.564453
vt 0.348389 0.558350
vt 0.356201 0.546631
vt 0.348877 0.540039
vt 0.347412 0.548584
vt 0.343750 0.555176
vt 0.337402 0.545166
vt 0.338867 0.536865
vt 0.335449 0.551270
vt 0.321777 0.535889
vt 0.007965 0.608643
vt 0.014893 0.592041
vt 0.006069 0.595947
vt 0.017166 0.602295
vt 0.021210 0.612305
vt 0.041748 0.586914
vt 0.032806 0.624756
vt 0.007217 0.640381
vt 0.021194 0.642090
vt 0.024414 0.650146
vt 0.007988 0.679932
vt 0.226929 0.667236
vt 0.225098 0.658691
vt 0.217773 0.671875
vt 0.215698 0.661865
vt 0.197632 0.693848
vt 0.190918 0.666260
vt 0.210327 0.636963
vt 0.187134 0.684814
vt 0.180054 0.688721
vt 0.176025 0.719238
vt 0.271484 0.541504
vt 0.273193 0.516846
vt 0.280273 0.521484
vt 0.298096 0.491211
vt 0.292969 0.525146
vt 0.290039 0.542969
vt 0.286865 0.560791
vt 0.294189 0.551514
vt 0.301758 0.560547
vt 0.307617 0.530762
vt 0.311768 0.562012
vt 0.310547 0.581787
vt 0.313232 0.588623
vt 0.319336 0.596680
vt 0.332275 0.572754
vt 0.326660 0.601562
vt 0.954590 0.114258
vt 0.923828 0.113281
vt 0.944824 0.089355
vt 0.954102 0.141113
vt 0.904297 0.087402
vt 0.933105 0.163086
vt 0.885742 0.100098
vt 0.876953 0.059082
vt 0.862793 0.060059
vt 0.902344 0.141113
vt 0.848145 0.095215
vt 0.825195 0.067871
vt 0.802246 0.083496
vt 0.882324 0.171875
vt 0.820312 0.177246
vt 0.867188 0.118652
vt 0.854980 0.147949
vt 0.796387 0.117676
vt 0.011375 0.224121
vt 0.032410 0.223145
vt 0.045959 0.232422
vt 0.049774 0.211426
vt 0.059601 0.226562
vt 0.016678 0.250488
vt 0.104309 0.229980
vt 0.029144 0.264648
vt 0.003258 0.272949
vt 0.041962 0.287109
vt 0.013443 0.069824
vt 0.011581 0.063965
vt 0.014893 0.063477
vt 0.009430 0.067871
vt 0.004818 0.064453
vt 0.008904 0.060059
vt 0.011658 0.056152
vt 0.008904 0.054688
vt 0.006626 0.059570
vt 0.004467 0.059082
vt 0.005432 0.054688
vt 0.010269 0.042480
vt 0.001673 0.046875
vt 0.004616 0.039062
vt 0.009064 0.049805
vt 0.013466 0.033691
vt 0.018494 0.050781
vt 0.024658 0.042969
vt 0.028900 0.034668
vt 0.028915 0.049805
vt 0.040710 0.039551
vt 0.035736 0.045898
vt 0.156372 0.005371
vt 0.146240 0.014648
vt 0.126587 0.004883
vt 0.130371 0.026855
vt 0.154297 0.025391
vt 0.161377 0.008301
vt 0.180176 0.008789
vt 0.175659 0.016602
vt 0.183228 0.023438
vt 0.162476 0.025879
vt 0.000000 0.000000
s 1
usemtl Con1000_skin_61_march20228
f 1/1/1 2/2/2 3/3/3
f 4/2/4 5/1/5 6/3/6
f 7/4/7 8/5/8 9/6/9
f 10/7/10 11/8/11 12/9/12
f 13/5/13 14/4/14 15/6/15
f 16/8/16 17/7/17 18/9/18
f 19/10/19 20/11/20 21/12/21
f 22/13/22 23/14/23 24/15/24
f 25/16/25 26/17/26 27/18/27
f 28/19/28 27/18/27 26/17/26
f 28/19/28 29/20/29 27/18/27
f 26/17/26 30/21/30 28/19/28
f 31/22/31 29/20/29 28/19/28
f 30/21/30 32/23/32 28/19/28
f 33/24/33 32/23/32 30/21/30
f 33/24/33 34/25/34 32/23/32
f 28/19/28 32/23/32 35/26/35
f 35/26/35 32/23/32 34/25/34
f 35/26/35 31/22/31 28/19/28
f 36/27/36 35/26/35 34/25/34
f 31/22/31 35/26/35 37/28/37
f 35/26/35 36/27/36 37/28/37
f 37/28/37 38/29/38 31/22/31
f 39/30/39 37/28/37 36/27/36
f 38/29/38 37/28/37 39/30/39
f 36/27/36 40/31/40 39/30/39
f 41/32/41 38/29/38 39/30/39
f 41/32/41 42/33/42 38/29/38
f 42/33/42 41/32/41 43/34/43
f 42/33/42 43/34/43 44/35/44
f 45/36/45 44/35/44 43/34/43
f 46/37/46 39/30/39 40/31/40
f 40/31/40 47/38/47 46/37/46
f 46/37/46 47/38/47 48/39/48
f 49/40/49 41/32/41 39/30/39
f 39/30/39 46/37/46 49/40/49
f 48/39/48 50/41/50 46/37/46
f 50/41/50 49/40/49 46/37/46
f 51/42/51 50/41/50 48/39/48
f 50/41/50 51/42/51 52/43/52
f 52/43/52 51/42/51 53/44/53
f 41/32/41 54/45/54 43/34/43
f 41/32/41 49/40/49 54/45/54
f 54/45/54 49/40/49 55/46/55
f 54/45/54 55/46/55 43/34/43
f 49/40/49 50/41/50 56/47/56
f 56/47/56 50/41/50 52/43/52
f 55/46/55 49/40/49 56/47/56
f 57/48/57 45/36/45 43/34/43
f 58/49/58 45/36/45 57/48/57
f 59/50/59 57/48/57 43/34/43
f 55/46/55 59/50/59 43/34/43
f 59/50/59 58/49/58 57/48/57
f 59/50/59 55/46/55 60/51/60
f 61/52/61 52/43/52 53/44/53
f 61/52/61 53/44/53 62/53/62
f 63/54/63 61/52/61 62/53/62
f 64/55/64 55/46/55 56/47/56
f 56/47/56 65/56/65 64/55/64
f 52/43/52 65/56/65 56/47/56
f 64/55/64 66/57/66 55/46/55
f 55/46/55 66/57/66 60/51/60
f 64/55/64 65/56/65 66/57/66
f 67/58/67 58/49/58 59/50/59
f 59/50/59 68/59/68 67/58/67
f 68/59/68 59/50/59 60/51/60
f 58/49/58 67/58/67 69/60/69
f 67/58/67 68/59/68 69/60/69
f 70/61/70 58/49/58 69/60/69
f 69/60/69 71/62/71 70/61/70
f 69/60/69 68/59/68 72/63/72
f 72/63/72 68/59/68 60/51/60
f 69/60/69 73/64/73 71/62/71
f 72/63/72 73/64/73 69/60/69
f 73/64/73 74/65/74 71/62/71
f 75/66/75 71/62/71 74/65/74
f 74/65/74 76/67/76 75/66/75
f 75/66/75 76/67/76 77/68/77
f 77/68/77 78/69/78 75/66/75
f 79/70/79 74/65/74 73/64/73
f 72/63/72 79/70/79 73/64/73
f 80/71/80 74/65/74 79/70/79
f 60/51/60 81/72/81 72/63/72
f 79/70/79 72/63/72 81/72/81
f 79/70/79 82/73/82 80/71/80
f 83/74/83 80/71/80 82/73/82
f 79/70/79 84/75/84 82/73/82
f 81/72/81 84/75/84 79/70/79
f 84/75/84 85/76/85 82/73/82
f 84/75/84 86/77/86 85/76/85
f 86/77/86 84/75/84 87/78/87
f 88/79/88 87/78/87 84/75/84
f 88/79/88 84/75/84 81/72/81
f 81/72/81 89/80/89 88/79/88
f 81/72/81 60/51/60 90/81/90
f 81/72/81 90/81/90 89/80/89
f 91/82/91 90/81/90 60/51/60
f 91/82/91 60/51/60 66/57/66
f 90/81/90 91/82/91 92/83/92
f 91/82/91 66/57/66 92/83/92
f 92/83/92 89/80/89 90/81/90
f 66/57/66 65/56/65 92/83/92
f 93/84/93 92/83/92 65/56/65
f 89/80/89 92/83/92 93/84/93
f 93/84/93 65/56/65 94/85/94
f 89/80/89 93/84/93 94/85/94
f 65/56/65 52/43/52 94/85/94
f 95/86/95 94/85/94 52/43/52
f 94/85/94 95/86/95 89/80/89
f 52/43/52 61/52/61 95/86/95
f 89/80/89 95/86/95 96/87/96
f 89/80/89 96/87/96 88/79/88
f 95/86/95 61/52/61 97/88/97
f 95/86/95 97/88/97 96/87/96
f 61/52/61 98/89/98 97/88/97
f 98/89/98 96/87/96 97/88/97
f 98/89/98 88/79/88 96/87/96
f 61/52/61 63/54/63 98/89/98
f 99/90/99 88/79/88 98/89/98
f 98/89/98 63/54/63 99/90/99
f 99/90/99 87/78/87 88/79/88
f 99/90/99 100/91/100 87/78/87
f 101/92/101 100/91/100 99/90/99
f 99/90/99 102/93/102 101/92/101
f 99/90/99 63/54/63 102/93/102
f 102/93/102 63/54/63 103/94/103
f 63/54/63 104/95/104 103/94/103
f 103/94/103 104/95/104 105/96/105
f 103/94/103 105/96/105 106/97/106
f 63/54/63 107/98/107 104/95/104
f 105/96/105 104/95/104 107/98/107
f 62/53/62 107/98/107 63/54/63
f 107/98/107 62/53/62 105/96/105
f 106/97/106 105/96/105 108/99/108
f 108/99/108 105/96/105 62/53/62
f 108/99/108 109/100/109 106/97/106
f 108/99/108 62/53/62 110/101/110
f 108/99/108 111/102/111 109/100/109
f 111/102/111 108/99/108 110/101/110
f 112/103/112 113/104/113 114/105/114
f 114/105/114 115/106/115 112/103/112
f 114/105/114 116/107/116 115/106/115
f 117/108/117 112/103/112 115/106/115
f 115/106/115 118/109/118 117/108/117
f 119/110/119 115/106/115 116/107/116
f 118/109/118 115/106/115 119/110/119
f 119/110/119 120/111/120 118/109/118
f 118/109/118 121/112/121 117/108/117
f 118/109/118 120/111/120 122/113/122
f 122/113/122 123/114/123 118/109/118
f 120/111/120 124/115/124 122/113/122
f 122/113/122 124/115/124 125/116/125
f 124/115/124 126/117/126 125/116/125
f 125/116/125 126/117/126 127/118/127
f 125/116/125 127/118/127 128/119/128
f 129/120/129 122/113/122 125/116/125
f 125/116/125 128/119/128 129/120/129
f 123/114/123 122/113/122 129/120/129
f 130/121/130 129/120/129 128/119/128
f 129/120/129 130/121/130 131/122/131
f 129/120/129 131/122/131 123/114/123
f 131/122/131 130/121/130 132/123/132
f 133/124/133 132/123/132 130/121/130
f 134/125/134 121/112/121 118/109/118
f 118/109/118 123/114/123 134/125/134
f 132/123/132 135/126/135 131/122/131
f 131/122/131 135/126/135 123/114/123
f 136/127/136 132/123/132 133/124/133
f 133/124/133 137/128/137 136/127/136
f 138/129/138 135/126/135 132/123/132
f 132/123/132 136/127/136 138/129/138
f 136/127/136 137/128/137 139/130/139
f 140/131/140 139/130/139 137/128/137
f 140/131/140 141/132/141 139/130/139
f 139/130/139 141/132/141 142/133/142
f 143/134/143 139/130/139 142/133/142
f 139/130/139 143/134/143 136/127/136
f 144/135/144 136/127/136 143/134/143
f 138/129/138 136/127/136 144/135/144
f 145/136/145 138/129/138 144/135/144
f 138/129/138 145/136/145 146/137/146
f 138/129/138 146/137/146 147/138/147
f 147/138/147 135/126/135 138/129/138
f 148/139/148 135/126/135 147/138/147
f 148/139/148 147/138/147 149/140/149
f 123/114/123 135/126/135 148/139/148
f 148/139/148 149/140/149 150/141/150
f 150/141/150 149/140/149 151/142/151
f 152/143/152 150/141/150 151/142/151
f 150/141/150 152/143/152 153/144/153
f 150/141/150 153/144/153 148/139/148
f 154/145/154 153/144/153 152/143/152
f 148/139/148 155/146/155 123/114/123
f 148/139/148 153/144/153 155/146/155
f 134/125/134 123/114/123 155/146/155
f 156/147/156 134/125/134 155/146/155
f 155/146/155 153/144/153 156/147/156
f 156/147/156 121/112/121 134/125/134
f 153/144/153 154/145/154 157/148/157
f 156/147/156 153/144/153 157/148/157
f 154/145/154 158/149/158 157/148/157
f 158/149/158 159/150/159 157/148/157
f 156/147/156 160/151/160 121/112/121
f 160/151/160 156/147/156 157/148/157
f 160/151/160 157/148/157 159/150/159
f 161/152/161 121/112/121 160/151/160
f 160/151/160 159/150/159 162/153/162
f 161/152/161 160/151/160 162/153/162
f 163/154/163 164/155/164 165/156/165
f 165/156/165 164/155/164 166/157/166
f 166/157/166 164/155/164 167/158/167
f 164/155/164 168/159/168 167/158/167
f 167/158/167 169/160/169 166/157/166
f 169/160/169 170/161/170 166/157/166
f 171/162/171 170/161/170 169/160/169
f 168/159/168 172/163/172 167/158/167
f 169/160/169 167/158/167 172/163/172
f 173/164/173 172/163/172 168/159/168
f 171/162/171 169/160/169 174/165/174
f 174/165/174 169/160/169 172/163/172
f 174/165/174 175/166/175 171/162/171
f 172/163/172 173/164/173 176/167/176
f 177/168/177 176/167/176 173/164/173
f 178/169/178 176/167/176 177/168/177
f 172/163/172 176/167/176 179/170/179
f 178/169/178 179/170/179 176/167/176
f 179/170/179 174/165/174 172/163/172
f 180/171/180 179/170/179 178/169/178
f 180/171/180 181/172/181 179/170/179
f 181/172/181 174/165/174 179/170/179
f 182/173/182 175/166/175 174/165/174
f 181/172/181 182/173/182 174/165/174
f 182/173/182 183/174/183 175/166/175
f 184/175/184 182/173/182 181/172/181
f 182/173/182 185/176/185 183/174/183
f 182/173/182 184/175/184 185/176/185
f 186/177/186 187/178/187 188/179/188
f 189/180/189 187/178/187 186/177/186
f 190/181/190 187/178/187 189/180/189
f 191/182/191 192/183/192 193/184/193
f 193/184/193 192/183/192 194/185/194
f 195/186/195 196/187/196 197/188/197
f 198/189/198 195/186/195 197/188/197
f 199/190/199 200/191/200 201/192/201
f 200/191/200 202/193/202 201/192/201
f 203/194/203 204/195/204 205/196/205
f 204/195/204 206/197/206 205/196/205
f 207/198/207 208/199/208 209/200/209
f 210/201/210 209/200/209 208/199/208
f 211/202/211 212/203/212 213/204/213
f 213/204/213 214/205/214 211/202/211
f 215/206/215 211/202/211 214/205/214
f 211/202/211 215/206/215 216/207/216
f 215/206/215 217/208/217 216/207/216
f 218/209/218 217/208/217 215/206/215
f 218/209/218 215/206/215 214/205/214
f 219/210/219 218/209/218 214/205/214
f 220/211/220 218/209/218 219/210/219
f 219/210/219 221/212/221 220/211/220
f 220/211/220 221/212/221 222/213/222
f 222/213/222 221/212/221 223/214/223
f 223/214/223 221/212/221 224/215/224
f 225/216/225 223/214/223 224/215/224
f 221/212/221 219/210/219 226/217/226
f 224/215/224 221/212/221 226/217/226
f 227/218/227 219/210/219 214/205/214
f 227/218/227 226/217/226 219/210/219
f 228/219/228 214/205/214 213/204/213
f 214/205/214 228/219/228 227/218/227
f 229/220/229 228/219/228 213/204/213
f 224/215/224 230/221/230 225/216/225
f 231/222/231 225/216/225 230/221/230
f 232/223/232 231/222/231 230/221/230
f 224/215/224 232/223/232 230/221/230
f 232/223/232 224/215/224 233/224/233
f 233/224/233 224/215/224 226/217/226
f 226/217/226 234/225/234 233/224/233
f 234/225/234 226/217/226 235/226/235
f 226/217/226 227/218/227 235/226/235
f 227/218/227 236/227/236 235/226/235
f 236/227/236 227/218/227 237/228/237
f 227/218/227 228/219/228 237/228/237
f 238/229/238 237/228/237 228/219/228
f 228/219/228 229/220/229 238/229/238
f 238/229/238 229/220/229 239/230/239
f 240/231/240 239/230/239 229/220/229
f 229/220/229 241/232/241 240/231/240
f 240/231/240 241/232/241 242/233/242
f 243/234/243 241/232/241 229/220/229
f 229/220/229 244/235/244 243/234/243
f 213/204/213 244/235/244 229/220/229
f 213/204/213 245/236/245 244/235/244
f 245/236/245 213/204/213 246/237/246
f 247/238/247 241/232/241 243/234/243
f 248/239/248 241/232/241 247/238/247
f 241/232/241 249/240/249 242/233/242
f 241/232/241 248/239/248 249/240/249
f 249/240/249 250/241/250 242/233/242
f 251/242/251 242/233/242 250/241/250
f 252/243/252 251/242/251 250/241/250
f 253/244/253 249/240/249 248/239/248
f 253/244/253 250/241/250 249/240/249
f 250/241/250 254/245/254 252/243/252
f 254/245/254 250/241/250 253/244/253
f 255/246/255 252/243/252 254/245/254
f 256/247/256 255/246/255 254/245/254
f 257/248/257 253/244/253 248/239/248
f 253/244/253 257/248/257 254/245/254
f 256/247/256 254/245/254 257/248/257
f 248/239/248 258/249/258 257/248/257
f 256/247/256 257/248/257 259/250/259
f 259/250/259 257/248/257 258/249/258
f 260/251/260 259/250/259 258/249/258
f 261/252/261 262/253/262 263/254/263
f 263/254/263 262/253/262 264/255/264
f 265/256/265 264/255/264 262/253/262
f 263/254/263 264/255/264 266/257/266
f 266/257/266 267/258/267 263/254/263
f 266/257/266 268/259/268 267/258/267
f 268/259/268 266/257/266 269/260/269
f 266/257/266 264/255/264 269/260/269
f 270/261/270 268/259/268 269/260/269
f 271/262/271 264/255/264 265/256/265
f 271/262/271 265/256/265 272/263/272
f 273/264/273 270/261/270 269/260/269
f 273/264/273 274/265/274 270/261/270
f 275/266/275 273/264/273 269/260/269
f 273/264/273 275/266/275 276/267/276
f 273/264/273 277/268/277 274/265/274
f 273/264/273 276/267/276 277/268/277
f 278/269/278 277/268/277 276/267/276
f 269/260/269 264/255/264 279/270/279
f 269/260/269 279/270/279 275/266/275
f 275/266/275 279/270/279 280/271/280
f 281/272/281 279/270/279 264/255/264
f 281/272/281 264/255/264 271/262/271
f 279/270/279 281/272/281 280/271/280
f 281/272/281 271/262/271 282/273/282
f 281/272/281 282/273/282 280/271/280
f 272/263/272 283/274/283 271/262/271
f 283/274/283 282/273/282 271/262/271
f 284/275/284 283/274/283 272/263/272
f 272/263/272 285/276/285 284/275/284
f 276/267/276 286/277/286 278/269/278
f 278/269/278 286/277/286 287/278/287
f 286/277/286 288/279/288 287/278/287
f 288/279/288 286/277/286 289/280/289
f 276/267/276 289/280/289 286/277/286
f 288/279/288 289/280/289 290/281/290
f 291/282/291 288/279/288 290/281/290
f 291/282/291 290/281/290 292/283/292
f 276/267/276 293/284/293 289/280/289
f 290/281/290 289/280/289 293/284/293
f 283/274/283 294/285/294 282/273/282
f 283/274/283 284/275/284 294/285/294
f 295/286/295 284/275/284 285/276/285
f 285/276/285 296/287/296 295/286/295
f 297/288/297 293/284/293 276/267/276
f 275/266/275 297/288/297 276/267/276
f 298/289/298 294/285/294 284/275/284
f 298/289/298 284/275/284 295/286/295
f 296/287/296 299/290/299 295/286/295
f 299/290/299 296/287/296 300/291/300
f 300/291/300 301/292/301 299/290/299
f 302/293/302 299/290/299 301/292/301
f 301/292/301 303/294/303 302/293/302
f 299/290/299 302/293/302 304/295/304
f 299/290/299 304/295/304 295/286/295
f 304/295/304 302/293/302 305/296/305
f 304/295/304 305/296/305 306/297/306
f 307/298/307 304/295/304 306/297/306
f 308/299/308 304/295/304 307/298/307
f 295/286/295 304/295/304 308/299/308
f 295/286/295 308/299/308 298/289/298
f 309/300/309 298/289/298 308/299/308
f 310/301/310 306/297/306 305/296/305
f 311/302/311 306/297/306 310/301/310
f 310/301/310 312/303/312 311/302/311
f 306/297/306 311/302/311 313/304/313
f 313/304/313 314/305/314 306/297/306
f 315/306/315 306/297/306 314/305/314
f 307/298/307 306/297/306 315/306/315
f 307/298/307 315/306/315 316/307/316
f 317/308/317 307/298/307 316/307/316
f 317/308/317 318/309/318 307/298/307
f 319/310/319 308/299/308 307/298/307
f 308/299/308 319/310/319 309/300/309
f 320/311/320 307/298/307 318/309/318
f 320/311/320 319/310/319 307/298/307
f 321/312/321 320/311/320 318/309/318
f 309/300/309 319/310/319 322/313/322
f 319/310/319 320/311/320 322/313/322
f 322/313/322 323/314/323 309/300/309
f 320/311/320 321/312/321 324/315/324
f 325/316/325 324/315/324 321/312/321
f 324/315/324 325/316/325 326/317/326
f 327/318/327 324/315/324 326/317/326
f 324/315/324 327/318/327 328/319/328
f 320/311/320 324/315/324 329/320/329
f 328/319/328 329/320/329 324/315/324
f 329/320/329 322/313/322 320/311/320
f 329/320/329 328/319/328 330/321/330
f 330/321/330 322/313/322 329/320/329
f 328/319/328 331/322/331 330/321/330
f 322/313/322 330/321/330 332/323/332
f 323/314/323 322/313/322 332/323/332
f 333/324/333 330/321/330 331/322/331
f 333/324/333 332/323/332 330/321/330
f 334/325/334 333/324/333 331/322/331
f 334/325/334 335/326/335 333/324/333
f 333/324/333 335/326/335 336/327/336
f 332/323/332 333/324/333 336/327/336
f 336/327/336 337/328/337 332/323/332
f 332/323/332 337/328/337 338/329/338
f 323/314/323 332/323/332 338/329/338
f 338/329/338 337/328/337 339/330/339
f 339/330/339 340/331/340 338/329/338
f 340/331/340 339/330/339 341/332/341
f 342/333/342 340/331/340 341/332/341
f 341/332/341 343/334/343 342/333/342
f 344/335/344 342/333/342 343/334/343
f 338/329/338 345/336/345 323/314/323
f 338/329/338 340/331/340 345/336/345
f 344/335/344 346/337/346 342/333/342
f 346/337/346 344/335/344 347/338/347
f 347/338/347 348/339/348 346/337/346
f 349/340/349 346/337/346 348/339/348
f 342/333/342 346/337/346 349/340/349
f 349/340/349 350/341/350 342/333/342
f 342/333/342 350/341/350 351/342/351
f 342/333/342 351/342/351 340/331/340
f 352/343/352 351/342/351 350/341/350
f 340/331/340 351/342/351 353/344/353
f 351/342/351 352/343/352 353/344/353
f 345/336/345 340/331/340 353/344/353
f 354/345/354 353/344/353 352/343/352
f 354/345/354 355/346/355 353/344/353
f 353/344/353 355/346/355 345/336/345
f 356/347/356 355/346/355 354/345/354
f 356/347/356 357/348/357 355/346/355
f 358/349/358 345/336/345 355/346/355
f 358/349/358 355/346/355 357/348/357
f 359/350/359 345/336/345 358/349/358
f 323/314/323 345/336/345 359/350/359
f 358/349/358 357/348/357 360/351/360
f 358/349/358 360/351/360 359/350/359
f 361/352/361 360/351/360 357/348/357
f 360/351/360 361/352/361 362/353/362
f 362/353/362 359/350/359 360/351/360
f 359/350/359 362/353/362 363/354/363
f 359/350/359 363/354/363 323/314/323
f 363/354/363 362/353/362 364/355/364
f 363/354/363 365/356/365 323/314/323
f 309/300/309 323/314/323 365/356/365
f 363/354/363 364/355/364 366/357/366
f 364/355/364 367/358/367 366/357/366
f 366/357/366 367/358/367 368/359/368
f 366/357/366 368/359/368 369/360/369
f 363/354/363 366/357/366 370/361/370
f 370/361/370 366/357/366 369/360/369
f 370/361/370 365/356/365 363/354/363
f 369/360/369 371/362/371 370/361/370
f 371/362/371 365/356/365 370/361/370
f 371/362/371 369/360/369 372/363/372
f 371/362/371 372/363/372 373/364/373
f 365/356/365 371/362/371 373/364/373
f 374/365/374 309/300/309 365/356/365
f 373/364/373 374/365/374 365/356/365
f 375/366/375 309/300/309 374/365/374
f 298/289/298 309/300/309 375/366/375
f 294/285/294 298/289/298 375/366/375
f 374/365/374 373/364/373 376/367/376
f 377/368/377 376/367/376 373/364/373
f 376/367/376 377/368/377 378/369/378
f 379/370/379 376/367/376 378/369/378
f 376/367/376 380/371/380 374/365/374
f 380/371/380 376/367/376 379/370/379
f 374/365/374 380/371/380 375/366/375
f 380/371/380 379/370/379 381/372/381
f 381/372/381 375/366/375 380/371/380
f 381/372/381 294/285/294 375/366/375
f 381/372/381 282/273/282 294/285/294
f 381/372/381 382/373/382 282/273/282
f 282/273/282 382/373/382 280/271/280
f 280/271/280 382/373/382 383/374/383
f 383/374/383 384/375/384 280/271/280
f 280/271/280 384/375/384 385/376/385
f 280/271/280 385/376/385 275/266/275
f 385/376/385 386/377/386 275/266/275
f 386/377/386 387/378/387 275/266/275
f 387/378/387 386/377/386 388/379/388
f 387/378/387 388/379/388 389/380/389
f 387/378/387 297/288/297 275/266/275
f 389/380/389 297/288/297 387/378/387
f 297/288/297 389/380/389 390/381/390
f 391/382/391 297/288/297 390/381/390
f 391/382/391 293/284/293 297/288/297
f 293/284/293 391/382/391 392/383/392
f 392/383/392 393/384/393 293/284/293
f 293/284/293 393/384/393 290/281/290
f 393/384/393 392/383/392 394/385/394
f 290/281/290 393/384/393 395/386/395
f 395/386/395 292/283/292 290/281/290
f 394/385/394 396/387/396 393/384/393
f 395/386/395 393/384/393 396/387/396
f 397/388/397 396/387/396 394/385/394
f 396/387/396 397/388/397 398/389/398
f 396/387/396 398/389/398 395/386/395
f 399/390/399 292/283/292 395/386/395
f 398/389/398 399/390/399 395/386/395
f 292/283/292 399/390/399 400/391/400
f 401/392/401 399/390/399 398/389/398
f 400/391/400 399/390/399 402/393/402
f 401/392/401 402/393/402 399/390/399
f 403/394/403 404/395/261 405/396/404
f 403/394/403 405/396/404 406/397/405
f 406/397/405 405/396/404 407/398/406
f 408/399/407 403/394/403 406/397/405
f 407/398/406 409/400/408 406/397/405
f 406/397/405 410/401/409 408/399/407
f 411/402/410 408/399/407 410/401/409
f 409/400/408 412/403/411 406/397/405
f 406/397/405 412/403/411 410/401/409
f 412/403/411 413/404/412 410/401/409
f 412/403/411 409/400/408 414/405/413
f 414/405/413 415/406/414 412/403/411
f 412/403/411 415/406/414 413/404/412
f 415/406/414 414/405/413 416/407/415
f 411/402/410 410/401/409 417/408/416
f 411/402/410 417/408/416 418/409/417
f 413/404/412 419/410/418 410/401/409
f 410/401/409 419/410/418 417/408/416
f 419/410/418 420/411/419 417/408/416
f 417/408/416 420/411/419 421/412/420
f 417/408/416 421/412/420 418/409/417
f 421/412/420 422/413/421 418/409/417
f 423/414/296 418/409/417 422/413/421
f 423/414/296 422/413/421 424/415/422
f 419/410/418 413/404/412 425/416/423
f 426/417/424 425/416/423 413/404/412
f 413/404/412 427/418/425 426/417/424
f 426/417/424 427/418/425 428/419/426
f 428/419/426 427/418/425 429/420/427
f 427/418/425 413/404/412 430/421/428
f 430/421/428 413/404/412 415/406/414
f 431/422/429 429/420/427 427/418/425
f 430/421/428 431/422/429 427/418/425
f 432/423/430 429/420/427 431/422/429
f 433/424/431 432/423/430 431/422/429
f 433/424/431 434/425/432 432/423/430
f 434/425/432 433/424/431 435/426/433
f 435/426/433 433/424/431 431/422/429
f 435/426/433 431/422/429 436/427/434
f 436/427/434 431/422/429 430/421/428
f 436/427/434 430/421/428 437/428/435
f 437/428/435 430/421/428 415/406/414
f 415/406/414 438/429/436 437/428/435
f 438/429/436 439/430/437 437/428/435
f 416/407/415 438/429/436 415/406/414
f 416/407/415 439/430/437 438/429/436
f 440/431/438 441/432/439 442/433/440
f 442/433/440 441/432/439 443/434/441
f 444/435/442 445/436/443 446/437/444
f 446/437/444 445/436/443 447/438/445
f 106/97/106 102/93/102 103/94/103
f 101/92/101 102/93/102 106/97/106
f 106/97/106 109/100/109 101/92/101
f 109/100/109 448/439/446 101/92/101
f 101/92/101 448/439/446 449/440/447
f 101/92/101 449/440/447 100/91/100
f 100/91/100 449/440/447 87/78/87
f 448/439/446 109/100/109 450/441/448
f 109/100/109 451/442/449 450/441/448
f 109/100/109 111/102/111 451/442/449
f 449/440/447 452/443/450 87/78/87
f 453/444/451 452/443/450 449/440/447
f 448/439/446 453/444/451 449/440/447
f 452/443/450 454/445/452 87/78/87
f 454/445/452 452/443/450 453/444/451
f 454/445/452 455/446/453 87/78/87
f 453/444/451 455/446/453 454/445/452
f 87/78/87 455/446/453 86/77/86
f 456/447/454 455/446/453 453/444/451
f 455/446/453 457/448/455 86/77/86
f 457/448/455 455/446/453 456/447/454
f 457/448/455 458/449/456 86/77/86
f 456/447/454 458/449/456 457/448/455
f 458/449/456 85/76/85 86/77/86
f 459/450/457 85/76/85 458/449/456
f 459/450/457 460/451/458 85/76/85
f 459/450/457 458/449/456 461/452/459
f 459/450/457 461/452/459 460/451/458
f 461/452/459 458/449/456 456/447/454
f 453/444/451 462/453/460 456/447/454
f 448/439/446 462/453/460 453/444/451
f 461/452/459 463/454/461 460/451/458
f 460/451/458 463/454/461 464/455/462
f 464/455/462 463/454/461 465/456/463
f 466/457/464 461/452/459 456/447/454
f 461/452/459 466/457/464 463/454/461
f 462/453/460 466/457/464 456/447/454
f 465/456/463 463/454/461 467/458/465
f 466/457/464 467/458/465 463/454/461
f 467/458/465 468/459/466 465/456/463
f 465/456/463 468/459/466 469/460/467
f 468/459/466 470/461/468 469/460/467
f 470/461/468 471/462/469 469/460/467
f 448/439/446 472/463/470 462/453/460
f 462/453/460 473/464/471 466/457/464
f 473/464/471 462/453/460 472/463/470
f 472/463/470 448/439/446 474/465/472
f 474/465/472 473/464/471 472/463/470
f 450/441/448 474/465/472 448/439/446
f 475/466/473 474/465/472 450/441/448
f 451/442/449 475/466/473 450/441/448
f 476/467/474 467/458/465 466/457/464
f 473/464/471 476/467/474 466/457/464
f 477/468/475 476/467/474 473/464/471
f 474/465/472 478/469/476 473/464/471
f 478/469/476 474/465/472 475/466/473
f 473/464/471 478/469/476 477/468/475
f 476/467/474 479/470/477 467/458/465
f 476/467/474 477/468/475 480/471/478
f 480/471/478 479/470/477 476/467/474
f 479/470/477 481/472/479 467/458/465
f 479/470/477 482/473/480 481/472/479
f 467/458/465 481/472/479 468/459/466
f 451/442/449 483/474/481 475/466/473
f 484/475/482 483/474/481 451/442/449
f 483/474/481 484/475/482 485/476/483
f 484/475/482 451/442/449 111/102/111
f 111/102/111 486/477/484 484/475/482
f 111/102/111 110/101/110 486/477/484
f 486/477/484 110/101/110 487/478/485
f 484/475/482 486/477/484 488/479/486
f 488/479/486 485/476/483 484/475/482
f 489/480/487 486/477/484 487/478/485
f 488/479/486 486/477/484 489/480/487
f 490/481/488 489/480/487 487/478/485
f 491/482/489 489/480/487 490/481/488
f 492/483/490 475/466/473 483/474/481
f 492/483/490 483/474/481 493/484/491
f 483/474/481 485/476/483 493/484/491
f 475/466/473 492/483/490 494/485/492
f 494/485/492 492/483/490 493/484/491
f 494/485/492 478/469/476 475/466/473
f 494/485/492 493/484/491 495/486/493
f 495/486/493 493/484/491 485/476/483
f 478/469/476 494/485/492 496/487/494
f 495/486/493 496/487/494 494/485/492
f 478/469/476 496/487/494 497/488/495
f 497/488/495 496/487/494 495/486/493
f 497/488/495 477/468/475 478/469/476
f 498/489/496 488/479/486 489/480/487
f 499/490/497 489/480/487 491/482/489
f 499/490/497 498/489/496 489/480/487
f 488/479/486 500/491/498 485/476/483
f 488/479/486 498/489/496 500/491/498
f 491/482/489 501/492/499 499/490/497
f 502/493/500 501/492/499 491/482/489
f 503/494/501 501/492/499 502/493/500
f 501/492/499 503/494/501 504/495/502
f 499/490/497 501/492/499 504/495/502
f 504/495/502 505/496/503 499/490/497
f 505/496/503 506/497/504 499/490/497
f 506/497/504 498/489/496 499/490/497
f 506/497/504 505/496/503 507/498/505
f 507/498/505 498/489/496 506/497/504
f 498/489/496 507/498/505 508/499/506
f 500/491/498 498/489/496 508/499/506
f 509/500/507 500/491/498 508/499/506
f 509/500/507 485/476/483 500/491/498
f 510/501/508 509/500/507 508/499/506
f 509/500/507 510/501/508 511/502/509
f 485/476/483 509/500/507 512/503/510
f 485/476/483 512/503/510 495/486/493
f 509/500/507 511/502/509 513/504/511
f 512/503/510 509/500/507 513/504/511
f 514/505/512 512/503/510 513/504/511
f 511/502/509 515/506/513 513/504/511
f 514/505/512 513/504/511 515/506/513
f 512/503/510 516/507/514 495/486/493
f 516/507/514 512/503/510 514/505/512
f 516/507/514 497/488/495 495/486/493
f 497/488/495 516/507/514 517/508/515
f 517/508/515 477/468/475 497/488/495
f 518/509/516 517/508/515 516/507/514
f 518/509/516 477/468/475 517/508/515
f 514/505/512 519/510/517 516/507/514
f 518/509/516 516/507/514 519/510/517
f 518/509/516 520/511/518 477/468/475
f 520/511/518 480/471/478 477/468/475
f 480/471/478 520/511/518 521/512/519
f 521/512/519 522/513/520 480/471/478
f 480/471/478 522/513/520 479/470/477
f 479/470/477 522/513/520 523/514/521
f 521/512/519 523/514/521 522/513/520
f 479/470/477 523/514/521 482/473/480
f 524/515/522 520/511/518 518/509/516
f 519/510/517 524/515/522 518/509/516
f 525/516/523 520/511/518 524/515/522
f 525/516/523 524/515/522 519/510/517
f 520/511/518 525/516/523 521/512/519
f 526/517/524 525/516/523 519/510/517
f 526/517/524 519/510/517 514/505/512
f 527/518/525 482/473/480 523/514/521
f 527/518/525 523/514/521 521/512/519
f 528/519/526 521/512/519 525/516/523
f 525/516/523 526/517/524 528/519/526
f 529/520/527 521/512/519 528/519/526
f 528/519/526 526/517/524 529/520/527
f 530/521/528 526/517/524 514/505/512
f 530/521/528 529/520/527 526/517/524
f 521/512/519 529/520/527 531/522/529
f 521/512/519 531/522/529 527/518/525
f 514/505/512 532/523/530 530/521/528
f 515/506/513 532/523/530 514/505/512
f 533/524/531 531/522/529 529/520/527
f 529/520/527 530/521/528 533/524/531
f 533/524/531 530/521/528 534/525/532
f 534/525/532 531/522/529 533/524/531
f 535/526/533 532/523/530 515/506/513
f 515/506/513 536/527/534 535/526/533
f 537/528/535 535/526/533 536/527/534
f 536/527/534 538/529/536 537/528/535
f 538/529/536 539/530/537 537/528/535
f 540/531/538 534/525/532 530/521/528
f 530/521/528 532/523/530 540/531/538
f 539/530/537 541/532/539 537/528/535
f 539/530/537 542/533/540 541/532/539
f 542/533/540 543/534/541 541/532/539
f 543/534/541 544/535/542 541/532/539
f 541/532/539 544/535/542 537/528/535
f 543/534/541 545/536/543 544/535/542
f 544/535/542 545/536/543 546/537/544
f 546/537/544 547/538/545 544/535/542
f 546/537/544 471/462/469 547/538/545
f 537/528/535 544/535/542 548/539/546
f 544/535/542 547/538/545 548/539/546
f 549/540/547 547/538/545 471/462/469
f 470/461/468 549/540/547 471/462/469
f 537/528/535 548/539/546 550/541/548
f 535/526/533 537/528/535 550/541/548
f 535/526/533 550/541/548 551/542/549
f 551/542/549 532/523/530 535/526/533
f 551/542/549 552/543/550 532/523/530
f 552/543/550 540/531/538 532/523/530
f 552/543/550 553/544/551 540/531/538
f 553/544/551 534/525/532 540/531/538
f 534/525/532 553/544/551 554/545/552
f 554/545/552 531/522/529 534/525/532
f 555/546/553 554/545/552 553/544/551
f 555/546/553 553/544/551 556/547/554
f 553/544/551 552/543/550 556/547/554
f 557/548/555 555/546/553 556/547/554
f 556/547/554 552/543/550 557/548/555
f 557/548/555 552/543/550 551/542/549
f 531/522/529 554/545/552 558/549/556
f 558/549/556 527/518/525 531/522/529
f 559/550/557 557/548/555 551/542/549
f 559/550/557 555/546/553 557/548/555
f 560/551/558 559/550/557 551/542/549
f 560/551/558 555/546/553 559/550/557
f 550/541/548 560/551/558 551/542/549
f 561/552/559 558/549/556 554/545/552
f 555/546/553 561/552/559 554/545/552
f 558/549/556 562/553/560 527/518/525
f 561/552/559 562/553/560 558/549/556
f 562/553/560 563/554/561 527/518/525
f 563/554/561 482/473/480 527/518/525
f 564/555/562 560/551/558 550/541/548
f 564/555/562 550/541/548 565/556/563
f 565/556/563 550/541/548 548/539/546
f 560/551/558 564/555/562 566/557/564
f 565/556/563 566/557/564 564/555/562
f 566/557/564 565/556/563 548/539/546
f 566/557/564 555/546/553 560/551/558
f 548/539/546 547/538/545 566/557/564
f 567/558/565 566/557/564 547/538/545
f 566/557/564 567/558/565 555/546/553
f 547/538/545 549/540/547 567/558/565
f 555/546/553 567/558/565 568/559/566
f 561/552/559 555/546/553 568/559/566
f 549/540/547 569/560/567 567/558/565
f 567/558/565 569/560/567 568/559/566
f 470/461/468 569/560/567 549/540/547
f 568/559/566 570/561/568 561/552/559
f 568/559/566 569/560/567 570/561/568
f 569/560/567 470/461/468 571/562/569
f 468/459/466 571/562/569 470/461/468
f 561/552/559 570/561/568 572/563/570
f 562/553/560 561/552/559 572/563/570
f 573/564/571 570/561/568 569/560/567
f 573/564/571 569/560/567 571/562/569
f 572/563/570 570/561/568 573/564/571
f 468/459/466 574/565/572 571/562/569
f 574/565/572 468/459/466 481/472/479
f 572/563/570 575/566/573 562/553/560
f 562/553/560 575/566/573 576/567/574
f 572/563/570 577/568/575 575/566/573
f 576/567/574 563/554/561 562/553/560
f 563/554/561 576/567/574 578/569/576
f 579/570/577 577/568/575 572/563/570
f 573/564/571 579/570/577 572/563/570
f 578/569/576 482/473/480 563/554/561
f 482/473/480 578/569/576 580/571/578
f 579/570/577 573/564/571 581/572/579
f 571/562/569 581/572/579 573/564/571
f 581/572/579 582/573/580 579/570/577
f 583/574/581 581/572/579 571/562/569
f 583/574/581 582/573/580 581/572/579
f 571/562/569 574/565/572 583/574/581
f 584/575/582 582/573/580 583/574/581
f 585/576/583 584/575/582 583/574/581
f 586/577/584 583/574/581 574/565/572
f 583/574/581 586/577/584 585/576/583
f 580/571/578 585/576/583 586/577/584
f 586/577/584 574/565/572 481/472/479
f 580/571/578 587/578/585 482/473/480
f 482/473/480 587/578/585 481/472/479
f 586/577/584 587/578/585 580/571/578
f 481/472/479 587/578/585 586/577/584
f 588/579/586 589/580/587 590/581/588
f 590/581/588 589/580/587 591/582/589
f 590/581/588 591/582/589 592/583/590
f 590/581/588 592/583/590 593/584/591
f 594/585/592 592/583/590 591/582/589
f 591/582/589 595/586/593 594/585/592
f 594/585/592 595/586/593 596/587/594
f 592/583/590 597/588/595 593/584/591
f 597/588/595 598/589/596 593/584/591
f 597/588/595 599/590/597 598/589/596
f 600/591/598 599/590/597 597/588/595
f 601/592/599 599/590/597 600/591/598
f 602/593/600 597/588/595 592/583/590
f 592/583/590 594/585/592 602/593/600
f 596/587/594 603/594/601 594/585/592
f 604/595/602 603/594/601 596/587/594
f 603/594/601 604/595/602 605/596/603
f 594/585/592 603/594/601 606/597/604
f 606/597/604 602/593/600 594/585/592
f 605/596/603 606/597/604 603/594/601
f 597/588/595 602/593/600 607/598/605
f 607/598/605 600/591/598 597/588/595
f 608/599/606 602/593/600 606/597/604
f 608/599/606 607/598/605 602/593/600
f 606/597/604 605/596/603 609/600/607
f 606/597/604 609/600/607 608/599/606
f 605/596/603 610/601/608 609/600/607
f 611/602/609 610/601/608 605/596/603
f 610/601/608 611/602/609 612/603/610
f 612/603/610 613/604/611 610/601/608
f 610/601/608 614/605/612 609/600/607
f 610/601/608 613/604/611 614/605/612
f 609/600/607 614/605/612 608/599/606
f 615/606/613 614/605/612 613/604/611
f 613/604/611 616/607/614 615/606/613
f 615/606/613 616/607/614 617/608/615
f 615/606/613 617/608/615 618/609/616
f 615/606/613 618/609/616 619/610/617
f 615/606/613 619/610/617 614/605/612
f 614/605/612 619/610/617 620/611/618
f 608/599/606 614/605/612 620/611/618
f 621/612/619 608/599/606 620/611/618
f 622/613/620 621/612/619 620/611/618
f 621/612/619 622/613/620 623/614/621
f 621/612/619 623/614/621 624/615/622
f 621/612/619 607/598/605 608/599/606
f 621/612/619 624/615/622 607/598/605
f 624/615/622 625/616/623 607/598/605
f 607/598/605 625/616/623 600/591/598
f 626/617/624 600/591/598 625/616/623
f 627/618/625 626/617/624 625/616/623
f 628/619/626 626/617/624 627/618/625
f 626/617/624 628/619/626 600/591/598
f 629/620/627 600/591/598 628/619/626
f 630/621/628 600/591/598 629/620/627
f 629/620/627 631/622/629 630/621/628
f 600/591/598 630/621/628 601/592/599
f 631/622/629 632/623/630 630/621/628
f 632/623/630 633/624/631 630/621/628
f 632/623/630 634/625/632 633/624/631
f 633/624/631 634/625/632 635/626/633
f 630/621/628 636/627/634 601/592/599
f 630/621/628 633/624/631 636/627/634
f 636/627/634 637/628/635 601/592/599
f 638/629/636 637/628/635 636/627/634
f 639/630/637 638/629/636 636/627/634
f 636/627/634 633/624/631 639/630/637
f 638/629/636 639/630/637 640/631/638
f 639/630/637 641/632/639 640/631/638
f 633/624/631 635/626/633 642/633/640
f 635/626/633 643/634/641 642/633/640
f 644/635/642 639/630/637 633/624/631
f 639/630/637 644/635/642 641/632/639
f 642/633/640 644/635/642 633/624/631
f 645/636/643 641/632/639 644/635/642
f 641/632/639 645/636/643 646/637/644
f 647/638/645 646/637/644 645/636/643
f 648/639/646 645/636/643 644/635/642
f 645/636/643 648/639/646 647/638/645
f 644/635/642 642/633/640 648/639/646
f 648/639/646 649/640/647 647/638/645
f 650/641/648 649/640/647 648/639/646
f 649/640/647 650/641/648 651/642/649
f 652/643/650 651/642/649 650/641/648
f 643/634/641 653/644/651 642/633/640
f 653/644/651 643/634/641 654/645/652
f 654/645/652 655/646/653 653/644/651
f 653/644/651 655/646/653 656/647/654
f 657/648/655 648/639/646 642/633/640
f 653/644/651 657/648/655 642/633/640
f 653/644/651 656/647/654 657/648/655
f 650/641/648 648/639/646 657/648/655
f 658/649/656 657/648/655 656/647/654
f 659/650/657 658/649/656 656/647/654
f 658/649/656 659/650/657 660/651/658
f 661/652/659 658/649/656 660/651/658
f 657/648/655 658/649/656 661/652/659
f 650/641/648 657/648/655 661/652/659
f 661/652/659 662/653/660 650/641/648
f 663/654/661 652/643/650 650/641/648
f 663/654/661 650/641/648 662/653/660
f 663/654/661 664/655/662 652/643/650
f 663/654/661 662/653/660 664/655/662
f 665/656/663 666/657/664 667/658/165
f 665/656/663 667/658/165 668/659/665
f 665/656/663 668/659/665 669/660/666
f 670/661/667 665/656/663 669/660/666
f 671/662/668 669/660/666 668/659/665
f 672/663/170 671/662/668 668/659/665
f 672/663/170 673/664/669 671/662/668
f 674/665/670 670/661/667 669/660/666
f 669/660/666 671/662/668 674/665/670
f 671/662/668 673/664/669 675/666/671
f 671/662/668 675/666/671 674/665/670
f 673/664/669 676/667/672 675/666/671
f 670/661/667 674/665/670 677/668/673
f 677/668/673 678/669/674 670/661/667
f 677/668/673 679/670/675 678/669/674
f 677/668/673 674/665/670 680/671/676
f 680/671/676 679/670/675 677/668/673
f 675/666/671 680/671/676 674/665/670
f 680/671/676 681/672/180 679/670/675
f 682/673/677 681/672/180 680/671/676
f 675/666/671 682/673/677 680/671/676
f 683/674/678 675/666/671 676/667/672
f 683/674/678 682/673/677 675/666/671
f 676/667/672 684/675/183 683/674/678
f 683/674/678 685/676/679 682/673/677
f 686/677/680 683/674/678 684/675/183
f 685/676/679 683/674/678 686/677/680
f 687/678/681 688/679/312 689/680/682
f 690/681/683 689/680/682 688/679/312
f 691/682/684 689/680/682 690/681/683
f 688/679/312 692/683/685 690/681/683
f 690/681/683 692/683/685 693/684/686
f 690/681/683 694/685/687 691/682/684
f 694/685/687 690/681/683 693/684/686
f 693/684/686 695/686/688 694/685/687
f 693/684/686 692/683/685 696/687/689
f 695/686/688 693/684/686 697/688/690
f 698/689/691 697/688/690 693/684/686
f 697/688/690 699/690/692 695/686/688
f 696/687/689 700/691/693 693/684/686
f 698/689/691 693/684/686 700/691/693
f 701/692/694 700/691/693 696/687/689
f 698/689/691 700/691/693 701/692/694
f 702/693/302 701/692/694 696/687/689
f 703/694/695 699/690/692 697/688/690
f 703/694/695 704/695/696 699/690/692
f 704/695/696 703/694/695 705/696/127
f 705/696/127 703/694/695 706/697/697
f 697/688/690 707/698/698 703/694/695
f 707/698/698 706/697/697 703/694/695
f 698/689/691 707/698/698 697/688/690
f 707/698/698 708/699/699 706/697/697
f 708/699/699 707/698/698 709/700/700
f 709/700/700 707/698/698 698/689/691
f 701/692/694 702/693/302 710/701/701
f 710/701/701 702/693/302 711/702/303
f 711/702/303 712/703/702 710/701/701
f 713/704/703 710/701/701 712/703/702
f 713/704/703 714/705/704 710/701/701
f 714/705/704 701/692/694 710/701/701
f 714/705/704 713/704/703 715/706/705
f 701/692/694 716/707/706 698/689/691
f 714/705/704 716/707/706 701/692/694
f 714/705/704 715/706/705 717/708/707
f 714/705/704 717/708/707 716/707/706
f 717/708/707 715/706/705 718/709/708
f 719/710/709 717/708/707 718/709/708
f 716/707/706 717/708/707 719/710/709
f 716/707/706 719/710/709 720/711/710
f 721/712/711 698/689/691 716/707/706
f 720/711/710 721/712/711 716/707/706
f 721/712/711 709/700/700 698/689/691
f 722/713/712 721/712/711 720/711/710
f 721/712/711 722/713/712 723/714/713
f 723/714/713 709/700/700 721/712/711
f 724/715/714 723/714/713 722/713/712
f 723/714/713 724/715/714 725/716/715
f 723/714/713 725/716/715 726/717/716
f 727/718/717 726/717/716 725/716/715
f 728/719/142 726/717/716 727/718/717
f 723/714/713 729/720/718 709/700/700
f 729/720/718 723/714/713 726/717/716
f 708/699/699 709/700/700 729/720/718
f 729/720/718 730/721/719 708/699/699
f 729/720/718 726/717/716 730/721/719
f 726/717/716 731/722/720 730/721/719
f 732/723/721 726/717/716 728/719/142
f 732/723/721 731/722/720 726/717/716
f 733/724/722 732/723/721 728/719/142
f 734/725/723 731/722/720 732/723/721
f 733/724/722 734/725/723 732/723/721
f 735/726/724 736/727/725 737/728/726
f 735/726/724 737/728/726 738/729/727
f 738/729/727 739/730/728 735/726/724
f 740/731/729 739/730/728 738/729/727
f 740/731/729 741/732/730 739/730/728
f 742/733/731 741/732/730 740/731/729
f 743/734/732 740/731/729 738/729/727
f 738/729/727 744/735/733 743/734/732
f 745/736/734 742/733/731 740/731/729
f 745/736/734 746/737/735 742/733/731
f 745/736/734 747/738/736 746/737/735
f 748/739/737 747/738/736 745/736/734
f 745/736/734 740/731/729 749/740/738
f 743/734/732 749/740/738 740/731/729
f 745/736/734 750/741/739 748/739/737
f 750/741/739 745/736/734 749/740/738
f 751/742/740 750/741/739 749/740/738
f 752/743/741 751/742/740 749/740/738
f 753/744/742 752/743/741 749/740/738
f 753/744/742 749/740/738 743/734/732
f 751/742/740 752/743/741 754/745/743
f 743/734/732 755/746/744 753/744/742
f 756/747/745 751/742/740 754/745/743
f 755/746/744 743/734/732 757/748/746
f 743/734/732 744/735/733 757/748/746
f 758/749/747 757/748/746 744/735/733
f 757/748/746 759/750/748 755/746/744
f 760/751/749 757/748/746 758/749/747
f 748/739/737 750/741/739 761/752/750
f 761/752/750 762/753/751 748/739/737
f 763/754/752 762/753/751 761/752/750
f 761/752/750 764/755/753 763/754/752
f 765/756/754 761/752/750 750/741/739
f 765/756/754 764/755/753 761/752/750
f 751/742/740 765/756/754 750/741/739
f 765/756/754 751/742/740 766/757/755
f 767/758/756 764/755/753 765/756/754
f 765/756/754 768/759/757 767/758/756
f 768/759/757 765/756/754 766/757/755
f 768/759/757 769/760/758 767/758/756
f 769/760/758 768/759/757 770/761/759
f 771/762/760 757/748/746 760/751/749
f 772/763/761 771/762/760 760/751/749
f 759/750/748 757/748/746 771/762/760
f 773/764/762 772/763/761 760/751/749
f 774/765/763 772/763/761 773/764/762
f 774/765/763 773/764/762 775/766/764
f 774/765/763 775/766/764 776/767/765
f 774/765/763 776/767/765 777/768/766
f 778/769/767 774/765/763 777/768/766
f 759/750/748 771/762/760 779/770/768
f 771/762/760 772/763/761 779/770/768
f 779/770/768 780/771/769 759/750/748
f 780/771/769 779/770/768 781/772/770
f 781/772/770 779/770/768 782/773/771
f 782/773/771 779/770/768 783/774/772
f 772/763/761 783/774/772 779/770/768
f 784/775/773 782/773/771 783/774/772
f 783/774/772 785/776/774 784/775/773
f 786/777/775 785/776/774 783/774/772
f 783/774/772 772/763/761 786/777/775
f 785/776/774 786/777/775 787/778/776
f 787/778/776 786/777/775 788/779/777
f 778/769/767 789/780/778 774/765/763
f 789/780/778 778/769/767 790/781/779
f 790/781/779 791/782/780 789/780/778
f 772/763/761 774/765/763 792/783/781
f 792/783/781 774/765/763 789/780/778
f 791/782/780 792/783/781 789/780/778
f 786/777/775 772/763/761 792/783/781
f 792/783/781 791/782/780 793/784/782
f 786/777/775 794/785/783 788/779/777
f 794/785/783 786/777/775 792/783/781
f 794/785/783 792/783/781 793/784/782
f 794/785/783 795/786/784 788/779/777
f 794/785/783 793/784/782 795/786/784
f 796/787/785 75/66/75 78/69/78
f 796/787/785 797/788/786 75/66/75
f 75/66/75 797/788/786 71/62/71
f 797/788/786 798/789/787 71/62/71
f 71/62/71 798/789/787 70/61/70
f 796/787/785 799/790/788 797/788/786
f 797/788/786 799/790/788 798/789/787
f 796/787/785 800/791/789 799/790/788
f 801/792/790 799/790/788 800/791/789
f 800/791/789 802/793/791 801/792/790
f 803/794/792 798/789/787 799/790/788
f 803/794/792 799/790/788 801/792/790
f 802/793/791 804/795/793 801/792/790
f 805/796/794 804/795/793 802/793/791
f 805/796/794 806/797/795 804/795/793
f 804/795/793 806/797/795 807/798/796
f 801/792/790 804/795/793 807/798/796
f 808/799/797 807/798/796 806/797/795
f 809/800/798 808/799/797 806/797/795
f 809/800/798 810/801/799 808/799/797
f 801/792/790 811/802/800 803/794/792
f 801/792/790 807/798/796 812/803/801
f 812/803/801 811/802/800 801/792/790
f 803/794/792 811/802/800 813/804/802
f 798/789/787 803/794/792 814/805/803
f 813/804/802 814/805/803 803/794/792
f 811/802/800 812/803/801 815/806/804
f 815/806/804 813/804/802 811/802/800
f 812/803/801 807/798/796 816/807/805
f 807/798/796 808/799/797 817/808/806
f 816/807/805 807/798/796 817/808/806
f 818/809/807 817/808/806 808/799/797
f 816/807/805 817/808/806 818/809/807
f 810/801/799 819/810/808 808/799/797
f 808/799/797 819/810/808 818/809/807
f 810/801/799 820/811/809 819/810/808
f 820/811/809 810/801/799 821/812/810
f 821/812/810 822/813/811 820/811/809
f 820/811/809 822/813/811 823/814/812
f 819/810/808 820/811/809 824/815/813
f 824/815/813 820/811/809 823/814/812
f 818/809/807 819/810/808 824/815/813
f 823/814/812 825/816/814 824/815/813
f 826/817/815 818/809/807 824/815/813
f 826/817/815 816/807/805 818/809/807
f 824/815/813 825/816/814 827/818/816
f 827/818/816 826/817/815 824/815/813
f 825/816/814 828/819/817 827/818/816
f 829/820/818 827/818/816 828/819/817
f 828/819/817 830/821/819 829/820/818
f 831/822/820 826/817/815 827/818/816
f 816/807/805 826/817/815 831/822/820
f 827/818/816 829/820/818 831/822/820
f 829/820/818 830/821/819 832/823/821
f 833/824/822 832/823/821 830/821/819
f 834/825/823 832/823/821 833/824/822
f 834/825/823 829/820/818 832/823/821
f 835/826/824 834/825/823 833/824/822
f 836/827/825 835/826/824 833/824/822
f 837/828/826 829/820/818 834/825/823
f 837/828/826 834/825/823 835/826/824
f 837/828/826 838/829/827 829/820/818
f 838/829/827 831/822/820 829/820/818
f 835/826/824 838/829/827 837/828/826
f 831/822/820 839/830/828 816/807/805
f 839/830/828 812/803/801 816/807/805
f 815/806/804 812/803/801 839/830/828
f 840/831/829 831/822/820 838/829/827
f 840/831/829 838/829/827 835/826/824
f 839/830/828 831/822/820 840/831/829
f 836/827/825 841/832/830 835/826/824
f 835/826/824 841/832/830 840/831/829
f 842/833/831 839/830/828 840/831/829
f 841/832/830 842/833/831 840/831/829
f 843/834/832 839/830/828 842/833/831
f 815/806/804 839/830/828 843/834/832
f 843/834/832 842/833/831 841/832/830
f 844/835/833 815/806/804 843/834/832
f 841/832/830 844/835/833 843/834/832
f 815/806/804 844/835/833 813/804/802
f 845/836/834 841/832/830 836/827/825
f 845/836/834 844/835/833 841/832/830
f 813/804/802 844/835/833 845/836/834
f 836/827/825 846/837/835 845/836/834
f 846/837/835 25/16/25 845/836/834
f 25/16/25 27/18/27 845/836/834
f 845/836/834 27/18/27 813/804/802
f 27/18/27 814/805/803 813/804/802
f 27/18/27 29/20/29 814/805/803
f 814/805/803 29/20/29 798/789/787
f 847/838/836 798/789/787 29/20/29
f 31/22/31 847/838/836 29/20/29
f 847/838/836 70/61/70 798/789/787
f 847/838/836 31/22/31 848/839/837
f 848/839/837 31/22/31 38/29/38
f 42/33/42 848/839/837 38/29/38
f 42/33/42 44/35/44 848/839/837
f 44/35/44 847/838/836 848/839/837
f 847/838/836 44/35/44 70/61/70
f 44/35/44 45/36/45 70/61/70
f 70/61/70 45/36/45 58/49/58
f 849/840/838 850/841/839 851/842/840
f 852/843/841 851/842/840 850/841/839
f 853/844/842 851/842/840 852/843/841
f 853/844/842 852/843/841 854/845/843
f 854/845/843 855/846/844 853/844/842
f 856/847/845 855/846/844 854/845/843
f 857/848/846 852/843/841 850/841/839
f 858/849/847 857/848/846 850/841/839
f 850/841/839 859/850/848 858/849/847
f 859/850/848 860/851/849 858/849/847
f 852/843/841 861/852/850 854/845/843
f 857/848/846 861/852/850 852/843/841
f 854/845/843 862/853/789 856/847/845
f 861/852/850 862/853/789 854/845/843
f 856/847/845 862/853/789 863/854/785
f 856/847/845 863/854/785 864/855/851
f 865/856/852 864/855/851 863/854/785
f 866/857/853 862/853/789 861/852/850
f 867/858/854 864/855/851 865/856/852
f 866/857/853 861/852/850 868/859/855
f 865/856/852 869/860/856 867/858/854
f 870/861/857 861/852/850 857/848/846
f 861/852/850 870/861/857 868/859/855
f 858/849/847 870/861/857 857/848/846
f 870/861/857 871/862/858 868/859/855
f 870/861/857 858/849/847 871/862/858
f 868/859/855 871/862/858 872/863/859
f 871/862/858 873/864/860 872/863/859
f 873/864/860 871/862/858 858/849/847
f 872/863/859 873/864/860 874/865/861
f 874/865/861 873/864/860 875/866/862
f 876/867/863 873/864/860 858/849/847
f 858/849/847 860/851/849 876/867/863
f 873/864/860 877/868/864 875/866/862
f 873/864/860 876/867/863 877/868/864
f 860/851/849 878/869/865 876/867/863
f 876/867/863 878/869/865 877/868/864
f 879/870/866 878/869/865 860/851/849
f 877/868/864 880/871/867 875/866/862
f 877/868/864 878/869/865 880/871/867
f 878/869/865 879/870/866 880/871/867
f 880/871/867 881/872/868 875/866/862
f 880/871/867 879/870/866 881/872/868
f 882/873/869 883/874/870 884/875/871
f 882/873/869 884/875/871 885/876/872
f 886/877/873 882/873/869 885/876/872
f 885/876/872 884/875/871 887/878/874
f 888/879/875 886/877/873 885/876/872
f 889/880/876 885/876/872 887/878/874
f 889/880/876 888/879/875 885/876/872
f 887/878/874 890/881/877 889/880/876
f 889/880/876 891/882/878 888/879/875
f 890/881/877 892/883/879 889/880/876
f 891/882/878 889/880/876 892/883/879
f 890/881/877 893/884/880 892/883/879
f 894/885/881 891/882/878 892/883/879
f 893/884/880 895/886/882 892/883/879
f 893/884/880 896/887/883 895/886/882
f 897/888/884 894/885/881 892/883/879
f 892/883/879 895/886/882 897/888/884
f 898/889/885 894/885/881 897/888/884
f 899/890/886 898/889/885 897/888/884
f 898/889/885 899/890/886 900/891/887
f 900/891/887 899/890/886 901/892/888
f 899/890/886 902/893/889 901/892/888
f 899/890/886 903/894/890 902/893/889
f 903/894/890 899/890/886 897/888/884
f 903/894/890 904/895/891 902/893/889
f 903/894/890 905/896/892 904/895/891
f 904/895/891 905/896/892 906/897/893
f 905/896/892 907/898/894 906/897/893
f 897/888/884 908/899/895 903/894/890
f 895/886/882 908/899/895 897/888/884
f 908/899/895 905/896/892 903/894/890
f 908/899/895 895/886/882 909/900/896
f 909/900/896 905/896/892 908/899/895
f 895/886/882 896/887/883 909/900/896
f 905/896/892 910/901/897 907/898/894
f 907/898/894 910/901/897 911/902/898
f 905/896/892 909/900/896 912/903/899
f 905/896/892 912/903/899 910/901/897
f 909/900/896 896/887/883 913/904/900
f 909/900/896 913/904/900 912/903/899
f 896/887/883 914/905/901 913/904/900
f 910/901/897 915/906/902 911/902/898
f 912/903/899 915/906/902 910/901/897
f 911/902/898 915/906/902 916/907/903
f 917/908/904 916/907/903 915/906/902
f 912/903/899 913/904/900 918/909/905
f 913/904/900 914/905/901 918/909/905
f 918/909/905 915/906/902 912/903/899
f 915/906/902 918/909/905 917/908/904
f 918/909/905 914/905/901 917/908/904
f 83/74/83 82/73/82 85/76/85
f 85/76/85 919/910/906 83/74/83
f 460/451/458 919/910/906 85/76/85
f 464/455/462 919/910/906 460/451/458
f 919/910/906 464/455/462 465/456/463
f 919/910/906 465/456/463 920/911/907
f 921/912/908 919/910/906 920/911/907
f 922/913/909 83/74/83 919/910/906
f 919/910/906 921/912/908 922/913/909
f 80/71/80 83/74/83 922/913/909
f 922/913/909 921/912/908 923/914/910
f 921/912/908 924/915/911 923/914/910
f 923/914/910 924/915/911 925/916/912
f 926/917/913 80/71/80 922/913/909
f 80/71/80 926/917/913 74/65/74
f 74/65/74 926/917/913 76/67/76
f 926/917/913 922/913/909 927/918/914
f 76/67/76 926/917/913 927/918/914
f 927/918/914 922/913/909 923/914/910
f 927/918/914 928/919/915 76/67/76
f 928/919/915 927/918/914 923/914/910
f 928/919/915 923/914/910 929/920/916
f 929/920/916 923/914/910 925/916/912
f 925/916/912 930/921/917 929/920/916
f 931/922/918 930/921/917 925/916/912
f 925/916/912 932/923/919 931/922/918
f 933/924/920 931/922/918 932/923/919
f 932/923/919 925/916/912 924/915/911
f 932/923/919 934/925/921 933/924/920
f 935/926/922 933/924/920 934/925/921
f 924/915/911 936/927/923 932/923/919
f 934/925/921 932/923/919 936/927/923
f 937/928/924 935/926/922 934/925/921
f 935/926/922 937/928/924 938/929/925
f 936/927/923 939/930/926 934/925/921
f 937/928/924 934/925/921 939/930/926
f 940/931/927 938/929/925 937/928/924
f 939/930/926 941/932/928 937/928/924
f 941/932/928 940/931/927 937/928/924
f 942/933/929 939/930/926 936/927/923
f 942/933/929 941/932/928 939/930/926
f 943/934/930 938/929/925 940/931/927
f 944/935/931 938/929/925 943/934/930
f 945/936/932 944/935/931 943/934/930
f 945/936/932 943/934/930 946/937/933
f 946/937/933 943/934/930 947/938/934
f 947/938/934 943/934/930 940/931/927
f 948/939/935 947/938/934 940/931/927
f 948/939/935 940/931/927 941/932/928
f 949/940/936 947/938/934 948/939/935
f 949/940/936 948/939/935 950/941/937
f 951/942/938 949/940/936 950/941/937
f 951/942/938 950/941/937 952/943/939
f 953/944/940 952/943/939 950/941/937
f 952/943/939 954/945/941 951/942/938
f 955/946/942 954/945/941 952/943/939
f 952/943/939 956/947/943 955/946/942
f 956/947/943 952/943/939 953/944/940
f 956/947/943 957/948/944 955/946/942
f 958/949/945 957/948/944 956/947/943
f 957/948/944 958/949/945 542/533/540
f 542/533/540 958/949/945 543/534/541
f 959/950/946 950/941/937 948/939/935
f 950/941/937 959/950/946 953/944/940
f 953/944/940 960/951/947 956/947/943
f 956/947/943 960/951/947 958/949/945
f 958/949/945 961/952/948 543/534/541
f 545/536/543 543/534/541 961/952/948
f 959/950/946 948/939/935 962/953/949
f 962/953/949 948/939/935 941/932/928
f 963/954/950 962/953/949 941/932/928
f 942/933/929 963/954/950 941/932/928
f 962/953/949 964/955/951 959/950/946
f 963/954/950 964/955/951 962/953/949
f 963/954/950 942/933/929 965/956/952
f 965/956/952 942/933/929 966/957/953
f 965/956/952 967/958/954 963/954/950
f 963/954/950 967/958/954 964/955/951
f 936/927/923 966/957/953 942/933/929
f 959/950/946 964/955/951 968/959/955
f 968/959/955 953/944/940 959/950/946
f 968/959/955 964/955/951 953/944/940
f 969/960/956 953/944/940 964/955/951
f 967/958/954 969/960/956 964/955/951
f 960/951/947 953/944/940 969/960/956
f 969/960/956 967/958/954 970/961/957
f 970/961/957 960/951/947 969/960/956
f 965/956/952 970/961/957 967/958/954
f 970/961/957 971/962/958 960/951/947
f 971/962/958 970/961/957 965/956/952
f 958/949/945 960/951/947 971/962/958
f 958/949/945 971/962/958 972/963/959
f 972/963/959 971/962/958 965/956/952
f 973/964/960 958/949/945 972/963/959
f 965/956/952 973/964/960 972/963/959
f 958/949/945 973/964/960 961/952/948
f 974/965/961 973/964/960 965/956/952
f 961/952/948 973/964/960 974/965/961
f 965/956/952 546/537/544 974/965/961
f 966/957/953 546/537/544 965/956/952
f 961/952/948 974/965/961 975/966/962
f 974/965/961 546/537/544 975/966/962
f 975/966/962 545/536/543 961/952/948
f 546/537/544 545/536/543 975/966/962
f 546/537/544 966/957/953 471/462/469
f 471/462/469 966/957/953 976/967/963
f 976/967/963 966/957/953 936/927/923
f 471/462/469 976/967/963 469/460/467
f 936/927/923 924/915/911 976/967/963
f 976/967/963 977/968/964 469/460/467
f 977/968/964 976/967/963 924/915/911
f 465/456/463 469/460/467 977/968/964
f 921/912/908 977/968/964 924/915/911
f 920/911/907 465/456/463 977/968/964
f 920/911/907 977/968/964 921/912/908
f 978/969/965 979/970/966 980/971/967
f 979/970/966 981/972/968 980/971/967
f 982/973/969 981/972/968 979/970/966
f 982/973/969 983/974/970 981/972/968
f 979/970/966 984/975/971 982/973/969
f 985/976/972 984/975/971 979/970/966
f 985/976/972 986/977/973 984/975/971
f 983/974/970 982/973/969 987/978/974
f 982/973/969 984/975/971 987/978/974
f 984/975/971 986/977/973 987/978/974
f 987/978/974 988/979/922 983/974/970
f 988/979/922 987/978/974 989/980/975
f 990/981/976 989/980/975 987/978/974
f 987/978/974 986/977/973 990/981/976
f 989/980/975 990/981/976 991/982/977
f 992/983/978 991/982/977 990/981/976
f 990/981/976 986/977/973 992/983/978
f 991/982/977 992/983/978 993/984/979
f 994/985/980 993/984/979 992/983/978
f 994/985/980 992/983/978 986/977/973
f 995/986/981 993/984/979 994/985/980
f 996/987/982 986/977/973 985/976/972
f 997/988/983 996/987/982 985/976/972
f 997/988/983 998/989/984 996/987/982
f 994/985/980 999/990/985 995/986/981
f 995/986/981 999/990/985 1000/991/986
f 986/977/973 1001/992/987 994/985/980
f 996/987/982 1001/992/987 986/977/973
f 994/985/980 1001/992/987 999/990/985
f 998/989/984 1002/993/988 996/987/982
f 996/987/982 1002/993/988 1001/992/987
f 1003/994/989 1000/991/986 999/990/985
f 1003/994/989 1004/995/990 1000/991/986
f 869/860/856 1004/995/990 1003/994/989
f 1001/992/987 1005/996/991 999/990/985
f 999/990/985 1005/996/991 1003/994/989
f 1002/993/988 1005/996/991 1001/992/987
f 1005/996/991 869/860/856 1003/994/989
f 1006/997/992 1002/993/988 998/989/984
f 1002/993/988 1006/997/992 1005/996/991
f 869/860/856 1005/996/991 1006/997/992
f 1007/998/993 1006/997/992 998/989/984
f 869/860/856 1006/997/992 867/858/854
f 1006/997/992 1007/998/993 1008/999/994
f 1006/997/992 1008/999/994 867/858/854
f 867/858/854 1008/999/994 1009/1000/878
f 1007/998/993 1010/1001/995 1008/999/994
f 1011/1002/996 1009/1000/878 1008/999/994
f 1008/999/994 1010/1001/995 1011/1002/996
f 1011/1002/996 1012/1003/997 1009/1000/878
f 1011/1002/996 1010/1001/995 1013/1004/998
f 1012/1003/997 1011/1002/996 1013/1004/998
f 1013/1004/998 1010/1001/995 1014/1005/999
f 1013/1004/998 1015/1006/1000 1012/1003/997
f 1013/1004/998 1014/1005/999 1016/1007/1001
f 1016/1007/1001 1015/1006/1000 1013/1004/998
f 1017/1008/1002 1018/1009/1003 1019/1010/1004
f 1017/1008/1002 1019/1010/1004 1020/1011/1005
f 1019/1010/1004 1021/1012/1006 1020/1011/1005
f 1022/1013/1007 1021/1012/1006 1019/1010/1004
f 1023/1014/1008 1024/1015/1009 1025/1016/1010
f 1023/1014/1008 1025/1016/1010 1026/1017/1011
f 1025/1016/1010 1027/1018/1012 1026/1017/1011
f 1028/1019/1013 1027/1018/1012 1025/1016/1010
f 1029/1020/1014 1030/1021/1015 1031/1022/1016
f 1032/1023/1017 1029/1020/1014 1031/1022/1016
f 1032/1023/1017 1033/1024/1018 1029/1020/1014
f 1033/1024/1018 1034/1025/1019 1029/1020/1014
f 1035/1026/1020 1036/1027/1021 1037/1028/1022
f 1038/1029/1023 1035/1026/1020 1037/1028/1022
f 1039/1030/1024 1035/1026/1020 1038/1029/1023
f 1040/1031/1025 1035/1026/1020 1039/1030/1024
f 1041/1032/1026 1042/1033/1027 1043/1034/1028
f 1044/1035/1029 1041/1032/1026 1043/1034/1028
f 1045/1036/1030 1041/1032/1026 1044/1035/1029
f 1046/1037/1031 1041/1032/1026 1045/1036/1030
f 1047/1038/1032 1048/1039/1033 1049/1040/1034
f 1047/1038/1032 1049/1040/1034 1050/1041/1035
f 1050/1041/1035 1051/1042/1036 1047/1038/1032
f 1051/1042/1036 1052/1043/1037 1047/1038/1032
f 1053/1044/1038 1054/1045/1039 1055/1046/1040
f 1056/1047/1041 1053/1044/1038 1055/1046/1040
f 1056/1047/1041 1057/1048/1042 1053/1044/1038
f 1057/1048/1042 1058/1049/1043 1053/1044/1038
f 1059/1050/1044 1060/1051/1045 1061/1052/1046
f 1062/1053/1047 1059/1050/1044 1061/1052/1046
f 1061/1052/1046 1063/1054/1048 1062/1053/1047
f 1061/1052/1046 1064/1055/1049 1063/1054/1048
f 1065/1056/1050 1066/1057/1051 1067/1058/1052
f 1068/1059/1053 1065/1056/1050 1067/1058/1052
f 1068/1059/1053 1069/1060/1054 1065/1056/1050
f 1069/1060/1054 1070/1061/1055 1065/1056/1050
f 1071/1062/1056 1072/1063/1057 1073/1064/1058
f 1072/1063/1057 1074/1065/1059 1073/1064/1058
f 1075/1066/1060 1074/1065/1059 1072/1063/1057
f 1076/1067/1061 1075/1066/1060 1072/1063/1057
f 1077/1068/1062 1078/1069/1063 1079/1070/1064
f 1080/1071/1065 1078/1069/1063 1077/1068/1062
f 1081/1072/1066 1080/1071/1065 1077/1068/1062
f 1082/1073/1067 1081/1072/1066 1077/1068/1062
f 1083/1074/1068 1084/1075/1069 1085/1076/1070
f 1086/1077/1071 1084/1075/1069 1083/1074/1068
f 1087/1078/1072 1086/1077/1071 1083/1074/1068
f 1088/1079/1070 1087/1078/1072 1083/1074/1068
f 1089/1080/1073 1090/1081/1074 1091/1082/1075
f 1091/1082/1075 1092/1083/1076 1089/1080/1073
f 1089/1080/1073 1092/1083/1076 1093/1084/1077
f 1094/1085/1078 1092/1083/1076 1091/1082/1075
f 1092/1083/1076 1094/1085/1078 1093/1084/1077
f 1094/1085/1078 1091/1082/1075 1095/1086/1079
f 1093/1084/1077 1094/1085/1078 1096/1087/1080
f 1096/1087/1080 1094/1085/1078 1095/1086/1079
f 1093/1084/1077 1096/1087/1080 1097/1088/1081
f 1098/1089/1082 1096/1087/1080 1095/1086/1079
f 1097/1088/1081 1096/1087/1080 1099/1090/1083
f 1099/1090/1083 1096/1087/1080 1098/1089/1082
f 1100/1091/1084 1101/1092/1085 1102/1093/1086
f 1101/1092/1085 1103/1094/1087 1102/1093/1086
f 1102/1093/1086 1103/1094/1087 1104/1095/1088
f 1102/1093/1086 1104/1095/1088 1105/1096/1089
f 1106/1097/1090 1107/1098/1091 1108/1099/1092
f 1108/1099/1092 1109/1100/1093 1106/1097/1090
f 1110/1101/1094 1106/1097/1090 1109/1100/1093
f 1109/1100/1093 1108/1099/1092 1111/1102/1095
f 1109/1100/1093 1112/1103/1096 1110/1101/1094
f 1111/1102/1095 1113/1104/1097 1109/1100/1093
f 1112/1103/1096 1109/1100/1093 1114/1105/1098
f 1113/1104/1097 1114/1105/1098 1109/1100/1093
f 1107/1098/1091 1115/1106/1099 1116/1107/1100
f 1116/1107/1100 1108/1099/1092 1107/1098/1091
f 1116/1107/1100 1111/1102/1095 1108/1099/1092
f 1116/1107/1100 1117/1108/1101 1111/1102/1095
f 1118/1109/1102 1111/1102/1095 1117/1108/1101
f 1119/1110/1103 1118/1109/1102 1117/1108/1101
f 1117/1108/1101 1120/1111/1104 1119/1110/1103
f 1120/1111/1104 1121/1112/1105 1119/1110/1103
f 1122/1113/1106 1119/1110/1103 1121/1112/1105
f 1122/1113/1106 1123/1114/1107 1119/1110/1103
f 1119/1110/1103 1123/1114/1107 1124/1115/1108
f 1118/1109/1102 1119/1110/1103 1124/1115/1108
f 1123/1114/1107 1125/1116/1109 1124/1115/1108
f 1126/1117/1110 1111/1102/1095 1118/1109/1102
f 1124/1115/1108 1127/1118/1111 1118/1109/1102
f 1126/1117/1110 1118/1109/1102 1127/1118/1111
f 1124/1115/1108 1125/1116/1109 1128/1119/1112
f 1127/1118/1111 1124/1115/1108 1128/1119/1112
f 1111/1102/1095 1126/1117/1110 1129/1120/1113
f 1113/1104/1097 1111/1102/1095 1129/1120/1113
f 1130/1121/1114 1128/1119/1112 1125/1116/1109
f 1131/1122/1115 1130/1121/1114 1125/1116/1109
f 1128/1119/1112 1132/1123/1116 1127/1118/1111
f 1132/1123/1116 1128/1119/1112 1130/1121/1114
f 1133/1124/1117 1126/1117/1110 1127/1118/1111
f 1126/1117/1110 1133/1124/1117 1129/1120/1113
f 1132/1123/1116 1134/1125/1118 1127/1118/1111
f 1133/1124/1117 1127/1118/1111 1134/1125/1118
f 1113/1104/1097 1129/1120/1113 1135/1126/1119
f 1133/1124/1117 1136/1127/1120 1129/1120/1113
f 1135/1126/1119 1129/1120/1113 1136/1127/1120
f 1135/1126/1119 1137/1128/1121 1113/1104/1097
f 1137/1128/1121 1114/1105/1098 1113/1104/1097
f 1137/1128/1121 1138/1129/1122 1114/1105/1098
f 1133/1124/1117 1139/1130/1123 1136/1127/1120
f 1139/1130/1123 1133/1124/1117 1134/1125/1118
f 1136/1127/1120 1140/1131/1124 1135/1126/1119
f 1137/1128/1121 1135/1126/1119 1140/1131/1124
f 1139/1130/1123 1140/1131/1124 1136/1127/1120
f 1137/1128/1121 1141/1132/1125 1138/1129/1122
f 1138/1129/1122 1141/1132/1125 1142/1133/1126
f 1140/1131/1124 1143/1134/1127 1137/1128/1121
f 1141/1132/1125 1137/1128/1121 1143/1134/1127
f 1140/1131/1124 1139/1130/1123 1144/1135/1128
f 1144/1135/1128 1143/1134/1127 1140/1131/1124
f 1139/1130/1123 1134/1125/1118 1145/1136/1129
f 1146/1137/1130 1139/1130/1123 1145/1136/1129
f 1144/1135/1128 1139/1130/1123 1146/1137/1130
f 1145/1136/1129 1134/1125/1118 1147/1138/1131
f 1146/1137/1130 1148/1139/1132 1144/1135/1128
f 1132/1123/1116 1147/1138/1131 1134/1125/1118
f 1149/1140/1133 1144/1135/1128 1148/1139/1132
f 1150/1141/1134 1149/1140/1133 1148/1139/1132
f 1143/1134/1127 1144/1135/1128 1151/1142/1135
f 1149/1140/1133 1151/1142/1135 1144/1135/1128
f 1143/1134/1127 1152/1143/1136 1141/1132/1125
f 1151/1142/1135 1152/1143/1136 1143/1134/1127
f 1153/1144/1137 1147/1138/1131 1132/1123/1116
f 1130/1121/1114 1153/1144/1137 1132/1123/1116
f 1154/1145/1138 1149/1140/1133 1150/1141/1134
f 1155/1146/1139 1154/1145/1138 1150/1141/1134
f 1156/1147/1140 1154/1145/1138 1155/1146/1139
f 1149/1140/1133 1154/1145/1138 1157/1148/1141
f 1156/1147/1140 1157/1148/1141 1154/1145/1138
f 1149/1140/1133 1157/1148/1141 1151/1142/1135
f 1157/1148/1141 1156/1147/1140 1158/1149/1142
f 1158/1149/1142 1151/1142/1135 1157/1148/1141
f 1158/1149/1142 1156/1147/1140 1159/1150/1143
f 1151/1142/1135 1158/1149/1142 1160/1151/1144
f 1160/1151/1144 1152/1143/1136 1151/1142/1135
f 1158/1149/1142 1159/1150/1143 1160/1151/1144
f 1160/1151/1144 1161/1152/1145 1152/1143/1136
f 1161/1152/1145 1160/1151/1144 1159/1150/1143
f 1161/1152/1145 1141/1132/1125 1152/1143/1136
f 1159/1150/1143 1162/1153/1146 1161/1152/1145
f 1161/1152/1145 1142/1133/1126 1141/1132/1125
f 1142/1133/1126 1161/1152/1145 1162/1153/1146
f 1162/1153/1146 1163/1154/1147 1142/1133/1126
f 1112/1103/1096 1114/1105/1098 1138/1129/1122
f 1112/1103/1096 1138/1129/1122 1142/1133/1126
f 1142/1133/1126 1164/1155/1148 1112/1103/1096
f 1112/1103/1096 1164/1155/1148 1110/1101/1094
f 1165/1156/1149 1110/1101/1094 1164/1155/1148
f 1166/1157/1150 1165/1156/1149 1164/1155/1148
f 1164/1155/1148 1167/1158/1151 1166/1157/1150
f 1167/1158/1151 1164/1155/1148 1142/1133/1126
f 1142/1133/1126 1163/1154/1147 1167/1158/1151
f 1168/1159/1152 1169/1160/1153 1170/1161/1154
f 1170/1161/1154 1171/1162/1155 1168/1159/1152
f 1171/1162/1155 1170/1161/1154 1172/1163/1156
f 1173/1164/1157 1168/1159/1152 1171/1162/1155
f 1/1/1 1168/1159/1152 1173/1164/1157
f 1172/1163/1156 1174/1165/1158 1171/1162/1155
f 1172/1163/1156 1175/1166/1159 1174/1165/1158
f 1171/1162/1155 1176/1167/1160 1173/1164/1157
f 1176/1167/1160 1171/1162/1155 1174/1165/1158
f 1/1/1 1173/1164/1157 1177/1168/1161
f 1177/1168/1161 2/2/2 1/1/1
f 1174/1165/1158 1175/1166/1159 1178/1169/1162
f 1178/1169/1162 1175/1166/1159 1179/1170/1163
f 2/2/2 1177/1168/1161 1180/1171/1164
f 2/2/2 1180/1171/1164 1181/1172/1165
f 1180/1171/1164 1182/1173/1166 1181/1172/1165
f 1182/1173/1166 1183/1174/1167 1181/1172/1165
f 1184/1175/1168 1180/1171/1164 1177/1168/1161
f 1182/1173/1166 1180/1171/1164 1184/1175/1168
f 1177/1168/1161 1173/1164/1157 1185/1176/1169
f 1185/1176/1169 1184/1175/1168 1177/1168/1161
f 1182/1173/1166 1186/1177/1170 1183/1174/1167
f 1187/1178/1171 1183/1174/1167 1186/1177/1170
f 1182/1173/1166 1184/1175/1168 1188/1179/1172
f 1188/1179/1172 1186/1177/1170 1182/1173/1166
f 1187/1178/1171 1186/1177/1170 1189/1180/1173
f 1189/1180/1173 1190/1181/1174 1187/1178/1171
f 1191/1182/1175 1189/1180/1173 1186/1177/1170
f 1186/1177/1170 1188/1179/1172 1191/1182/1175
f 1192/1183/1176 1191/1182/1175 1188/1179/1172
f 1193/1184/1177 1188/1179/1172 1184/1175/1168
f 1188/1179/1172 1193/1184/1177 1192/1183/1176
f 1184/1175/1168 1185/1176/1169 1193/1184/1177
f 1173/1164/1157 1194/1185/1178 1185/1176/1169
f 1173/1164/1157 1176/1167/1160 1194/1185/1178
f 1192/1183/1176 1193/1184/1177 1195/1186/1179
f 1196/1187/1180 1192/1183/1176 1195/1186/1179
f 1197/1188/1181 1193/1184/1177 1185/1176/1169
f 1185/1176/1169 1194/1185/1178 1197/1188/1181
f 1195/1186/1179 1193/1184/1177 1197/1188/1181
f 1198/1189/1182 1194/1185/1178 1176/1167/1160
f 1198/1189/1182 1197/1188/1181 1194/1185/1178
f 1196/1187/1180 1195/1186/1179 1199/1190/1183
f 1200/1191/1184 1196/1187/1180 1199/1190/1183
f 1195/1186/1179 1197/1188/1181 1201/1192/1185
f 1199/1190/1183 1195/1186/1179 1201/1192/1185
f 1176/1167/1160 1202/1193/1186 1198/1189/1182
f 1174/1165/1158 1202/1193/1186 1176/1167/1160
f 1198/1189/1182 1203/1194/1187 1197/1188/1181
f 1201/1192/1185 1197/1188/1181 1203/1194/1187
f 1202/1193/1186 1174/1165/1158 1204/1195/1188
f 1178/1169/1162 1204/1195/1188 1174/1165/1158
f 1205/1196/1189 1198/1189/1182 1202/1193/1186
f 1203/1194/1187 1198/1189/1182 1205/1196/1189
f 1205/1196/1189 1202/1193/1186 1204/1195/1188
f 1206/1197/1190 1201/1192/1185 1203/1194/1187
f 1205/1196/1189 1206/1197/1190 1203/1194/1187
f 1199/1190/1183 1207/1198/1191 1200/1191/1184
f 1208/1199/1192 1200/1191/1184 1207/1198/1191
f 1209/1200/1193 1208/1199/1192 1207/1198/1191
f 1199/1190/1183 1201/1192/1185 1210/1201/1194
f 1210/1201/1194 1201/1192/1185 1206/1197/1190
f 1207/1198/1191 1211/1202/1195 1209/1200/1193
f 1212/1203/1196 1209/1200/1193 1211/1202/1195
f 1213/1204/1197 1207/1198/1191 1199/1190/1183
f 1199/1190/1183 1210/1201/1194 1213/1204/1197
f 1207/1198/1191 1213/1204/1197 1214/1205/1198
f 1214/1205/1198 1211/1202/1195 1207/1198/1191
f 1213/1204/1197 1210/1201/1194 1214/1205/1198
f 1212/1203/1196 1211/1202/1195 1215/1206/1199
f 1214/1205/1198 1215/1206/1199 1211/1202/1195
f 1210/1201/1194 1216/1207/1200 1214/1205/1198
f 1216/1207/1200 1210/1201/1194 1206/1197/1190
f 1212/1203/1196 1215/1206/1199 1217/1208/1201
f 1218/1209/1202 1212/1203/1196 1217/1208/1201
f 1219/1210/1203 1218/1209/1202 1217/1208/1201
f 1214/1205/1198 1220/1211/1204 1215/1206/1199
f 1216/1207/1200 1220/1211/1204 1214/1205/1198
f 1221/1212/1205 1217/1208/1201 1215/1206/1199
f 1215/1206/1199 1220/1211/1204 1221/1212/1205
f 1217/1208/1201 1222/1213/1206 1219/1210/1203
f 1217/1208/1201 1221/1212/1205 1222/1213/1206
f 1219/1210/1203 1222/1213/1206 1223/1214/1207
f 1223/1214/1207 1222/1213/1206 1224/1215/1208
f 1225/1216/1209 1223/1214/1207 1224/1215/1208
f 1221/1212/1205 1226/1217/1210 1222/1213/1206
f 1222/1213/1206 1226/1217/1210 1224/1215/1208
f 1227/1218/1211 1221/1212/1205 1220/1211/1204
f 1227/1218/1211 1226/1217/1210 1221/1212/1205
f 1224/1215/1208 1228/1219/1212 1225/1216/1209
f 1229/1220/1213 1225/1216/1209 1228/1219/1212
f 1220/1211/1204 1230/1221/1214 1227/1218/1211
f 1216/1207/1200 1230/1221/1214 1220/1211/1204
f 1227/1218/1211 1230/1221/1214 1231/1222/1215
f 1227/1218/1211 1231/1222/1215 1226/1217/1210
f 1224/1215/1208 1226/1217/1210 1232/1223/1216
f 1224/1215/1208 1232/1223/1216 1228/1219/1212
f 1230/1221/1214 1216/1207/1200 1233/1224/1217
f 1233/1224/1217 1231/1222/1215 1230/1221/1214
f 1234/1225/1218 1226/1217/1210 1231/1222/1215
f 1232/1223/1216 1226/1217/1210 1234/1225/1218
f 1235/1226/1219 1233/1224/1217 1216/1207/1200
f 1206/1197/1190 1235/1226/1219 1216/1207/1200
f 1231/1222/1215 1233/1224/1217 1236/1227/1220
f 1234/1225/1218 1231/1222/1215 1236/1227/1220
f 1233/1224/1217 1235/1226/1219 1236/1227/1220
f 1235/1226/1219 1206/1197/1190 1237/1228/1221
f 1237/1228/1221 1206/1197/1190 1205/1196/1189
f 1238/1229/1222 1236/1227/1220 1235/1226/1219
f 1237/1228/1221 1238/1229/1222 1235/1226/1219
f 1236/1227/1220 1239/1230/1223 1234/1225/1218
f 1238/1229/1222 1239/1230/1223 1236/1227/1220
f 1238/1229/1222 1240/1231/1224 1239/1230/1223
f 1241/1232/1225 1234/1225/1218 1239/1230/1223
f 1234/1225/1218 1241/1232/1225 1232/1223/1216
f 1237/1228/1221 1205/1196/1189 1242/1233/1226
f 1204/1195/1188 1242/1233/1226 1205/1196/1189
f 1243/1234/1227 1239/1230/1223 1240/1231/1224
f 1239/1230/1223 1243/1234/1227 1241/1232/1225
f 1242/1233/1226 1204/1195/1188 1244/1235/1228
f 1178/1169/1162 1244/1235/1228 1204/1195/1188
f 1178/1169/1162 1245/1236/1229 1244/1235/1228
f 1179/1170/1163 1245/1236/1229 1178/1169/1162
f 1245/1236/1229 1179/1170/1163 1246/1237/1230
f 1246/1237/1230 1247/1238/1231 1245/1236/1229
f 1248/1239/1232 1247/1238/1231 1246/1237/1230
f 1246/1237/1230 1249/1240/1233 1248/1239/1232
f 1250/1241/1234 1248/1239/1232 1249/1240/1233
f 1250/1241/1234 1251/1242/1235 1248/1239/1232
f 1244/1235/1228 1252/1243/1236 1242/1233/1226
f 1251/1242/1235 1250/1241/1234 1253/1244/1237
f 1253/1244/1237 1254/1245/1238 1251/1242/1235
f 1250/1241/1234 1131/1122/1115 1253/1244/1237
f 1125/1116/1109 1253/1244/1237 1131/1122/1115
f 1254/1245/1238 1253/1244/1237 1255/1246/1239
f 1253/1244/1237 1125/1116/1109 1256/1247/1240
f 1256/1247/1240 1255/1246/1239 1253/1244/1237
f 1123/1114/1107 1256/1247/1240 1125/1116/1109
f 1255/1246/1239 1256/1247/1240 1257/1248/1241
f 1257/1248/1241 1256/1247/1240 1123/1114/1107
f 1123/1114/1107 1122/1113/1106 1257/1248/1241
f 1257/1248/1241 1258/1249/1242 1255/1246/1239
f 1257/1248/1241 1122/1113/1106 1121/1112/1105
f 1258/1249/1242 1257/1248/1241 1259/1250/1243
f 1121/1112/1105 1259/1250/1243 1257/1248/1241
f 1260/1251/1244 1258/1249/1242 1259/1250/1243
f 1259/1250/1243 1121/1112/1105 1261/1252/1245
f 1121/1112/1105 1120/1111/1104 1261/1252/1245
f 1259/1250/1243 1262/1253/1246 1260/1251/1244
f 1261/1252/1245 1262/1253/1246 1259/1250/1243
f 1263/1254/1247 1260/1251/1244 1262/1253/1246
f 1260/1251/1244 1263/1254/1247 1264/1255/1248
f 1265/1256/1249 1262/1253/1246 1261/1252/1245
f 1265/1256/1249 1263/1254/1247 1262/1253/1246
f 1266/1257/1250 1264/1255/1248 1263/1254/1247
f 1267/1258/1251 1264/1255/1248 1266/1257/1250
f 1268/1259/1252 1263/1254/1247 1265/1256/1249
f 1268/1259/1252 1266/1257/1250 1263/1254/1247
f 1269/1260/1253 1261/1252/1245 1120/1111/1104
f 1270/1261/1254 1265/1256/1249 1261/1252/1245
f 1270/1261/1254 1261/1252/1245 1269/1260/1253
f 1271/1262/1255 1269/1260/1253 1120/1111/1104
f 1120/1111/1104 1117/1108/1101 1271/1262/1255
f 1271/1262/1255 1117/1108/1101 1116/1107/1100
f 1272/1263/1256 1268/1259/1252 1265/1256/1249
f 1265/1256/1249 1270/1261/1254 1272/1263/1256
f 1273/1264/1257 1270/1261/1254 1269/1260/1253
f 1271/1262/1255 1273/1264/1257 1269/1260/1253
f 1116/1107/1100 1274/1265/1258 1271/1262/1255
f 1115/1106/1099 1274/1265/1258 1116/1107/1100
f 1275/1266/1259 1274/1265/1258 1115/1106/1099
f 1276/1267/1260 1271/1262/1255 1274/1265/1258
f 1276/1267/1260 1274/1265/1258 1275/1266/1259
f 1276/1267/1260 1273/1264/1257 1271/1262/1255
f 1275/1266/1259 1229/1220/1213 1276/1267/1260
f 1228/1219/1212 1276/1267/1260 1229/1220/1213
f 1228/1219/1212 1273/1264/1257 1276/1267/1260
f 1277/1268/1261 1270/1261/1254 1273/1264/1257
f 1228/1219/1212 1277/1268/1261 1273/1264/1257
f 1277/1268/1261 1272/1263/1256 1270/1261/1254
f 1228/1219/1212 1232/1223/1216 1277/1268/1261
f 1272/1263/1256 1277/1268/1261 1232/1223/1216
f 1232/1223/1216 1241/1232/1225 1272/1263/1256
f 1241/1232/1225 1268/1259/1252 1272/1263/1256
f 1241/1232/1225 1243/1234/1227 1268/1259/1252
f 1243/1234/1227 1266/1257/1250 1268/1259/1252
f 1243/1234/1227 1278/1269/1262 1266/1257/1250
f 1266/1257/1250 1278/1269/1262 1267/1258/1251
f 1240/1231/1224 1278/1269/1262 1243/1234/1227
f 1267/1258/1251 1278/1269/1262 1240/1231/1224
f 1240/1231/1224 1279/1270/1263 1267/1258/1251
f 1280/1271/1264 1279/1270/1263 1240/1231/1224
f 1281/1272/1265 1280/1271/1264 1240/1231/1224
f 1238/1229/1222 1281/1272/1265 1240/1231/1224
f 1280/1271/1264 1281/1272/1265 1282/1273/1266
f 1281/1272/1265 1238/1229/1222 1283/1274/1267
f 1283/1274/1267 1238/1229/1222 1237/1228/1221
f 1284/1275/1268 1282/1273/1266 1281/1272/1265
f 1283/1274/1267 1284/1275/1268 1281/1272/1265
f 1282/1273/1266 1284/1275/1268 1285/1276/1269
f 1284/1275/1268 1283/1274/1267 1285/1276/1269
f 1285/1276/1269 1286/1277/1270 1282/1273/1266
f 1252/1243/1236 1286/1277/1270 1285/1276/1269
f 1287/1278/1271 1283/1274/1267 1237/1228/1221
f 1283/1274/1267 1287/1278/1271 1285/1276/1269
f 1285/1276/1269 1287/1278/1271 1252/1243/1236
f 1242/1233/1226 1287/1278/1271 1237/1228/1221
f 1287/1278/1271 1242/1233/1226 1252/1243/1236
f 1169/1160/1153 1168/1159/1152 1/1/1
f 1/1/1 1288/1279/1272 1169/1160/1153
f 1/1/1 3/3/3 1288/1279/1272
f 3/3/3 1289/1280/1273 1288/1279/1272
f 1290/1281/1274 1169/1160/1153 1288/1279/1272
f 1288/1279/1272 1289/1280/1273 1291/1282/1275
f 1288/1279/1272 1291/1282/1275 1290/1281/1274
f 1289/1280/1273 1292/1283/1276 1291/1282/1275
f 1293/1284/1277 1292/1283/1276 1289/1280/1273
f 1169/1160/1153 1290/1281/1274 1294/1285/1278
f 1294/1285/1278 1170/1161/1154 1169/1160/1153
f 1295/1286/1279 1290/1281/1274 1291/1282/1275
f 1291/1282/1275 1292/1283/1276 1295/1286/1279
f 1292/1283/1276 1293/1284/1277 1296/1287/1280
f 1297/1288/1281 1296/1287/1280 1293/1284/1277
f 1292/1283/1276 1296/1287/1280 1298/1289/1282
f 1298/1289/1282 1295/1286/1279 1292/1283/1276
f 1297/1288/1281 1299/1290/1283 1296/1287/1280
f 1290/1281/1274 1295/1286/1279 1300/1291/1284
f 1300/1291/1284 1295/1286/1279 1298/1289/1282
f 1300/1291/1284 1294/1285/1278 1290/1281/1274
f 1298/1289/1282 1301/1292/1285 1300/1291/1284
f 1170/1161/1154 1294/1285/1278 1302/1293/1286
f 1302/1293/1286 1294/1285/1278 1300/1291/1284
f 1302/1293/1286 1172/1163/1156 1170/1161/1154
f 1297/1288/1281 1303/1294/1287 1299/1290/1283
f 1303/1294/1287 1297/1288/1281 1304/1295/1288
f 1299/1290/1283 1303/1294/1287 1305/1296/1289
f 1305/1296/1289 1306/1297/681 1299/1290/1283
f 1300/1291/1284 1301/1292/1285 1307/1298/1290
f 1300/1291/1284 1307/1298/1290 1302/1293/1286
f 1302/1293/1286 1308/1299/1291 1172/1163/1156
f 1302/1293/1286 1307/1298/1290 1308/1299/1291
f 1172/1163/1156 1308/1299/1291 1175/1166/1159
f 1301/1292/1285 1309/1300/1292 1307/1298/1290
f 1301/1292/1285 1310/1301/1293 1309/1300/1292
f 1311/1302/1294 1309/1300/1292 1310/1301/1293
f 1308/1299/1291 1312/1303/1295 1175/1166/1159
f 1179/1170/1163 1175/1166/1159 1312/1303/1295
f 1313/1304/1296 1308/1299/1291 1307/1298/1290
f 1307/1298/1290 1309/1300/1292 1313/1304/1296
f 1308/1299/1291 1313/1304/1296 1312/1303/1295
f 1311/1302/1294 1314/1305/1297 1309/1300/1292
f 1311/1302/1294 1315/1306/1298 1314/1305/1297
f 1315/1306/1298 1316/1307/1299 1314/1305/1297
f 1317/1308/1300 1179/1170/1163 1312/1303/1295
f 1317/1308/1300 1246/1237/1230 1179/1170/1163
f 1309/1300/1292 1318/1309/1301 1313/1304/1296
f 1318/1309/1301 1309/1300/1292 1314/1305/1297
f 1316/1307/1299 1319/1310/1302 1314/1305/1297
f 1316/1307/1299 1320/1311/1303 1319/1310/1302
f 1320/1311/1303 1321/1312/1304 1319/1310/1302
f 1314/1305/1297 1319/1310/1302 1322/1313/1305
f 1314/1305/1297 1322/1313/1305 1318/1309/1301
f 1319/1310/1302 1321/1312/1304 1323/1314/1306
f 1319/1310/1302 1323/1314/1306 1322/1313/1305
f 1323/1314/1306 1321/1312/1304 1324/1315/1307
f 1317/1308/1300 1325/1316/1308 1246/1237/1230
f 1325/1316/1308 1249/1240/1233 1246/1237/1230
f 1322/1313/1305 1326/1317/1309 1318/1309/1301
f 1322/1313/1305 1323/1314/1306 1326/1317/1309
f 1325/1316/1308 1327/1318/1310 1249/1240/1233
f 1327/1318/1310 1250/1241/1234 1249/1240/1233
f 1250/1241/1234 1327/1318/1310 1131/1122/1115
f 1131/1122/1115 1327/1318/1310 1328/1319/1311
f 1131/1122/1115 1328/1319/1311 1130/1121/1114
f 1327/1318/1310 1325/1316/1308 1329/1320/1312
f 1327/1318/1310 1329/1320/1312 1328/1319/1311
f 1317/1308/1300 1330/1321/1313 1325/1316/1308
f 1325/1316/1308 1330/1321/1313 1329/1320/1312
f 1130/1121/1114 1328/1319/1311 1331/1322/1314
f 1130/1121/1114 1331/1322/1314 1153/1144/1137
f 1332/1323/1315 1330/1321/1313 1317/1308/1300
f 1312/1303/1295 1332/1323/1315 1317/1308/1300
f 1333/1324/1316 1328/1319/1311 1329/1320/1312
f 1331/1322/1314 1328/1319/1311 1333/1324/1316
f 1334/1325/1317 1333/1324/1316 1329/1320/1312
f 1331/1322/1314 1333/1324/1316 1334/1325/1317
f 1153/1144/1137 1331/1322/1314 1335/1326/1318
f 1153/1144/1137 1335/1326/1318 1147/1138/1131
f 1147/1138/1131 1335/1326/1318 1336/1327/1319
f 1337/1328/1320 1335/1326/1318 1331/1322/1314
f 1331/1322/1314 1334/1325/1317 1337/1328/1320
f 1338/1329/1321 1337/1328/1320 1334/1325/1317
f 1339/1330/1322 1336/1327/1319 1335/1326/1318
f 1335/1326/1318 1337/1328/1320 1339/1330/1322
f 1336/1327/1319 1339/1330/1322 1340/1331/1323
f 1340/1331/1323 1339/1330/1322 1337/1328/1320
f 1338/1329/1321 1340/1331/1323 1337/1328/1320
f 1341/1332/1324 1336/1327/1319 1340/1331/1323
f 1312/1303/1295 1342/1333/1325 1332/1323/1315
f 1342/1333/1325 1312/1303/1295 1313/1304/1296
f 1313/1304/1296 1343/1334/1326 1342/1333/1325
f 1318/1309/1301 1343/1334/1326 1313/1304/1296
f 1343/1334/1326 1318/1309/1301 1344/1335/1327
f 1344/1335/1327 1318/1309/1301 1326/1317/1309
f 1344/1335/1327 1345/1336/1328 1343/1334/1326
f 1344/1335/1327 1326/1317/1309 1345/1336/1328
f 1343/1334/1326 1346/1337/1329 1342/1333/1325
f 1342/1333/1325 1347/1338/1330 1332/1323/1315
f 1347/1338/1330 1342/1333/1325 1348/1339/1331
f 1342/1333/1325 1346/1337/1329 1348/1339/1331
f 1332/1323/1315 1347/1338/1330 1349/1340/1332
f 1350/1341/1333 1348/1339/1331 1346/1337/1329
f 1350/1341/1333 1346/1337/1329 1351/1342/1334
f 1330/1321/1313 1332/1323/1315 1349/1340/1332
f 1351/1342/1334 1352/1343/1335 1350/1341/1333
f 1349/1340/1332 1350/1341/1333 1352/1343/1335
f 1353/1344/1336 1349/1340/1332 1352/1343/1335
f 1352/1343/1335 1354/1345/1337 1353/1344/1336
f 1349/1340/1332 1355/1346/1338 1330/1321/1313
f 1355/1346/1338 1349/1340/1332 1353/1344/1336
f 1356/1347/1339 1330/1321/1313 1355/1346/1338
f 1330/1321/1313 1356/1347/1339 1329/1320/1312
f 1329/1320/1312 1356/1347/1339 1334/1325/1317
f 1357/1348/1340 1355/1346/1338 1353/1344/1336
f 1358/1349/1341 1357/1348/1340 1353/1344/1336
f 1355/1346/1338 1359/1350/1342 1356/1347/1339
f 1355/1346/1338 1357/1348/1340 1359/1350/1342
f 1359/1350/1342 1334/1325/1317 1356/1347/1339
f 1360/1351/1343 1359/1350/1342 1357/1348/1340
f 1334/1325/1317 1359/1350/1342 1361/1352/1344
f 1361/1352/1344 1338/1329/1321 1334/1325/1317
f 1362/1353/1345 1338/1329/1321 1361/1352/1344
f 1361/1352/1344 1363/1354/1346 1362/1353/1345
f 1360/1351/1343 1364/1355/1347 1363/1354/1346
f 1360/1351/1343 1365/1356/1348 1364/1355/1347
f 1364/1355/1347 1366/1357/1349 1363/1354/1346
f 1362/1353/1345 1363/1354/1346 1366/1357/1349
f 1367/1358/1350 1362/1353/1345 1366/1357/1349
f 1368/1359/1351 1366/1357/1349 1364/1355/1347
f 1368/1359/1351 1364/1355/1347 1365/1356/1348
f 1369/1360/1352 1338/1329/1321 1362/1353/1345
f 1362/1353/1345 1367/1358/1350 1369/1360/1352
f 1370/1361/1353 1367/1358/1350 1366/1357/1349
f 1370/1361/1353 1366/1357/1349 1368/1359/1351
f 1365/1356/1348 1371/1362/1354 1368/1359/1351
f 1372/1363/1355 1370/1361/1353 1368/1359/1351
f 1368/1359/1351 1371/1362/1354 1372/1363/1355
f 1370/1361/1353 1373/1364/1356 1367/1358/1350
f 1374/1365/1357 1373/1364/1356 1370/1361/1353
f 1374/1365/1357 1370/1361/1353 1372/1363/1355
f 1372/1363/1355 1375/1366/1358 1374/1365/1357
f 1373/1364/1356 1376/1367/1359 1367/1358/1350
f 1377/1368/1360 1375/1366/1358 1372/1363/1355
f 1372/1363/1355 1371/1362/1354 1377/1368/1360
f 1375/1366/1358 1377/1368/1360 1378/1369/236
f 1379/1370/1361 1378/1369/236 1377/1368/1360
f 1367/1358/1350 1376/1367/1359 1380/1371/1362
f 1380/1371/1362 1376/1367/1359 1381/1372/1363
f 1367/1358/1350 1380/1371/1362 1382/1373/1364
f 1382/1373/1364 1369/1360/1352 1367/1358/1350
f 1380/1371/1362 1381/1372/1363 1383/1374/1365
f 1383/1374/1365 1381/1372/1363 1384/1375/251
f 1384/1375/251 1385/1376/252 1383/1374/1365
f 1380/1371/1362 1383/1374/1365 1386/1377/1366
f 1383/1374/1365 1385/1376/252 1386/1377/1366
f 1386/1377/1366 1382/1373/1364 1380/1371/1362
f 1387/1378/1367 1386/1377/1366 1385/1376/252
f 1388/1379/1368 1386/1377/1366 1387/1378/1367
f 1386/1377/1366 1388/1379/1368 1389/1380/1369
f 1389/1380/1369 1382/1373/1364 1386/1377/1366
f 1382/1373/1364 1389/1380/1369 1390/1381/1370
f 1391/1382/1371 1369/1360/1352 1382/1373/1364
f 1390/1381/1370 1391/1382/1371 1382/1373/1364
f 1369/1360/1352 1391/1382/1371 1392/1383/1372
f 1392/1383/1372 1338/1329/1321 1369/1360/1352
f 1393/1384/1373 1338/1329/1321 1392/1383/1372
f 1393/1384/1373 1340/1331/1323 1338/1329/1321
f 1392/1383/1372 1391/1382/1371 1394/1385/1374
f 1393/1384/1373 1392/1383/1372 1394/1385/1374
f 1395/1386/1375 1340/1331/1323 1393/1384/1373
f 1340/1331/1323 1395/1386/1375 1341/1332/1324
f 1394/1385/1374 1396/1387/1376 1393/1384/1373
f 1394/1385/1374 1391/1382/1371 1396/1387/1376
f 1396/1387/1376 1395/1386/1375 1393/1384/1373
f 1391/1382/1371 1390/1381/1370 1397/1388/1377
f 1396/1387/1376 1391/1382/1371 1397/1388/1377
f 1398/1389/1378 1341/1332/1324 1395/1386/1375
f 1398/1389/1378 1395/1386/1375 1396/1387/1376
f 1390/1381/1370 1399/1390/1379 1397/1388/1377
f 1400/1391/1380 1397/1388/1377 1399/1390/1379
f 1401/1392/1381 1399/1390/1379 1390/1381/1370
f 1399/1390/1379 1401/1392/1381 1402/1393/1382
f 1399/1390/1379 1402/1393/1382 1400/1391/1380
f 1402/1393/1382 1401/1392/1381 1403/1394/1383
f 1404/1395/1384 1402/1393/1382 1403/1394/1383
f 1402/1393/1382 1404/1395/1384 1405/1396/1385
f 1403/1394/1383 1406/1397/1386 1404/1395/1384
f 1406/1397/1386 1407/1398/1387 1404/1395/1384
f 1397/1388/1377 1408/1399/1388 1396/1387/1376
f 1396/1387/1376 1408/1399/1388 1398/1389/1378
f 1408/1399/1388 1397/1388/1377 1409/1400/1389
f 1397/1388/1377 1400/1391/1380 1409/1400/1389
f 1405/1396/1385 1410/1401/1390 1402/1393/1382
f 1410/1401/1390 1400/1391/1380 1402/1393/1382
f 1411/1402/1391 1404/1395/1384 1407/1398/1387
f 1412/1403/1392 1411/1402/1391 1407/1398/1387
f 1411/1402/1391 1412/1403/1392 1413/1404/1393
f 1413/1404/1393 1404/1395/1384 1411/1402/1391
f 1412/1403/1392 1414/1405/1394 1413/1404/1393
f 1415/1406/1395 1404/1395/1384 1413/1404/1393
f 1413/1404/1393 1414/1405/1394 1415/1406/1395
f 1415/1406/1395 1405/1396/1385 1404/1395/1384
f 1416/1407/1396 1415/1406/1395 1414/1405/1394
f 1415/1406/1395 1416/1407/1396 1417/1408/1397
f 1417/1408/1397 1405/1396/1385 1415/1406/1395
f 1416/1407/1396 1418/1409/1398 1417/1408/1397
f 1417/1408/1397 1418/1409/1398 1419/1410/1399
f 1405/1396/1385 1417/1408/1397 1419/1410/1399
f 1419/1410/1399 1420/1411/1400 1405/1396/1385
f 1420/1411/1400 1421/1412/1401 1405/1396/1385
f 1405/1396/1385 1421/1412/1401 1410/1401/1390
f 1410/1401/1390 1421/1412/1401 1422/1413/1402
f 1410/1401/1390 1422/1413/1402 1423/1414/1403
f 1423/1414/1403 1400/1391/1380 1410/1401/1390
f 1423/1414/1403 1422/1413/1402 1424/1415/1404
f 1425/1416/1405 1400/1391/1380 1423/1414/1403
f 1423/1414/1403 1424/1415/1404 1425/1416/1405
f 1426/1417/1406 1400/1391/1380 1425/1416/1405
f 1426/1417/1406 1409/1400/1389 1400/1391/1380
f 1427/1418/1407 1424/1415/1404 1422/1413/1402
f 1422/1413/1402 1428/1419/1408 1427/1418/1407
f 1427/1418/1407 1428/1419/1408 1429/1420/1409
f 1424/1415/1404 1430/1421/1410 1425/1416/1405
f 1425/1416/1405 1430/1421/1410 1426/1417/1406
f 1431/1422/1411 1427/1418/1407 1429/1420/1409
f 1432/1423/1412 1431/1422/1411 1429/1420/1409
f 1432/1423/1412 1433/1424/1413 1431/1422/1411
f 1434/1425/1414 1431/1422/1411 1433/1424/1413
f 1427/1418/1407 1431/1422/1411 1434/1425/1414
f 1434/1425/1414 1435/1426/1415 1427/1418/1407
f 1427/1418/1407 1435/1426/1415 1424/1415/1404
f 1436/1427/1416 1424/1415/1404 1435/1426/1415
f 1424/1415/1404 1436/1427/1416 1430/1421/1410
f 1436/1427/1416 1437/1428/1417 1430/1421/1410
f 1430/1421/1410 1437/1428/1417 1438/1429/1418
f 1438/1429/1418 1437/1428/1417 1439/1430/1419
f 1440/1431/1420 1426/1417/1406 1430/1421/1410
f 1438/1429/1418 1440/1431/1420 1430/1421/1410
f 1426/1417/1406 1440/1431/1420 1441/1432/1421
f 1441/1432/1421 1442/1433/1422 1426/1417/1406
f 1426/1417/1406 1442/1433/1422 1409/1400/1389
f 1438/1429/1418 1439/1430/1419 1443/1434/1423
f 1443/1434/1423 1439/1430/1419 1444/1435/1424
f 1443/1434/1423 1444/1435/1424 1445/1436/1425
f 1445/1436/1425 1444/1435/1424 1446/1437/1426
f 1446/1437/1426 1447/1438/1427 1445/1436/1425
f 1445/1436/1425 1448/1439/1428 1443/1434/1423
f 1445/1436/1425 1447/1438/1427 1448/1439/1428
f 1443/1434/1423 1448/1439/1428 1438/1429/1418
f 1449/1440/1429 1448/1439/1428 1447/1438/1427
f 1450/1441/1430 1438/1429/1418 1448/1439/1428
f 1448/1439/1428 1449/1440/1429 1450/1441/1430
f 1440/1431/1420 1438/1429/1418 1450/1441/1430
f 1449/1440/1429 1451/1442/1431 1450/1441/1430
f 1450/1441/1430 1451/1442/1431 1452/1443/1432
f 1450/1441/1430 1453/1444/1433 1440/1431/1420
f 1450/1441/1430 1452/1443/1432 1453/1444/1433
f 1453/1444/1433 1441/1432/1421 1440/1431/1420
f 1454/1445/1434 1453/1444/1433 1452/1443/1432
f 1454/1445/1434 1441/1432/1421 1453/1444/1433
f 1454/1445/1434 1455/1446/1435 1441/1432/1421
f 1452/1443/1432 1456/1447/1436 1454/1445/1434
f 1456/1447/1436 1455/1446/1435 1454/1445/1434
f 1456/1447/1436 1457/1448/1437 1455/1446/1435
f 1458/1449/1438 1455/1446/1435 1457/1448/1437
f 1455/1446/1435 1458/1449/1438 1459/1450/1439
f 1460/1451/1440 1459/1450/1439 1458/1449/1438
f 1461/1452/1441 1459/1450/1439 1460/1451/1440
f 1459/1450/1439 1461/1452/1441 1462/1453/1442
f 1461/1452/1441 1463/1454/1443 1462/1453/1442
f 1462/1453/1442 1463/1454/1443 1464/1455/1444
f 1465/1456/1445 1455/1446/1435 1459/1450/1439
f 1465/1456/1445 1459/1450/1439 1462/1453/1442
f 1465/1456/1445 1462/1453/1442 1466/1457/1446
f 1462/1453/1442 1464/1455/1444 1467/1458/1447
f 1467/1458/1447 1466/1457/1446 1462/1453/1442
f 1468/1459/1448 1467/1458/1447 1464/1455/1444
f 1467/1458/1447 1468/1459/1448 1469/1460/1449
f 1467/1458/1447 1469/1460/1449 1466/1457/1446
f 1468/1459/1448 1470/1461/1450 1469/1460/1449
f 1471/1462/501 1469/1460/1449 1470/1461/1450
f 1472/1463/1451 1469/1460/1449 1471/1462/501
f 1472/1463/1451 1466/1457/1446 1469/1460/1449
f 1472/1463/1451 1473/1464/489 1466/1457/1446
f 1455/1446/1435 1465/1456/1445 1474/1465/1452
f 1455/1446/1435 1474/1465/1452 1441/1432/1421
f 1466/1457/1446 1475/1466/1453 1465/1456/1445
f 1465/1456/1445 1475/1466/1453 1474/1465/1452
f 1476/1467/1454 1466/1457/1446 1473/1464/489
f 1466/1457/1446 1476/1467/1454 1475/1466/1453
f 1477/1468/1455 1476/1467/1454 1473/1464/489
f 1475/1466/1453 1476/1467/1454 1477/1468/1455
f 1473/1464/489 1478/1469/1456 1477/1468/1455
f 1477/1468/1455 1478/1469/1456 1479/1470/1457
f 1441/1432/1421 1474/1465/1452 1480/1471/1458
f 1480/1471/1458 1474/1465/1452 1475/1466/1453
f 1475/1466/1453 1477/1468/1455 1481/1472/1459
f 1480/1471/1458 1475/1466/1453 1481/1472/1459
f 1482/1473/1460 1477/1468/1455 1479/1470/1457
f 1481/1472/1459 1477/1468/1455 1482/1473/1460
f 1479/1470/1457 1483/1474/1461 1482/1473/1460
f 1483/1474/1461 1479/1470/1457 1484/1475/1462
f 1483/1474/1461 1485/1476/1463 1482/1473/1460
f 1482/1473/1460 1485/1476/1463 1481/1472/1459
f 1480/1471/1458 1486/1477/1464 1441/1432/1421
f 1441/1432/1421 1486/1477/1464 1442/1433/1422
f 1481/1472/1459 1485/1476/1463 1487/1478/1465
f 1487/1478/1465 1485/1476/1463 1488/1479/1466
f 1488/1479/1466 1489/1480/1467 1487/1478/1465
f 1480/1471/1458 1481/1472/1459 1490/1481/1468
f 1490/1481/1468 1486/1477/1464 1480/1471/1458
f 1481/1472/1459 1487/1478/1465 1490/1481/1468
f 1487/1478/1465 1489/1480/1467 1491/1482/1469
f 1490/1481/1468 1487/1478/1465 1491/1482/1469
f 1489/1480/1467 1492/1483/1470 1491/1482/1469
f 1492/1483/1470 1341/1332/1324 1491/1482/1469
f 1491/1482/1469 1341/1332/1324 1398/1389/1378
f 1486/1477/1464 1490/1481/1468 1493/1484/1471
f 1490/1481/1468 1491/1482/1469 1493/1484/1471
f 1493/1484/1471 1442/1433/1422 1486/1477/1464
f 1491/1482/1469 1398/1389/1378 1493/1484/1471
f 1442/1433/1422 1493/1484/1471 1494/1485/1472
f 1493/1484/1471 1398/1389/1378 1494/1485/1472
f 1494/1485/1472 1409/1400/1389 1442/1433/1422
f 1494/1485/1472 1398/1389/1378 1408/1399/1388
f 1409/1400/1389 1494/1485/1472 1408/1399/1388
f 1495/1486/1473 1489/1480/1467 1488/1479/1466
f 1489/1480/1467 1495/1486/1473 1496/1487/1474
f 1492/1483/1470 1489/1480/1467 1496/1487/1474
f 1496/1487/1474 1497/1488/1475 1492/1483/1470
f 1341/1332/1324 1492/1483/1470 1497/1488/1475
f 1497/1488/1475 1336/1327/1319 1341/1332/1324
f 1498/1489/1476 1483/1474/1461 1484/1475/1462
f 1498/1489/1476 1499/1490/1477 1483/1474/1461
f 1483/1474/1461 1499/1490/1477 1485/1476/1463
f 1500/1491/1478 1499/1490/1477 1498/1489/1476
f 1499/1490/1477 1488/1479/1466 1485/1476/1463
f 1500/1491/1478 1501/1492/1479 1499/1490/1477
f 1488/1479/1466 1499/1490/1477 1501/1492/1479
f 1501/1492/1479 1500/1491/1478 1155/1146/1139
f 1501/1492/1479 1495/1486/1473 1488/1479/1466
f 1155/1146/1139 1150/1141/1134 1501/1492/1479
f 1148/1139/1132 1495/1486/1473 1501/1492/1479
f 1150/1141/1134 1148/1139/1132 1501/1492/1479
f 1502/1493/1480 1354/1345/1481 1503/1494/1482
f 1503/1494/1482 1504/1495/1483 1502/1493/1480
f 1504/1495/1483 1503/1494/1482 1351/1342/1484
f 1351/1342/1484 1505/1496/1485 1504/1495/1483
f 1506/1497/1486 1504/1495/1483 1505/1496/1485
f 1351/1342/1484 1345/1336/1328 1505/1496/1485
f 1507/1498/1487 1505/1496/1485 1345/1336/1328
f 1505/1496/1485 1507/1498/1487 1506/1497/1486
f 1507/1498/1487 1345/1336/1328 1326/1317/1309
f 1508/1499/1488 1507/1498/1487 1326/1317/1309
f 1326/1317/1309 1323/1314/1306 1508/1499/1488
f 1509/1500/1489 1506/1497/1486 1507/1498/1487
f 1507/1498/1487 1508/1499/1488 1509/1500/1489
f 1508/1499/1488 1323/1314/1306 1510/1501/1490
f 1324/1315/1307 1510/1501/1490 1323/1314/1306
f 1508/1499/1488 1511/1502/1491 1509/1500/1489
f 1510/1501/1490 1511/1502/1491 1508/1499/1488
f 1512/1503/1492 1510/1501/1490 1324/1315/1307
f 1324/1315/1307 1513/1504/1493 1512/1503/1492
f 1513/1504/1493 1514/1505/1494 1512/1503/1492
f 1515/1506/1495 1512/1503/1492 1514/1505/1494
f 1516/1507/1496 1511/1502/1491 1510/1501/1490
f 1512/1503/1492 1516/1507/1496 1510/1501/1490
f 1515/1506/1495 1517/1508/1497 1512/1503/1492
f 1512/1503/1492 1517/1508/1497 1516/1507/1496
f 1517/1508/1497 1515/1506/1495 1518/1509/1498
f 1511/1502/1491 1519/1510/1499 1509/1500/1489
f 1519/1510/1499 1511/1502/1491 1516/1507/1496
f 1518/1509/1498 1520/1511/1500 1517/1508/1497
f 1520/1511/1500 1518/1509/1498 1521/1512/432
f 1520/1511/1500 1521/1512/432 1522/1513/433
f 1520/1511/1500 1522/1513/433 1523/1514/434
f 1520/1511/1500 1523/1514/434 1517/1508/1497
f 1517/1508/1497 1523/1514/434 1516/1507/1496
f 1524/1515/1501 1516/1507/1496 1523/1514/434
f 1516/1507/1496 1524/1515/1501 1519/1510/1499
f 1519/1510/1499 1525/1516/1502 1509/1500/1489
f 1509/1500/1489 1525/1516/1502 1506/1497/1486
f 1525/1516/1502 1526/1517/1503 1506/1497/1486
f 1506/1497/1486 1526/1517/1503 1527/1518/1504
f 1528/1519/1505 1506/1497/1486 1527/1518/1504
f 1519/1510/1499 1529/1520/1506 1525/1516/1502
f 1506/1497/1486 1528/1519/1505 1504/1495/1483
f 1530/1521/1507 1519/1510/1499 1524/1515/1501
f 1530/1521/1507 1529/1520/1506 1519/1510/1499
f 1530/1521/1507 1524/1515/1501 1531/1522/437
f 1532/1523/1508 1529/1520/1506 1530/1521/1507
f 1530/1521/1507 1531/1522/437 1532/1523/1508
f 1504/1495/1483 1528/1519/1505 1533/1524/1509
f 1533/1524/1509 1502/1493/1480 1504/1495/1483
f 1533/1524/1509 1528/1519/1505 1534/1525/1510
f 1533/1524/1509 1535/1526/1511 1502/1493/1480
f 1535/1526/1511 1536/1527/1512 1502/1493/1480
f 1534/1525/1510 1537/1528/1513 1533/1524/1509
f 1533/1524/1509 1537/1528/1513 1535/1526/1511
f 1365/1356/1348 1536/1527/1512 1535/1526/1511
f 1358/1349/1514 1536/1527/1512 1365/1356/1348
f 1365/1356/1348 1535/1526/1511 1371/1362/1354
f 1371/1362/1354 1535/1526/1511 1537/1528/1513
f 1534/1525/1510 1538/1529/1515 1537/1528/1513
f 1539/1530/1516 1538/1529/1515 1534/1525/1510
f 1538/1529/1515 1539/1530/1516 1540/1531/1517
f 1540/1531/1517 1541/1532/1518 1538/1529/1515
f 1542/1533/1519 1371/1362/1354 1537/1528/1513
f 1537/1528/1513 1538/1529/1515 1542/1533/1519
f 1541/1532/1518 1542/1533/1519 1538/1529/1515
f 1377/1368/1360 1371/1362/1354 1542/1533/1519
f 1543/1534/1520 1542/1533/1519 1541/1532/1518
f 1544/1535/1521 1543/1534/1520 1541/1532/1518
f 1542/1533/1519 1545/1536/1522 1377/1368/1360
f 1543/1534/1520 1545/1536/1522 1542/1533/1519
f 1377/1368/1360 1545/1536/1522 1379/1370/1361
f 1379/1370/1361 1545/1536/1522 1546/1537/1523
f 1543/1534/1520 1546/1537/1523 1545/1536/1522
f 1546/1537/1523 1547/1538/1524 1379/1370/1361
f 1544/1535/1521 1548/1539/1525 1543/1534/1520
f 1549/1540/1526 1548/1539/1525 1544/1535/1521
f 1548/1539/1525 1549/1540/1526 1550/1541/1527
f 1548/1539/1525 1551/1542/1528 1543/1534/1520
f 1546/1537/1523 1543/1534/1520 1551/1542/1528
f 1550/1541/1527 1551/1542/1528 1548/1539/1525
f 1552/1543/1529 1547/1538/1524 1546/1537/1523
f 1546/1537/1523 1551/1542/1528 1552/1543/1529
f 1552/1543/1529 1551/1542/1528 1550/1541/1527
f 1552/1543/1529 1553/1544/233 1547/1538/1524
f 1553/1544/233 1552/1543/1529 1554/1545/1530
f 1555/1546/1531 1552/1543/1529 1550/1541/1527
f 1555/1546/1531 1554/1545/1530 1552/1543/1529
f 1550/1541/1527 1556/1547/225 1555/1546/1531
f 1555/1546/1531 1557/1548/231 1554/1545/1530
f 1556/1547/225 1557/1548/231 1555/1546/1531
f 1147/1138/1131 1336/1327/1319 1145/1136/1129
f 1145/1136/1129 1336/1327/1319 1497/1488/1475
f 1496/1487/1474 1145/1136/1129 1497/1488/1475
f 1146/1137/1130 1145/1136/1129 1496/1487/1474
f 1148/1139/1132 1146/1137/1130 1496/1487/1474
f 1148/1139/1132 1496/1487/1474 1495/1486/1473
f 1558/1549/1532 1559/1550/1533 1560/1551/1534
f 1560/1551/1534 1561/1552/1535 1558/1549/1532
f 1562/1553/1536 1558/1549/1532 1561/1552/1535
f 1561/1552/1535 1563/1554/1537 1562/1553/1536
f 1560/1551/1534 1564/1555/1538 1561/1552/1535
f 1561/1552/1535 1564/1555/1538 1563/1554/1537
f 1564/1555/1538 1560/1551/1534 1565/1556/1539
f 1566/1557/1540 1563/1554/1537 1564/1555/1538
f 1567/1558/747 1564/1555/1538 1565/1556/1539
f 1564/1555/1538 1568/1559/1541 1566/1557/1540
f 1567/1558/747 1568/1559/1541 1564/1555/1538
f 26/17/26 25/16/25 1569/18/1542
f 1569/18/1542 1570/19/1543 26/17/26
f 1571/20/1544 1570/19/1543 1569/18/1542
f 30/21/30 26/17/26 1570/19/1543
f 1571/20/1544 1572/22/1545 1570/19/1543
f 1570/19/1543 1573/23/1546 30/21/30
f 1573/23/1546 33/24/33 30/21/30
f 1574/25/1547 33/24/33 1573/23/1546
f 1575/26/1548 1573/23/1546 1570/19/1543
f 1573/23/1546 1575/26/1548 1574/25/1547
f 1570/19/1543 1572/22/1545 1575/26/1548
f 1574/25/1547 1575/26/1548 1576/27/1549
f 1575/26/1548 1572/22/1545 1577/28/1550
f 1575/26/1548 1577/28/1550 1576/27/1549
f 1572/22/1545 1578/29/1551 1577/28/1550
f 1577/28/1550 1579/30/1552 1576/27/1549
f 1579/30/1552 1577/28/1550 1578/29/1551
f 1580/31/1553 1576/27/1549 1579/30/1552
f 1578/29/1551 1581/32/1554 1579/30/1552
f 1582/33/1555 1581/32/1554 1578/29/1551
f 1581/32/1554 1582/33/1555 1583/34/1556
f 1583/34/1556 1582/33/1555 1584/35/1557
f 1584/35/1557 1585/36/1558 1583/34/1556
f 1580/31/1553 1579/30/1552 1586/37/1559
f 1586/37/1559 1587/38/1560 1580/31/1553
f 1588/39/1561 1587/38/1560 1586/37/1559
f 1579/30/1552 1581/32/1554 1589/40/1562
f 1589/40/1562 1586/37/1559 1579/30/1552
f 1586/37/1559 1590/41/1563 1588/39/1561
f 1586/37/1559 1589/40/1562 1590/41/1563
f 1588/39/1561 1590/41/1563 1591/42/1564
f 1591/42/1564 1590/41/1563 1592/43/1565
f 1593/44/1566 1591/42/1564 1592/43/1565
f 1594/45/1567 1581/32/1554 1583/34/1556
f 1589/40/1562 1581/32/1554 1594/45/1567
f 1589/40/1562 1594/45/1567 1595/46/1568
f 1595/46/1568 1594/45/1567 1583/34/1556
f 1590/41/1563 1589/40/1562 1596/47/1569
f 1590/41/1563 1596/47/1569 1592/43/1565
f 1589/40/1562 1595/46/1568 1596/47/1569
f 1592/43/1565 1597/52/1570 1593/44/1566
f 1593/44/1566 1597/52/1570 1598/53/1571
f 1598/53/1571 1597/52/1570 1599/54/1572
f 1600/50/1573 1595/46/1568 1583/34/1556
f 1595/46/1568 1600/50/1573 1601/51/1574
f 1602/48/1575 1600/50/1573 1583/34/1556
f 1585/36/1558 1602/48/1575 1583/34/1556
f 1585/36/1558 1603/49/1576 1602/48/1575
f 1603/49/1576 1600/50/1573 1602/48/1575
f 1595/46/1568 1604/55/1577 1596/47/1569
f 1605/56/1578 1596/47/1569 1604/55/1577
f 1592/43/1565 1596/47/1569 1605/56/1578
f 1606/57/1579 1604/55/1577 1595/46/1568
f 1606/57/1579 1595/46/1568 1601/51/1574
f 1605/56/1578 1604/55/1577 1606/57/1579
f 1603/49/1576 1607/58/1580 1600/50/1573
f 1608/59/1581 1600/50/1573 1607/58/1580
f 1600/50/1573 1608/59/1581 1601/51/1574
f 1607/58/1580 1603/49/1576 1609/60/1582
f 1608/59/1581 1607/58/1580 1609/60/1582
f 1603/49/1576 1610/61/1583 1609/60/1582
f 1611/62/1584 1609/60/1582 1610/61/1583
f 1608/59/1581 1609/60/1582 1612/63/1585
f 1612/63/1585 1601/51/1574 1608/59/1581
f 1613/64/1586 1609/60/1582 1611/62/1584
f 1609/60/1582 1613/64/1586 1612/63/1585
f 1614/65/1587 1613/64/1586 1611/62/1584
f 1611/62/1584 1615/66/1588 1614/65/1587
f 1616/67/1589 1614/65/1587 1615/66/1588
f 1616/67/1589 1615/66/1588 1617/68/1590
f 1615/66/1588 1618/69/1591 1617/68/1590
f 1614/65/1587 1619/70/1592 1613/64/1586
f 1619/70/1592 1612/63/1585 1613/64/1586
f 1614/65/1587 1620/71/1593 1619/70/1592
f 1621/72/1594 1601/51/1574 1612/63/1585
f 1612/63/1585 1619/70/1592 1621/72/1594
f 1622/73/1595 1619/70/1592 1620/71/1593
f 1620/71/1593 1623/74/1596 1622/73/1595
f 1624/75/1597 1619/70/1592 1622/73/1595
f 1624/75/1597 1621/72/1594 1619/70/1592
f 1624/75/1597 1622/73/1595 1625/76/1598
f 1626/77/1599 1624/75/1597 1625/76/1598
f 1627/78/1600 1624/75/1597 1626/77/1599
f 1627/78/1600 1628/79/1601 1624/75/1597
f 1628/79/1601 1621/72/1594 1624/75/1597
f 1629/80/1602 1621/72/1594 1628/79/1601
f 1601/51/1574 1621/72/1594 1630/81/1603
f 1630/81/1603 1621/72/1594 1629/80/1602
f 1630/81/1603 1631/82/1604 1601/51/1574
f 1601/51/1574 1631/82/1604 1606/57/1579
f 1631/82/1604 1630/81/1603 1632/83/1605
f 1606/57/1579 1631/82/1604 1632/83/1605
f 1629/80/1602 1632/83/1605 1630/81/1603
f 1605/56/1578 1606/57/1579 1632/83/1605
f 1632/83/1605 1633/84/1606 1605/56/1578
f 1632/83/1605 1629/80/1602 1633/84/1606
f 1605/56/1578 1633/84/1606 1634/85/1607
f 1633/84/1606 1629/80/1602 1634/85/1607
f 1592/43/1565 1605/56/1578 1634/85/1607
f 1634/85/1607 1635/86/1608 1592/43/1565
f 1635/86/1608 1634/85/1607 1629/80/1602
f 1597/52/1570 1592/43/1565 1635/86/1608
f 1635/86/1608 1629/80/1602 1636/87/1609
f 1636/87/1609 1629/80/1602 1628/79/1601
f 1597/52/1570 1635/86/1608 1637/88/1610
f 1637/88/1610 1635/86/1608 1636/87/1609
f 1638/89/1611 1597/52/1570 1637/88/1610
f 1636/87/1609 1638/89/1611 1637/88/1610
f 1638/89/1611 1636/87/1609 1628/79/1601
f 1599/54/1572 1597/52/1570 1638/89/1611
f 1628/79/1601 1639/90/1612 1638/89/1611
f 1638/89/1611 1639/90/1612 1599/54/1572
f 1628/79/1601 1627/78/1600 1639/90/1612
f 1627/78/1600 1640/91/1613 1639/90/1612
f 1640/91/1613 1641/92/1614 1639/90/1612
f 1639/90/1612 1641/92/1614 1642/93/1615
f 1599/54/1572 1639/90/1612 1642/93/1615
f 1599/54/1572 1642/93/1615 1643/94/1616
f 1644/95/1617 1599/54/1572 1643/94/1616
f 1644/95/1617 1643/94/1616 1645/96/1618
f 1645/96/1618 1643/94/1616 1646/97/1619
f 1647/98/1620 1599/54/1572 1644/95/1617
f 1644/95/1617 1645/96/1618 1647/98/1620
f 1647/98/1620 1598/53/1571 1599/54/1572
f 1598/53/1571 1647/98/1620 1645/96/1618
f 1648/99/1621 1645/96/1618 1646/97/1619
f 1645/96/1618 1648/99/1621 1598/53/1571
f 1646/97/1619 1649/100/1622 1648/99/1621
f 1598/53/1571 1648/99/1621 1650/101/1623
f 1651/102/1624 1648/99/1621 1649/100/1622
f 1648/99/1621 1651/102/1624 1650/101/1623
f 1652/105/1625 1653/104/1626 1654/103/1627
f 1654/103/1627 1655/106/1628 1652/105/1625
f 1656/107/1629 1652/105/1625 1655/106/1628
f 1655/106/1628 1654/103/1627 1657/108/1630
f 1657/108/1630 1658/109/1631 1655/106/1628
f 1655/106/1628 1659/110/1632 1656/107/1629
f 1659/110/1632 1655/106/1628 1658/109/1631
f 1658/109/1631 1660/111/1633 1659/110/1632
f 1658/109/1631 1657/108/1630 1661/112/1634
f 1660/111/1633 1658/109/1631 1662/113/1635
f 1663/114/1636 1662/113/1635 1658/109/1631
f 1662/113/1635 1664/115/1637 1660/111/1633
f 1665/116/1638 1664/115/1637 1662/113/1635
f 1665/116/1638 1666/117/1639 1664/115/1637
f 1666/117/1639 1665/116/1638 1667/118/1640
f 1667/118/1640 1665/116/1638 1668/119/1641
f 1662/113/1635 1669/120/1642 1665/116/1638
f 1669/120/1642 1668/119/1641 1665/116/1638
f 1663/114/1636 1669/120/1642 1662/113/1635
f 1669/120/1642 1670/121/1643 1668/119/1641
f 1670/121/1643 1669/120/1642 1671/122/1644
f 1671/122/1644 1669/120/1642 1663/114/1636
f 1670/121/1643 1671/122/1644 1672/123/1645
f 1672/123/1645 1673/124/1646 1670/121/1643
f 1661/112/1634 1674/125/1647 1658/109/1631
f 1663/114/1636 1658/109/1631 1674/125/1647
f 1672/123/1645 1671/122/1644 1675/126/1648
f 1675/126/1648 1671/122/1644 1663/114/1636
f 1672/123/1645 1676/127/1649 1673/124/1646
f 1676/127/1649 1677/128/1650 1673/124/1646
f 1675/126/1648 1678/129/1651 1672/123/1645
f 1676/127/1649 1672/123/1645 1678/129/1651
f 1679/130/1652 1677/128/1650 1676/127/1649
f 1679/130/1652 1680/131/1653 1677/128/1650
f 1681/132/1654 1680/131/1653 1679/130/1652
f 1681/132/1654 1679/130/1652 1682/133/1655
f 1683/134/1656 1682/133/1655 1679/130/1652
f 1679/130/1652 1676/127/1649 1683/134/1656
f 1683/134/1656 1676/127/1649 1684/135/1657
f 1678/129/1651 1684/135/1657 1676/127/1649
f 1678/129/1651 1685/136/1658 1684/135/1657
f 1685/136/1658 1678/129/1651 1686/137/1659
f 1687/138/1660 1686/137/1659 1678/129/1651
f 1678/129/1651 1675/126/1648 1687/138/1660
f 1675/126/1648 1688/139/1661 1687/138/1660
f 1688/139/1661 1689/140/1662 1687/138/1660
f 1675/126/1648 1663/114/1636 1688/139/1661
f 1688/139/1661 1690/141/1663 1689/140/1662
f 1689/140/1662 1690/141/1663 1691/142/1664
f 1690/141/1663 1692/143/1665 1691/142/1664
f 1693/144/1666 1692/143/1665 1690/141/1663
f 1693/144/1666 1690/141/1663 1688/139/1661
f 1692/143/1665 1693/144/1666 1694/145/1667
f 1695/146/1668 1688/139/1661 1663/114/1636
f 1693/144/1666 1688/139/1661 1695/146/1668
f 1663/114/1636 1674/125/1647 1695/146/1668
f 1674/125/1647 1696/147/1669 1695/146/1668
f 1693/144/1666 1695/146/1668 1696/147/1669
f 1661/112/1634 1696/147/1669 1674/125/1647
f 1694/145/1667 1693/144/1666 1697/148/1670
f 1693/144/1666 1696/147/1669 1697/148/1670
f 1698/149/1671 1694/145/1667 1697/148/1670
f 1699/150/1672 1698/149/1671 1697/148/1670
f 1700/151/1673 1696/147/1669 1661/112/1634
f 1696/147/1669 1700/151/1673 1697/148/1670
f 1697/148/1670 1700/151/1673 1699/150/1672
f 1661/112/1634 1701/152/1674 1700/151/1673
f 1702/153/1675 1699/150/1672 1700/151/1673
f 1701/152/1674 1702/153/1675 1700/151/1673
f 1703/155/1676 1704/154/1677 1705/156/1678
f 1703/155/1676 1705/156/1678 1706/157/1679
f 1703/155/1676 1706/157/1679 1707/158/1680
f 1708/159/1681 1703/155/1676 1707/158/1680
f 1709/160/1682 1707/158/1680 1706/157/1679
f 1710/161/1683 1709/160/1682 1706/157/1679
f 1710/161/1683 1711/162/1684 1709/160/1682
f 1712/163/1685 1708/159/1681 1707/158/1680
f 1707/158/1680 1709/160/1682 1712/163/1685
f 1712/163/1685 1713/164/1686 1708/159/1681
f 1714/165/1687 1709/160/1682 1711/162/1684
f 1709/160/1682 1714/165/1687 1712/163/1685
f 1711/162/1684 1715/166/1688 1714/165/1687
f 1713/164/1686 1712/163/1685 1716/167/1689
f 1716/167/1689 1717/168/1690 1713/164/1686
f 1716/167/1689 1718/169/1691 1717/168/1690
f 1716/167/1689 1712/163/1685 1719/170/1692
f 1719/170/1692 1718/169/1691 1716/167/1689
f 1714/165/1687 1719/170/1692 1712/163/1685
f 1719/170/1692 1720/171/1693 1718/169/1691
f 1721/172/1694 1720/171/1693 1719/170/1692
f 1714/165/1687 1721/172/1694 1719/170/1692
f 1722/173/1695 1714/165/1687 1715/166/1688
f 1722/173/1695 1721/172/1694 1714/165/1687
f 1723/174/1696 1722/173/1695 1715/166/1688
f 1722/173/1695 1724/175/1697 1721/172/1694
f 1725/176/1698 1722/173/1695 1723/174/1696
f 1724/175/1697 1722/173/1695 1725/176/1698
f 1726/178/1699 1727/177/1700 1728/179/1701
f 1726/178/1699 1729/180/1702 1727/177/1700
f 1726/178/1699 1730/181/1703 1729/180/1702
f 1731/183/1704 1732/182/1705 1733/184/1706
f 1731/183/1704 1733/184/1706 1734/185/1707
f 1735/187/1708 1736/186/1709 1737/188/1710
f 1736/186/1709 1738/189/1703 1737/188/1710
f 1739/191/1711 1740/190/1712 1741/192/1713
f 1742/193/1714 1739/191/1711 1741/192/1713
f 1743/195/1715 1744/194/1716 1745/196/1717
f 1746/197/1718 1743/195/1715 1745/196/1717
f 1747/199/1719 1748/198/1720 1749/200/1721
f 1749/200/1721 1750/201/1722 1747/199/1719
f 1751/204/1723 1752/203/1724 1753/202/1725
f 1753/202/1725 1754/205/1726 1751/204/1723
f 1753/202/1725 1755/206/1727 1754/205/1726
f 1756/207/1728 1755/206/1727 1753/202/1725
f 1757/208/1729 1755/206/1727 1756/207/1728
f 1757/208/1729 1758/209/1730 1755/206/1727
f 1755/206/1727 1758/209/1730 1754/205/1726
f 1758/209/1730 1759/210/1731 1754/205/1726
f 1759/210/1731 1758/209/1730 1760/211/1732
f 1760/211/1732 1761/212/1733 1759/210/1731
f 1761/212/1733 1760/211/1732 1762/213/1734
f 1761/212/1733 1762/213/1734 1763/214/1735
f 1761/212/1733 1763/214/1735 1764/215/1736
f 1765/216/1737 1764/215/1736 1763/214/1735
f 1759/210/1731 1761/212/1733 1766/217/1738
f 1761/212/1733 1764/215/1736 1766/217/1738
f 1759/210/1731 1767/218/1739 1754/205/1726
f 1766/217/1738 1767/218/1739 1759/210/1731
f 1768/219/1740 1751/204/1723 1754/205/1726
f 1767/218/1739 1768/219/1740 1754/205/1726
f 1751/204/1723 1768/219/1740 1769/220/1741
f 1770/221/1742 1764/215/1736 1765/216/1737
f 1765/216/1737 1771/222/1743 1770/221/1742
f 1771/222/1743 1772/223/1744 1770/221/1742
f 1770/221/1742 1772/223/1744 1764/215/1736
f 1773/224/1745 1764/215/1736 1772/223/1744
f 1766/217/1738 1764/215/1736 1773/224/1745
f 1773/224/1745 1774/225/1746 1766/217/1738
f 1766/217/1738 1774/225/1746 1775/226/1747
f 1766/217/1738 1775/226/1747 1767/218/1739
f 1776/227/1748 1767/218/1739 1775/226/1747
f 1777/228/1749 1767/218/1739 1776/227/1748
f 1777/228/1749 1768/219/1740 1767/218/1739
f 1777/228/1749 1778/229/1750 1768/219/1740
f 1769/220/1741 1768/219/1740 1778/229/1750
f 1769/220/1741 1778/229/1750 1779/230/1751
f 1769/220/1741 1779/230/1751 1780/231/1752
f 1780/231/1752 1781/232/1753 1769/220/1741
f 1781/232/1753 1780/231/1752 1782/233/1754
f 1781/232/1753 1783/234/1755 1769/220/1741
f 1783/234/1755 1784/235/1756 1769/220/1741
f 1769/220/1741 1784/235/1756 1751/204/1723
f 1785/236/1757 1751/204/1723 1784/235/1756
f 1751/204/1723 1785/236/1757 1786/237/1758
f 1781/232/1753 1787/238/1759 1783/234/1755
f 1781/232/1753 1788/239/1760 1787/238/1759
f 1781/232/1753 1782/233/1754 1789/240/1761
f 1788/239/1760 1781/232/1753 1789/240/1761
f 1790/241/1762 1789/240/1761 1782/233/1754
f 1782/233/1754 1791/242/1763 1790/241/1762
f 1791/242/1763 1792/243/1764 1790/241/1762
f 1789/240/1761 1793/244/1765 1788/239/1760
f 1790/241/1762 1793/244/1765 1789/240/1761
f 1794/245/1766 1790/241/1762 1792/243/1764
f 1793/244/1765 1790/241/1762 1794/245/1766
f 1792/243/1764 1795/246/1767 1794/245/1766
f 1795/246/1767 1796/247/1768 1794/245/1766
f 1788/239/1760 1793/244/1765 1797/248/1769
f 1797/248/1769 1793/244/1765 1794/245/1766
f 1794/245/1766 1796/247/1768 1797/248/1769
f 1797/248/1769 1798/249/1770 1788/239/1760
f 1797/248/1769 1796/247/1768 1799/250/1771
f 1798/249/1770 1797/248/1769 1799/250/1771
f 1799/250/1771 1800/251/1772 1798/249/1770
f 1801/253/1773 1802/252/1774 1803/254/1775
f 1801/253/1773 1803/254/1775 1804/255/1776
f 1805/256/1777 1801/253/1773 1804/255/1776
f 1803/254/1775 1806/257/1778 1804/255/1776
f 1807/258/1779 1806/257/1778 1803/254/1775
f 268/259/268 1806/257/1778 1807/258/1779
f 1806/257/1778 268/259/268 1808/260/1780
f 1804/255/1776 1806/257/1778 1808/260/1780
f 270/261/270 1808/260/1780 268/259/268
f 1804/255/1776 1809/262/1781 1805/256/1777
f 1805/256/1777 1809/262/1781 1810/263/1782
f 1808/260/1780 270/261/270 1811/264/1783
f 274/265/274 1811/264/1783 270/261/270
f 1811/264/1783 1812/266/1784 1808/260/1780
f 1812/266/1784 1811/264/1783 1813/267/1785
f 277/268/277 1811/264/1783 274/265/274
f 1813/267/1785 1811/264/1783 277/268/277
f 1813/267/1785 277/268/277 278/269/278
f 1804/255/1776 1808/260/1780 1814/270/1786
f 1814/270/1786 1808/260/1780 1812/266/1784
f 1814/270/1786 1812/266/1784 1815/271/1787
f 1814/270/1786 1816/272/1788 1804/255/1776
f 1804/255/1776 1816/272/1788 1809/262/1781
f 1815/271/1787 1816/272/1788 1814/270/1786
f 1809/262/1781 1816/272/1788 1817/273/1789
f 1817/273/1789 1816/272/1788 1815/271/1787
f 1818/274/1790 1810/263/1782 1809/262/1781
f 1809/262/1781 1817/273/1789 1818/274/1790
f 1819/275/1791 1810/263/1782 1818/274/1790
f 1820/276/1792 1810/263/1782 1819/275/1791
f 278/269/278 1821/277/1793 1813/267/1785
f 1821/277/1793 278/269/278 287/278/287
f 288/279/288 1821/277/1793 287/278/287
f 1821/277/1793 288/279/288 1822/280/1794
f 1822/280/1794 1813/267/1785 1821/277/1793
f 1822/280/1794 288/279/288 1823/281/1795
f 288/279/288 291/282/291 1823/281/1795
f 1823/281/1795 291/282/291 292/283/292
f 1824/284/1796 1813/267/1785 1822/280/1794
f 1822/280/1794 1823/281/1795 1824/284/1796
f 1825/285/1797 1818/274/1790 1817/273/1789
f 1819/275/1791 1818/274/1790 1825/285/1797
f 1820/276/1792 1819/275/1791 1826/286/1798
f 1826/286/1798 1827/287/1799 1820/276/1792
f 1813/267/1785 1824/284/1796 1828/288/1800
f 1828/288/1800 1812/266/1784 1813/267/1785
f 1825/285/1797 1829/289/1801 1819/275/1791
f 1819/275/1791 1829/289/1801 1826/286/1798
f 1830/290/1802 1827/287/1799 1826/286/1798
f 1831/291/1803 1827/287/1799 1830/290/1802
f 1830/290/1802 1832/292/1804 1831/291/1803
f 1830/290/1802 1833/293/1805 1832/292/1804
f 1832/292/1804 1833/293/1805 1834/294/1806
f 1833/293/1805 1830/290/1802 1835/295/1807
f 1835/295/1807 1830/290/1802 1826/286/1798
f 1833/293/1805 1835/295/1807 1836/296/1808
f 1836/296/1808 1835/295/1807 1837/297/1809
f 1838/298/1810 1837/297/1809 1835/295/1807
f 1835/295/1807 1839/299/1811 1838/298/1810
f 1835/295/1807 1826/286/1798 1839/299/1811
f 1839/299/1811 1826/286/1798 1829/289/1801
f 1829/289/1801 1840/300/1812 1839/299/1811
f 1837/297/1809 1841/301/1813 1836/296/1808
f 1841/301/1813 1837/297/1809 1842/302/1814
f 1842/302/1814 1843/303/1815 1841/301/1813
f 313/304/313 1842/302/1814 1837/297/1809
f 1837/297/1809 314/305/314 313/304/313
f 1837/297/1809 315/306/315 314/305/314
f 1837/297/1809 1838/298/1810 315/306/315
f 315/306/315 1838/298/1810 316/307/316
f 1838/298/1810 317/308/317 316/307/316
f 318/309/318 317/308/317 1838/298/1810
f 1839/299/1811 1844/310/1816 1838/298/1810
f 1840/300/1812 1844/310/1816 1839/299/1811
f 1845/311/1817 318/309/318 1838/298/1810
f 1844/310/1816 1845/311/1817 1838/298/1810
f 1845/311/1817 321/312/321 318/309/318
f 1840/300/1812 1846/313/1818 1844/310/1816
f 1845/311/1817 1844/310/1816 1846/313/1818
f 1847/314/1819 1846/313/1818 1840/300/1812
f 1848/315/1820 321/312/321 1845/311/1817
f 1848/315/1820 325/316/325 321/312/321
f 325/316/325 1848/315/1820 326/317/326
f 1848/315/1820 327/318/327 326/317/326
f 327/318/327 1848/315/1820 328/319/328
f 1848/315/1820 1845/311/1817 1849/320/1821
f 1849/320/1821 328/319/328 1848/315/1820
f 1846/313/1818 1849/320/1821 1845/311/1817
f 328/319/328 1849/320/1821 1850/321/1822
f 1846/313/1818 1850/321/1822 1849/320/1821
f 331/322/331 328/319/328 1850/321/1822
f 1851/323/1823 1850/321/1822 1846/313/1818
f 1846/313/1818 1847/314/1819 1851/323/1823
f 1852/324/1824 331/322/331 1850/321/1822
f 1851/323/1823 1852/324/1824 1850/321/1822
f 1852/324/1824 334/325/334 331/322/331
f 335/326/335 334/325/334 1852/324/1824
f 335/326/335 1852/324/1824 336/327/336
f 336/327/336 1852/324/1824 1851/323/1823
f 1851/323/1823 337/328/337 336/327/336
f 1853/329/1825 337/328/337 1851/323/1823
f 1853/329/1825 1851/323/1823 1847/314/1819
f 337/328/337 1853/329/1825 339/330/339
f 1854/331/1826 339/330/339 1853/329/1825
f 339/330/339 1854/331/1826 341/332/341
f 1854/331/1826 1855/333/1827 341/332/341
f 1855/333/1827 343/334/343 341/332/341
f 344/335/344 343/334/343 1855/333/1827
f 1847/314/1819 1856/336/1828 1853/329/1825
f 1854/331/1826 1853/329/1825 1856/336/1828
f 1857/337/1829 344/335/344 1855/333/1827
f 344/335/344 1857/337/1829 347/338/347
f 348/339/348 347/338/347 1857/337/1829
f 1857/337/1829 349/340/349 348/339/348
f 1857/337/1829 1855/333/1827 349/340/349
f 350/341/350 349/340/349 1855/333/1827
f 350/341/350 1855/333/1827 1858/342/1830
f 1854/331/1826 1858/342/1830 1855/333/1827
f 1858/342/1830 352/343/352 350/341/350
f 1854/331/1826 1859/344/1831 1858/342/1830
f 352/343/352 1858/342/1830 1859/344/1831
f 1854/331/1826 1856/336/1828 1859/344/1831
f 1859/344/1831 354/345/354 352/343/352
f 1860/346/1832 354/345/354 1859/344/1831
f 1860/346/1832 1859/344/1831 1856/336/1828
f 354/345/354 1860/346/1832 356/347/356
f 357/348/357 356/347/356 1860/346/1832
f 1856/336/1828 1861/349/1833 1860/346/1832
f 1860/346/1832 1861/349/1833 357/348/357
f 1856/336/1828 1862/350/1834 1861/349/1833
f 1862/350/1834 1856/336/1828 1847/314/1819
f 357/348/357 1861/349/1833 1863/351/1835
f 1862/350/1834 1863/351/1835 1861/349/1833
f 357/348/357 1863/351/1835 361/352/361
f 362/353/362 361/352/361 1863/351/1835
f 1863/351/1835 1862/350/1834 362/353/362
f 1862/350/1834 1864/354/1836 362/353/362
f 1847/314/1819 1864/354/1836 1862/350/1834
f 362/353/362 1864/354/1836 364/355/364
f 1865/356/1837 1864/354/1836 1847/314/1819
f 1847/314/1819 1840/300/1812 1865/356/1837
f 1866/357/1838 364/355/364 1864/354/1836
f 1866/357/1838 367/358/367 364/355/364
f 367/358/367 1866/357/1838 368/359/368
f 368/359/368 1866/357/1838 369/360/369
f 1866/357/1838 1864/354/1836 1867/361/1839
f 1866/357/1838 1867/361/1839 369/360/369
f 1865/356/1837 1867/361/1839 1864/354/1836
f 1868/362/1840 369/360/369 1867/361/1839
f 1865/356/1837 1868/362/1840 1867/361/1839
f 369/360/369 1868/362/1840 372/363/372
f 372/363/372 1868/362/1840 373/364/373
f 1868/362/1840 1865/356/1837 373/364/373
f 1840/300/1812 1869/365/1841 1865/356/1837
f 1869/365/1841 373/364/373 1865/356/1837
f 1840/300/1812 1870/366/1842 1869/365/1841
f 1840/300/1812 1829/289/1801 1870/366/1842
f 1829/289/1801 1825/285/1797 1870/366/1842
f 1871/367/1843 373/364/373 1869/365/1841
f 1871/367/1843 377/368/377 373/364/373
f 377/368/377 1871/367/1843 378/369/378
f 1871/367/1843 379/370/379 378/369/378
f 1872/371/1844 1871/367/1843 1869/365/1841
f 1871/367/1843 1872/371/1844 379/370/379
f 1872/371/1844 1869/365/1841 1870/366/1842
f 381/372/381 379/370/379 1872/371/1844
f 1870/366/1842 381/372/381 1872/371/1844
f 1825/285/1797 381/372/381 1870/366/1842
f 1817/273/1789 381/372/381 1825/285/1797
f 1817/273/1789 382/373/382 381/372/381
f 382/373/382 1817/273/1789 1815/271/1787
f 382/373/382 1815/271/1787 383/374/383
f 384/375/384 383/374/383 1815/271/1787
f 385/376/385 384/375/384 1815/271/1787
f 1812/266/1784 385/376/385 1815/271/1787
f 386/377/386 385/376/385 1812/266/1784
f 1873/378/1845 386/377/386 1812/266/1784
f 386/377/386 1873/378/1845 388/379/388
f 388/379/388 1873/378/1845 389/380/389
f 1828/288/1800 1873/378/1845 1812/266/1784
f 1828/288/1800 389/380/389 1873/378/1845
f 389/380/389 1828/288/1800 390/381/390
f 1828/288/1800 391/382/391 390/381/390
f 1824/284/1796 391/382/391 1828/288/1800
f 392/383/392 391/382/391 1824/284/1796
f 1824/284/1796 1874/384/1846 392/383/392
f 394/385/394 392/383/392 1874/384/1846
f 1823/281/1795 1874/384/1846 1824/284/1796
f 1874/384/1846 1875/387/1847 394/385/394
f 1875/387/1847 397/388/397 394/385/394
f 397/388/397 1875/387/1847 398/389/398
f 1874/384/1846 1823/281/1795 1876/386/1848
f 1874/384/1846 1876/386/1848 1875/387/1847
f 398/389/398 1875/387/1847 1876/386/1848
f 292/283/292 1876/386/1848 1823/281/1795
f 1877/390/1849 398/389/398 1876/386/1848
f 292/283/292 1877/390/1849 1876/386/1848
f 1877/390/1849 401/392/401 398/389/398
f 400/391/400 1877/390/1849 292/283/292
f 402/393/402 401/392/401 1877/390/1849
f 1877/390/1849 400/391/400 402/393/402
f 1878/395/1850 1879/394/1851 1880/396/1852
f 1879/394/1851 1881/397/1853 1880/396/1852
f 1880/396/1852 1881/397/1853 1882/398/1854
f 1879/394/1851 1883/399/1855 1881/397/1853
f 1881/397/1853 1884/400/1856 1882/398/1854
f 1885/401/1857 1881/397/1853 1883/399/1855
f 1883/399/1855 1886/402/1858 1885/401/1857
f 1887/403/1859 1884/400/1856 1881/397/1853
f 1887/403/1859 1881/397/1853 1885/401/1857
f 1885/401/1857 1888/404/1860 1887/403/1859
f 1889/405/1861 1884/400/1856 1887/403/1859
f 1887/403/1859 1890/406/1862 1889/405/1861
f 1890/406/1862 1887/403/1859 1888/404/1860
f 1891/407/1863 1889/405/1861 1890/406/1862
f 1885/401/1857 1886/402/1858 1892/408/1864
f 1893/409/1865 1892/408/1864 1886/402/1858
f 1894/410/1866 1888/404/1860 1885/401/1857
f 1894/410/1866 1885/401/1857 1892/408/1864
f 1895/411/1867 1894/410/1866 1892/408/1864
f 1895/411/1867 1892/408/1864 1896/412/1868
f 1896/412/1868 1892/408/1864 1893/409/1865
f 1897/413/1869 1896/412/1868 1893/409/1865
f 1893/409/1865 1898/414/1799 1897/413/1869
f 1897/413/1869 1898/414/1799 1899/415/1870
f 1888/404/1860 1894/410/1866 1900/416/1871
f 1888/404/1860 1900/416/1871 1901/417/1872
f 1901/417/1872 1902/418/1873 1888/404/1860
f 1902/418/1873 1901/417/1872 1903/419/1874
f 1902/418/1873 1903/419/1874 1904/420/1875
f 1888/404/1860 1902/418/1873 1905/421/1876
f 1888/404/1860 1905/421/1876 1890/406/1862
f 1902/418/1873 1904/420/1875 1906/422/1877
f 1906/422/1877 1905/421/1876 1902/418/1873
f 1907/423/1878 1906/422/1877 1904/420/1875
f 1908/424/1879 1906/422/1877 1907/423/1878
f 1909/425/1880 1908/424/1879 1907/423/1878
f 1908/424/1879 1909/425/1880 1910/426/1881
f 1906/422/1877 1908/424/1879 1910/426/1881
f 1910/426/1881 1911/427/1882 1906/422/1877
f 1906/422/1877 1911/427/1882 1905/421/1876
f 1905/421/1876 1911/427/1882 1912/428/1883
f 1905/421/1876 1912/428/1883 1890/406/1862
f 1913/429/1884 1890/406/1862 1912/428/1883
f 1914/430/1885 1913/429/1884 1912/428/1883
f 1913/429/1884 1891/407/1863 1890/406/1862
f 1914/430/1885 1891/407/1863 1913/429/1884
f 1915/432/1886 1916/431/1887 1917/433/1704
f 1915/432/1886 1917/433/1704 1918/434/1888
f 1919/436/1889 1920/435/1890 1921/437/1891
f 1919/436/1889 1921/437/1891 1922/438/1892
f 1642/93/1615 1646/97/1619 1643/94/1616
f 1642/93/1615 1641/92/1614 1646/97/1619
f 1649/100/1622 1646/97/1619 1641/92/1614
f 1923/439/1893 1649/100/1622 1641/92/1614
f 1923/439/1893 1641/92/1614 1924/440/1894
f 1924/440/1894 1641/92/1614 1640/91/1613
f 1924/440/1894 1640/91/1613 1627/78/1600
f 1925/441/1895 1649/100/1622 1923/439/1893
f 1926/442/1896 1649/100/1622 1925/441/1895
f 1651/102/1624 1649/100/1622 1926/442/1896
f 1927/443/1897 1924/440/1894 1627/78/1600
f 1927/443/1897 1928/444/1898 1924/440/1894
f 1928/444/1898 1923/439/1893 1924/440/1894
f 1929/445/1899 1927/443/1897 1627/78/1600
f 1927/443/1897 1929/445/1899 1928/444/1898
f 1930/446/1900 1929/445/1899 1627/78/1600
f 1929/445/1899 1930/446/1900 1928/444/1898
f 1930/446/1900 1627/78/1600 1626/77/1599
f 1930/446/1900 1931/447/1901 1928/444/1898
f 1932/448/1902 1930/446/1900 1626/77/1599
f 1930/446/1900 1932/448/1902 1931/447/1901
f 1933/449/1903 1932/448/1902 1626/77/1599
f 1933/449/1903 1931/447/1901 1932/448/1902
f 1625/76/1598 1933/449/1903 1626/77/1599
f 1625/76/1598 1934/450/1904 1933/449/1903
f 1935/451/1905 1934/450/1904 1625/76/1598
f 1933/449/1903 1934/450/1904 1936/452/1906
f 1936/452/1906 1934/450/1904 1935/451/1905
f 1933/449/1903 1936/452/1906 1931/447/1901
f 1937/453/1907 1928/444/1898 1931/447/1901
f 1928/444/1898 1937/453/1907 1923/439/1893
f 1938/454/1908 1936/452/1906 1935/451/1905
f 1938/454/1908 1935/451/1905 1939/455/1909
f 1940/456/1910 1938/454/1908 1939/455/1909
f 1931/447/1901 1936/452/1906 1941/457/1911
f 1941/457/1911 1936/452/1906 1938/454/1908
f 1937/453/1907 1931/447/1901 1941/457/1911
f 1938/454/1908 1940/456/1910 1942/458/1912
f 1942/458/1912 1941/457/1911 1938/454/1908
f 1943/459/1913 1942/458/1912 1940/456/1910
f 1943/459/1913 1940/456/1910 1944/460/1914
f 1944/460/1914 1945/461/1915 1943/459/1913
f 1945/461/1915 1944/460/1914 1946/462/1916
f 1937/453/1907 1947/463/1917 1923/439/1893
f 1948/464/1918 1937/453/1907 1941/457/1911
f 1937/453/1907 1948/464/1918 1947/463/1917
f 1923/439/1893 1947/463/1917 1949/465/1919
f 1948/464/1918 1949/465/1919 1947/463/1917
f 1923/439/1893 1949/465/1919 1925/441/1895
f 1949/465/1919 1950/466/1920 1925/441/1895
f 1950/466/1920 1926/442/1896 1925/441/1895
f 1942/458/1912 1951/467/1921 1941/457/1911
f 1951/467/1921 1948/464/1918 1941/457/1911
f 1948/464/1918 1951/467/1921 1952/468/1922
f 1953/469/1923 1949/465/1919 1948/464/1918
f 1950/466/1920 1949/465/1919 1953/469/1923
f 1953/469/1923 1948/464/1918 1952/468/1922
f 1954/470/1924 1951/467/1921 1942/458/1912
f 1952/468/1922 1951/467/1921 1955/471/1925
f 1954/470/1924 1955/471/1925 1951/467/1921
f 1956/472/1926 1954/470/1924 1942/458/1912
f 1957/473/1927 1954/470/1924 1956/472/1926
f 1956/472/1926 1942/458/1912 1943/459/1913
f 1958/474/1928 1926/442/1896 1950/466/1920
f 1958/474/1928 1959/475/1929 1926/442/1896
f 1959/475/1929 1958/474/1928 1960/476/1930
f 1651/102/1624 1926/442/1896 1959/475/1929
f 1961/477/1931 1651/102/1624 1959/475/1929
f 1650/101/1623 1651/102/1624 1961/477/1931
f 1961/477/1931 1962/478/1932 1650/101/1623
f 1961/477/1931 1959/475/1929 1963/479/1933
f 1960/476/1930 1963/479/1933 1959/475/1929
f 1961/477/1931 1964/480/1934 1962/478/1932
f 1961/477/1931 1963/479/1933 1964/480/1934
f 1964/480/1934 1965/481/1935 1962/478/1932
f 1964/480/1934 1966/482/1936 1965/481/1935
f 1950/466/1920 1967/483/1937 1958/474/1928
f 1958/474/1928 1967/483/1937 1968/484/1938
f 1960/476/1930 1958/474/1928 1968/484/1938
f 1967/483/1937 1950/466/1920 1969/485/1939
f 1967/483/1937 1969/485/1939 1968/484/1938
f 1953/469/1923 1969/485/1939 1950/466/1920
f 1968/484/1938 1969/485/1939 1970/486/1940
f 1968/484/1938 1970/486/1940 1960/476/1930
f 1969/485/1939 1953/469/1923 1971/487/1941
f 1971/487/1941 1970/486/1940 1969/485/1939
f 1971/487/1941 1953/469/1923 1972/488/1942
f 1971/487/1941 1972/488/1942 1970/486/1940
f 1952/468/1922 1972/488/1942 1953/469/1923
f 1966/482/1936 1964/480/1934 1973/490/1943
f 1973/490/1943 1974/492/1944 1966/482/1936
f 1974/492/1944 1975/493/1945 1966/482/1936
f 1975/493/1945 1974/492/1944 503/494/501
f 504/495/502 503/494/501 1974/492/1944
f 1974/492/1944 1973/490/1943 504/495/502
f 1973/490/1943 505/496/503 504/495/502
f 1976/489/1946 1973/490/1943 1964/480/1934
f 1976/489/1946 1964/480/1934 1963/479/1933
f 1973/490/1943 1977/497/1947 505/496/503
f 1976/489/1946 1977/497/1947 1973/490/1943
f 505/496/503 1977/497/1947 507/498/505
f 1976/489/1946 507/498/505 1977/497/1947
f 507/498/505 1976/489/1946 508/499/506
f 1976/489/1946 1963/479/1933 1978/491/1948
f 1976/489/1946 1978/491/1948 508/499/506
f 1978/491/1948 1963/479/1933 1960/476/1930
f 1978/491/1948 1979/500/1949 508/499/506
f 1960/476/1930 1979/500/1949 1978/491/1948
f 1979/500/1949 510/501/508 508/499/506
f 510/501/508 1979/500/1949 511/502/509
f 1979/500/1949 1960/476/1930 1980/503/1950
f 1980/503/1950 1960/476/1930 1970/486/1940
f 1979/500/1949 1981/504/1951 511/502/509
f 1979/500/1949 1980/503/1950 1981/504/1951
f 1980/503/1950 1982/505/1952 1981/504/1951
f 515/506/513 511/502/509 1981/504/1951
f 515/506/513 1981/504/1951 1982/505/1952
f 1983/507/1953 1980/503/1950 1970/486/1940
f 1982/505/1952 1980/503/1950 1983/507/1953
f 1972/488/1942 1983/507/1953 1970/486/1940
f 1983/507/1953 1972/488/1942 1984/508/1954
f 1952/468/1922 1984/508/1954 1972/488/1942
f 1984/508/1954 1985/509/1955 1983/507/1953
f 1952/468/1922 1985/509/1955 1984/508/1954
f 1983/507/1953 1986/510/1956 1982/505/1952
f 1983/507/1953 1985/509/1955 1986/510/1956
f 1987/511/1957 1985/509/1955 1952/468/1922
f 1955/471/1925 1987/511/1957 1952/468/1922
f 1987/511/1957 1955/471/1925 1988/512/1958
f 1989/513/1959 1988/512/1958 1955/471/1925
f 1989/513/1959 1955/471/1925 1954/470/1924
f 1989/513/1959 1954/470/1924 1990/514/1960
f 1990/514/1960 1988/512/1958 1989/513/1959
f 1990/514/1960 1954/470/1924 1957/473/1927
f 1987/511/1957 1991/515/1961 1985/509/1955
f 1991/515/1961 1986/510/1956 1985/509/1955
f 1987/511/1957 1992/516/1962 1991/515/1961
f 1991/515/1961 1992/516/1962 1986/510/1956
f 1992/516/1962 1987/511/1957 1988/512/1958
f 1992/516/1962 1993/517/1963 1986/510/1956
f 1986/510/1956 1993/517/1963 1982/505/1952
f 1994/518/1964 1990/514/1960 1957/473/1927
f 1988/512/1958 1990/514/1960 1994/518/1964
f 1988/512/1958 1995/519/1965 1992/516/1962
f 1993/517/1963 1992/516/1962 1995/519/1965
f 1988/512/1958 1996/520/1966 1995/519/1965
f 1993/517/1963 1995/519/1965 1996/520/1966
f 1993/517/1963 1997/521/1967 1982/505/1952
f 1996/520/1966 1997/521/1967 1993/517/1963
f 1996/520/1966 1988/512/1958 1998/522/1968
f 1994/518/1964 1998/522/1968 1988/512/1958
f 1999/523/1969 1982/505/1952 1997/521/1967
f 1982/505/1952 1999/523/1969 515/506/513
f 1998/522/1968 2000/524/1970 1996/520/1966
f 1997/521/1967 1996/520/1966 2000/524/1970
f 1997/521/1967 2000/524/1970 2001/525/1971
f 1998/522/1968 2001/525/1971 2000/524/1970
f 1999/523/1969 2002/526/1972 515/506/513
f 2002/526/1972 536/527/534 515/506/513
f 536/527/534 2002/526/1972 2003/528/1973
f 2003/528/1973 538/529/536 536/527/534
f 539/530/537 538/529/536 2003/528/1973
f 2001/525/1971 2004/531/1974 1997/521/1967
f 1999/523/1969 1997/521/1967 2004/531/1974
f 2003/528/1973 2005/532/1975 539/530/537
f 542/533/540 539/530/537 2005/532/1975
f 2005/532/1975 2006/534/1976 542/533/540
f 2007/535/1977 2006/534/1976 2005/532/1975
f 2007/535/1977 2005/532/1975 2003/528/1973
f 2008/536/1978 2006/534/1976 2007/535/1977
f 2009/537/1979 2008/536/1978 2007/535/1977
f 2007/535/1977 2010/538/1980 2009/537/1979
f 2009/537/1979 2010/538/1980 1946/462/1916
f 2003/528/1973 2011/539/1981 2007/535/1977
f 2010/538/1980 2007/535/1977 2011/539/1981
f 2010/538/1980 2012/540/1982 1946/462/1916
f 2012/540/1982 1945/461/1915 1946/462/1916
f 2011/539/1981 2003/528/1973 2013/541/1983
f 2003/528/1973 2002/526/1972 2013/541/1983
f 1999/523/1969 2014/542/1984 2002/526/1972
f 2013/541/1983 2002/526/1972 2014/542/1984
f 2015/543/1985 2014/542/1984 1999/523/1969
f 2004/531/1974 2015/543/1985 1999/523/1969
f 2016/544/1986 2015/543/1985 2004/531/1974
f 2001/525/1971 2016/544/1986 2004/531/1974
f 2017/545/1987 2016/544/1986 2001/525/1971
f 2001/525/1971 1998/522/1968 2017/545/1987
f 2016/544/1986 2017/545/1987 2018/546/1988
f 2019/547/1989 2016/544/1986 2018/546/1988
f 2015/543/1985 2016/544/1986 2019/547/1989
f 2018/546/1988 2020/548/1990 2019/547/1989
f 2015/543/1985 2019/547/1989 2020/548/1990
f 2015/543/1985 2020/548/1990 2014/542/1984
f 2017/545/1987 1998/522/1968 2021/549/1991
f 2021/549/1991 1998/522/1968 1994/518/1964
f 2020/548/1990 2022/550/1992 2014/542/1984
f 2018/546/1988 2022/550/1992 2020/548/1990
f 2022/550/1992 2023/551/1993 2014/542/1984
f 2023/551/1993 2013/541/1983 2014/542/1984
f 2018/546/1988 2023/551/1993 2022/550/1992
f 2021/549/1991 2024/552/1994 2017/545/1987
f 2018/546/1988 2017/545/1987 2024/552/1994
f 1994/518/1964 2025/553/1995 2021/549/1991
f 2021/549/1991 2025/553/1995 2024/552/1994
f 1994/518/1964 2026/554/1996 2025/553/1995
f 1957/473/1927 2026/554/1996 1994/518/1964
f 2023/551/1993 2027/555/1997 2013/541/1983
f 2013/541/1983 2027/555/1997 2028/556/1998
f 2013/541/1983 2028/556/1998 2011/539/1981
f 2027/555/1997 2023/551/1993 2029/557/1999
f 2029/557/1999 2028/556/1998 2027/555/1997
f 2028/556/1998 2029/557/1999 2011/539/1981
f 2018/546/1988 2029/557/1999 2023/551/1993
f 2011/539/1981 2029/557/1999 2010/538/1980
f 2010/538/1980 2029/557/1999 2030/558/2000
f 2030/558/2000 2029/557/1999 2018/546/1988
f 2010/538/1980 2030/558/2000 2012/540/1982
f 2018/546/1988 2031/559/2001 2030/558/2000
f 2018/546/1988 2024/552/1994 2031/559/2001
f 2032/560/2002 2012/540/1982 2030/558/2000
f 2032/560/2002 2030/558/2000 2031/559/2001
f 2032/560/2002 1945/461/1915 2012/540/1982
f 2033/561/2003 2031/559/2001 2024/552/1994
f 2032/560/2002 2031/559/2001 2033/561/2003
f 2034/562/2004 1945/461/1915 2032/560/2002
f 1945/461/1915 2034/562/2004 1943/459/1913
f 2033/561/2003 2024/552/1994 2035/563/2005
f 2035/563/2005 2024/552/1994 2025/553/1995
f 2033/561/2003 2036/564/2006 2032/560/2002
f 2032/560/2002 2036/564/2006 2034/562/2004
f 2035/563/2005 2036/564/2006 2033/561/2003
f 2034/562/2004 2037/565/2007 1943/459/1913
f 1956/472/1926 1943/459/1913 2037/565/2007
f 2025/553/1995 2038/566/2008 2035/563/2005
f 2038/566/2008 2039/568/2009 2035/563/2005
f 2038/566/2008 2025/553/1995 2040/567/2010
f 2025/553/1995 2026/554/1996 2040/567/2010
f 2041/569/2011 2040/567/2010 2026/554/1996
f 2035/563/2005 2039/568/2009 2042/570/2012
f 2042/570/2012 2036/564/2006 2035/563/2005
f 2026/554/1996 1957/473/1927 2041/569/2011
f 2043/571/2013 2041/569/2011 1957/473/1927
f 2036/564/2006 2042/570/2012 2044/572/2014
f 2034/562/2004 2036/564/2006 2044/572/2014
f 2045/573/2015 2044/572/2014 2042/570/2012
f 2034/562/2004 2044/572/2014 2046/574/2016
f 2046/574/2016 2044/572/2014 2045/573/2015
f 2045/573/2015 2047/575/2017 2046/574/2016
f 2046/574/2016 2037/565/2007 2034/562/2004
f 2046/574/2016 2047/575/2017 2048/576/2018
f 2046/574/2016 2049/577/2019 2037/565/2007
f 2048/576/2018 2049/577/2019 2046/574/2016
f 2048/576/2018 2043/571/2013 2049/577/2019
f 1956/472/1926 2037/565/2007 2049/577/2019
f 1957/473/1927 2050/578/2020 2043/571/2013
f 2049/577/2019 2043/571/2013 2050/578/2020
f 2049/577/2019 2050/578/2020 1956/472/1926
f 1956/472/1926 2050/578/2020 1957/473/1927
f 589/580/587 588/579/586 2051/581/2021
f 589/580/587 2051/581/2021 591/582/589
f 591/582/589 2051/581/2021 2052/583/2022
f 2052/583/2022 2051/581/2021 2053/584/2023
f 2052/583/2022 2054/585/2024 591/582/589
f 591/582/589 2054/585/2024 595/586/593
f 596/587/594 595/586/593 2054/585/2024
f 2055/588/2025 2052/583/2022 2053/584/2023
f 2053/584/2023 2056/589/2026 2055/588/2025
f 2057/590/2027 2055/588/2025 2056/589/2026
f 2057/590/2027 2058/591/2028 2055/588/2025
f 2057/590/2027 2059/592/2029 2058/591/2028
f 2055/588/2025 2060/593/2030 2052/583/2022
f 2052/583/2022 2060/593/2030 2054/585/2024
f 2054/585/2024 2061/594/2031 596/587/594
f 2061/594/2031 604/595/602 596/587/594
f 604/595/602 2061/594/2031 605/596/603
f 2061/594/2031 2054/585/2024 2062/597/2032
f 2060/593/2030 2062/597/2032 2054/585/2024
f 2062/597/2032 605/596/603 2061/594/2031
f 2063/598/2033 2060/593/2030 2055/588/2025
f 2055/588/2025 2058/591/2028 2063/598/2033
f 2060/593/2030 2064/599/2034 2062/597/2032
f 2064/599/2034 2060/593/2030 2063/598/2033
f 605/596/603 2062/597/2032 2065/600/2035
f 2065/600/2035 2062/597/2032 2064/599/2034
f 2066/601/2036 605/596/603 2065/600/2035
f 605/596/603 2066/601/2036 611/602/609
f 611/602/609 2066/601/2036 612/603/610
f 613/604/611 612/603/610 2066/601/2036
f 2067/605/2037 2066/601/2036 2065/600/2035
f 613/604/611 2066/601/2036 2067/605/2037
f 2067/605/2037 2065/600/2035 2064/599/2034
f 2068/606/2038 613/604/611 2067/605/2037
f 2068/606/2038 616/607/614 613/604/611
f 616/607/614 2068/606/2038 617/608/615
f 617/608/615 2068/606/2038 618/609/616
f 619/610/617 618/609/616 2068/606/2038
f 2068/606/2038 2067/605/2037 619/610/617
f 619/610/617 2067/605/2037 620/611/618
f 2064/599/2034 620/611/618 2067/605/2037
f 2064/599/2034 2069/612/2039 620/611/618
f 2069/612/2039 622/613/620 620/611/618
f 622/613/620 2069/612/2039 623/614/621
f 624/615/622 623/614/621 2069/612/2039
f 2063/598/2033 2069/612/2039 2064/599/2034
f 2069/612/2039 2063/598/2033 624/615/622
f 625/616/623 624/615/622 2063/598/2033
f 2058/591/2028 625/616/623 2063/598/2033
f 2058/591/2028 2070/617/2040 625/616/623
f 2070/617/2040 627/618/625 625/616/623
f 2070/617/2040 628/619/626 627/618/625
f 628/619/626 2070/617/2040 2058/591/2028
f 2058/591/2028 629/620/627 628/619/626
f 2058/591/2028 2071/621/2041 629/620/627
f 2071/621/2041 631/622/629 629/620/627
f 2059/592/2029 2071/621/2041 2058/591/2028
f 632/623/630 631/622/629 2071/621/2041
f 2072/624/2042 632/623/630 2071/621/2041
f 634/625/632 632/623/630 2072/624/2042
f 634/625/632 2072/624/2042 635/626/633
f 2073/627/2043 2071/621/2041 2059/592/2029
f 2072/624/2042 2071/621/2041 2073/627/2043
f 2074/628/2044 2073/627/2043 2059/592/2029
f 2074/628/2044 2075/629/2045 2073/627/2043
f 2075/629/2045 2076/630/2046 2073/627/2043
f 2072/624/2042 2073/627/2043 2076/630/2046
f 2077/631/2047 2076/630/2046 2075/629/2045
f 2078/632/2048 2076/630/2046 2077/631/2047
f 635/626/633 2072/624/2042 2079/633/2049
f 643/634/641 635/626/633 2079/633/2049
f 2076/630/2046 2080/635/2050 2072/624/2042
f 2080/635/2050 2076/630/2046 2078/632/2048
f 2080/635/2050 2079/633/2049 2072/624/2042
f 2078/632/2048 2081/636/2051 2080/635/2050
f 2081/636/2051 2078/632/2048 646/637/644
f 646/637/644 647/638/645 2081/636/2051
f 2080/635/2050 2081/636/2051 2082/639/2052
f 2081/636/2051 647/638/645 2082/639/2052
f 2082/639/2052 2079/633/2049 2080/635/2050
f 647/638/645 649/640/647 2082/639/2052
f 2083/641/2053 2082/639/2052 649/640/647
f 649/640/647 651/642/649 2083/641/2053
f 652/643/650 2083/641/2053 651/642/649
f 2084/644/2054 643/634/641 2079/633/2049
f 643/634/641 2084/644/2054 654/645/652
f 655/646/653 654/645/652 2084/644/2054
f 655/646/653 2084/644/2054 656/647/654
f 2082/639/2052 2085/648/2055 2079/633/2049
f 2085/648/2055 2084/644/2054 2079/633/2049
f 656/647/654 2084/644/2054 2085/648/2055
f 2082/639/2052 2083/641/2053 2085/648/2055
f 656/647/654 2085/648/2055 2086/649/2056
f 2086/649/2056 659/650/657 656/647/654
f 659/650/657 2086/649/2056 660/651/658
f 661/652/659 660/651/658 2086/649/2056
f 2086/649/2056 2085/648/2055 661/652/659
f 2085/648/2055 2083/641/2053 661/652/659
f 662/653/660 661/652/659 2083/641/2053
f 2083/641/2053 652/643/650 2087/654/2057
f 2083/641/2053 2087/654/2057 662/653/660
f 664/655/662 2087/654/2057 652/643/650
f 662/653/660 2087/654/2057 664/655/662
f 2088/657/2058 2089/656/2059 2090/658/1678
f 2090/658/1678 2089/656/2059 2091/659/2060
f 2091/659/2060 2089/656/2059 2092/660/2061
f 2089/656/2059 2093/661/2062 2092/660/2061
f 2094/662/2063 2091/659/2060 2092/660/2061
f 2095/663/2064 2091/659/2060 2094/662/2063
f 2096/664/2065 2095/663/2064 2094/662/2063
f 2093/661/2062 2097/665/2066 2092/660/2061
f 2094/662/2063 2092/660/2061 2097/665/2066
f 2096/664/2065 2094/662/2063 2098/666/2067
f 2098/666/2067 2094/662/2063 2097/665/2066
f 2098/666/2067 2099/667/2068 2096/664/2065
f 2097/665/2066 2093/661/2062 2100/668/2069
f 2101/669/2070 2100/668/2069 2093/661/2062
f 2102/670/2071 2100/668/2069 2101/669/2070
f 2097/665/2066 2100/668/2069 2103/671/2072
f 2102/670/2071 2103/671/2072 2100/668/2069
f 2103/671/2072 2098/666/2067 2097/665/2066
f 2104/672/2073 2103/671/2072 2102/670/2071
f 2104/672/2073 2105/673/1694 2103/671/2072
f 2105/673/1694 2098/666/2067 2103/671/2072
f 2106/674/2074 2099/667/2068 2098/666/2067
f 2105/673/1694 2106/674/2074 2098/666/2067
f 2106/674/2074 2107/675/1696 2099/667/2068
f 2108/676/2075 2106/674/2074 2105/673/1694
f 2106/674/2074 2109/677/2076 2107/675/1696
f 2106/674/2074 2108/676/2075 2109/677/2076
f 2110/680/2077 2111/679/1815 2112/678/2078
f 2111/679/1815 2110/680/2077 2113/681/2079
f 2110/680/2077 2114/682/2080 2113/681/2079
f 2115/683/2081 2111/679/1815 2113/681/2079
f 2115/683/2081 2113/681/2079 2116/684/2082
f 2117/685/2083 2113/681/2079 2114/682/2080
f 2116/684/2082 2113/681/2079 2117/685/2083
f 2117/685/2083 2118/686/2084 2116/684/2082
f 2115/683/2081 2116/684/2082 2119/687/2085
f 2120/688/2086 2116/684/2082 2118/686/2084
f 2120/688/2086 2121/689/2087 2116/684/2082
f 2118/686/2084 2122/690/1637 2120/688/2086
f 2116/684/2082 2123/691/2088 2119/687/2085
f 2121/689/2087 2123/691/2088 2116/684/2082
f 2119/687/2085 2123/691/2088 2124/692/2089
f 2123/691/2088 2121/689/2087 2124/692/2089
f 2124/692/2089 2125/693/2090 2119/687/2085
f 2120/688/2086 2122/690/1637 2126/694/2091
f 2122/690/1637 2127/695/1639 2126/694/2091
f 2126/694/2091 2127/695/1639 2128/696/2092
f 2126/694/2091 2128/696/2092 2129/697/2093
f 2130/698/2094 2120/688/2086 2126/694/2091
f 2126/694/2091 2129/697/2093 2130/698/2094
f 2130/698/2094 2121/689/2087 2120/688/2086
f 2131/699/2095 2130/698/2094 2129/697/2093
f 2130/698/2094 2131/699/2095 2132/700/2096
f 2130/698/2094 2132/700/2096 2121/689/2087
f 2125/693/2090 2124/692/2089 2133/701/2097
f 2125/693/2090 2133/701/2097 2134/702/1806
f 2135/703/2098 2134/702/1806 2133/701/2097
f 2133/701/2097 2136/704/2099 2135/703/2098
f 2137/705/2100 2136/704/2099 2133/701/2097
f 2124/692/2089 2137/705/2100 2133/701/2097
f 2136/704/2099 2137/705/2100 2138/706/2101
f 2139/707/2102 2124/692/2089 2121/689/2087
f 2139/707/2102 2137/705/2100 2124/692/2089
f 2140/708/2103 2138/706/2101 2137/705/2100
f 2140/708/2103 2137/705/2100 2139/707/2102
f 2138/706/2101 2140/708/2103 2141/709/2104
f 2140/708/2103 2142/710/2105 2141/709/2104
f 2139/707/2102 2142/710/2105 2140/708/2103
f 2142/710/2105 2139/707/2102 2143/711/2106
f 2121/689/2087 2144/712/2107 2139/707/2102
f 2144/712/2107 2143/711/2106 2139/707/2102
f 2143/711/2106 2144/712/2107 2145/713/2108
f 2132/700/2096 2144/712/2107 2121/689/2087
f 2146/714/2109 2145/713/2108 2144/712/2107
f 2132/700/2096 2146/714/2109 2144/712/2107
f 2146/714/2109 2147/715/2110 2145/713/2108
f 2147/715/2110 2146/714/2109 2148/716/2111
f 2149/717/2112 2148/716/2111 2146/714/2109
f 2149/717/2112 2150/718/2113 2148/716/2111
f 2149/717/2112 2151/719/2114 2150/718/2113
f 2152/720/2115 2146/714/2109 2132/700/2096
f 2146/714/2109 2152/720/2115 2149/717/2112
f 2152/720/2115 2132/700/2096 2131/699/2095
f 2131/699/2095 2153/721/2116 2152/720/2115
f 2149/717/2112 2152/720/2115 2153/721/2116
f 2153/721/2116 2154/722/2117 2149/717/2112
f 2149/717/2112 2155/723/2118 2151/719/2114
f 2155/723/2118 2149/717/2112 2154/722/2117
f 2155/723/2118 2156/724/2119 2151/719/2114
f 2154/722/2117 2157/725/2120 2155/723/2118
f 2157/725/2120 2156/724/2119 2155/723/2118
f 2158/728/2121 2159/727/2122 2160/726/2123
f 2161/729/2124 2158/728/2121 2160/726/2123
f 2162/730/2125 2161/729/2124 2160/726/2123
f 2162/730/2125 2163/731/2126 2161/729/2124
f 741/732/730 2163/731/2126 2162/730/2125
f 2163/731/2126 741/732/730 742/733/731
f 2161/729/2124 2163/731/2126 2164/734/2127
f 2164/734/2127 2165/735/2128 2161/729/2124
f 742/733/731 2166/736/2129 2163/731/2126
f 2166/736/2129 742/733/731 746/737/735
f 747/738/736 2166/736/2129 746/737/735
f 2166/736/2129 747/738/736 748/739/737
f 2163/731/2126 2166/736/2129 2167/740/2130
f 2163/731/2126 2167/740/2130 2164/734/2127
f 2168/741/2131 2166/736/2129 748/739/737
f 2166/736/2129 2168/741/2131 2167/740/2130
f 2168/741/2131 2169/742/2132 2167/740/2130
f 2169/742/2132 752/743/741 2167/740/2130
f 752/743/741 753/744/742 2167/740/2130
f 2164/734/2127 2167/740/2130 753/744/742
f 752/743/741 2169/742/2132 754/745/743
f 753/744/742 755/746/744 2164/734/2127
f 756/747/745 754/745/743 2169/742/2132
f 2170/748/2133 2165/735/2128 2164/734/2127
f 2170/748/2133 2164/734/2127 755/746/744
f 2170/748/2133 2171/749/2070 2165/735/2128
f 755/746/744 759/750/748 2170/748/2133
f 2170/748/2133 2172/751/2134 2171/749/2070
f 2173/752/2135 2168/741/2131 748/739/737
f 748/739/737 762/753/751 2173/752/2135
f 762/753/751 763/754/752 2173/752/2135
f 764/755/753 2173/752/2135 763/754/752
f 2173/752/2135 2174/756/2136 2168/741/2131
f 764/755/753 2174/756/2136 2173/752/2135
f 2174/756/2136 764/755/753 767/758/756
f 2168/741/2131 2174/756/2136 2169/742/2132
f 2169/742/2132 2174/756/2136 2175/757/2137
f 767/758/756 2176/759/2138 2174/756/2136
f 2175/757/2137 2174/756/2136 2176/759/2138
f 769/760/758 2176/759/2138 767/758/756
f 2176/759/2138 769/760/758 770/761/759
f 2170/748/2133 2177/762/2139 2172/751/2134
f 2177/762/2139 2178/763/2140 2172/751/2134
f 2170/748/2133 759/750/748 2177/762/2139
f 2178/763/2140 2179/764/2141 2172/751/2134
f 2178/763/2140 2180/765/2142 2179/764/2141
f 2179/764/2141 2180/765/2142 2181/766/2143
f 2181/766/2143 2180/765/2142 776/767/765
f 776/767/765 2180/765/2142 777/768/766
f 2180/765/2142 778/769/767 777/768/766
f 2177/762/2139 759/750/748 2182/770/2144
f 2178/763/2140 2177/762/2139 2182/770/2144
f 759/750/748 780/771/769 2182/770/2144
f 2182/770/2144 780/771/769 781/772/770
f 2182/770/2144 781/772/770 782/773/771
f 2182/770/2144 782/773/771 2183/774/2145
f 2178/763/2140 2182/770/2144 2183/774/2145
f 782/773/771 784/775/773 2183/774/2145
f 785/776/774 2183/774/2145 784/775/773
f 785/776/774 2184/777/2146 2183/774/2145
f 2178/763/2140 2183/774/2145 2184/777/2146
f 785/776/774 787/778/776 2184/777/2146
f 2184/777/2146 787/778/776 788/779/777
f 2185/780/2147 778/769/767 2180/765/2142
f 2185/780/2147 790/781/779 778/769/767
f 791/782/780 790/781/779 2185/780/2147
f 2180/765/2142 2178/763/2140 2186/783/2148
f 2180/765/2142 2186/783/2148 2185/780/2147
f 2186/783/2148 791/782/780 2185/780/2147
f 2178/763/2140 2184/777/2146 2186/783/2148
f 2186/783/2148 793/784/782 791/782/780
f 2187/785/2149 2184/777/2146 788/779/777
f 2184/777/2146 2187/785/2149 2186/783/2148
f 2186/783/2148 2187/785/2149 793/784/782
f 795/786/784 2187/785/2149 788/779/777
f 793/784/782 2187/785/2149 795/786/784
f 1615/66/1588 2188/787/2150 1618/69/1591
f 2189/788/2151 2188/787/2150 1615/66/1588
f 2189/788/2151 1615/66/1588 1611/62/1584
f 2190/789/2152 2189/788/2151 1611/62/1584
f 2190/789/2152 1611/62/1584 1610/61/1583
f 2189/788/2151 2191/790/2153 2188/787/2150
f 2191/790/2153 2189/788/2151 2190/789/2152
f 2192/791/2154 2188/787/2150 2191/790/2153
f 2193/792/2155 2192/791/2154 2191/790/2153
f 2194/793/2156 2192/791/2154 2193/792/2155
f 2190/789/2152 2195/794/2157 2191/790/2153
f 2193/792/2155 2191/790/2153 2195/794/2157
f 2196/795/2158 2194/793/2156 2193/792/2155
f 2196/795/2158 2197/796/2159 2194/793/2156
f 2198/797/2160 2197/796/2159 2196/795/2158
f 2198/797/2160 2196/795/2158 2199/798/2161
f 2196/795/2158 2193/792/2155 2199/798/2161
f 2199/798/2161 2200/799/2162 2198/797/2160
f 2200/799/2162 2201/800/2163 2198/797/2160
f 2202/801/2164 2201/800/2163 2200/799/2162
f 2195/794/2157 2203/802/2165 2193/792/2155
f 2193/792/2155 2204/803/2166 2199/798/2161
f 2203/802/2165 2204/803/2166 2193/792/2155
f 2205/804/2167 2203/802/2165 2195/794/2157
f 2195/794/2157 2190/789/2152 2206/805/2168
f 2195/794/2157 2206/805/2168 2205/804/2167
f 2204/803/2166 2203/802/2165 2207/806/2169
f 2205/804/2167 2207/806/2169 2203/802/2165
f 2199/798/2161 2204/803/2166 2208/807/2170
f 2200/799/2162 2199/798/2161 2209/808/2171
f 2208/807/2170 2209/808/2171 2199/798/2161
f 2210/809/2172 2200/799/2162 2209/808/2171
f 2208/807/2170 2210/809/2172 2209/808/2171
f 2211/810/2173 2202/801/2164 2200/799/2162
f 2200/799/2162 2210/809/2172 2211/810/2173
f 2212/811/2174 2202/801/2164 2211/810/2173
f 2202/801/2164 2212/811/2174 821/812/810
f 2212/811/2174 822/813/811 821/812/810
f 822/813/811 2212/811/2174 823/814/812
f 2213/815/2175 2212/811/2174 2211/810/2173
f 2212/811/2174 2213/815/2175 823/814/812
f 2213/815/2175 2211/810/2173 2210/809/2172
f 825/816/814 823/814/812 2213/815/2175
f 2210/809/2172 2214/817/2176 2213/815/2175
f 2208/807/2170 2214/817/2176 2210/809/2172
f 825/816/814 2213/815/2175 2215/818/2177
f 2214/817/2176 2215/818/2177 2213/815/2175
f 828/819/817 825/816/814 2215/818/2177
f 828/819/817 2215/818/2177 2216/820/2178
f 2216/820/2178 830/821/819 828/819/817
f 2215/818/2177 2214/817/2176 2217/822/2179
f 2214/817/2176 2208/807/2170 2217/822/2179
f 2217/822/2179 2216/820/2178 2215/818/2177
f 830/821/819 2216/820/2178 2218/823/2180
f 2218/823/2180 833/824/822 830/821/819
f 2218/823/2180 2219/825/2181 833/824/822
f 2216/820/2178 2219/825/2181 2218/823/2180
f 2219/825/2181 2220/826/2182 833/824/822
f 833/824/822 2220/826/2182 836/827/825
f 2216/820/2178 2221/828/2183 2219/825/2181
f 2219/825/2181 2221/828/2183 2220/826/2182
f 2222/829/2184 2221/828/2183 2216/820/2178
f 2217/822/2179 2222/829/2184 2216/820/2178
f 2222/829/2184 2220/826/2182 2221/828/2183
f 2208/807/2170 2223/830/2185 2217/822/2179
f 2223/830/2185 2208/807/2170 2204/803/2166
f 2204/803/2166 2207/806/2169 2223/830/2185
f 2217/822/2179 2224/831/2186 2222/829/2184
f 2222/829/2184 2224/831/2186 2220/826/2182
f 2217/822/2179 2223/830/2185 2224/831/2186
f 2225/832/2187 836/827/825 2220/826/2182
f 2225/832/2187 2220/826/2182 2224/831/2186
f 2223/830/2185 2226/833/2188 2224/831/2186
f 2226/833/2188 2225/832/2187 2224/831/2186
f 2223/830/2185 2227/834/2189 2226/833/2188
f 2223/830/2185 2207/806/2169 2227/834/2189
f 2226/833/2188 2227/834/2189 2225/832/2187
f 2207/806/2169 2228/835/2190 2227/834/2189
f 2228/835/2190 2225/832/2187 2227/834/2189
f 2228/835/2190 2207/806/2169 2205/804/2167
f 2225/832/2187 2229/836/2191 836/827/825
f 2228/835/2190 2229/836/2191 2225/832/2187
f 2228/835/2190 2205/804/2167 2229/836/2191
f 2229/836/2191 846/837/835 836/827/825
f 25/16/25 846/837/835 2229/836/2191
f 2229/836/2191 1569/18/1542 25/16/25
f 1569/18/1542 2229/836/2191 2205/804/2167
f 2206/805/2168 1569/18/1542 2205/804/2167
f 1571/20/1544 1569/18/1542 2206/805/2168
f 1571/20/1544 2206/805/2168 2190/789/2152
f 2190/789/2152 2230/838/2192 1571/20/1544
f 2230/838/2192 1572/22/1545 1571/20/1544
f 1610/61/1583 2230/838/2192 2190/789/2152
f 1572/22/1545 2230/838/2192 2231/839/2193
f 1572/22/1545 2231/839/2193 1578/29/1551
f 2231/839/2193 1582/33/1555 1578/29/1551
f 1584/35/1557 1582/33/1555 2231/839/2193
f 2230/838/2192 1584/35/1557 2231/839/2193
f 1584/35/1557 2230/838/2192 1610/61/1583
f 1585/36/1558 1584/35/1557 1610/61/1583
f 1585/36/1558 1610/61/1583 1603/49/1576
f 850/841/839 849/840/838 2232/842/2194
f 2232/842/2194 2233/843/2195 850/841/839
f 2232/842/2194 2234/844/2196 2233/843/2195
f 2233/843/2195 2234/844/2196 2235/845/2197
f 2236/846/2198 2235/845/2197 2234/844/2196
f 2236/846/2198 2237/847/2199 2235/845/2197
f 2233/843/2195 2238/848/2200 850/841/839
f 2239/849/2201 850/841/839 2238/848/2200
f 2239/849/2201 859/850/848 850/841/839
f 860/851/849 859/850/848 2239/849/2201
f 2240/852/2202 2233/843/2195 2235/845/2197
f 2240/852/2202 2238/848/2200 2233/843/2195
f 2241/853/2154 2235/845/2197 2237/847/2199
f 2241/853/2154 2240/852/2202 2235/845/2197
f 2241/853/2154 2237/847/2199 2242/854/2203
f 2242/854/2203 2237/847/2199 2243/855/2204
f 2243/855/2204 2244/856/2205 2242/854/2203
f 2241/853/2154 2245/857/2206 2240/852/2202
f 2243/855/2204 2246/858/2207 2244/856/2205
f 2240/852/2202 2245/857/2206 2247/859/2208
f 2248/860/2209 2244/856/2205 2246/858/2207
f 2240/852/2202 2249/861/2210 2238/848/2200
f 2249/861/2210 2240/852/2202 2247/859/2208
f 2239/849/2201 2238/848/2200 2249/861/2210
f 2250/862/2211 2249/861/2210 2247/859/2208
f 2250/862/2211 2239/849/2201 2249/861/2210
f 2247/859/2208 2251/863/2212 2250/862/2211
f 2252/864/2213 2250/862/2211 2251/863/2212
f 2252/864/2213 2239/849/2201 2250/862/2211
f 2251/863/2212 2253/865/2214 2252/864/2213
f 2252/864/2213 2253/865/2214 2254/866/2215
f 2255/867/2216 2239/849/2201 2252/864/2213
f 860/851/849 2239/849/2201 2255/867/2216
f 2256/868/2217 2252/864/2213 2254/866/2215
f 2255/867/2216 2252/864/2213 2256/868/2217
f 2257/869/2218 860/851/849 2255/867/2216
f 2257/869/2218 2255/867/2216 2256/868/2217
f 2257/869/2218 879/870/866 860/851/849
f 2258/871/2219 2256/868/2217 2254/866/2215
f 2257/869/2218 2256/868/2217 2258/871/2219
f 879/870/866 2257/869/2218 2258/871/2219
f 881/872/868 2258/871/2219 2254/866/2215
f 879/870/866 2258/871/2219 881/872/868
f 883/874/870 2259/873/2220 884/875/871
f 2259/873/2220 2260/876/2221 884/875/871
f 2259/873/2220 2261/877/2222 2260/876/2221
f 884/875/871 2260/876/2221 887/878/874
f 2261/877/2222 2262/879/2223 2260/876/2221
f 2260/876/2221 2263/880/2224 887/878/874
f 2260/876/2221 2262/879/2223 2263/880/2224
f 890/881/877 887/878/874 2263/880/2224
f 2262/879/2223 2264/882/2225 2263/880/2224
f 2263/880/2224 2265/883/2226 890/881/877
f 2263/880/2224 2264/882/2225 2265/883/2226
f 893/884/880 890/881/877 2265/883/2226
f 2264/882/2225 2266/885/2227 2265/883/2226
f 2265/883/2226 2267/886/2228 893/884/880
f 896/887/883 893/884/880 2267/886/2228
f 2266/885/2227 2268/888/2229 2265/883/2226
f 2267/886/2228 2265/883/2226 2268/888/2229
f 2268/888/2229 2266/885/2227 2269/889/2230
f 2269/889/2230 2270/890/2231 2268/888/2229
f 2270/890/2231 2269/889/2230 2271/891/2232
f 2270/890/2231 2271/891/2232 2272/892/2233
f 2273/893/2234 2270/890/2231 2272/892/2233
f 2274/894/2235 2270/890/2231 2273/893/2234
f 2268/888/2229 2270/890/2231 2274/894/2235
f 2275/895/2236 2274/894/2235 2273/893/2234
f 2276/896/2237 2274/894/2235 2275/895/2236
f 2276/896/2237 2275/895/2236 906/897/893
f 907/898/894 2276/896/2237 906/897/893
f 2274/894/2235 2277/899/2238 2268/888/2229
f 2268/888/2229 2277/899/2238 2267/886/2228
f 2276/896/2237 2277/899/2238 2274/894/2235
f 2267/886/2228 2277/899/2238 2278/900/2239
f 2276/896/2237 2278/900/2239 2277/899/2238
f 896/887/883 2267/886/2228 2278/900/2239
f 2279/901/2240 2276/896/2237 907/898/894
f 907/898/894 911/902/898 2279/901/2240
f 2278/900/2239 2276/896/2237 2280/903/2241
f 2280/903/2241 2276/896/2237 2279/901/2240
f 896/887/883 2278/900/2239 2281/904/2242
f 2281/904/2242 2278/900/2239 2280/903/2241
f 914/905/901 896/887/883 2281/904/2242
f 2282/906/2243 2279/901/2240 911/902/898
f 2282/906/2243 2280/903/2241 2279/901/2240
f 911/902/898 916/907/903 2282/906/2243
f 2282/906/2243 916/907/903 917/908/904
f 2281/904/2242 2280/903/2241 2283/909/2244
f 914/905/901 2281/904/2242 2283/909/2244
f 914/905/901 2283/909/2244 917/908/904
f 2283/909/2244 2282/906/2243 917/908/904
f 2282/906/2243 2283/909/2244 2280/903/2241
f 1625/76/1598 1622/73/1595 1623/74/1596
f 1623/74/1596 2284/910/2245 1625/76/1598
f 2284/910/2245 1935/451/1905 1625/76/1598
f 2284/910/2245 1939/455/1909 1935/451/1905
f 1939/455/1909 2284/910/2245 1940/456/1910
f 1940/456/1910 2284/910/2245 2285/911/2246
f 2284/910/2245 2286/912/2247 2285/911/2246
f 2284/910/2245 1623/74/1596 2287/913/2248
f 2287/913/2248 2286/912/2247 2284/910/2245
f 2287/913/2248 1623/74/1596 1620/71/1593
f 2286/912/2247 2287/913/2248 2288/914/2249
f 2289/915/2250 2286/912/2247 2288/914/2249
f 2289/915/2250 2288/914/2249 2290/916/2251
f 1620/71/1593 2291/917/2252 2287/913/2248
f 2291/917/2252 1620/71/1593 1614/65/1587
f 2291/917/2252 1614/65/1587 1616/67/1589
f 2287/913/2248 2291/917/2252 2292/918/2253
f 2291/917/2252 1616/67/1589 2292/918/2253
f 2287/913/2248 2292/918/2253 2288/914/2249
f 2293/919/2254 2292/918/2253 1616/67/1589
f 2292/918/2253 2293/919/2254 2288/914/2249
f 2294/920/2255 2288/914/2249 2293/919/2254
f 2288/914/2249 2294/920/2255 2290/916/2251
f 2295/921/2256 2290/916/2251 2294/920/2255
f 2290/916/2251 2295/921/2256 2296/922/2257
f 2290/916/2251 2296/922/2257 2297/923/2258
f 2297/923/2258 2296/922/2257 2298/924/2259
f 2290/916/2251 2297/923/2258 2289/915/2250
f 2298/924/2259 2299/925/2260 2297/923/2258
f 2298/924/2259 2300/926/2261 2299/925/2260
f 2289/915/2250 2297/923/2258 2301/927/2262
f 2297/923/2258 2299/925/2260 2301/927/2262
f 2300/926/2261 2302/928/2263 2299/925/2260
f 2302/928/2263 2300/926/2261 2303/929/2264
f 2301/927/2262 2299/925/2260 2304/930/2265
f 2299/925/2260 2302/928/2263 2304/930/2265
f 2302/928/2263 2303/929/2264 2305/931/2266
f 2306/932/2267 2304/930/2265 2302/928/2263
f 2305/931/2266 2306/932/2267 2302/928/2263
f 2301/927/2262 2304/930/2265 2307/933/2268
f 2306/932/2267 2307/933/2268 2304/930/2265
f 2303/929/2264 2308/934/2269 2305/931/2266
f 2303/929/2264 2309/935/2270 2308/934/2269
f 2309/935/2270 2310/936/2271 2308/934/2269
f 2308/934/2269 2310/936/2271 946/937/933
f 2308/934/2269 946/937/933 947/938/934
f 2308/934/2269 947/938/934 2305/931/2266
f 947/938/934 2311/939/2272 2305/931/2266
f 2305/931/2266 2311/939/2272 2306/932/2267
f 947/938/934 949/940/936 2311/939/2272
f 2311/939/2272 949/940/936 2312/941/2273
f 949/940/936 951/942/938 2312/941/2273
f 2313/943/2274 2312/941/2273 951/942/938
f 2312/941/2273 2313/943/2274 2314/944/2275
f 951/942/938 954/945/941 2313/943/2274
f 2313/943/2274 954/945/941 955/946/942
f 2315/947/2276 2313/943/2274 955/946/942
f 2314/944/2275 2313/943/2274 2315/947/2276
f 957/948/944 2315/947/2276 955/946/942
f 957/948/944 2316/949/2277 2315/947/2276
f 2316/949/2277 957/948/944 542/533/540
f 2316/949/2277 542/533/540 2006/534/1976
f 2312/941/2273 2317/950/2278 2311/939/2272
f 2314/944/2275 2317/950/2278 2312/941/2273
f 2318/951/2279 2314/944/2275 2315/947/2276
f 2318/951/2279 2315/947/2276 2316/949/2277
f 2316/949/2277 2006/534/1976 2319/952/2280
f 2006/534/1976 2008/536/1978 2319/952/2280
f 2311/939/2272 2317/950/2278 2320/953/2281
f 2311/939/2272 2320/953/2281 2306/932/2267
f 2320/953/2281 2321/954/2282 2306/932/2267
f 2321/954/2282 2307/933/2268 2306/932/2267
f 2322/955/2283 2320/953/2281 2317/950/2278
f 2322/955/2283 2321/954/2282 2320/953/2281
f 2307/933/2268 2321/954/2282 2323/956/2284
f 2324/957/2285 2307/933/2268 2323/956/2284
f 2325/958/2286 2323/956/2284 2321/954/2282
f 2325/958/2286 2321/954/2282 2322/955/2283
f 2307/933/2268 2324/957/2285 2301/927/2262
f 2322/955/2283 2317/950/2278 2326/959/2287
f 2314/944/2275 2326/959/2287 2317/950/2278
f 2322/955/2283 2326/959/2287 2314/944/2275
f 2314/944/2275 2327/960/2288 2322/955/2283
f 2327/960/2288 2325/958/2286 2322/955/2283
f 2314/944/2275 2318/951/2279 2327/960/2288
f 2325/958/2286 2327/960/2288 2328/961/2289
f 2318/951/2279 2328/961/2289 2327/960/2288
f 2328/961/2289 2323/956/2284 2325/958/2286
f 2329/962/2290 2328/961/2289 2318/951/2279
f 2328/961/2289 2329/962/2290 2323/956/2284
f 2316/949/2277 2329/962/2290 2318/951/2279
f 2316/949/2277 2330/963/2291 2329/962/2290
f 2329/962/2290 2330/963/2291 2323/956/2284
f 2316/949/2277 2331/964/2292 2330/963/2291
f 2331/964/2292 2323/956/2284 2330/963/2291
f 2319/952/2280 2331/964/2292 2316/949/2277
f 2331/964/2292 2332/965/2293 2323/956/2284
f 2331/964/2292 2319/952/2280 2332/965/2293
f 2009/537/1979 2323/956/2284 2332/965/2293
f 2009/537/1979 2324/957/2285 2323/956/2284
f 2332/965/2293 2319/952/2280 2333/966/2294
f 2009/537/1979 2332/965/2293 2333/966/2294
f 2008/536/1978 2333/966/2294 2319/952/2280
f 2008/536/1978 2009/537/1979 2333/966/2294
f 2324/957/2285 2009/537/1979 1946/462/1916
f 2324/957/2285 1946/462/1916 2334/967/2295
f 2301/927/2262 2324/957/2285 2334/967/2295
f 2334/967/2295 1946/462/1916 1944/460/1914
f 2334/967/2295 2289/915/2250 2301/927/2262
f 2335/968/2296 2334/967/2295 1944/460/1914
f 2334/967/2295 2335/968/2296 2289/915/2250
f 1944/460/1914 1940/456/1910 2335/968/2296
f 2335/968/2296 2286/912/2247 2289/915/2250
f 1940/456/1910 2285/911/2246 2335/968/2296
f 2335/968/2296 2285/911/2246 2286/912/2247
f 979/970/966 978/969/965 2336/971/2297
f 2337/972/2298 979/970/966 2336/971/2297
f 2337/972/2298 2338/973/2299 979/970/966
f 2339/974/2300 2338/973/2299 2337/972/2298
f 2340/975/2301 979/970/966 2338/973/2299
f 2340/975/2301 985/976/972 979/970/966
f 2341/977/2302 985/976/972 2340/975/2301
f 2342/978/2303 2338/973/2299 2339/974/2300
f 2340/975/2301 2338/973/2299 2342/978/2303
f 2341/977/2302 2340/975/2301 2342/978/2303
f 2339/974/2300 2343/979/2261 2342/978/2303
f 2342/978/2303 2343/979/2261 2344/980/2304
f 2344/980/2304 2345/981/2305 2342/978/2303
f 2341/977/2302 2342/978/2303 2345/981/2305
f 2345/981/2305 2344/980/2304 2346/982/2306
f 2346/982/2306 2347/983/2307 2345/981/2305
f 2341/977/2302 2345/981/2305 2347/983/2307
f 2347/983/2307 2346/982/2306 2348/984/2308
f 2348/984/2308 2349/985/2309 2347/983/2307
f 2341/977/2302 2347/983/2307 2349/985/2309
f 2349/985/2309 2348/984/2308 2350/986/2310
f 2341/977/2302 2351/987/2311 985/976/972
f 2351/987/2311 997/988/983 985/976/972
f 998/989/984 997/988/983 2351/987/2311
f 2350/986/2310 2352/990/2312 2349/985/2309
f 2352/990/2312 2350/986/2310 2353/991/2313
f 2349/985/2309 2354/992/2314 2341/977/2302
f 2354/992/2314 2351/987/2311 2341/977/2302
f 2354/992/2314 2349/985/2309 2352/990/2312
f 2355/993/2315 998/989/984 2351/987/2311
f 2355/993/2315 2351/987/2311 2354/992/2314
f 2352/990/2312 2353/991/2313 2356/994/2316
f 2357/995/2317 2356/994/2316 2353/991/2313
f 2357/995/2317 2248/860/2209 2356/994/2316
f 2358/996/2318 2354/992/2314 2352/990/2312
f 2358/996/2318 2352/990/2312 2356/994/2316
f 2358/996/2318 2355/993/2315 2354/992/2314
f 2248/860/2209 2358/996/2318 2356/994/2316
f 2359/997/2319 998/989/984 2355/993/2315
f 2359/997/2319 2355/993/2315 2358/996/2318
f 2358/996/2318 2248/860/2209 2359/997/2319
f 998/989/984 2359/997/2319 1007/998/993
f 2359/997/2319 2248/860/2209 2246/858/2207
f 1007/998/993 2359/997/2319 2360/999/2320
f 2360/999/2320 2359/997/2319 2246/858/2207
f 2360/999/2320 2246/858/2207 2361/1000/2225
f 1010/1001/995 1007/998/993 2360/999/2320
f 2360/999/2320 2361/1000/2225 2362/1002/2321
f 1010/1001/995 2360/999/2320 2362/1002/2321
f 2363/1003/2322 2362/1002/2321 2361/1000/2225
f 1010/1001/995 2362/1002/2321 2364/1004/2323
f 2362/1002/2321 2363/1003/2322 2364/1004/2323
f 1010/1001/995 2364/1004/2323 1014/1005/999
f 2365/1006/2324 2364/1004/2323 2363/1003/2322
f 1016/1007/1001 1014/1005/999 2364/1004/2323
f 2364/1004/2323 2365/1006/2324 1016/1007/1001
f 2366/1009/2325 2367/1008/2326 2368/1010/2327
f 2368/1010/2327 2367/1008/2326 2369/1011/2328
f 2370/1012/2329 2368/1010/2327 2369/1011/2328
f 2370/1012/2329 2371/1013/2330 2368/1010/2327
f 2372/1015/2331 2373/1014/2332 2374/1016/2333
f 2374/1016/2333 2373/1014/2332 2375/1017/2334
f 2376/1018/2335 2374/1016/2333 2375/1017/2334
f 2376/1018/2335 2377/1019/2336 2374/1016/2333
f 2378/1021/2337 2379/1020/2338 2380/1022/2339
f 2379/1020/2338 2381/1023/2340 2380/1022/2339
f 2382/1024/2341 2381/1023/2340 2379/1020/2338
f 2383/1025/2342 2382/1024/2341 2379/1020/2338
f 2384/1027/2343 2385/1026/2344 2386/1028/2345
f 2385/1026/2344 2387/1029/2346 2386/1028/2345
f 2385/1026/2344 2388/1030/2347 2387/1029/2346
f 2385/1026/2344 2389/1031/2348 2388/1030/2347
f 2390/1033/2349 2391/1032/2350 2392/1034/2351
f 2391/1032/2350 2393/1035/2352 2392/1034/2351
f 2391/1032/2350 2394/1036/2353 2393/1035/2352
f 2391/1032/2350 2395/1037/2354 2394/1036/2353
f 2396/1039/2355 2397/1038/2356 2398/1040/2357
f 2398/1040/2357 2397/1038/2356 2399/1041/2358
f 2400/1042/2359 2399/1041/2358 2397/1038/2356
f 2401/1043/2360 2400/1042/2359 2397/1038/2356
f 2402/1045/2361 2403/1044/2362 2404/1046/2363
f 2403/1044/2362 2405/1047/2364 2404/1046/2363
f 2406/1048/2365 2405/1047/2364 2403/1044/2362
f 2407/1049/2366 2406/1048/2365 2403/1044/2362
f 2408/1051/2367 2409/1050/2368 2410/1052/2369
f 2409/1050/2368 2411/1053/2370 2410/1052/2369
f 2412/1054/2371 2410/1052/2369 2411/1053/2370
f 2413/1055/2367 2410/1052/2369 2412/1054/2371
f 2414/1057/2372 2415/1056/2373 2416/1058/2374
f 2415/1056/2373 2417/1059/2375 2416/1058/2374
f 2418/1060/2376 2417/1059/2375 2415/1056/2373
f 2419/1061/2377 2418/1060/2376 2415/1056/2373
f 2420/1063/2378 2421/1062/2379 2422/1064/2380
f 2423/1065/2381 2420/1063/2378 2422/1064/2380
f 2423/1065/2381 2424/1066/2382 2420/1063/2378
f 2424/1066/2382 2425/1067/2383 2420/1063/2378
f 2426/1069/2384 2427/1068/2385 2428/1070/2386
f 2426/1069/2384 2429/1071/2387 2427/1068/2385
f 2429/1071/2387 2430/1072/2388 2427/1068/2385
f 2430/1072/2388 2431/1073/2389 2427/1068/2385
f 2432/1075/2390 2433/1074/2391 2434/1076/2392
f 2432/1075/2390 2435/1077/2393 2433/1074/2391
f 2435/1077/2393 2436/1078/2394 2433/1074/2391
f 2436/1078/2394 2437/1079/2392 2433/1074/2391
f 2438/1081/2395 2439/1080/2396 2440/1082/2397
f 2439/1080/2396 2441/1083/2398 2440/1082/2397
f 2441/1083/2398 2439/1080/2396 2442/1084/2399
f 2441/1083/2398 2443/1085/2400 2440/1082/2397
f 2443/1085/2400 2441/1083/2398 2442/1084/2399
f 2444/1086/2401 2440/1082/2397 2443/1085/2400
f 2443/1085/2400 2442/1084/2399 2445/1087/2402
f 2444/1086/2401 2443/1085/2400 2445/1087/2402
f 2445/1087/2402 2442/1084/2399 2446/1088/2403
f 2445/1087/2402 2447/1089/2404 2444/1086/2401
f 2445/1087/2402 2446/1088/2403 2448/1090/2405
f 2445/1087/2402 2448/1090/2405 2447/1089/2404
f 2449/1092/2406 2450/1091/2407 2451/1093/2408
f 2452/1094/2409 2449/1092/2406 2451/1093/2408
f 2452/1094/2409 2451/1093/2408 2453/1095/2410
f 2453/1095/2410 2451/1093/2408 2454/1096/2411
f 2455/1099/2412 1107/1098/1091 1106/1097/1090
f 1106/1097/1090 2456/1100/2413 2455/1099/2412
f 2457/1102/2414 2455/1099/2412 2456/1100/2413
f 2456/1100/2413 1106/1097/1090 1110/1101/1094
f 2458/1104/2415 2457/1102/2414 2456/1100/2413
f 1110/1101/1094 2459/1103/2416 2456/1100/2413
f 2460/1105/2417 2458/1104/2415 2456/1100/2413
f 2456/1100/2413 2459/1103/2416 2460/1105/2417
f 2461/1107/2418 1115/1106/1099 1107/1098/1091
f 1107/1098/1091 2455/1099/2412 2461/1107/2418
f 2457/1102/2414 2461/1107/2418 2455/1099/2412
f 2462/1108/2419 2461/1107/2418 2457/1102/2414
f 2457/1102/2414 2463/1109/2420 2462/1108/2419
f 2462/1108/2419 2463/1109/2420 2464/1110/2421
f 2464/1110/2421 2465/1111/2422 2462/1108/2419
f 2466/1112/2423 2465/1111/2422 2464/1110/2421
f 2464/1110/2421 2467/1113/2424 2466/1112/2423
f 2468/1114/2425 2467/1113/2424 2464/1110/2421
f 2468/1114/2425 2464/1110/2421 2469/1115/2426
f 2469/1115/2426 2464/1110/2421 2463/1109/2420
f 2470/1116/2427 2468/1114/2425 2469/1115/2426
f 2457/1102/2414 2471/1117/2428 2463/1109/2420
f 2463/1109/2420 2472/1118/2429 2469/1115/2426
f 2463/1109/2420 2471/1117/2428 2472/1118/2429
f 2470/1116/2427 2469/1115/2426 2473/1119/2430
f 2473/1119/2430 2469/1115/2426 2472/1118/2429
f 2471/1117/2428 2457/1102/2414 2474/1120/2431
f 2457/1102/2414 2458/1104/2415 2474/1120/2431
f 2473/1119/2430 2475/1121/2432 2470/1116/2427
f 2475/1121/2432 2476/1122/2433 2470/1116/2427
f 2472/1118/2429 2477/1123/2434 2473/1119/2430
f 2475/1121/2432 2473/1119/2430 2477/1123/2434
f 2471/1117/2428 2478/1124/2435 2472/1118/2429
f 2478/1124/2435 2471/1117/2428 2474/1120/2431
f 2479/1125/2436 2477/1123/2434 2472/1118/2429
f 2472/1118/2429 2478/1124/2435 2479/1125/2436
f 2474/1120/2431 2458/1104/2415 2480/1126/2437
f 2481/1127/2438 2478/1124/2435 2474/1120/2431
f 2481/1127/2438 2474/1120/2431 2480/1126/2437
f 2482/1128/2439 2480/1126/2437 2458/1104/2415
f 2460/1105/2417 2482/1128/2439 2458/1104/2415
f 2483/1129/2440 2482/1128/2439 2460/1105/2417
f 2484/1130/2441 2478/1124/2435 2481/1127/2438
f 2478/1124/2435 2484/1130/2441 2479/1125/2436
f 2480/1126/2437 2485/1131/2442 2481/1127/2438
f 2485/1131/2442 2480/1126/2437 2482/1128/2439
f 2485/1131/2442 2484/1130/2441 2481/1127/2438
f 2486/1132/2443 2482/1128/2439 2483/1129/2440
f 2483/1129/2440 2487/1133/2444 2486/1132/2443
f 2482/1128/2439 2488/1134/2445 2485/1131/2442
f 2486/1132/2443 2488/1134/2445 2482/1128/2439
f 2489/1135/2446 2484/1130/2441 2485/1131/2442
f 2485/1131/2442 2488/1134/2445 2489/1135/2446
f 2479/1125/2436 2484/1130/2441 2490/1136/2447
f 2484/1130/2441 2491/1137/2448 2490/1136/2447
f 2491/1137/2448 2484/1130/2441 2489/1135/2446
f 2479/1125/2436 2490/1136/2447 2492/1138/2449
f 2489/1135/2446 2493/1139/2450 2491/1137/2448
f 2477/1123/2434 2479/1125/2436 2492/1138/2449
f 2494/1140/2451 2493/1139/2450 2489/1135/2446
f 2493/1139/2450 2494/1140/2451 2495/1141/2452
f 2489/1135/2446 2488/1134/2445 2496/1142/2453
f 2496/1142/2453 2494/1140/2451 2489/1135/2446
f 2486/1132/2443 2497/1143/2454 2488/1134/2445
f 2497/1143/2454 2496/1142/2453 2488/1134/2445
f 2492/1138/2449 2498/1144/2455 2477/1123/2434
f 2477/1123/2434 2498/1144/2455 2475/1121/2432
f 2494/1140/2451 2499/1145/2456 2495/1141/2452
f 2499/1145/2456 2500/1146/1564 2495/1141/2452
f 2499/1145/2456 2501/1147/2457 2500/1146/1564
f 2499/1145/2456 2494/1140/2451 2502/1148/2458
f 2502/1148/2458 2501/1147/2457 2499/1145/2456
f 2502/1148/2458 2494/1140/2451 2496/1142/2453
f 2501/1147/2457 2502/1148/2458 2503/1149/2459
f 2496/1142/2453 2503/1149/2459 2502/1148/2458
f 2501/1147/2457 2503/1149/2459 2504/1150/2460
f 2505/1151/2461 2503/1149/2459 2496/1142/2453
f 2496/1142/2453 2497/1143/2454 2505/1151/2461
f 2504/1150/2460 2503/1149/2459 2505/1151/2461
f 2506/1152/2462 2505/1151/2461 2497/1143/2454
f 2505/1151/2461 2506/1152/2462 2504/1150/2460
f 2497/1143/2454 2486/1132/2443 2506/1152/2462
f 2506/1152/2462 2507/1153/2463 2504/1150/2460
f 2487/1133/2444 2506/1152/2462 2486/1132/2443
f 2506/1152/2462 2487/1133/2444 2507/1153/2463
f 2508/1154/2464 2507/1153/2463 2487/1133/2444
f 2460/1105/2417 2459/1103/2416 2483/1129/2440
f 2483/1129/2440 2459/1103/2416 2487/1133/2444
f 2459/1103/2416 2509/1155/2465 2487/1133/2444
f 2509/1155/2465 2459/1103/2416 1110/1101/1094
f 1110/1101/1094 1165/1156/1149 2509/1155/2465
f 2509/1155/2465 1165/1156/1149 1166/1157/1150
f 1166/1157/1150 2510/1158/2466 2509/1155/2465
f 2487/1133/2444 2509/1155/2465 2510/1158/2466
f 2510/1158/2466 2508/1154/2464 2487/1133/2444
f 2511/1161/2467 2512/1160/2468 2513/1159/2469
f 2511/1161/2467 2513/1159/2469 2514/1162/2470
f 2511/1161/2467 2514/1162/2470 2515/1163/2471
f 2514/1162/2470 2513/1159/2469 2516/1164/2472
f 2513/1159/2469 5/1/5 2516/1164/2472
f 2517/1165/2473 2515/1163/2471 2514/1162/2470
f 2518/1166/2474 2515/1163/2471 2517/1165/2473
f 2516/1164/2472 2519/1167/2475 2514/1162/2470
f 2517/1165/2473 2514/1162/2470 2519/1167/2475
f 2516/1164/2472 5/1/5 2520/1168/2476
f 2520/1168/2476 5/1/5 4/2/4
f 2518/1166/2474 2517/1165/2473 2521/1169/2477
f 2518/1166/2474 2521/1169/2477 2522/1170/2478
f 2520/1168/2476 4/2/4 2523/1171/2479
f 2523/1171/2479 4/2/4 2524/1172/2480
f 2525/1173/2481 2523/1171/2479 2524/1172/2480
f 2526/1174/2482 2525/1173/2481 2524/1172/2480
f 2523/1171/2479 2527/1175/2483 2520/1168/2476
f 2523/1171/2479 2525/1173/2481 2527/1175/2483
f 2528/1176/2484 2516/1164/2472 2520/1168/2476
f 2520/1168/2476 2527/1175/2483 2528/1176/2484
f 2526/1174/2482 2529/1177/2485 2525/1173/2481
f 2526/1174/2482 2530/1178/2486 2529/1177/2485
f 2531/1179/2487 2527/1175/2483 2525/1173/2481
f 2525/1173/2481 2529/1177/2485 2531/1179/2487
f 1189/1180/1173 2529/1177/2485 2530/1178/2486
f 2530/1178/2486 1190/1181/1174 1189/1180/1173
f 2529/1177/2485 1189/1180/1173 1191/1182/1175
f 1191/1182/1175 2531/1179/2487 2529/1177/2485
f 2531/1179/2487 1191/1182/1175 1192/1183/1176
f 2527/1175/2483 2531/1179/2487 2532/1184/2488
f 1192/1183/1176 2532/1184/2488 2531/1179/2487
f 2532/1184/2488 2528/1176/2484 2527/1175/2483
f 2533/1185/2489 2516/1164/2472 2528/1176/2484
f 2519/1167/2475 2516/1164/2472 2533/1185/2489
f 2534/1186/2490 2532/1184/2488 1192/1183/1176
f 1192/1183/1176 1196/1187/1180 2534/1186/2490
f 2532/1184/2488 2535/1188/2491 2528/1176/2484
f 2533/1185/2489 2528/1176/2484 2535/1188/2491
f 2535/1188/2491 2532/1184/2488 2534/1186/2490
f 2536/1189/2492 2519/1167/2475 2533/1185/2489
f 2535/1188/2491 2536/1189/2492 2533/1185/2489
f 2537/1190/2493 2534/1186/2490 1196/1187/1180
f 1196/1187/1180 1200/1191/1184 2537/1190/2493
f 2534/1186/2490 2538/1192/2494 2535/1188/2491
f 2538/1192/2494 2534/1186/2490 2537/1190/2493
f 2539/1193/2495 2519/1167/2475 2536/1189/2492
f 2519/1167/2475 2539/1193/2495 2517/1165/2473
f 2536/1189/2492 2535/1188/2491 2540/1194/2496
f 2538/1192/2494 2540/1194/2496 2535/1188/2491
f 2517/1165/2473 2539/1193/2495 2541/1195/2497
f 2541/1195/2497 2521/1169/2477 2517/1165/2473
f 2536/1189/2492 2542/1196/2498 2539/1193/2495
f 2536/1189/2492 2540/1194/2496 2542/1196/2498
f 2539/1193/2495 2542/1196/2498 2541/1195/2497
f 2543/1197/2499 2540/1194/2496 2538/1192/2494
f 2543/1197/2499 2542/1196/2498 2540/1194/2496
f 2544/1198/2500 2537/1190/2493 1200/1191/1184
f 1200/1191/1184 1208/1199/1192 2544/1198/2500
f 2544/1198/2500 1208/1199/1192 1209/1200/1193
f 2538/1192/2494 2537/1190/2493 2545/1201/2501
f 2538/1192/2494 2545/1201/2501 2543/1197/2499
f 1209/1200/1193 2546/1202/2502 2544/1198/2500
f 2546/1202/2502 1209/1200/1193 1212/1203/1196
f 2544/1198/2500 2547/1204/2503 2537/1190/2493
f 2537/1190/2493 2547/1204/2503 2545/1201/2501
f 2548/1205/2504 2547/1204/2503 2544/1198/2500
f 2544/1198/2500 2546/1202/2502 2548/1205/2504
f 2545/1201/2501 2547/1204/2503 2548/1205/2504
f 2549/1206/2505 2546/1202/2502 1212/1203/1196
f 2546/1202/2502 2549/1206/2505 2548/1205/2504
f 2548/1205/2504 2550/1207/2506 2545/1201/2501
f 2550/1207/2506 2543/1197/2499 2545/1201/2501
f 2551/1208/2507 2549/1206/2505 1212/1203/1196
f 1212/1203/1196 1218/1209/1202 2551/1208/2507
f 2551/1208/2507 1218/1209/1202 1219/1210/1203
f 2552/1211/2508 2548/1205/2504 2549/1206/2505
f 2550/1207/2506 2548/1205/2504 2552/1211/2508
f 2553/1213/2509 2551/1208/2507 1219/1210/1203
f 2553/1213/2509 1219/1210/1203 1223/1214/1207
f 2549/1206/2505 2551/1208/2507 2554/1212/2510
f 2554/1212/2510 2552/1211/2508 2549/1206/2505
f 2554/1212/2510 2551/1208/2507 2553/1213/2509
f 2553/1213/2509 1223/1214/1207 2555/1215/2511
f 2555/1215/2511 1223/1214/1207 1225/1216/1209
f 2556/1217/2512 2554/1212/2510 2553/1213/2509
f 2556/1217/2512 2553/1213/2509 2555/1215/2511
f 2552/1211/2508 2554/1212/2510 2557/1218/2513
f 2556/1217/2512 2557/1218/2513 2554/1212/2510
f 2558/1219/2514 2555/1215/2511 1225/1216/1209
f 2558/1219/2514 1225/1216/1209 1229/1220/1213
f 2557/1218/2513 2559/1221/2515 2552/1211/2508
f 2552/1211/2508 2559/1221/2515 2550/1207/2506
f 2559/1221/2515 2557/1218/2513 2560/1222/2516
f 2560/1222/2516 2557/1218/2513 2556/1217/2512
f 2556/1217/2512 2555/1215/2511 2561/1223/2517
f 2561/1223/2517 2555/1215/2511 2558/1219/2514
f 2562/1224/2518 2550/1207/2506 2559/1221/2515
f 2560/1222/2516 2562/1224/2518 2559/1221/2515
f 2556/1217/2512 2563/1225/2519 2560/1222/2516
f 2563/1225/2519 2556/1217/2512 2561/1223/2517
f 2562/1224/2518 2564/1226/2520 2550/1207/2506
f 2550/1207/2506 2564/1226/2520 2543/1197/2499
f 2565/1227/2521 2562/1224/2518 2560/1222/2516
f 2565/1227/2521 2560/1222/2516 2563/1225/2519
f 2564/1226/2520 2562/1224/2518 2565/1227/2521
f 2564/1226/2520 2566/1228/2522 2543/1197/2499
f 2543/1197/2499 2566/1228/2522 2542/1196/2498
f 2565/1227/2521 2567/1229/2523 2564/1226/2520
f 2567/1229/2523 2566/1228/2522 2564/1226/2520
f 2568/1230/2524 2565/1227/2521 2563/1225/2519
f 2568/1230/2524 2567/1229/2523 2565/1227/2521
f 2568/1230/2524 2569/1231/2525 2567/1229/2523
f 2568/1230/2524 2563/1225/2519 2570/1232/2526
f 2570/1232/2526 2563/1225/2519 2561/1223/2517
f 2571/1233/2527 2542/1196/2498 2566/1228/2522
f 2571/1233/2527 2541/1195/2497 2542/1196/2498
f 2569/1231/2525 2568/1230/2524 2572/1234/2528
f 2570/1232/2526 2572/1234/2528 2568/1230/2524
f 2573/1235/2529 2541/1195/2497 2571/1233/2527
f 2541/1195/2497 2573/1235/2529 2521/1169/2477
f 2574/1236/2530 2521/1169/2477 2573/1235/2529
f 2574/1236/2530 2522/1170/2478 2521/1169/2477
f 2575/1237/2531 2522/1170/2478 2574/1236/2530
f 2574/1236/2530 2576/1238/2532 2575/1237/2531
f 2575/1237/2531 2576/1238/2532 2577/1239/2533
f 2577/1239/2533 2578/1240/2534 2575/1237/2531
f 2577/1239/2533 2579/1241/2535 2578/1240/2534
f 2580/1242/2536 2579/1241/2535 2577/1239/2533
f 2571/1233/2527 2581/1243/2537 2573/1235/2529
f 2582/1244/2538 2579/1241/2535 2580/1242/2536
f 2580/1242/2536 2583/1245/2539 2582/1244/2538
f 2582/1244/2538 2476/1122/2433 2579/1241/2535
f 2582/1244/2538 2470/1116/2427 2476/1122/2433
f 2582/1244/2538 2583/1245/2539 2584/1246/2540
f 2470/1116/2427 2582/1244/2538 2585/1247/2541
f 2584/1246/2540 2585/1247/2541 2582/1244/2538
f 2585/1247/2541 2468/1114/2425 2470/1116/2427
f 2586/1248/2542 2585/1247/2541 2584/1246/2540
f 2468/1114/2425 2585/1247/2541 2586/1248/2542
f 2586/1248/2542 2467/1113/2424 2468/1114/2425
f 2584/1246/2540 2587/1249/2543 2586/1248/2542
f 2466/1112/2423 2467/1113/2424 2586/1248/2542
f 2586/1248/2542 2587/1249/2543 2588/1250/2544
f 2588/1250/2544 2466/1112/2423 2586/1248/2542
f 2588/1250/2544 2587/1249/2543 2589/1251/2545
f 2590/1252/2546 2466/1112/2423 2588/1250/2544
f 2465/1111/2422 2466/1112/2423 2590/1252/2546
f 2589/1251/2545 2591/1253/2547 2588/1250/2544
f 2588/1250/2544 2591/1253/2547 2590/1252/2546
f 2589/1251/2545 2592/1254/2548 2591/1253/2547
f 2593/1255/2549 2592/1254/2548 2589/1251/2545
f 2591/1253/2547 2594/1256/2550 2590/1252/2546
f 2592/1254/2548 2594/1256/2550 2591/1253/2547
f 2595/1257/2551 2592/1254/2548 2593/1255/2549
f 2595/1257/2551 2593/1255/2549 2596/1258/2552
f 2592/1254/2548 2597/1259/2553 2594/1256/2550
f 2595/1257/2551 2597/1259/2553 2592/1254/2548
f 2590/1252/2546 2598/1260/2554 2465/1111/2422
f 2594/1256/2550 2599/1261/2555 2590/1252/2546
f 2590/1252/2546 2599/1261/2555 2598/1260/2554
f 2465/1111/2422 2598/1260/2554 2600/1262/2556
f 2600/1262/2556 2462/1108/2419 2465/1111/2422
f 2462/1108/2419 2600/1262/2556 2461/1107/2418
f 2597/1259/2553 2601/1263/2557 2594/1256/2550
f 2599/1261/2555 2594/1256/2550 2601/1263/2557
f 2598/1260/2554 2599/1261/2555 2602/1264/2558
f 2602/1264/2558 2600/1262/2556 2598/1260/2554
f 2600/1262/2556 2603/1265/2559 2461/1107/2418
f 2603/1265/2559 1115/1106/1099 2461/1107/2418
f 2603/1265/2559 1275/1266/1259 1115/1106/1099
f 2600/1262/2556 2604/1267/2560 2603/1265/2559
f 2603/1265/2559 2604/1267/2560 1275/1266/1259
f 2602/1264/2558 2604/1267/2560 2600/1262/2556
f 2604/1267/2560 1229/1220/1213 1275/1266/1259
f 2604/1267/2560 2558/1219/2514 1229/1220/1213
f 2602/1264/2558 2558/1219/2514 2604/1267/2560
f 2599/1261/2555 2605/1268/2561 2602/1264/2558
f 2605/1268/2561 2558/1219/2514 2602/1264/2558
f 2601/1263/2557 2605/1268/2561 2599/1261/2555
f 2561/1223/2517 2558/1219/2514 2605/1268/2561
f 2561/1223/2517 2605/1268/2561 2601/1263/2557
f 2601/1263/2557 2570/1232/2526 2561/1223/2517
f 2601/1263/2557 2597/1259/2553 2570/1232/2526
f 2572/1234/2528 2570/1232/2526 2597/1259/2553
f 2597/1259/2553 2595/1257/2551 2572/1234/2528
f 2606/1269/2562 2572/1234/2528 2595/1257/2551
f 2596/1258/2552 2606/1269/2562 2595/1257/2551
f 2572/1234/2528 2606/1269/2562 2569/1231/2525
f 2569/1231/2525 2606/1269/2562 2596/1258/2552
f 2596/1258/2552 2607/1270/2563 2569/1231/2525
f 2608/1271/2564 2569/1231/2525 2607/1270/2563
f 2608/1271/2564 2609/1272/2565 2569/1231/2525
f 2609/1272/2565 2567/1229/2523 2569/1231/2525
f 2610/1273/2566 2609/1272/2565 2608/1271/2564
f 2611/1274/2567 2567/1229/2523 2609/1272/2565
f 2567/1229/2523 2611/1274/2567 2566/1228/2522
f 2610/1273/2566 2612/1275/2568 2609/1272/2565
f 2609/1272/2565 2612/1275/2568 2611/1274/2567
f 2612/1275/2568 2610/1273/2566 2613/1276/2569
f 2613/1276/2569 2611/1274/2567 2612/1275/2568
f 2614/1277/2570 2613/1276/2569 2610/1273/2566
f 2614/1277/2570 2581/1243/2537 2613/1276/2569
f 2611/1274/2567 2615/1278/2571 2566/1228/2522
f 2611/1274/2567 2613/1276/2569 2615/1278/2571
f 2581/1243/2537 2615/1278/2571 2613/1276/2569
f 2566/1228/2522 2615/1278/2571 2571/1233/2527
f 2615/1278/2571 2581/1243/2537 2571/1233/2527
f 2513/1159/2469 2512/1160/2468 5/1/5
f 2616/1279/2572 5/1/5 2512/1160/2468
f 5/1/5 2616/1279/2572 6/3/6
f 6/3/6 2616/1279/2572 2617/1280/2573
f 2618/1281/2574 2616/1279/2572 2512/1160/2468
f 2617/1280/2573 2616/1279/2572 2619/1282/2575
f 2618/1281/2574 2619/1282/2575 2616/1279/2572
f 2620/1283/2576 2617/1280/2573 2619/1282/2575
f 2620/1283/2576 2621/1284/2577 2617/1280/2573
f 2618/1281/2574 2512/1160/2468 2622/1285/2578
f 2622/1285/2578 2512/1160/2468 2511/1161/2467
f 2618/1281/2574 2623/1286/2579 2619/1282/2575
f 2620/1283/2576 2619/1282/2575 2623/1286/2579
f 2621/1284/2577 2620/1283/2576 2624/1287/2580
f 2624/1287/2580 2625/1288/2581 2621/1284/2577
f 2626/1289/2582 2624/1287/2580 2620/1283/2576
f 2620/1283/2576 2623/1286/2579 2626/1289/2582
f 2624/1287/2580 2627/1290/2583 2625/1288/2581
f 2623/1286/2579 2618/1281/2574 2628/1291/2584
f 2628/1291/2584 2626/1289/2582 2623/1286/2579
f 2618/1281/2574 2622/1285/2578 2628/1291/2584
f 2629/1292/2585 2626/1289/2582 2628/1291/2584
f 2630/1293/2586 2622/1285/2578 2511/1161/2467
f 2630/1293/2586 2628/1291/2584 2622/1285/2578
f 2515/1163/2471 2630/1293/2586 2511/1161/2467
f 2627/1290/2583 2631/1294/2587 2625/1288/2581
f 2625/1288/2581 2631/1294/2587 2632/1295/2588
f 2633/1296/2589 2631/1294/2587 2627/1290/2583
f 2627/1290/2583 2634/1297/2078 2633/1296/2589
f 2629/1292/2585 2628/1291/2584 2635/1298/2590
f 2635/1298/2590 2628/1291/2584 2630/1293/2586
f 2636/1299/2591 2630/1293/2586 2515/1163/2471
f 2635/1298/2590 2630/1293/2586 2636/1299/2591
f 2636/1299/2591 2515/1163/2471 2518/1166/2474
f 2635/1298/2590 2637/1300/2592 2629/1292/2585
f 2638/1301/2593 2629/1292/2585 2637/1300/2592
f 2637/1300/2592 2639/1302/2594 2638/1301/2593
f 2640/1303/2595 2636/1299/2591 2518/1166/2474
f 2640/1303/2595 2518/1166/2474 2522/1170/2478
f 2636/1299/2591 2641/1304/2596 2635/1298/2590
f 2637/1300/2592 2635/1298/2590 2641/1304/2596
f 2641/1304/2596 2636/1299/2591 2640/1303/2595
f 2642/1305/2597 2639/1302/2594 2637/1300/2592
f 2643/1306/2598 2639/1302/2594 2642/1305/2597
f 2644/1307/2599 2643/1306/2598 2642/1305/2597
f 2640/1303/2595 2522/1170/2478 2645/1308/2600
f 2575/1237/2531 2645/1308/2600 2522/1170/2478
f 2641/1304/2596 2646/1309/2601 2637/1300/2592
f 2642/1305/2597 2637/1300/2592 2646/1309/2601
f 2647/1310/2602 2644/1307/2599 2642/1305/2597
f 2648/1311/2603 2644/1307/2599 2647/1310/2602
f 2649/1312/2604 2648/1311/2603 2647/1310/2602
f 2642/1305/2597 2650/1313/2605 2647/1310/2602
f 2646/1309/2601 2650/1313/2605 2642/1305/2597
f 2649/1312/2604 2647/1310/2602 2651/1314/2606
f 2651/1314/2606 2647/1310/2602 2650/1313/2605
f 2652/1315/2607 2649/1312/2604 2651/1314/2606
f 2653/1316/2608 2645/1308/2600 2575/1237/2531
f 2653/1316/2608 2575/1237/2531 2578/1240/2534
f 2654/1317/2609 2650/1313/2605 2646/1309/2601
f 2651/1314/2606 2650/1313/2605 2654/1317/2609
f 2655/1318/2610 2653/1316/2608 2578/1240/2534
f 2655/1318/2610 2578/1240/2534 2579/1241/2535
f 2655/1318/2610 2579/1241/2535 2476/1122/2433
f 2655/1318/2610 2476/1122/2433 2656/1319/2611
f 2656/1319/2611 2476/1122/2433 2475/1121/2432
f 2653/1316/2608 2655/1318/2610 2657/1320/2612
f 2657/1320/2612 2655/1318/2610 2656/1319/2611
f 2658/1321/2613 2645/1308/2600 2653/1316/2608
f 2658/1321/2613 2653/1316/2608 2657/1320/2612
f 2656/1319/2611 2475/1121/2432 2659/1322/2614
f 2659/1322/2614 2475/1121/2432 2498/1144/2455
f 2658/1321/2613 2660/1323/2615 2645/1308/2600
f 2645/1308/2600 2660/1323/2615 2640/1303/2595
f 2656/1319/2611 2661/1324/2616 2657/1320/2612
f 2656/1319/2611 2659/1322/2614 2661/1324/2616
f 2657/1320/2612 2661/1324/2616 2662/1325/2617
f 2661/1324/2616 2659/1322/2614 2662/1325/2617
f 2659/1322/2614 2498/1144/2455 2663/1326/2618
f 2663/1326/2618 2498/1144/2455 2492/1138/2449
f 2663/1326/2618 2492/1138/2449 2664/1327/2619
f 2663/1326/2618 2665/1328/2620 2659/1322/2614
f 2662/1325/2617 2659/1322/2614 2665/1328/2620
f 2665/1328/2620 2666/1329/2621 2662/1325/2617
f 2664/1327/2619 2667/1330/2622 2663/1326/2618
f 2665/1328/2620 2663/1326/2618 2667/1330/2622
f 2668/1331/2623 2667/1330/2622 2664/1327/2619
f 2667/1330/2622 2668/1331/2623 2665/1328/2620
f 2668/1331/2623 2666/1329/2621 2665/1328/2620
f 2664/1327/2619 2669/1332/2624 2668/1331/2623
f 2662/1325/2617 2670/1347/2625 2657/1320/2612
f 2657/1320/2612 2670/1347/2625 2658/1321/2613
f 2662/1325/2617 2671/1350/2626 2670/1347/2625
f 2670/1347/2625 2672/1346/2627 2658/1321/2613
f 2671/1350/2626 2672/1346/2627 2670/1347/2625
f 2671/1350/2626 2662/1325/2617 2673/1352/2628
f 2666/1329/2621 2673/1352/2628 2662/1325/2617
f 2658/1321/2613 2672/1346/2627 2674/1340/2629
f 2674/1340/2629 2660/1323/2615 2658/1321/2613
f 2675/1348/2630 2672/1346/2627 2671/1350/2626
f 2671/1350/2626 2676/1351/2631 2675/1348/2630
f 2672/1346/2627 2675/1348/2630 2677/1344/2632
f 2674/1340/2629 2672/1346/2627 2677/1344/2632
f 2675/1348/2630 2678/1349/2633 2677/1344/2632
f 2674/1340/2629 2677/1344/2632 2679/1343/2634
f 2680/1345/2635 2679/1343/2634 2677/1344/2632
f 2681/1341/2636 2674/1340/2629 2679/1343/2634
f 2674/1340/2629 2682/1338/2637 2660/1323/2615
f 2679/1343/2634 2683/1342/2638 2681/1341/2636
f 2660/1323/2615 2682/1338/2637 2684/1333/2639
f 2684/1333/2639 2640/1303/2595 2660/1323/2615
f 2684/1333/2639 2682/1338/2637 2685/1339/2640
f 2640/1303/2595 2684/1333/2639 2641/1304/2596
f 2685/1339/2640 2681/1341/2636 2686/1337/2641
f 2684/1333/2639 2685/1339/2640 2686/1337/2641
f 2686/1337/2641 2681/1341/2636 2683/1342/2638
f 2684/1333/2639 2686/1337/2641 2687/1334/2642
f 2687/1334/2642 2641/1304/2596 2684/1333/2639
f 2641/1304/2596 2687/1334/2642 2646/1309/2601
f 2646/1309/2601 2687/1334/2642 2688/1335/2643
f 2689/1336/2644 2688/1335/2643 2687/1334/2642
f 2646/1309/2601 2688/1335/2643 2654/1317/2609
f 2654/1317/2609 2688/1335/2643 2689/1336/2644
f 2689/1336/2644 2683/1342/2645 2690/1496/2646
f 2689/1336/2644 2691/1498/2647 2654/1317/2609
f 2690/1496/2646 2691/1498/2647 2689/1336/2644
f 2691/1498/2647 2690/1496/2646 2692/1497/2648
f 2693/1495/2649 2690/1496/2646 2683/1342/2645
f 2692/1497/2648 2690/1496/2646 2693/1495/2649
f 2683/1342/2645 2694/1494/2650 2693/1495/2649
f 2691/1498/2647 2695/1499/2651 2654/1317/2609
f 2651/1314/2606 2654/1317/2609 2695/1499/2651
f 2696/1500/2652 2691/1498/2647 2692/1497/2648
f 2695/1499/2651 2691/1498/2647 2696/1500/2652
f 2697/1501/2653 2651/1314/2606 2695/1499/2651
f 2697/1501/2653 2652/1315/2607 2651/1314/2606
f 2693/1495/2649 2694/1494/2650 2698/1493/2654
f 2680/1345/2655 2698/1493/2654 2694/1494/2650
f 2699/1502/2656 2695/1499/2651 2696/1500/2652
f 2695/1499/2651 2699/1502/2656 2697/1501/2653
f 2652/1315/2607 2697/1501/2653 2700/1503/2657
f 2700/1503/2657 2701/1504/2658 2652/1315/2607
f 2702/1505/2659 2701/1504/2658 2700/1503/2657
f 2700/1503/2657 2703/1506/2660 2702/1505/2659
f 2704/1507/2661 2697/1501/2653 2699/1502/2656
f 2704/1507/2661 2700/1503/2657 2697/1501/2653
f 2705/1508/2662 2703/1506/2660 2700/1503/2657
f 2705/1508/2662 2700/1503/2657 2704/1507/2661
f 2703/1506/2660 2705/1508/2662 2706/1509/2663
f 2696/1500/2652 2707/1510/2664 2699/1502/2656
f 2704/1507/2661 2699/1502/2656 2707/1510/2664
f 2708/1511/2665 2706/1509/2663 2705/1508/2662
f 2706/1509/2663 2708/1511/2665 2709/1512/1880
f 2709/1512/1880 2708/1511/2665 2710/1513/1881
f 2710/1513/1881 2708/1511/2665 2711/1514/1882
f 2705/1508/2662 2711/1514/1882 2708/1511/2665
f 2711/1514/1882 2705/1508/2662 2704/1507/2661
f 2711/1514/1882 2704/1507/2661 2712/1515/2666
f 2707/1510/2664 2712/1515/2666 2704/1507/2661
f 2713/1516/2667 2707/1510/2664 2696/1500/2652
f 2713/1516/2667 2696/1500/2652 2692/1497/2648
f 2714/1517/2668 2713/1516/2667 2692/1497/2648
f 2714/1517/2668 2692/1497/2648 2715/1518/2669
f 2715/1518/2669 2692/1497/2648 2716/1519/2670
f 2717/1520/2671 2707/1510/2664 2713/1516/2667
f 2692/1497/2648 2693/1495/2649 2716/1519/2670
f 2707/1510/2664 2718/1521/2672 2712/1515/2666
f 2718/1521/2672 2707/1510/2664 2717/1520/2671
f 2712/1515/2666 2718/1521/2672 2719/1522/1885
f 2717/1520/2671 2720/1523/2673 2718/1521/2672
f 2719/1522/1885 2718/1521/2672 2720/1523/2673
f 2716/1519/2670 2693/1495/2649 2721/1524/2674
f 2698/1493/2654 2721/1524/2674 2693/1495/2649
f 2722/1525/2675 2716/1519/2670 2721/1524/2674
f 2723/1526/2676 2721/1524/2674 2698/1493/2654
f 2698/1493/2654 2724/1527/2677 2723/1526/2676
f 2721/1524/2674 2725/1528/2678 2722/1525/2675
f 2725/1528/2678 2721/1524/2674 2723/1526/2676
f 2724/1527/2677 2726/1356/2679 2723/1526/2676
f 2724/1527/2677 2678/1349/1703 2726/1356/2679
f 2727/1529/2680 2722/1525/2675 2725/1528/2678
f 2722/1525/2675 2727/1529/2680 2728/1530/2681
f 2728/1530/2681 2727/1529/2680 2729/1531/1729
f 2730/1532/2682 2729/1531/1729 2727/1529/2680
f 2723/1526/2676 2731/1362/2683 2725/1528/2678
f 2723/1526/2676 2726/1356/2679 2731/1362/2683
f 2727/1529/2680 2725/1528/2678 2732/1533/2684
f 2732/1533/2684 2730/1532/2682 2727/1529/2680
f 2731/1362/2683 2732/1533/2684 2725/1528/2678
f 2732/1533/2684 2733/1534/2685 2730/1532/2682
f 2734/1535/2686 2730/1532/2682 2733/1534/2685
f 2733/1534/2685 2735/1539/2687 2734/1535/2686
f 2735/1539/2687 2736/1540/1734 2734/1535/2686
f 2736/1540/1734 2735/1539/2687 2737/1541/2688
f 2738/1542/2689 2735/1539/2687 2733/1534/2685
f 2738/1542/2689 2737/1541/2688 2735/1539/2687
f 2739/1536/2690 2733/1534/2685 2732/1533/2684
f 2733/1534/2685 2740/1537/2691 2738/1542/2689
f 2740/1537/2691 2733/1534/2685 2739/1536/2690
f 2738/1542/2689 2741/1543/2692 2737/1541/2688
f 2738/1542/2689 2740/1537/2691 2741/1543/2692
f 2739/1536/2690 2732/1533/2684 2742/1368/2693
f 2731/1362/2683 2742/1368/2693 2732/1533/2684
f 2739/1536/2690 2743/1370/2694 2740/1537/2691
f 2743/1370/2694 2739/1536/2690 2742/1368/2693
f 2743/1370/2694 2744/1538/2695 2740/1537/2691
f 2741/1543/2692 2740/1537/2691 2744/1538/2695
f 2742/1368/2693 2745/1369/1748 2743/1370/2694
f 2744/1538/2695 2746/1544/2696 2741/1543/2692
f 2745/1369/1748 2742/1368/2693 2747/1366/2697
f 2748/1545/2698 2741/1543/2692 2746/1544/2696
f 2737/1541/2688 2741/1543/2692 2749/1546/2699
f 2748/1545/2698 2749/1546/2699 2741/1543/2692
f 2749/1546/2699 2750/1547/2700 2737/1541/2688
f 2751/1548/1743 2749/1546/2699 2748/1545/2698
f 2751/1548/1743 2750/1547/2700 2749/1546/2699
f 2742/1368/2693 2752/1363/2701 2747/1366/2697
f 2731/1362/2683 2752/1363/2701 2742/1368/2693
f 2747/1366/2697 2752/1363/2701 2753/1365/2702
f 2731/1362/2683 2754/1359/2703 2752/1363/2701
f 2731/1362/2683 2726/1356/2679 2754/1359/2703
f 2755/1361/2704 2753/1365/2702 2752/1363/2701
f 2755/1361/2704 2752/1363/2701 2754/1359/2703
f 2756/1364/2705 2753/1365/2702 2755/1361/2704
f 2757/1358/2706 2756/1364/2705 2755/1361/2704
f 2757/1358/2706 2758/1367/2707 2756/1364/2705
f 2759/1355/2708 2754/1359/2703 2726/1356/2679
f 2726/1356/2679 2676/1351/2631 2759/1355/2708
f 2759/1355/2708 2676/1351/2631 2760/1354/2709
f 2754/1359/2703 2761/1357/2710 2755/1361/2704
f 2759/1355/2708 2761/1357/2710 2754/1359/2703
f 2761/1357/2710 2759/1355/2708 2760/1354/2709
f 2757/1358/2706 2755/1361/2704 2761/1357/2710
f 2760/1354/2709 2762/1353/2711 2761/1357/2710
f 2761/1357/2710 2762/1353/2711 2757/1358/2706
f 2760/1354/2709 2673/1352/2628 2762/1353/2711
f 2762/1353/2711 2673/1352/2628 2666/1329/2621
f 2758/1367/2707 2757/1358/2706 2763/1371/2712
f 2758/1367/2707 2763/1371/2712 2764/1372/2713
f 2757/1358/2706 2762/1353/2711 2765/1360/2714
f 2666/1329/2621 2765/1360/2714 2762/1353/2711
f 2764/1372/2713 2763/1371/2712 2766/1374/2715
f 2764/1372/2713 2766/1374/2715 2767/1375/1763
f 2768/1376/1764 2767/1375/1763 2766/1374/2715
f 2768/1376/1764 2766/1374/2715 2769/1377/2716
f 2769/1377/2716 2766/1374/2715 2763/1371/2712
f 2769/1377/2716 2770/1378/2717 2768/1376/1764
f 2769/1377/2716 2771/1379/2718 2770/1378/2717
f 2772/1380/1771 2771/1379/2718 2769/1377/2716
f 2757/1358/2706 2773/1373/2719 2763/1371/2712
f 2763/1371/2712 2773/1373/2719 2769/1377/2716
f 2769/1377/2716 2773/1373/2719 2772/1380/1771
f 2765/1360/2714 2773/1373/2719 2757/1358/2706
f 2774/1381/2720 2772/1380/1771 2773/1373/2719
f 2765/1360/2714 2775/1382/2721 2773/1373/2719
f 2773/1373/2719 2775/1382/2721 2774/1381/2720
f 2666/1329/2621 2776/1383/2722 2765/1360/2714
f 2775/1382/2721 2765/1360/2714 2776/1383/2722
f 2666/1329/2621 2777/1384/2723 2776/1383/2722
f 2668/1331/2623 2777/1384/2723 2666/1329/2621
f 2775/1382/2721 2776/1383/2722 2778/1385/2724
f 2776/1383/2722 2777/1384/2723 2778/1385/2724
f 2668/1331/2623 2779/1386/2725 2777/1384/2723
f 2669/1332/2624 2779/1386/2725 2668/1331/2623
f 2778/1385/2724 2777/1384/2723 2780/1387/2726
f 2775/1382/2721 2778/1385/2724 2780/1387/2726
f 2777/1384/2723 2779/1386/2725 2780/1387/2726
f 2781/1388/2727 2774/1381/2720 2775/1382/2721
f 2781/1388/2727 2775/1382/2721 2780/1387/2726
f 2669/1332/2624 2782/1389/2728 2779/1386/2725
f 2780/1387/2726 2779/1386/2725 2782/1389/2728
f 2781/1388/2727 2783/1390/2729 2774/1381/2720
f 2781/1388/2727 2784/1391/2730 2783/1390/2729
f 2783/1390/2729 2785/1392/2731 2774/1381/2720
f 2785/1392/2731 2783/1390/2729 2786/1393/2732
f 2786/1393/2732 2783/1390/2729 2784/1391/2730
f 2785/1392/2731 2786/1393/2732 1403/1394/1383
f 1403/1394/1383 2786/1393/2732 2787/1395/2733
f 2788/1396/2734 2787/1395/2733 2786/1393/2732
f 2787/1395/2733 1406/1397/1386 1403/1394/1383
f 1406/1397/1386 2787/1395/2733 1407/1398/1387
f 2780/1387/2726 2789/1399/2735 2781/1388/2727
f 2782/1389/2728 2789/1399/2735 2780/1387/2726
f 2790/1400/2736 2781/1388/2727 2789/1399/2735
f 2784/1391/2730 2781/1388/2727 2790/1400/2736
f 2786/1393/2732 2791/1401/2737 2788/1396/2734
f 2784/1391/2730 2791/1401/2737 2786/1393/2732
f 2787/1395/2733 2792/1402/2738 1407/1398/1387
f 2792/1402/2738 1412/1403/1392 1407/1398/1387
f 1412/1403/1392 2792/1402/2738 2793/1404/2739
f 2787/1395/2733 2793/1404/2739 2792/1402/2738
f 1414/1405/1394 1412/1403/1392 2793/1404/2739
f 2787/1395/2733 2794/1406/2740 2793/1404/2739
f 1414/1405/1394 2793/1404/2739 2794/1406/2740
f 2788/1396/2734 2794/1406/2740 2787/1395/2733
f 2794/1406/2740 1416/1407/1396 1414/1405/1394
f 1416/1407/1396 2794/1406/2740 2795/1408/2741
f 2788/1396/2734 2795/1408/2741 2794/1406/2740
f 1418/1409/1398 1416/1407/1396 2795/1408/2741
f 1418/1409/1398 2795/1408/2741 1419/1410/1399
f 2788/1396/2734 1419/1410/1399 2795/1408/2741
f 1419/1410/1399 2788/1396/2734 1420/1411/1400
f 1421/1412/1401 1420/1411/1400 2788/1396/2734
f 2788/1396/2734 2791/1401/2737 1421/1412/1401
f 1421/1412/1401 2791/1401/2737 1422/1413/1402
f 2791/1401/2737 2796/1414/2742 1422/1413/1402
f 2784/1391/2730 2796/1414/2742 2791/1401/2737
f 1422/1413/1402 2796/1414/2742 2797/1415/2743
f 2784/1391/2730 2798/1416/2744 2796/1414/2742
f 2797/1415/2743 2796/1414/2742 2798/1416/2744
f 2784/1391/2730 2799/1417/2745 2798/1416/2744
f 2799/1417/2745 2784/1391/2730 2790/1400/2736
f 2797/1415/2743 2800/1418/2746 1422/1413/1402
f 1422/1413/1402 2800/1418/2746 1428/1419/1408
f 1428/1419/1408 2800/1418/2746 1429/1420/1409
f 2801/1421/2747 2797/1415/2743 2798/1416/2744
f 2801/1421/2747 2798/1416/2744 2799/1417/2745
f 2800/1418/2746 2802/1422/2748 1429/1420/1409
f 2802/1422/2748 1432/1423/1412 1429/1420/1409
f 1433/1424/1413 1432/1423/1412 2802/1422/2748
f 2802/1422/2748 1434/1425/1414 1433/1424/1413
f 1434/1425/1414 2802/1422/2748 2800/1418/2746
f 2800/1418/2746 1435/1426/1415 1434/1425/1414
f 1435/1426/1415 2800/1418/2746 2797/1415/2743
f 2797/1415/2743 1436/1427/1416 1435/1426/1415
f 2797/1415/2743 2801/1421/2747 1436/1427/1416
f 2801/1421/2747 1437/1428/1417 1436/1427/1416
f 1437/1428/1417 2801/1421/2747 2803/1429/2749
f 1437/1428/1417 2803/1429/2749 1439/1430/1419
f 2799/1417/2745 2804/1431/2750 2801/1421/2747
f 2804/1431/2750 2803/1429/2749 2801/1421/2747
f 2804/1431/2750 2799/1417/2745 2805/1432/2751
f 2799/1417/2745 2806/1433/2752 2805/1432/2751
f 2790/1400/2736 2806/1433/2752 2799/1417/2745
f 2803/1429/2749 2807/1434/2753 1439/1430/1419
f 1439/1430/1419 2807/1434/2753 1444/1435/1424
f 2807/1434/2753 2808/1436/2754 1444/1435/1424
f 1444/1435/1424 2808/1436/2754 1446/1437/1426
f 1447/1438/1427 1446/1437/1426 2808/1436/2754
f 2809/1439/2755 2808/1436/2754 2807/1434/2753
f 1447/1438/1427 2808/1436/2754 2809/1439/2755
f 2809/1439/2755 2807/1434/2753 2803/1429/2749
f 2809/1439/2755 1449/1440/1429 1447/1438/1427
f 2803/1429/2749 2810/1441/2756 2809/1439/2755
f 1449/1440/1429 2809/1439/2755 2810/1441/2756
f 2804/1431/2750 2810/1441/2756 2803/1429/2749
f 2810/1441/2756 1451/1442/1431 1449/1440/1429
f 1451/1442/1431 2810/1441/2756 1452/1443/1432
f 2811/1444/2757 2810/1441/2756 2804/1431/2750
f 2811/1444/2757 1452/1443/1432 2810/1441/2756
f 2805/1432/2751 2811/1444/2757 2804/1431/2750
f 2811/1444/2757 2812/1445/2758 1452/1443/1432
f 2805/1432/2751 2812/1445/2758 2811/1444/2757
f 2813/1446/2759 2812/1445/2758 2805/1432/2751
f 1452/1443/1432 2812/1445/2758 1456/1447/1436
f 2813/1446/2759 1456/1447/1436 2812/1445/2758
f 1457/1448/1437 1456/1447/1436 2813/1446/2759
f 2813/1446/2759 1458/1449/1438 1457/1448/1437
f 2814/1450/2760 1458/1449/1438 2813/1446/2759
f 2814/1450/2760 1460/1451/1440 1458/1449/1438
f 1461/1452/1441 1460/1451/1440 2814/1450/2760
f 2815/1453/2761 1461/1452/1441 2814/1450/2760
f 1463/1454/1443 1461/1452/1441 2815/1453/2761
f 1463/1454/1443 2815/1453/2761 1464/1455/1444
f 2813/1446/2759 2816/1456/2762 2814/1450/2760
f 2814/1450/2760 2816/1456/2762 2815/1453/2761
f 2815/1453/2761 2816/1456/2762 2817/1457/2763
f 1464/1455/1444 2815/1453/2761 2818/1458/2764
f 2817/1457/2763 2818/1458/2764 2815/1453/2761
f 2818/1458/2764 1468/1459/1448 1464/1455/1444
f 1468/1459/1448 2818/1458/2764 2819/1460/2765
f 2819/1460/2765 2818/1458/2764 2817/1457/2763
f 1470/1461/1450 1468/1459/1448 2819/1460/2765
f 1471/1462/501 1470/1461/1450 2819/1460/2765
f 2819/1460/2765 2820/1463/2766 1471/1462/501
f 2817/1457/2763 2820/1463/2766 2819/1460/2765
f 2821/1464/2767 2820/1463/2766 2817/1457/2763
f 2816/1456/2762 2813/1446/2759 2822/1465/2768
f 2805/1432/2751 2822/1465/2768 2813/1446/2759
f 2816/1456/2762 2823/1466/2769 2817/1457/2763
f 2823/1466/2769 2816/1456/2762 2822/1465/2768
f 2821/1464/2767 2817/1457/2763 2824/1467/2770
f 2824/1467/2770 2817/1457/2763 2823/1466/2769
f 2821/1464/2767 2824/1467/2770 2825/1468/2771
f 2824/1467/2770 2823/1466/2769 2825/1468/2771
f 2825/1468/2771 2826/1469/2772 2821/1464/2767
f 2826/1469/2772 2825/1468/2771 2827/1470/2773
f 2828/1471/2774 2822/1465/2768 2805/1432/2751
f 2823/1466/2769 2822/1465/2768 2828/1471/2774
f 2825/1468/2771 2823/1466/2769 2829/1472/2775
f 2823/1466/2769 2828/1471/2774 2829/1472/2775
f 2825/1468/2771 2830/1473/2776 2827/1470/2773
f 2825/1468/2771 2829/1472/2775 2830/1473/2776
f 2827/1470/2773 2830/1473/2776 2831/1474/2777
f 2831/1474/2777 2832/1475/2778 2827/1470/2773
f 2833/1476/2779 2831/1474/2777 2830/1473/2776
f 2830/1473/2776 2829/1472/2775 2833/1476/2779
f 2805/1432/2751 2834/1477/2780 2828/1471/2774
f 2834/1477/2780 2805/1432/2751 2806/1433/2752
f 2833/1476/2779 2829/1472/2775 2835/1478/2781
f 2836/1479/2782 2833/1476/2779 2835/1478/2781
f 2835/1478/2781 2837/1480/2783 2836/1479/2782
f 2838/1481/2784 2829/1472/2775 2828/1471/2774
f 2828/1471/2774 2834/1477/2780 2838/1481/2784
f 2838/1481/2784 2835/1478/2781 2829/1472/2775
f 2839/1482/2785 2837/1480/2783 2835/1478/2781
f 2835/1478/2781 2838/1481/2784 2839/1482/2785
f 2837/1480/2783 2839/1482/2785 2840/1483/2786
f 2669/1332/2624 2840/1483/2786 2839/1482/2785
f 2839/1482/2785 2782/1389/2728 2669/1332/2624
f 2841/1484/2787 2838/1481/2784 2834/1477/2780
f 2841/1484/2787 2839/1482/2785 2838/1481/2784
f 2834/1477/2780 2806/1433/2752 2841/1484/2787
f 2782/1389/2728 2839/1482/2785 2841/1484/2787
f 2842/1485/2788 2841/1484/2787 2806/1433/2752
f 2841/1484/2787 2842/1485/2788 2782/1389/2728
f 2806/1433/2752 2790/1400/2736 2842/1485/2788
f 2782/1389/2728 2842/1485/2788 2789/1399/2735
f 2790/1400/2736 2789/1399/2735 2842/1485/2788
f 2843/1486/2789 2836/1479/2782 2837/1480/2783
f 2844/1487/2790 2843/1486/2789 2837/1480/2783
f 2844/1487/2790 2837/1480/2783 2840/1483/2786
f 2840/1483/2786 2845/1488/2791 2844/1487/2790
f 2845/1488/2791 2840/1483/2786 2669/1332/2624
f 2669/1332/2624 2664/1327/2619 2845/1488/2791
f 2831/1474/2777 2846/1489/2792 2832/1475/2778
f 2847/1490/2793 2846/1489/2792 2831/1474/2777
f 2847/1490/2793 2831/1474/2777 2833/1476/2779
f 2847/1490/2793 2848/1491/2794 2846/1489/2792
f 2833/1476/2779 2836/1479/2782 2847/1490/2793
f 2849/1492/2795 2848/1491/2794 2847/1490/2793
f 2849/1492/2795 2847/1490/2793 2836/1479/2782
f 2500/1146/1564 2848/1491/2794 2849/1492/2795
f 2836/1479/2782 2843/1486/2789 2849/1492/2795
f 2849/1492/2795 2495/1141/2452 2500/1146/1564
f 2843/1486/2789 2493/1139/2450 2849/1492/2795
f 2493/1139/2450 2495/1141/2452 2849/1492/2795
f 2664/1327/2619 2492/1138/2449 2490/1136/2447
f 2664/1327/2619 2490/1136/2447 2845/1488/2791
f 2844/1487/2790 2845/1488/2791 2490/1136/2447
f 2490/1136/2447 2491/1137/2448 2844/1487/2790
f 2491/1137/2448 2493/1139/2450 2844/1487/2790
f 2844/1487/2790 2493/1139/2450 2843/1486/2789
f 2850/1551/2796 2851/1550/2797 2852/1549/2798
f 2852/1549/2798 2853/1552/2799 2850/1551/2796
f 2852/1549/2798 2854/1553/2800 2853/1552/2799
f 2855/1554/2801 2853/1552/2799 2854/1553/2800
f 2853/1552/2799 2856/1555/2802 2850/1551/2796
f 2856/1555/2802 2853/1552/2799 2855/1554/2801
f 2856/1555/2802 2857/1556/2803 2850/1551/2796
f 2855/1554/2801 2858/1557/2804 2856/1555/2802
f 2856/1555/2802 2859/1558/2805 2857/1556/2803
f 2860/1559/2806 2856/1555/2802 2858/1557/2804
f 2860/1559/2806 2859/1558/2805 2856/1555/2802
f 2861/1560/2807 2862/1561/2808 2863/1562/2809
f 2864/1563/2810 2863/1562/2809 2862/1561/2808
f 2865/1564/2811 2863/1562/2809 2864/1563/2810
f 2864/1563/2810 2862/1561/2808 2866/1565/2812
f 2866/1565/2812 2867/1566/2813 2864/1563/2810
f 2866/1565/2812 2868/1567/2814 2867/1566/2813
f 2868/1567/2814 2869/1568/2815 2867/1566/2813
f 2868/1567/2814 2870/1569/2816 2869/1568/2815
f 2870/1569/2816 2871/1570/2817 2869/1568/2815
f 2872/1571/2818 2871/1570/2817 2870/1569/2816
f 2872/1571/2818 2873/1572/2819 2871/1570/2817
f 2874/1573/2820 2873/1572/2819 2872/1571/2818
f 2874/1573/2820 2875/1574/2821 2873/1572/2819
f 2876/1575/2822 2877/1576/2823 2878/1577/2824
f 2878/1577/2824 2879/1578/2825 2876/1575/2822
f 2879/1578/2825 2878/1577/2824 2880/1579/2826
f 2879/1578/2825 2880/1579/2826 2881/1580/2827
f 2876/1575/2822 2879/1578/2825 2882/1581/2828
f 2883/1582/2829 2876/1575/2822 2882/1581/2828
f 2882/1581/2828 2879/1578/2825 2884/1583/2830
f 2881/1580/2827 2885/1584/2831 2879/1578/2825
f 2881/1580/2827 2865/1564/2811 2885/1584/2831
f 2865/1564/2811 2864/1563/2810 2885/1584/2831
f 2864/1563/2810 2867/1566/2813 2885/1584/2831
f 2884/1583/2830 2879/1578/2825 2886/1585/2832
f 2886/1585/2832 2879/1578/2825 2885/1584/2831
f 2885/1584/2831 2867/1566/2813 2886/1585/2832
f 2887/1586/2833 2884/1583/2830 2886/1585/2832
f 2886/1585/2832 2867/1566/2813 2888/1587/2834
f 2867/1566/2813 2889/1588/2835 2888/1587/2834
f 2867/1566/2813 2869/1568/2815 2889/1588/2835
f 2889/1588/2835 2869/1568/2815 2890/1589/2836
f 2869/1568/2815 2871/1570/2817 2890/1589/2836
f 2890/1589/2836 2871/1570/2817 2873/1572/2819
f 2890/1589/2836 2873/1572/2819 2891/1590/2837
f 2873/1572/2819 2875/1574/2821 2891/1590/2837
f 2891/1590/2837 2875/1574/2821 2892/1591/2838
f 2893/1592/2839 2886/1585/2832 2888/1587/2834
f 2886/1585/2832 2893/1592/2839 2887/1586/2833
f 2888/1587/2834 2889/1588/2835 2894/1593/2840
f 2887/1586/2833 2893/1592/2839 2895/1594/2841
f 2893/1592/2839 2896/1595/2842 2895/1594/2841
f 2896/1595/2842 2894/1593/2843 2897/1596/2844
f 2895/1594/2841 2896/1595/2842 2897/1596/2844
f 2898/1597/2845 2894/1593/2840 2889/1588/2835
f 2894/1593/2843 2899/1598/2846 2897/1596/2844
f 2897/1596/2844 2899/1598/2846 2900/1599/2847
f 2899/1598/2846 2901/1600/2848 2900/1599/2847
f 2902/1601/2849 2898/1597/2845 2889/1588/2835
f 2901/1600/2850 2898/1597/2845 2902/1601/2849
f 2902/1601/2849 2889/1588/2835 2890/1589/2836
f 2890/1589/2836 2903/1602/2851 2902/1601/2849
f 2900/1599/2847 2901/1600/2848 2904/1603/2852
f 2904/1603/2852 2905/1604/2853 2900/1599/2847
f 2904/1603/2852 2906/1605/2854 2905/1604/2853
f 2890/1589/2836 2907/1606/2855 2903/1602/2851
f 2903/1602/2851 2907/1606/2855 2908/1607/2856
f 2905/1604/2853 2906/1605/2854 2909/1608/2857
f 2906/1605/2854 2910/1609/2858 2909/1608/2857
f 2891/1590/2837 2910/1609/2858 2890/1589/2836
f 2909/1608/2857 2910/1609/2858 2911/1610/2859
f 2891/1590/2837 2911/1610/2859 2910/1609/2858
f 2911/1610/2859 2891/1590/2837 2912/1611/2860
f 2913/1612/2861 2911/1610/2859 2912/1611/2860
f 2912/1611/2860 2891/1590/2837 2914/1613/2862
f 2891/1590/2837 2892/1591/2838 2914/1613/2862
f 2915/1614/2863 2913/1612/2861 2912/1611/2860
f 2892/1591/2838 2916/1615/2864 2914/1613/2862
f 2914/1613/2862 2916/1615/2864 2917/1616/2865
f 2918/1617/2866 2916/1615/2864 2892/1591/2838
f 2916/1615/2864 2918/1617/2866 2919/1618/2867
f 2919/1618/2867 2918/1617/2866 2920/1619/2868
f 2921/1620/2869 2909/1608/2857 2913/1612/2861
f 2915/1614/2863 2921/1620/2869 2913/1612/2861
f 2919/1618/2867 2920/1619/2868 2922/1621/2870
f 2920/1619/2868 2923/1622/2871 2922/1621/2870
f 2922/1621/2870 2924/1623/2872 2919/1618/2867
f 2919/1618/2867 2925/1624/2873 2917/1616/2874
f 2924/1623/2872 2925/1624/2873 2919/1618/2867
f 2925/1624/2873 2926/1625/2875 2917/1616/2874
f 2926/1625/2875 2927/1626/2876 2915/1614/2863
f 2927/1626/2876 2926/1625/2875 2925/1624/2873
f 2927/1626/2876 2921/1620/2869 2915/1614/2863
f 2925/1624/2873 2924/1623/2872 2928/1627/2877
f 2924/1623/2872 2929/1628/2878 2928/1627/2877
f 2929/1628/2878 2921/1620/2869 2928/1627/2877
f 2930/1629/2879 2909/1608/2857 2921/1620/2869
f 2921/1620/2869 2929/1628/2878 2930/1629/2879
f 2930/1629/2879 2929/1628/2878 2931/1630/2880
f 2932/1631/2881 2930/1629/2879 2931/1630/2880
f 2905/1604/2853 2909/1608/2857 2930/1629/2879
f 2930/1629/2879 2932/1631/2881 2905/1604/2853
f 2905/1604/2853 2932/1631/2881 2933/1632/2882
f 2933/1632/2882 2934/1633/2883 2905/1604/2853
f 2934/1633/2883 2900/1599/2847 2905/1604/2853
f 2900/1599/2847 2934/1633/2883 2935/1634/2884
f 2936/1635/2885 2900/1599/2847 2935/1634/2884
f 2936/1635/2885 2897/1596/2844 2900/1599/2847
f 2937/1636/2886 2897/1596/2844 2936/1635/2885
f 2936/1635/2885 2938/1637/2887 2937/1636/2886
f 2937/1636/2886 2938/1637/2887 2939/1638/2888
f 2940/1639/2889 2937/1636/2886 2939/1638/2888
f 2940/1639/2889 2941/1640/2890 2937/1636/2886
f 2942/1641/2891 2937/1636/2886 2941/1640/2890
f 2937/1636/2886 2942/1641/2891 2897/1596/2844
f 2943/1642/2892 2897/1596/2844 2942/1641/2891
f 2943/1642/2892 2942/1641/2891 2944/1643/2893
f 2895/1594/2841 2897/1596/2844 2943/1642/2892
f 2944/1643/2893 2945/1644/2894 2943/1642/2892
f 2943/1642/2892 2945/1644/2894 2895/1594/2841
f 2887/1586/2833 2895/1594/2841 2945/1644/2894
f 2887/1586/2833 2945/1644/2894 2946/1645/2895
f 2947/1646/2896 2887/1586/2833 2946/1645/2895
f 2946/1645/2895 2948/1647/2897 2947/1646/2896
f 2883/1582/2898 2947/1646/2896 2948/1647/2897
f 2946/1645/2895 2945/1644/2894 2949/1648/2899
f 2946/1645/2895 2949/1648/2899 2948/1647/2897
f 2949/1648/2899 2945/1644/2894 2950/1649/2900
f 2949/1648/2899 2950/1649/2900 2951/1650/2901
f 2948/1647/2897 2949/1648/2899 2951/1650/2901
f 2951/1650/2901 2952/1651/2902 2948/1647/2897
f 2953/1652/2903 2948/1647/2897 2952/1651/2902
f 2883/1582/2898 2948/1647/2897 2954/1653/2904
f 2954/1653/2904 2948/1647/2897 2953/1652/2903
f 2954/1653/2904 2955/1654/2905 2883/1582/2898
f 2954/1653/2904 2956/1655/2906 2955/1654/2905
f 2956/1655/2906 2954/1653/2904 2953/1652/2903
f 2957/1656/2907 2956/1655/2906 2953/1652/2903
f 2957/1656/2907 2958/1657/2908 2956/1655/2906
f 2959/1658/2909 2960/1659/2910 2961/1660/2911
f 2960/1659/2910 2959/1658/2909 2962/1661/2843
f 2963/1662/2830 2964/1663/2912 2965/1664/2913
f 2963/1662/2830 2966/1665/2914 2964/1663/2912
f 2967/1666/2915 2968/1667/2916 2969/1668/2917
f 2970/1669/2918 2968/1667/2916 2967/1666/2915
f 2971/1670/2833 2968/1667/2916 2970/1669/2918
f 2972/1671/2919 2973/1672/2920 2974/1673/2910
f 2973/1672/2920 2975/1674/2921 2974/1673/2910
f 2976/1675/2922 2977/1676/2919 2978/1677/2923
f 2976/1675/2922 2978/1677/2923 2979/1678/2924
f 2980/1679/2925 2981/1680/2926 2982/1681/2927
f 2980/1679/2925 2983/1682/2928 2981/1680/2926
f 2984/1683/2929 2985/1684/2930 2986/1685/2931
f 2986/1685/2931 2987/1686/2932 2984/1683/2929
f 2988/1687/2933 2989/1688/2934 2990/1689/11
f 2991/1690/2935 2989/1688/2934 2988/1687/2933
f 2992/1691/2936 2993/1692/2937 2994/1693/2938
f 2993/1692/2937 2995/1694/2939 2994/1693/2938
f 2996/1695/2940 2997/1696/2941 2998/1697/2942
f 2996/1695/2940 2999/1698/2943 2997/1696/2941
f 3000/1699/7 3001/1700/2944 3002/1701/2945
f 3003/1702/2946 3002/1701/2945 3001/1700/2944
f 3004/1703/2947 3005/1704/2948 3006/1705/2876
f 3006/1705/2876 3005/1704/2948 3007/1706/2949
f 3008/1707/2950 3009/1708/2951 3010/1709/7
f 3009/1708/2951 3008/1707/2950 3011/1710/2952
f 3009/1708/2951 3011/1710/2952 3012/1711/2953
f 3013/1712/2954 3014/1713/2955 3015/1714/2956
f 3015/1714/2956 3016/1715/2957 3013/1712/2954
f 3017/1716/2958 3016/1715/2957 3015/1714/2956
f 3018/1717/2838 3019/1718/2959 3020/1719/2960
f 3020/1719/2960 3021/1720/2961 3018/1717/2838
f 3020/1719/2960 3022/1721/2962 3021/1720/2961
f 3021/1720/2961 3023/1722/2963 3018/1717/2838
f 3024/1723/2964 3018/1717/2838 3023/1722/2963
f 3023/1722/2963 3021/1720/2961 3025/1724/2965
f 3021/1720/2961 3022/1721/2962 3026/1725/2966
f 3022/1721/2962 3027/1726/2967 3026/1725/2966
f 3028/1727/2968 3021/1720/2961 3026/1725/2966
f 3029/1728/2969 3021/1720/2961 3028/1727/2968
f 3029/1728/2969 3025/1724/2965 3021/1720/2961
f 3030/1729/2970 3028/1727/2968 3026/1725/2966
f 3025/1724/2965 3029/1728/2969 3031/1730/2971
f 3031/1730/2971 3029/1728/2969 3032/1731/2972
f 3031/1730/2971 3033/1732/2973 3025/1724/2965
f 3025/1724/2965 3033/1732/2973 3034/1733/2974
f 3031/1730/2971 3035/1734/2975 3033/1732/2973
f 3034/1733/2974 3033/1732/2973 3036/1735/2976
f 3036/1735/2976 3037/1736/2977 3034/1733/2974
f 3034/1733/2974 3037/1736/2977 3024/1723/2978
f 3031/1730/2971 3038/1737/2979 3035/1734/2975
f 3032/1731/2972 3038/1737/2979 3031/1730/2971
f 3038/1737/2979 3032/1731/2972 3039/1738/2980
f 3032/1731/2972 3030/1729/2970 3039/1738/2980
f 3038/1737/2979 3039/1738/2980 3040/1739/2981
f 3041/1740/2982 3040/1739/2981 3039/1738/2980
f 3041/1740/2982 3039/1738/2980 3042/1741/2983
f 3043/1742/2984 3039/1738/2980 3030/1729/2970
f 3042/1741/2983 3039/1738/2980 3043/1742/2984
f 3030/1729/2970 3026/1725/2966 3043/1742/2984
f 3026/1725/2966 3044/1743/2985 3043/1742/2984
f 3026/1725/2966 3027/1726/2967 3044/1743/2985
f 3044/1743/2985 3027/1726/2967 3045/1744/2986
f 3027/1726/2967 3046/1745/2987 3045/1744/2986
f 3047/1746/2988 3044/1743/2985 3045/1744/2986
f 3044/1743/2985 3047/1746/2988 3048/1747/2989
f 3045/1744/2986 3046/1745/2987 3049/1748/2990
f 3049/1748/2990 3050/1749/2991 3045/1744/2986
f 3051/1750/2992 3050/1749/2991 3049/1748/2990
f 3049/1748/2990 3052/1751/2993 3051/1750/2992
f 3051/1750/2992 3052/1751/2993 3053/1752/2994
f 3054/1753/2995 3043/1742/2984 3044/1743/2985
f 3043/1742/2984 3054/1753/2995 3042/1741/2983
f 3044/1743/2985 3048/1747/2989 3054/1753/2995
f 3054/1753/2995 3055/1754/2996 3042/1741/2983
f 3055/1754/2996 3054/1753/2995 3048/1747/2989
f 3042/1741/2983 3055/1754/2996 3056/1755/2997
f 3056/1755/2997 3055/1754/2996 3057/1756/2998
f 3058/1757/2999 3057/1756/2998 3055/1754/2996
f 3059/1758/3000 3058/1757/2999 3055/1754/2996
f 3055/1754/2996 3048/1747/2989 3060/1759/3001
f 3059/1758/3000 3055/1754/2996 3060/1759/3001
f 3060/1759/3001 3061/1760/3002 3059/1758/3000
f 3060/1759/3001 3048/1747/2989 3047/1746/2988
f 3061/1760/3002 3060/1759/3001 3062/1761/3003
f 3062/1761/3003 3060/1759/3001 3047/1746/2988
f 3047/1746/2988 3063/1762/3004 3062/1761/3003
f 3062/1761/3003 3063/1762/3004 3064/1763/3005
f 3064/1763/3005 3063/1762/3004 3065/1764/3006
f 3063/1762/3004 3047/1746/2988 3065/1764/3006
f 3047/1746/2988 3066/1765/3007 3065/1764/3006
f 3066/1765/3007 3067/1766/3008 3065/1764/3006
f 3066/1765/3007 3068/1767/3009 3067/1766/3008
f 3047/1746/2988 3069/1768/3010 3066/1765/3007
f 3066/1765/3007 3069/1768/3010 3068/1767/3009
f 3069/1768/3010 3047/1746/2988 3045/1744/2986
f 3069/1768/3010 3070/1769/3011 3068/1767/3009
f 3045/1744/2986 3070/1769/3011 3069/1768/3010
f 3068/1767/3009 3070/1769/3011 3071/1770/3012
f 3045/1744/2986 3050/1749/2991 3070/1769/3011
f 3070/1769/3011 3072/1771/3013 3071/1770/3012
f 3070/1769/3011 3050/1749/2991 3072/1771/3013
f 3072/1771/3013 3050/1749/2991 3073/1772/3014
f 3072/1771/3013 3073/1772/3014 3074/1773/3015
f 3073/1772/3014 3075/1774/3016 3074/1773/3015
f 3076/1775/3017 3075/1774/3016 3073/1772/3014
f 3076/1775/3017 3073/1772/3014 3050/1749/2991
f 3077/1776/3018 3075/1774/3016 3076/1775/3017
f 3076/1775/3017 3078/1777/3019 3077/1776/3018
f 3076/1775/3017 3050/1749/2991 3079/1778/3020
f 3079/1778/3020 3078/1777/3019 3076/1775/3017
f 3078/1777/3019 3079/1778/3020 3080/1779/3021
f 3050/1749/2991 3051/1750/2992 3079/1778/3020
f 3079/1778/3020 3081/1780/3022 3080/1779/3021
f 3051/1750/2992 3081/1780/3022 3079/1778/3020
f 3081/1780/3022 3082/1781/3023 3080/1779/3021
f 3083/1782/3024 3082/1781/3023 3081/1780/3022
f 3084/1783/3025 3083/1782/3024 3081/1780/3022
f 3084/1783/3025 3081/1780/3022 3051/1750/2992
f 3085/1784/3026 3083/1782/3024 3084/1783/3025
f 3086/1785/3027 3084/1783/3025 3051/1750/2992
f 3053/1752/2994 3086/1785/3027 3051/1750/2992
f 3087/1786/3028 3085/1784/3026 3084/1783/3025
f 3086/1785/3027 3087/1786/3028 3084/1783/3025
f 3085/1784/3026 3087/1786/3028 3088/1787/3029
f 3088/1787/3029 3087/1786/3028 3086/1785/3027
f 3088/1787/3029 3089/1788/3030 3085/1784/3026
f 3088/1787/3029 3090/1789/3031 3089/1788/3030
f 3086/1785/3027 3053/1752/2994 3091/1790/3032
f 3086/1785/3027 3091/1790/3032 3088/1787/3029
f 3091/1790/3032 3090/1789/3031 3088/1787/3029
f 3053/1752/2994 3092/1791/3033 3091/1790/3032
f 3090/1789/3031 3091/1790/3032 3093/1792/3034
f 3092/1791/3033 3094/1793/3035 3091/1790/3032
f 3093/1792/3034 3091/1790/3032 3094/1793/3035
f 3095/1794/3036 3093/1792/3034 3094/1793/3035
f 3094/1793/3035 3096/1795/3037 3095/1794/3036
f 3095/1794/3036 3096/1795/3037 3097/1796/3038
f 3098/1797/3039 3099/1798/3040 3019/1718/2959
f 3099/1798/3040 3020/1719/2960 3019/1718/2959
f 3100/1799/3041 3020/1719/2960 3099/1798/3040
f 3100/1799/3041 3022/1721/2962 3020/1719/2960
f 3022/1721/2962 3100/1799/3041 3101/1800/3042
f 3101/1800/3042 3027/1726/2967 3022/1721/2962
f 3046/1745/2987 3027/1726/2967 3101/1800/3042
f 3101/1800/3042 3102/1801/3043 3046/1745/2987
f 3103/1802/3044 3046/1745/2987 3102/1801/3043
f 3103/1802/3044 3049/1748/2990 3046/1745/2987
f 3104/1803/3045 3049/1748/2990 3103/1802/3044
f 3104/1803/3045 3052/1751/2993 3049/1748/2990
f 3105/1804/3046 3052/1751/2993 3104/1803/3045
f 3052/1751/2993 3105/1804/3046 3053/1752/2994
f 3053/1752/2994 3105/1804/3046 3106/1805/3047
f 3106/1805/3047 3092/1791/3033 3053/1752/2994
f 3106/1805/3047 3107/1806/3048 3092/1791/3033
f 3107/1806/3048 3094/1793/3035 3092/1791/3033
f 3094/1793/3035 3107/1806/3048 3108/1807/3049
f 3108/1807/3049 3096/1795/3037 3094/1793/3035
f 3108/1807/3049 3097/1796/3038 3096/1795/3037
f 3109/1808/3050 3110/1809/3051 3111/1810/2978
f 3109/1808/3050 3112/1811/3052 3110/1809/3051
f 3113/1812/3053 3114/1813/3054 3115/1814/2978
f 3113/1812/3053 3116/1815/3055 3114/1813/3054
f 3117/1816/3056 3118/1817/3057 3119/1818/3058
f 3118/1817/3057 3117/1816/3056 3120/1819/3059
f 3121/1820/3060 3122/1821/3057 3123/1822/3061
f 3121/1820/3060 3124/1823/3062 3122/1821/3057
f 2862/1561/2808 2861/1560/2807 3125/1562/3063
f 3125/1562/3063 3126/1563/3064 2862/1561/2808
f 3125/1562/3063 3127/1564/3065 3126/1563/3064
f 2866/1565/2812 2862/1561/2808 3126/1563/3064
f 3126/1563/3064 3128/1566/3066 2866/1565/2812
f 3128/1566/3066 2868/1567/2814 2866/1565/2812
f 2868/1567/2814 3128/1566/3066 3129/1568/3067
f 2870/1569/2816 2868/1567/2814 3129/1568/3067
f 3130/1570/3068 2870/1569/2816 3129/1568/3067
f 2872/1571/2818 2870/1569/2816 3130/1570/3068
f 3130/1570/3068 3131/1572/3069 2872/1571/2818
f 2872/1571/2818 3131/1572/3069 2874/1573/2820
f 3132/1574/3070 2874/1573/2820 3131/1572/3069
f 3133/1576/3071 3134/1575/3072 3135/1577/3073
f 3136/1578/3074 3135/1577/3073 3134/1575/3072
f 3135/1577/3073 3136/1578/3074 3137/1579/3075
f 3138/1580/3076 3137/1579/3075 3136/1578/3074
f 3136/1578/3074 3134/1575/3072 3139/1581/3077
f 3134/1575/3072 3140/1582/3078 3139/1581/3077
f 3136/1578/3074 3139/1581/3077 3141/1583/3079
f 3142/1584/3080 3138/1580/3076 3136/1578/3074
f 3127/1564/3065 3138/1580/3076 3142/1584/3080
f 3126/1563/3064 3127/1564/3065 3142/1584/3080
f 3128/1566/3066 3126/1563/3064 3142/1584/3080
f 3136/1578/3074 3141/1583/3079 3143/1585/3081
f 3136/1578/3074 3143/1585/3081 3142/1584/3080
f 3128/1566/3066 3142/1584/3080 3143/1585/3081
f 3141/1583/3079 3144/1586/3082 3143/1585/3081
f 3128/1566/3066 3143/1585/3081 3145/1587/3083
f 3145/1587/3083 3146/1588/3084 3128/1566/3066
f 3146/1588/3084 3129/1568/3067 3128/1566/3066
f 3129/1568/3067 3146/1588/3084 3147/1589/3085
f 3130/1570/3068 3129/1568/3067 3147/1589/3085
f 3130/1570/3068 3147/1589/3085 3131/1572/3069
f 3148/1590/3086 3131/1572/3069 3147/1589/3085
f 3132/1574/3070 3131/1572/3069 3148/1590/3086
f 3148/1590/3086 3149/1591/3087 3132/1574/3070
f 3143/1585/3081 3150/1592/3088 3145/1587/3083
f 3150/1592/3088 3143/1585/3081 3144/1586/3082
f 3146/1588/3084 3145/1587/3083 3151/1593/3089
f 3152/1594/3090 3150/1592/3088 3144/1586/3082
f 3153/1595/3091 3150/1592/3088 3152/1594/3090
f 3151/1593/3092 3153/1595/3091 3154/1596/3093
f 3153/1595/3091 3152/1594/3090 3154/1596/3093
f 3151/1593/3089 3155/1597/3094 3146/1588/3084
f 3156/1598/3095 3151/1593/3092 3154/1596/3093
f 3156/1598/3095 3154/1596/3093 3157/1599/3096
f 3158/1600/3097 3156/1598/3095 3157/1599/3096
f 3155/1597/3094 3159/1601/3098 3146/1588/3084
f 3155/1597/3094 3158/1600/3099 3159/1601/3098
f 3146/1588/3084 3159/1601/3098 3147/1589/3085
f 3160/1602/3100 3147/1589/3085 3159/1601/3098
f 3161/1603/3101 3158/1600/3097 3157/1599/3096
f 3157/1599/3096 3162/1604/3102 3161/1603/3101
f 3163/1605/3103 3161/1603/3101 3162/1604/3102
f 3164/1606/3104 3147/1589/3085 3160/1602/3100
f 3164/1606/3104 3160/1602/3100 3165/1607/3105
f 3163/1605/3103 3162/1604/3102 3166/1608/3106
f 3167/1609/3107 3163/1605/3103 3166/1608/3106
f 3147/1589/3085 3167/1609/3107 3148/1590/3086
f 3167/1609/3107 3166/1608/3106 3168/1610/3108
f 3167/1609/3107 3168/1610/3108 3148/1590/3086
f 3148/1590/3086 3168/1610/3108 3169/1611/3109
f 3168/1610/3108 3170/1612/3110 3169/1611/3109
f 3148/1590/3086 3169/1611/3109 3171/1613/3111
f 3149/1591/3087 3148/1590/3086 3171/1613/3111
f 3170/1612/3110 3172/1614/3112 3169/1611/3109
f 3173/1615/3113 3149/1591/3087 3171/1613/3111
f 3173/1615/3113 3171/1613/3111 3174/1616/3114
f 3173/1615/3113 3175/1617/3115 3149/1591/3087
f 3175/1617/3115 3173/1615/3113 3176/1618/3116
f 3175/1617/3115 3176/1618/3116 3177/1619/3117
f 3166/1608/3106 3178/1620/3118 3170/1612/3110
f 3178/1620/3118 3172/1614/3112 3170/1612/3110
f 3177/1619/3117 3176/1618/3116 2922/1621/2870
f 2923/1622/2871 3177/1619/3117 2922/1621/2870
f 3176/1618/3116 2924/1623/2872 2922/1621/2870
f 3179/1624/3119 3176/1618/3116 3174/1616/3120
f 3176/1618/3116 3179/1624/3119 2924/1623/2872
f 3180/1625/3121 3179/1624/3119 3174/1616/3120
f 3181/1626/3122 3180/1625/3121 3172/1614/3112
f 3180/1625/3121 3181/1626/3122 3179/1624/3119
f 3178/1620/3118 3181/1626/3122 3172/1614/3112
f 2924/1623/2872 3179/1624/3119 3182/1627/3123
f 2929/1628/2878 2924/1623/2872 3182/1627/3123
f 3178/1620/3118 2929/1628/2878 3182/1627/3123
f 3166/1608/3106 3183/1629/3124 3178/1620/3118
f 2929/1628/2878 3178/1620/3118 3183/1629/3124
f 2929/1628/2878 3183/1629/3124 2931/1630/2880
f 3183/1629/3124 2932/1631/2881 2931/1630/2880
f 3166/1608/3106 3162/1604/3102 3183/1629/3124
f 2932/1631/2881 3183/1629/3124 3162/1604/3102
f 2932/1631/2881 3162/1604/3102 2933/1632/2882
f 2934/1633/2883 2933/1632/2882 3162/1604/3102
f 3157/1599/3096 2934/1633/2883 3162/1604/3102
f 2934/1633/2883 3157/1599/3096 2935/1634/2884
f 3157/1599/3096 2936/1635/2885 2935/1634/2884
f 3154/1596/3093 2936/1635/2885 3157/1599/3096
f 2936/1635/2885 3154/1596/3093 3184/1636/3125
f 3184/1636/3125 2938/1637/2887 2936/1635/2885
f 2938/1637/2887 3184/1636/3125 2939/1638/2888
f 3184/1636/3125 2940/1639/2889 2939/1638/2888
f 2941/1640/2890 2940/1639/2889 3184/1636/3125
f 3184/1636/3125 2942/1641/2891 2941/1640/2890
f 2942/1641/2891 3184/1636/3125 3154/1596/3093
f 3154/1596/3093 3185/1642/3126 2942/1641/2891
f 2942/1641/2891 3185/1642/3126 2944/1643/2893
f 3154/1596/3093 3152/1594/3090 3185/1642/3126
f 2945/1644/2894 2944/1643/2893 3185/1642/3126
f 2945/1644/2894 3185/1642/3126 3152/1594/3090
f 2945/1644/2894 3152/1594/3090 3144/1586/3082
f 2945/1644/2894 3144/1586/3082 3186/1645/3127
f 3144/1586/3082 3187/1646/3128 3186/1645/3127
f 3188/1647/3129 3186/1645/3127 3187/1646/3128
f 3187/1646/3128 3140/1582/3130 3188/1647/3129
f 2945/1644/2894 3186/1645/3127 3189/1648/3131
f 3189/1648/3131 3186/1645/3127 3188/1647/3129
f 2945/1644/2894 3189/1648/3131 2950/1649/2900
f 2950/1649/2900 3189/1648/3131 2951/1650/2901
f 3189/1648/3131 3188/1647/3129 2951/1650/2901
f 2952/1651/2902 2951/1650/2901 3188/1647/3129
f 3188/1647/3129 2953/1652/2903 2952/1651/2902
f 3188/1647/3129 3140/1582/3130 3190/1653/3132
f 3188/1647/3129 3190/1653/3132 2953/1652/2903
f 3191/1654/3133 3190/1653/3132 3140/1582/3130
f 3192/1655/3134 3190/1653/3132 3191/1654/3133
f 3190/1653/3132 3192/1655/3134 2953/1652/2903
f 3192/1655/3134 2957/1656/2907 2953/1652/2903
f 3193/1657/3135 2957/1656/2907 3192/1655/3134
f 3194/1659/3136 3195/1658/3137 3196/1660/3138
f 3195/1658/3137 3194/1659/3136 3197/1661/3139
f 3198/1663/3140 3199/1662/3079 3200/1664/3141
f 3201/1665/3142 3199/1662/3079 3198/1663/3140
f 3202/1667/3143 3203/1666/3141 3204/1668/3144
f 3202/1667/3143 3205/1669/3145 3203/1666/3141
f 3202/1667/3143 3206/1670/3146 3205/1669/3145
f 3207/1672/3147 3208/1671/3148 3209/1673/3149
f 3210/1674/3150 3207/1672/3147 3209/1673/3149
f 3211/1676/3139 3212/1675/3151 3213/1677/3152
f 3213/1677/3152 3212/1675/3151 3214/1678/3153
f 3215/1680/3154 3216/1679/3155 3217/1681/3156
f 3218/1682/3157 3216/1679/3155 3215/1680/3154
f 3219/1684/3158 3220/1683/3159 3221/1685/3160
f 3222/1686/3161 3221/1685/3160 3220/1683/3159
f 3223/1688/3162 3224/1687/3163 3225/1689/3106
f 3223/1688/3162 3226/1690/3164 3224/1687/3163
f 3227/1692/3165 3228/1691/3166 3229/1693/3167
f 3230/1694/3168 3227/1692/3165 3229/1693/3167
f 3231/1696/3169 3232/1695/3170 3233/1697/3171
f 3234/1698/3172 3232/1695/3170 3231/1696/3169
f 3235/1700/3173 3236/1699/3174 3237/1701/3175
f 3237/1701/3175 3238/1702/3176 3235/1700/3173
f 3239/1704/3177 3240/1703/3178 3241/1705/3122
f 3239/1704/3177 3241/1705/3122 3242/1706/3179
f 3243/1708/3180 3244/1707/3181 3245/1709/3174
f 3246/1710/3182 3244/1707/3181 3243/1708/3180
f 3247/1711/3183 3246/1710/3182 3243/1708/3180
f 3248/1713/3184 3249/1712/3185 3250/1714/3186
f 3251/1715/3187 3250/1714/3186 3249/1712/3185
f 3251/1715/3187 3252/1716/3188 3250/1714/3186
f 3253/1718/3189 3254/1717/3087 3255/1719/3190
f 3256/1720/3191 3255/1719/3190 3254/1717/3087
f 3257/1721/3192 3255/1719/3190 3256/1720/3191
f 3258/1722/3193 3256/1720/3191 3254/1717/3087
f 3254/1717/3087 3259/1723/3194 3258/1722/3193
f 3256/1720/3191 3258/1722/3193 3260/1724/3195
f 3256/1720/3191 3261/1725/3196 3257/1721/3192
f 3262/1726/3197 3257/1721/3192 3261/1725/3196
f 3256/1720/3191 3263/1727/3198 3261/1725/3196
f 3256/1720/3191 3264/1728/3199 3263/1727/3198
f 3260/1724/3195 3264/1728/3199 3256/1720/3191
f 3263/1727/3198 3265/1729/3200 3261/1725/3196
f 3264/1728/3199 3260/1724/3195 3266/1730/3201
f 3267/1731/3202 3264/1728/3199 3266/1730/3201
f 3266/1730/3201 3260/1724/3195 3033/1732/2973
f 3268/1733/3203 3033/1732/2973 3260/1724/3195
f 3035/1734/2975 3266/1730/3201 3033/1732/2973
f 3036/1735/2976 3033/1732/2973 3268/1733/3203
f 3268/1733/3203 3269/1736/3204 3036/1735/2976
f 3269/1736/3204 3268/1733/3203 3259/1723/3205
f 3038/1737/2979 3266/1730/3201 3035/1734/2975
f 3266/1730/3201 3038/1737/2979 3267/1731/3202
f 3267/1731/3202 3038/1737/2979 3270/1738/3206
f 3265/1729/3200 3267/1731/3202 3270/1738/3206
f 3270/1738/3206 3038/1737/2979 3040/1739/2981
f 3040/1739/2981 3041/1740/2982 3270/1738/3206
f 3270/1738/3206 3041/1740/2982 3042/1741/2983
f 3270/1738/3206 3271/1742/3207 3265/1729/3200
f 3271/1742/3207 3270/1738/3206 3042/1741/2983
f 3261/1725/3196 3265/1729/3200 3271/1742/3207
f 3272/1743/3208 3261/1725/3196 3271/1742/3207
f 3262/1726/3197 3261/1725/3196 3272/1743/3208
f 3262/1726/3197 3272/1743/3208 3273/1744/3209
f 3273/1744/3209 3274/1745/3210 3262/1726/3197
f 3272/1743/3208 3275/1746/3211 3273/1744/3209
f 3275/1746/3211 3272/1743/3208 3276/1747/3212
f 3277/1748/3213 3274/1745/3210 3273/1744/3209
f 3273/1744/3209 3278/1749/3214 3277/1748/3213
f 3277/1748/3213 3278/1749/3214 3279/1750/3215
f 3279/1750/3215 3280/1751/3216 3277/1748/3213
f 3281/1752/3217 3280/1751/3216 3279/1750/3215
f 3271/1742/3207 3282/1753/3218 3272/1743/3208
f 3282/1753/3218 3276/1747/3212 3272/1743/3208
f 3282/1753/3218 3283/1754/3219 3276/1747/3212
f 3042/1741/2983 3282/1753/3218 3271/1742/3207
f 3283/1754/3219 3282/1753/3218 3042/1741/2983
f 3283/1754/3219 3042/1741/2983 3056/1755/2997
f 3283/1754/3219 3056/1755/2997 3057/1756/2998
f 3057/1756/2998 3058/1757/2999 3283/1754/3219
f 3058/1757/2999 3059/1758/3000 3283/1754/3219
f 3276/1747/3212 3283/1754/3219 3284/1759/3220
f 3283/1754/3219 3059/1758/3000 3284/1759/3220
f 3061/1760/3002 3284/1759/3220 3059/1758/3000
f 3276/1747/3212 3284/1759/3220 3275/1746/3211
f 3284/1759/3220 3061/1760/3002 3062/1761/3003
f 3284/1759/3220 3062/1761/3003 3275/1746/3211
f 3285/1762/3221 3275/1746/3211 3062/1761/3003
f 3285/1762/3221 3062/1761/3003 3064/1763/3005
f 3285/1762/3221 3064/1763/3005 3065/1764/3006
f 3275/1746/3211 3285/1762/3221 3065/1764/3006
f 3286/1765/3222 3275/1746/3211 3065/1764/3006
f 3067/1766/3008 3286/1765/3222 3065/1764/3006
f 3068/1767/3009 3286/1765/3222 3067/1766/3008
f 3287/1768/3223 3275/1746/3211 3286/1765/3222
f 3287/1768/3223 3286/1765/3222 3068/1767/3009
f 3275/1746/3211 3287/1768/3223 3273/1744/3209
f 3288/1769/3224 3287/1768/3223 3068/1767/3009
f 3288/1769/3224 3273/1744/3209 3287/1768/3223
f 3288/1769/3224 3068/1767/3009 3071/1770/3012
f 3278/1749/3214 3273/1744/3209 3288/1769/3224
f 3072/1771/3013 3288/1769/3224 3071/1770/3012
f 3278/1749/3214 3288/1769/3224 3072/1771/3013
f 3278/1749/3214 3072/1771/3013 3289/1772/3225
f 3289/1772/3225 3072/1771/3013 3074/1773/3015
f 3075/1774/3016 3289/1772/3225 3074/1773/3015
f 3075/1774/3016 3290/1775/3226 3289/1772/3225
f 3289/1772/3225 3290/1775/3226 3278/1749/3214
f 3075/1774/3016 3077/1776/3018 3290/1775/3226
f 3078/1777/3019 3290/1775/3226 3077/1776/3018
f 3278/1749/3214 3290/1775/3226 3291/1778/3227
f 3078/1777/3019 3291/1778/3227 3290/1775/3226
f 3291/1778/3227 3078/1777/3019 3080/1779/3021
f 3279/1750/3215 3278/1749/3214 3291/1778/3227
f 3292/1780/3228 3291/1778/3227 3080/1779/3021
f 3292/1780/3228 3279/1750/3215 3291/1778/3227
f 3082/1781/3023 3292/1780/3228 3080/1779/3021
f 3082/1781/3023 3083/1782/3024 3292/1780/3228
f 3083/1782/3024 3293/1783/3229 3292/1780/3228
f 3292/1780/3228 3293/1783/3229 3279/1750/3215
f 3083/1782/3024 3085/1784/3026 3293/1783/3229
f 3293/1783/3229 3294/1785/3230 3279/1750/3215
f 3279/1750/3215 3294/1785/3230 3281/1752/3217
f 3085/1784/3026 3295/1786/3231 3293/1783/3229
f 3295/1786/3231 3294/1785/3230 3293/1783/3229
f 3295/1786/3231 3085/1784/3026 3296/1787/3232
f 3295/1786/3231 3296/1787/3232 3294/1785/3230
f 3089/1788/3030 3296/1787/3232 3085/1784/3026
f 3090/1789/3031 3296/1787/3232 3089/1788/3030
f 3297/1790/3233 3281/1752/3217 3294/1785/3230
f 3297/1790/3233 3294/1785/3230 3296/1787/3232
f 3090/1789/3031 3297/1790/3233 3296/1787/3232
f 3281/1752/3217 3297/1790/3233 3298/1791/3234
f 3297/1790/3233 3090/1789/3031 3093/1792/3034
f 3299/1793/3235 3298/1791/3234 3297/1790/3233
f 3297/1790/3233 3093/1792/3034 3299/1793/3235
f 3299/1793/3235 3093/1792/3034 3095/1794/3036
f 3095/1794/3036 3300/1795/3236 3299/1793/3235
f 3300/1795/3236 3095/1794/3036 3097/1796/3038
f 3099/1798/3040 3098/1797/3039 3253/1718/3189
f 3253/1718/3189 3255/1719/3190 3099/1798/3040
f 3100/1799/3041 3099/1798/3040 3255/1719/3190
f 3255/1719/3190 3257/1721/3192 3100/1799/3041
f 3101/1800/3042 3100/1799/3041 3257/1721/3192
f 3257/1721/3192 3262/1726/3197 3101/1800/3042
f 3101/1800/3042 3262/1726/3197 3274/1745/3210
f 3274/1745/3210 3102/1801/3043 3101/1800/3042
f 3103/1802/3044 3102/1801/3043 3274/1745/3210
f 3274/1745/3210 3277/1748/3213 3103/1802/3044
f 3104/1803/3045 3103/1802/3044 3277/1748/3213
f 3277/1748/3213 3280/1751/3216 3104/1803/3045
f 3105/1804/3046 3104/1803/3045 3280/1751/3216
f 3281/1752/3217 3105/1804/3046 3280/1751/3216
f 3106/1805/3047 3105/1804/3046 3281/1752/3217
f 3298/1791/3234 3106/1805/3047 3281/1752/3217
f 3107/1806/3048 3106/1805/3047 3298/1791/3234
f 3299/1793/3235 3107/1806/3048 3298/1791/3234
f 3108/1807/3049 3107/1806/3048 3299/1793/3235
f 3300/1795/3236 3108/1807/3049 3299/1793/3235
f 3097/1796/3038 3108/1807/3049 3300/1795/3236
f 3301/1809/3237 3302/1808/3238 3303/1810/3205
f 3304/1811/3195 3302/1808/3238 3301/1809/3237
f 3305/1813/3239 3306/1812/3240 3307/1814/3241
f 3308/1815/3195 3306/1812/3240 3305/1813/3239
f 3309/1817/3242 3310/1816/3243 3311/1818/3244
f 3310/1816/3243 3309/1817/3242 3312/1819/3245
f 3313/1821/3246 3314/1820/3247 3315/1822/3200
f 3316/1823/3248 3314/1820/3247 3313/1821/3246
f 3317/1824/3249 3318/1825/3250 3319/1826/3251
f 3319/1826/3251 3318/1825/3250 3320/1827/3252
f 3321/1828/3253 3319/1826/3251 3320/1827/3252
f 3320/1827/3252 3322/1829/3254 3321/1828/3253
f 3322/1829/3254 3320/1827/3252 3323/1830/3255
f 3324/1831/3256 3322/1829/3254 3323/1830/3255
f 3323/1830/3255 3325/1832/3257 3324/1831/3256
f 3323/1830/3255 3326/1833/3258 3325/1832/3257
f 3318/1825/3250 3327/1834/3259 3320/1827/3252
f 3326/1833/3258 3323/1830/3255 3328/1835/3260
f 3327/1834/3259 3329/1836/3261 3320/1827/3252
f 3323/1830/3255 3320/1827/3252 3329/1836/3261
f 3330/1837/3262 3328/1835/3260 3323/1830/3255
f 3329/1836/3261 3330/1837/3262 3323/1830/3255
f 3330/1837/3262 3331/1838/3263 3328/1835/3260
f 3332/1839/3264 3331/1838/3263 3330/1837/3262
f 3329/1836/3261 3332/1839/3264 3330/1837/3262
f 3327/1834/3259 3333/1840/3265 3329/1836/3261
f 3332/1839/3264 3329/1836/3261 3333/1840/3265
f 3334/1841/3266 3333/1840/3265 3327/1834/3259
f 3333/1840/3265 3335/1842/3267 3332/1839/3264
f 3336/1843/3268 3333/1840/3265 3334/1841/3266
f 3336/1843/3268 3335/1842/3267 3333/1840/3265
f 3337/1844/3269 3338/1845/3270 3339/1846/3271
f 3339/1846/3271 3340/1847/3272 3337/1844/3269
f 3340/1847/3272 3339/1846/3271 3341/1848/3273
f 3341/1848/3273 3342/1849/3274 3340/1847/3272
f 3343/1850/3275 3337/1844/3269 3340/1847/3272
f 3344/1851/3276 3340/1847/3272 3342/1849/3274
f 3340/1847/3272 3344/1851/3276 3343/1850/3275
f 3342/1849/3274 3345/1852/3277 3344/1851/3276
f 3346/1853/3278 3344/1851/3276 3345/1852/3277
f 3347/1854/3279 3346/1853/3278 3345/1852/3277
f 3348/1855/3280 3344/1851/3276 3346/1853/3278
f 3344/1851/3276 3349/1856/3281 3343/1850/3275
f 3344/1851/3276 3348/1855/3280 3349/1856/3281
f 3349/1856/3281 3350/1857/3282 3343/1850/3275
f 3348/1855/3280 3351/1858/3283 3349/1856/3281
f 3351/1858/3283 3350/1857/3282 3349/1856/3281
f 3352/1859/3284 3353/1860/3285 3354/1861/3286
f 3354/1861/3286 3353/1860/3285 3355/1862/3287
f 3356/1863/3288 3355/1862/3287 3353/1860/3285
f 3357/1864/3289 3355/1862/3287 3356/1863/3288
f 3358/1865/3290 3357/1864/3289 3356/1863/3288
f 3359/1866/3291 3357/1864/3289 3358/1865/3290
f 3356/1863/3288 3360/1867/3292 3358/1865/3290
f 3360/1867/3292 3356/1863/3288 3361/1868/3293
f 3356/1863/3288 3362/1869/3294 3361/1868/3293
f 3360/1867/3292 3363/1870/3295 3358/1865/3290
f 3364/1871/3296 3363/1870/3295 3360/1867/3292
f 3363/1870/3295 3364/1871/3296 3365/1872/3297
f 3365/1872/3297 3364/1871/3296 3366/1873/3298
f 3364/1871/3296 3367/1874/3299 3366/1873/3298
f 3363/1870/3295 3365/1872/3297 3368/1875/3300
f 3369/1876/3301 3363/1870/3295 3368/1875/3300
f 3363/1870/3295 3369/1876/3301 3358/1865/3290
f 3358/1865/3290 3369/1876/3301 3370/1877/3302
f 3371/1878/3303 3358/1865/3290 3370/1877/3302
f 3358/1865/3290 3371/1878/3303 3359/1866/3291
f 3372/1879/3304 3371/1878/3303 3370/1877/3302
f 3373/1880/3305 3371/1878/3303 3372/1879/3304
f 3374/1881/3306 3371/1878/3303 3373/1880/3305
f 3374/1881/3306 3373/1880/3305 3375/1882/3307
f 3374/1881/3306 3376/1883/3308 3371/1878/3303
f 3376/1883/3308 3359/1866/3291 3371/1878/3303
f 3359/1866/3291 3376/1883/3308 3377/1884/3309
f 3377/1884/3309 3376/1883/3308 3378/1885/3310
f 3379/1886/3311 3380/1887/3312 3381/1888/3313
f 3381/1888/3313 3380/1887/3312 3382/1889/3314
f 3381/1888/3313 3382/1889/3314 3383/1890/3315
f 3384/1891/3316 3383/1890/3315 3382/1889/3314
f 24/15/24 3384/1891/3316 3382/1889/3314
f 3385/1892/3317 3383/1890/3315 3384/1891/3316
f 3383/1890/3315 3385/1892/3317 3386/1893/3318
f 3387/1894/3319 3384/1891/3316 24/15/24
f 3385/1892/3317 3384/1891/3316 3387/1894/3319
f 23/14/23 3387/1894/3319 24/15/24
f 3385/1892/3317 3388/1895/3320 3386/1893/3318
f 3389/1896/3321 3386/1893/3318 3388/1895/3320
f 3388/1895/3320 3390/1897/3322 3389/1896/3321
f 3391/1898/3323 3389/1896/3321 3390/1897/3322
f 3392/1899/3324 3391/1898/3323 3390/1897/3322
f 3393/1900/3325 3392/1899/3324 3390/1897/3322
f 3390/1897/3322 3388/1895/3320 3393/1900/3325
f 3388/1895/3320 3394/1901/3326 3393/1900/3325
f 3394/1901/3326 3388/1895/3320 3385/1892/3317
f 3395/1902/3327 3393/1900/3325 3394/1901/3326
f 3396/1903/3328 3395/1902/3327 3394/1901/3326
f 3396/1903/3328 3394/1901/3326 3397/1904/3329
f 3394/1901/3326 3385/1892/3317 3397/1904/3329
f 3397/1904/3329 3385/1892/3317 3387/1894/3319
f 3398/1905/3330 3397/1904/3329 3387/1894/3319
f 3399/1906/3331 3398/1905/3330 3387/1894/3319
f 3399/1906/3331 3387/1894/3319 3400/1907/3332
f 3401/1908/3333 3402/1909/3334 3403/1910/3335
f 3401/1908/3333 3403/1910/3335 3404/1911/3336
f 3403/1910/3335 3405/1912/3337 3404/1911/3336
f 3405/1912/3337 3406/1913/3338 3404/1911/3336
f 3406/1913/3338 3407/1914/3339 3404/1911/3336
f 3407/1914/3339 3406/1913/3338 3408/1915/3340
f 3408/1915/3340 3409/1916/3341 3407/1914/3339
f 3410/1917/3342 3409/1916/3341 3408/1915/3340
f 3410/1917/3342 3408/1915/3340 3411/1918/3343
f 3412/1919/3284 3410/1917/3342 3411/1918/3343
f 3411/1918/3343 3408/1915/3340 3413/1920/3344
f 3408/1915/3340 3414/1921/3345 3413/1920/3344
f 3406/1913/3338 3414/1921/3345 3408/1915/3340
f 3415/1922/3346 3414/1921/3345 3406/1913/3338
f 3415/1922/3346 3406/1913/3338 3416/1923/3347
f 3416/1923/3347 3406/1913/3338 3405/1912/3337
f 3417/1924/24 3415/1922/3346 3416/1923/3347
f 3417/1924/24 3416/1923/3347 3418/1925/3348
f 3418/1925/3348 3419/1926/3349 3417/1924/24
f 3420/1927/3350 3419/1926/3349 3418/1925/3348
f 3418/1925/3348 3421/1928/3351 3420/1927/3350
f 3418/1925/3348 3416/1923/3347 3421/1928/3351
f 3421/1928/3351 3416/1923/3347 3422/1929/3352
f 3416/1923/3347 3405/1912/3337 3422/1929/3352
f 3405/1912/3337 3423/1930/3353 3422/1929/3352
f 3424/1931/3354 3423/1930/3353 3405/1912/3337
f 3425/1932/3355 3423/1930/3353 3424/1931/3354
f 3425/1932/3355 3424/1931/3354 3426/1933/3356
f 3427/1934/3357 3426/1933/3356 3424/1931/3354
f 3427/1934/3357 3424/1931/3354 3405/1912/3337
f 3403/1910/3335 3427/1934/3357 3405/1912/3337
f 3428/1935/3358 3427/1934/3357 3403/1910/3335
f 3428/1935/3358 3403/1910/3335 3429/1936/3359
f 3430/1937/3360 3431/1938/3361 3432/1939/3362
f 3433/1940/3363 3431/1938/3361 3430/1937/3360
f 3434/1941/3364 3431/1938/3361 3433/1940/3363
f 3435/1942/3365 3431/1938/3361 3434/1941/3364
f 3435/1942/3365 3434/1941/3364 3436/1943/3330
f 3434/1941/3364 3433/1940/3363 3437/1944/3366
f 3438/1945/3367 3436/1943/3330 3434/1941/3364
f 3437/1944/3366 21/12/21 3434/1941/3364
f 3438/1945/3367 3434/1941/3364 21/12/21
f 21/12/21 3439/1946/3368 3438/1945/3367
f 20/11/20 3439/1946/3368 21/12/21
f 21/12/21 3437/1944/3366 3440/1947/3369
f 3440/1947/3369 3441/1948/3370 21/12/21
f 19/10/19 21/12/21 3441/1948/3370
f 3440/1947/3369 3442/1949/3371 3441/1948/3370
f 3441/1948/3370 3443/1950/3372 19/10/19
f 3442/1949/3371 3443/1950/3372 3441/1948/3370
f 3444/1951/3373 3445/1952/3374 3446/1953/3375
f 3446/1953/3375 3445/1952/3374 3447/1954/3376
f 3447/1954/3376 3448/1955/3377 3446/1953/3375
f 3449/1956/3378 3448/1955/3377 3447/1954/3376
f 3447/1954/3376 3450/1957/3379 3449/1956/3378
f 3447/1954/3376 3445/1952/3374 3451/1958/3380
f 3451/1958/3380 3450/1957/3379 3447/1954/3376
f 3451/1958/3380 3445/1952/3374 3452/1959/3381
f 3453/1960/3382 3450/1957/3379 3451/1958/3380
f 3452/1959/3381 3453/1960/3382 3451/1958/3380
f 3454/1961/3383 3455/1962/3384 3456/1963/3385
f 3455/1962/3384 3457/1964/3386 3456/1963/3385
f 3457/1964/3386 3458/1965/3387 3456/1963/3385
f 3459/1966/3388 3457/1964/3386 3455/1962/3384
f 3460/1967/3389 3457/1964/3386 3459/1966/3388
f 3461/1968/3390 3457/1964/3386 3460/1967/3389
f 3458/1965/3387 3457/1964/3386 3462/1969/3391
f 3463/1970/3392 3457/1964/3386 3461/1968/3390
f 3462/1969/3391 3457/1964/3386 3463/1970/3392
f 3464/1971/3393 3462/1969/3391 3463/1970/3392
f 3463/1970/3392 3465/1972/3394 3464/1971/3393
f 3466/1973/3395 3464/1971/3393 3465/1972/3394
f 3467/1974/3396 3468/1975/3397 3469/1976/3398
f 3468/1975/3397 3470/1977/3399 3469/1976/3398
f 3469/1976/3398 3470/1977/3399 3471/1978/3400
f 3470/1977/3399 3468/1975/3397 3472/1979/3401
f 3473/1980/3402 3470/1977/3399 3472/1979/3401
f 3472/1979/3401 3468/1975/3397 3474/1981/3403
f 3472/1979/3401 3474/1981/3403 3475/1982/3404
f 3476/1983/3405 3477/1984/3406 3478/1985/3407
f 3476/1983/3405 3478/1985/3407 3479/1986/3408
f 3478/1985/3407 3480/1987/3409 3479/1986/3408
f 3481/1988/3410 3480/1987/3409 3478/1985/3407
f 3479/1986/3408 3480/1987/3409 3482/1989/3411
f 3479/1986/3408 3482/1989/3411 3483/1990/3412
f 3476/1983/3405 3479/1986/3408 3484/1991/3413
f 3483/1990/3412 3484/1991/3413 3479/1986/3408
f 3485/1992/3414 3476/1983/3405 3484/1991/3413
f 3485/1992/3414 3484/1991/3413 3483/1990/3412
f 3486/1993/3415 3487/1994/3416 3488/1995/3417
f 3488/1995/3417 3487/1994/3416 3489/1996/3418
f 3487/1994/3416 3490/1997/3419 3489/1996/3418
f 3489/1996/3418 3491/1998/3420 3488/1995/3417
f 3489/1996/3418 3490/1997/3419 3492/1999/3421
f 3493/2000/3422 3491/1998/3420 3489/1996/3418
f 3493/2000/3422 3494/2001/3412 3491/1998/3420
f 3495/2002/3423 3494/2001/3412 3493/2000/3422
f 3495/2002/3423 3493/2000/3422 3496/2003/3424
f 3493/2000/3422 3489/1996/3418 3496/2003/3424
f 3492/1999/3421 3496/2003/3424 3489/1996/3418
f 3497/2004/3425 3496/2003/3424 3492/1999/3421
f 3498/2005/3426 3499/2006/3427 3500/2007/3428
f 3500/2007/3428 3499/2006/3427 3501/2008/3429
f 3499/2006/3427 3502/2009/3430 3501/2008/3429
f 3503/2010/3431 3501/2008/3429 3502/2009/3430
f 3500/2007/3428 3501/2008/3429 3504/2011/3432
f 3501/2008/3429 3503/2010/3431 3505/2012/3433
f 3504/2011/3432 3501/2008/3429 3506/2013/3434
f 3504/2011/3432 3506/2013/3434 3507/2014/3435
f 3507/2014/3435 3506/2013/3434 3508/2015/3436
f 3506/2013/3434 3509/2016/3437 3508/2015/3436
f 3501/2008/3429 3505/2012/3433 3510/2017/3438
f 3510/2017/3438 3506/2013/3434 3501/2008/3429
f 3510/2017/3438 3509/2016/3437 3506/2013/3434
f 3511/2018/3439 3510/2017/3438 3505/2012/3433
f 3510/2017/3438 3512/2019/3440 3509/2016/3437
f 3512/2019/3440 3510/2017/3438 3511/2018/3439
f 3511/2018/3439 3513/2020/3441 3512/2019/3440
f 3514/2021/3442 3513/2020/3441 3511/2018/3439
f 3512/2019/3440 3515/2022/3443 3509/2016/3437
f 3513/2020/3441 3514/2021/3442 3516/2023/3444
f 3517/2024/3445 3515/2022/3443 3512/2019/3440
f 3517/2024/3445 3518/2025/3446 3515/2022/3443
f 3517/2024/3445 3519/2026/3447 3518/2025/3446
f 3519/2026/3447 3517/2024/3445 3520/2027/3448
f 3520/2027/3448 3517/2024/3445 3512/2019/3440
f 3520/2027/3448 3512/2019/3440 3513/2020/3441
f 3513/2020/3441 3521/2028/3449 3520/2027/3448
f 3522/2029/3450 3521/2028/3449 3513/2020/3441
f 3516/2023/3444 3523/2030/3451 3513/2020/3441
f 3513/2020/3441 3523/2030/3451 3522/2029/3450
f 3524/2031/3452 3523/2030/3451 3516/2023/3444
f 3524/2031/3452 3522/2029/3450 3523/2030/3451
f 3525/2032/3453 3526/2033/3454 3527/2034/3455
f 3526/2033/3454 3528/2035/3456 3527/2034/3455
f 3527/2034/3455 3528/2035/3456 3529/2036/3457
f 3528/2035/3456 3526/2033/3454 3530/2037/3458
f 3528/2035/3456 3530/2037/3458 3531/2038/3459
f 3531/2038/3459 3530/2037/3458 3532/2039/3460
f 3528/2035/3456 3533/2040/3461 3529/2036/3457
f 3533/2040/3461 3528/2035/3456 3531/2038/3459
f 3531/2038/3459 3532/2039/3460 3534/2041/3462
f 3535/2042/3463 3533/2040/3461 3531/2038/3459
f 3536/2043/3437 3531/2038/3459 3534/2041/3462
f 3531/2038/3459 3536/2043/3437 3537/2044/3464
f 3538/2045/3465 3535/2042/3463 3531/2038/3459
f 3531/2038/3459 3537/2044/3464 3538/2045/3465
f 3537/2044/3464 3536/2043/3437 3539/2046/3466
f 3540/2047/3467 3538/2045/3465 3537/2044/3464
f 3537/2044/3464 3539/2046/3466 3541/2048/3468
f 3542/2049/3469 3541/2048/3468 3539/2046/3466
f 3543/2050/3470 3541/2048/3468 3542/2049/3469
f 3544/2051/3471 3541/2048/3468 3543/2050/3470
f 3544/2051/3471 3537/2044/3464 3541/2048/3468
f 3537/2044/3464 3545/2052/3472 3540/2047/3467
f 3545/2052/3472 3537/2044/3464 3544/2051/3471
f 3546/2053/3473 3540/2047/3467 3545/2052/3472
f 3547/2054/3474 3545/2052/3472 3544/2051/3471
f 3545/2052/3472 3548/2055/3475 3546/2053/3473
f 3548/2055/3475 3545/2052/3472 3547/2054/3474
f 3548/2055/3475 3549/2056/3476 3546/2053/3473
f 3547/2054/3474 3550/2057/3477 3548/2055/3475
f 3550/2057/3477 3549/2056/3476 3548/2055/3475
f 3551/2058/3478 3552/2059/3479 3553/2060/3480
f 3553/2060/3480 3552/2059/3479 3554/2061/3481
f 3554/2061/3481 3552/2059/3479 3555/2062/3482
f 3554/2061/3481 3555/2062/3482 3556/2063/3483
f 3554/2061/3481 3557/2064/3484 3553/2060/3480
f 3557/2064/3484 3554/2061/3481 3556/2063/3483
f 3557/2064/3484 3558/2065/3485 3553/2060/3480
f 3557/2064/3484 3556/2063/3483 3559/2066/3486
f 3557/2064/3484 3559/2066/3486 3558/2065/3485
f 3560/2067/3487 3561/2068/3488 3562/2069/3489
f 3561/2068/3488 3560/2067/3487 3563/2070/3490
f 3567/2071/3491 3565/2072/3492 3566/2073/3493
f 3568/2074/3494 3565/2072/3495 3567/2071/3496
f 3569/2075/3497 3568/2074/3494 3567/2071/3496
f 3570/2076/3498 3571/2077/3499 3572/2078/3500
f 3572/2078/3500 3573/2079/3501 3570/2076/3498
f 3570/2076/3498 3573/2079/3501 3574/2080/3502
f 3569/2075/3497 3573/2079/3501 3572/2078/3500
f 3574/2080/3502 3575/2081/3503 3570/2076/3498
f 3576/2082/3504 3575/2081/3503 3574/2080/3502
f 3567/2071/3496 3573/2079/3501 3569/2075/3497
f 3580/2083/3505 3581/2084/3506 3582/2085/3507
f 3582/2085/3507 3583/2086/3508 3580/2083/3505
f 3583/2086/3508 3584/2087/3509 3578/2088/3510
f 3583/2086/3508 3582/2085/3507 3585/2089/3511
f 3586/2090/3512 3584/2087/3509 3583/2086/3508
f 3585/2089/3511 3586/2090/3512 3583/2086/3508
f 3590/2072/3513 3592/2074/3076 3591/2071/3514
f 3592/2074/3076 3593/2075/3515 3591/2071/3514
f 3594/2078/3516 3571/2077/3499 3570/2076/3498
f 3570/2076/3498 3595/2079/3517 3594/2078/3516
f 3596/2080/3518 3595/2079/3517 3570/2076/3498
f 3595/2079/3517 3593/2075/3515 3594/2078/3516
f 3570/2076/3498 3575/2081/3503 3596/2080/3518
f 3596/2080/3518 3575/2081/3503 3576/2082/3504
f 3597/2091/3519 3596/2080/3518 3576/2082/3504
f 3595/2079/3517 3591/2071/3514 3593/2075/3515
f 3599/2092/3520 3600/2083/3521 3601/2084/3522
f 3602/2085/3523 3601/2084/3522 3600/2083/3521
f 3600/2083/3521 3603/2086/3524 3602/2085/3523
f 3584/2087/3509 3603/2086/3524 3598/2088/3525
f 3602/2085/3523 3603/2086/3524 3585/2089/3511
f 3584/2087/3509 3586/2090/3512 3603/2086/3524
f 3603/2086/3524 3586/2090/3512 3585/2089/3511
f 3604/2093/1266 3605/2094/3526 3606/2095/3527
f 3605/2094/3526 3607/2096/3528 3606/2095/3527
f 3608/2097/3529 3607/2096/3528 3605/2094/3526
f 3608/2097/3529 3609/2098/3530 3607/2096/3528
f 3608/2097/3529 3610/2099/3531 3609/2098/3530
f 3611/2100/3532 3609/2098/3530 3610/2099/3531
f 3612/2101/3533 3611/2100/3532 3610/2099/3531
f 3613/2102/3534 3611/2100/3532 3612/2101/3533
f 3614/2103/3535 3613/2102/3534 3612/2101/3533
f 3609/2098/3530 3611/2100/3532 3615/2104/3536
f 3613/2102/3534 3615/2104/3536 3611/2100/3532
f 3607/2096/3528 3609/2098/3530 3616/2105/3537
f 3615/2104/3536 3616/2105/3537 3609/2098/3530
f 3606/2095/3527 3607/2096/3528 3617/2106/3538
f 3616/2105/3537 3617/2106/3538 3607/2096/3528
f 3613/2102/3534 3614/2103/3535 3618/2107/3539
f 3618/2107/3539 3614/2103/3535 3619/2108/3540
f 3620/2109/3541 3615/2104/3536 3613/2102/3534
f 3620/2109/3541 3613/2102/3534 3618/2107/3539
f 3617/2106/3538 3621/2110/3542 3606/2095/3527
f 3621/2110/3542 3622/2111/3543 3606/2095/3527
f 3621/2110/3542 3623/2112/3544 3622/2111/3543
f 3621/2110/3542 3624/2113/3545 3623/2112/3544
f 3625/2114/3546 3623/2112/3544 3624/2113/3545
f 3626/2115/3547 3621/2110/3542 3617/2106/3538
f 3624/2113/3545 3621/2110/3542 3626/2115/3547
f 3625/2114/3546 3624/2113/3545 3627/2116/3548
f 3627/2116/3548 3628/2117/3549 3625/2114/3546
f 3627/2116/3548 3624/2113/3545 3629/2118/3550
f 3624/2113/3545 3626/2115/3547 3629/2118/3550
f 3628/2117/3549 3627/2116/3548 3630/2119/3551
f 3629/2118/3550 3630/2119/3551 3627/2116/3548
f 3630/2119/3551 3631/2120/3552 3628/2117/3549
f 3631/2120/3552 3630/2119/3551 3632/2121/3553
f 3632/2121/3553 3630/2119/3551 3629/2118/3550
f 3632/2121/3553 3633/2122/3554 3631/2120/3552
f 3617/2106/3538 3634/2123/3555 3626/2115/3547
f 3616/2105/3537 3634/2123/3555 3617/2106/3538
f 3635/2124/3556 3629/2118/3550 3626/2115/3547
f 3634/2123/3555 3635/2124/3556 3626/2115/3547
f 3633/2122/3554 3632/2121/3553 3636/2125/3557
f 3636/2125/3557 3637/2126/3558 3633/2122/3554
f 3629/2118/3550 3638/2127/3559 3632/2121/3553
f 3629/2118/3550 3635/2124/3556 3638/2127/3559
f 3637/2126/3558 3636/2125/3557 3639/2128/3560
f 3639/2128/3560 3640/2129/1235 3637/2126/3558
f 3641/2130/3561 3636/2125/3557 3632/2121/3553
f 3632/2121/3553 3638/2127/3559 3641/2130/3561
f 3636/2125/3557 3641/2130/3561 3639/2128/3560
f 3642/2131/3562 3638/2127/3559 3635/2124/3556
f 3638/2127/3559 3642/2131/3562 3641/2130/3561
f 3639/2128/3560 3643/2132/3563 3640/2129/1235
f 3643/2132/3563 3644/2133/1232 3640/2129/1235
f 3645/2134/3564 3644/2133/1232 3643/2132/3563
f 3646/2135/3565 3639/2128/3560 3641/2130/3561
f 3643/2132/3563 3639/2128/3560 3646/2135/3565
f 3643/2132/3563 3647/2136/3566 3645/2134/3564
f 3646/2135/3565 3647/2136/3566 3643/2132/3563
f 3645/2134/3564 3647/2136/3566 3648/2137/3567
f 3649/2138/3568 3648/2137/3567 3647/2136/3566
f 3650/2139/3569 3648/2137/3567 3649/2138/3568
f 3651/2140/3570 3642/2131/3562 3635/2124/3556
f 3651/2140/3570 3635/2124/3556 3634/2123/3555
f 3652/2141/3571 3641/2130/3561 3642/2131/3562
f 3646/2135/3565 3641/2130/3561 3652/2141/3571
f 3653/2142/3572 3647/2136/3566 3646/2135/3565
f 3647/2136/3566 3653/2142/3572 3649/2138/3568
f 3654/2143/3573 3642/2131/3562 3651/2140/3570
f 3654/2143/3573 3652/2141/3571 3642/2131/3562
f 3655/2144/3574 3651/2140/3570 3634/2123/3555
f 3654/2143/3573 3651/2140/3570 3655/2144/3574
f 3652/2141/3571 3656/2145/3575 3646/2135/3565
f 3656/2145/3575 3653/2142/3572 3646/2135/3565
f 3656/2145/3575 3652/2141/3571 3657/2146/3576
f 3657/2146/3576 3652/2141/3571 3654/2143/3573
f 3658/2147/3577 3653/2142/3572 3656/2145/3575
f 3656/2145/3575 3657/2146/3576 3658/2147/3577
f 3649/2138/3568 3653/2142/3572 3659/2148/3578
f 3653/2142/3572 3658/2147/3577 3659/2148/3578
f 3634/2123/3555 3660/2149/3579 3655/2144/3574
f 3660/2149/3579 3634/2123/3555 3616/2105/3537
f 3661/2150/3580 3660/2149/3579 3616/2105/3537
f 3616/2105/3537 3615/2104/3536 3661/2150/3580
f 3655/2144/3574 3660/2149/3579 3662/2151/3581
f 3662/2151/3581 3660/2149/3579 3661/2150/3580
f 3655/2144/3574 3663/2152/3582 3654/2143/3573
f 3663/2152/3582 3655/2144/3574 3662/2151/3581
f 3654/2143/3573 3664/2153/3583 3657/2146/3576
f 3663/2152/3582 3664/2153/3583 3654/2143/3573
f 3657/2146/3576 3665/2154/3584 3658/2147/3577
f 3664/2153/3583 3665/2154/3584 3657/2146/3576
f 3661/2150/3580 3615/2104/3536 3666/2155/3585
f 3666/2155/3585 3615/2104/3536 3620/2109/3541
f 3662/2151/3581 3661/2150/3580 3667/2156/3586
f 3666/2155/3585 3667/2156/3586 3661/2150/3580
f 3662/2151/3581 3668/2157/3587 3663/2152/3582
f 3668/2157/3587 3662/2151/3581 3667/2156/3586
f 3658/2147/3577 3665/2154/3584 3669/2158/3588
f 3659/2148/3578 3658/2147/3577 3669/2158/3588
f 3663/2152/3582 3670/2159/3589 3664/2153/3583
f 3670/2159/3589 3663/2152/3582 3668/2157/3587
f 3664/2153/3583 3671/2160/3590 3665/2154/3584
f 3669/2158/3588 3665/2154/3584 3671/2160/3590
f 3664/2153/3583 3670/2159/3589 3671/2160/3590
f 3666/2155/3585 3620/2109/3541 3672/2161/3591
f 3673/2162/3592 3667/2156/3586 3666/2155/3585
f 3666/2155/3585 3672/2161/3591 3673/2162/3592
f 3667/2156/3586 3674/2163/3593 3668/2157/3587
f 3674/2163/3593 3667/2156/3586 3673/2162/3592
f 3670/2159/3589 3668/2157/3587 3675/2164/3594
f 3675/2164/3594 3668/2157/3587 3674/2163/3593
f 3671/2160/3590 3670/2159/3589 3676/2165/3595
f 3670/2159/3589 3675/2164/3594 3676/2165/3595
f 3677/2166/3596 3672/2161/3591 3620/2109/3541
f 3618/2107/3539 3677/2166/3596 3620/2109/3541
f 3673/2162/3592 3678/2167/3597 3674/2163/3593
f 3674/2163/3593 3679/2168/3598 3675/2164/3594
f 3674/2163/3593 3678/2167/3597 3679/2168/3598
f 3680/2169/3599 3673/2162/3592 3672/2161/3591
f 3678/2167/3597 3673/2162/3592 3680/2169/3599
f 3681/2170/3600 3672/2161/3591 3677/2166/3596
f 3681/2170/3600 3680/2169/3599 3672/2161/3591
f 3682/2171/3601 3677/2166/3596 3618/2107/3539
f 3677/2166/3596 3682/2171/3601 3681/2170/3600
f 3683/2172/3602 3676/2165/3595 3675/2164/3594
f 3675/2164/3594 3679/2168/3598 3683/2172/3602
f 3618/2107/3539 3684/2173/3603 3682/2171/3601
f 3619/2108/3540 3684/2173/3603 3618/2107/3539
f 3684/2173/3603 3619/2108/3540 3685/2174/3604
f 3685/2174/3604 3686/2175/3605 3684/2173/3603
f 3684/2173/3603 3686/2175/3605 3687/2176/3606
f 3687/2176/3606 3682/2171/3601 3684/2173/3603
f 3682/2171/3601 3687/2176/3606 3688/2177/3607
f 3688/2177/3607 3681/2170/3600 3682/2171/3601
f 3688/2177/3607 3689/2178/3608 3681/2170/3600
f 3681/2170/3600 3689/2178/3608 3680/2169/3599
f 3690/2179/3609 3680/2169/3599 3689/2178/3608
f 3689/2178/3608 3691/2180/3610 3690/2179/3609
f 3680/2169/3599 3690/2179/3609 3678/2167/3597
f 3690/2179/3609 3691/2180/3610 3692/2181/3611
f 3678/2167/3597 3690/2179/3609 3693/2182/3612
f 3693/2182/3612 3690/2179/3609 3692/2181/3611
f 3679/2168/3598 3678/2167/3597 3693/2182/3612
f 3692/2181/3611 3694/2183/3613 3693/2182/3612
f 3679/2168/3598 3693/2182/3612 3694/2183/3613
f 3695/2184/3614 3694/2183/3613 3692/2181/3611
f 3683/2172/3602 3679/2168/3598 3694/2183/3613
f 3695/2184/3614 3696/2185/3615 3694/2183/3613
f 3683/2172/3602 3694/2183/3613 3696/2185/3615
f 3695/2184/3614 3697/2186/3616 3696/2185/3615
f 3698/2187/3617 3696/2185/3615 3697/2186/3616
f 3697/2186/3616 3699/2188/3618 3698/2187/3617
f 3698/2187/3617 3699/2188/3618 3700/2189/3619
f 3696/2185/3615 3701/2190/3620 3683/2172/3602
f 3696/2185/3615 3698/2187/3617 3701/2190/3620
f 3676/2165/3595 3683/2172/3602 3701/2190/3620
f 3701/2190/3620 3702/2191/3621 3676/2165/3595
f 3671/2160/3590 3676/2165/3595 3702/2191/3621
f 3671/2160/3590 3702/2191/3621 3703/2192/3622
f 3671/2160/3590 3703/2192/3622 3669/2158/3588
f 3701/2190/3620 3704/2193/3623 3702/2191/3621
f 3703/2192/3622 3702/2191/3621 3705/2194/3624
f 3704/2193/3623 3705/2194/3624 3702/2191/3621
f 3703/2192/3622 3706/2195/3625 3669/2158/3588
f 3703/2192/3622 3705/2194/3624 3706/2195/3625
f 3707/2196/3626 3704/2193/3623 3701/2190/3620
f 3698/2187/3617 3707/2196/3626 3701/2190/3620
f 3708/2197/3627 3705/2194/3624 3704/2193/3623
f 3706/2195/3625 3705/2194/3624 3708/2197/3627
f 3704/2193/3623 3707/2196/3626 3708/2197/3627
f 3709/2198/3628 3669/2158/3588 3706/2195/3625
f 3659/2148/3578 3669/2158/3588 3709/2198/3628
f 3708/2197/3627 3710/2199/3629 3706/2195/3625
f 3709/2198/3628 3706/2195/3625 3710/2199/3629
f 3711/2200/3630 3707/2196/3626 3698/2187/3617
f 3707/2196/3626 3712/2201/3631 3708/2197/3627
f 3711/2200/3630 3712/2201/3631 3707/2196/3626
f 3713/2202/3632 3710/2199/3629 3708/2197/3627
f 3708/2197/3627 3712/2201/3631 3713/2202/3632
f 3698/2187/3617 3714/2203/3633 3711/2200/3630
f 3700/2189/3619 3714/2203/3633 3698/2187/3617
f 3715/2204/3634 3714/2203/3633 3700/2189/3619
f 3700/2189/3619 3716/2205/3635 3715/2204/3634
f 3715/2204/3634 3717/2206/3636 3714/2203/3633
f 3714/2203/3633 3717/2206/3636 3711/2200/3630
f 3711/2200/3630 3717/2206/3636 3718/2207/3637
f 3711/2200/3630 3718/2207/3637 3712/2201/3631
f 3718/2207/3637 3719/2208/3638 3712/2201/3631
f 3712/2201/3631 3719/2208/3638 3713/2202/3632
f 3719/2208/3638 3720/2209/3639 3713/2202/3632
f 3713/2202/3632 3720/2209/3639 3721/2210/3640
f 3713/2202/3632 3721/2210/3640 3710/2199/3629
f 3721/2210/3640 3720/2209/3639 3722/2211/3641
f 3710/2199/3629 3721/2210/3640 3723/2212/3642
f 3710/2199/3629 3723/2212/3642 3709/2198/3628
f 3722/2211/3641 3724/2213/3643 3721/2210/3640
f 3723/2212/3642 3721/2210/3640 3724/2213/3643
f 3724/2213/3643 3722/2211/3641 3725/2214/3644
f 3724/2213/3643 3725/2214/3644 3726/2215/3645
f 3723/2212/3642 3724/2213/3643 3727/2216/3646
f 3723/2212/3642 3727/2216/3646 3709/2198/3628
f 3727/2216/3646 3724/2213/3643 3726/2215/3645
f 3709/2198/3628 3727/2216/3646 3728/2217/3647
f 3659/2148/3578 3709/2198/3628 3728/2217/3647
f 3726/2215/3645 3729/2218/3648 3727/2216/3646
f 3728/2217/3647 3727/2216/3646 3729/2218/3648
f 3729/2218/3648 3726/2215/3645 3730/2219/3649
f 3729/2218/3648 3730/2219/3649 3650/2139/3569
f 3659/2148/3578 3728/2217/3647 3731/2220/3650
f 3729/2218/3648 3731/2220/3650 3728/2217/3647
f 3650/2139/3569 3731/2220/3650 3729/2218/3648
f 3731/2220/3650 3649/2138/3568 3659/2148/3578
f 3649/2138/3568 3731/2220/3650 3650/2139/3569
f 3732/2221/3651 3733/2222/3652 3734/2223/3653
f 3734/2223/3653 3735/2224/3654 3732/2221/3651
f 3735/2224/3654 3734/2223/3653 3736/2225/3655
f 3735/2224/3654 3737/2226/3656 3732/2221/3651
f 3738/2227/3608 3732/2221/3651 3737/2226/3656
f 3736/2225/3655 3739/2228/3657 3735/2224/3654
f 3739/2228/3657 3736/2225/3655 3740/2229/3658
f 3738/2227/3608 3737/2226/3656 3741/2230/3659
f 3741/2230/3659 3742/2231/3660 3738/2227/3608
f 3743/2232/3661 3737/2226/3656 3735/2224/3654
f 3735/2224/3654 3739/2228/3657 3743/2232/3661
f 3742/2231/3660 3741/2230/3659 3744/2233/3662
f 3745/2234/3611 3742/2231/3660 3744/2233/3662
f 3746/2235/3663 3741/2230/3659 3737/2226/3656
f 3737/2226/3656 3743/2232/3661 3746/2235/3663
f 3744/2233/3662 3741/2230/3659 3746/2235/3663
f 3745/2234/3611 3744/2233/3662 3747/2236/3664
f 3748/2237/3614 3745/2234/3611 3747/2236/3664
f 3748/2237/3614 3747/2236/3664 3749/2238/3665
f 3750/2239/3666 3748/2237/3614 3749/2238/3665
f 3751/2240/3667 3750/2239/3666 3749/2238/3665
f 3749/2238/3665 3752/2241/3668 3751/2240/3667
f 3753/2242/3669 3752/2241/3668 3749/2238/3665
f 3753/2242/3669 3754/2243/3670 3752/2241/3668
f 3755/2244/3671 3749/2238/3665 3747/2236/3664
f 3753/2242/3669 3749/2238/3665 3755/2244/3671
f 3756/2245/3672 3754/2243/3670 3753/2242/3669
f 3755/2244/3671 3756/2245/3672 3753/2242/3669
f 3756/2245/3672 3757/2246/3673 3754/2243/3670
f 3758/2247/3674 3747/2236/3664 3744/2233/3662
f 3747/2236/3664 3758/2247/3674 3755/2244/3671
f 3746/2235/3663 3759/2248/3675 3744/2233/3662
f 3759/2248/3675 3758/2247/3674 3744/2233/3662
f 3758/2247/3674 3760/2249/3676 3755/2244/3671
f 3760/2249/3676 3756/2245/3672 3755/2244/3671
f 3756/2245/3672 3761/2250/3677 3757/2246/3673
f 3762/2251/3678 3757/2246/3673 3761/2250/3677
f 3763/2252/3679 3761/2250/3677 3756/2245/3672
f 3760/2249/3676 3763/2252/3679 3756/2245/3672
f 3764/2253/3680 3762/2251/3678 3761/2250/3677
f 3764/2253/3680 3761/2250/3677 3763/2252/3679
f 3765/2254/3681 3762/2251/3678 3764/2253/3680
f 3758/2247/3674 3766/2255/3682 3760/2249/3676
f 3766/2255/3682 3758/2247/3674 3759/2248/3675
f 3767/2256/3683 3765/2254/3681 3764/2253/3680
f 3768/2257/3684 3765/2254/3681 3767/2256/3683
f 3768/2257/3684 3767/2256/3683 3769/2258/3685
f 3770/2259/3686 3763/2252/3679 3760/2249/3676
f 3766/2255/3682 3770/2259/3686 3760/2249/3676
f 3763/2252/3679 3771/2260/3687 3764/2253/3680
f 3767/2256/3683 3764/2253/3680 3771/2260/3687
f 3772/2261/3688 3769/2258/3685 3767/2256/3683
f 3769/2258/3685 3772/2261/3688 3773/2262/3689
f 3774/2263/3690 3772/2261/3688 3767/2256/3683
f 3772/2261/3688 3774/2263/3690 3773/2262/3689
f 3771/2260/3687 3774/2263/3690 3767/2256/3683
f 3775/2264/3691 3773/2262/3689 3774/2263/3690
f 3771/2260/3687 3775/2264/3691 3774/2263/3690
f 3776/2265/3692 3775/2264/3691 3771/2260/3687
f 3776/2265/3692 3771/2260/3687 3763/2252/3679
f 3776/2265/3692 3763/2252/3679 3770/2259/3686
f 3777/2266/3693 3770/2259/3686 3766/2255/3682
f 3776/2265/3692 3770/2259/3686 3777/2266/3693
f 3777/2266/3693 3778/2267/3694 3776/2265/3692
f 3778/2267/3694 3779/2268/3695 3776/2265/3692
f 3780/2269/3696 3779/2268/3695 3778/2267/3694
f 3766/2255/3682 3781/2270/3697 3777/2266/3693
f 3759/2248/3675 3781/2270/3697 3766/2255/3682
f 3778/2267/3694 3782/2271/3698 3780/2269/3696
f 3782/2271/3698 3783/2272/3699 3780/2269/3696
f 3783/2272/3699 3782/2271/3698 3784/2273/3700
f 3785/2274/3701 3784/2273/3700 3782/2271/3698
f 3778/2267/3694 3785/2274/3701 3782/2271/3698
f 3786/2275/3702 3785/2274/3701 3778/2267/3694
f 3778/2267/3694 3777/2266/3693 3787/2276/3703
f 3787/2276/3703 3777/2266/3693 3781/2270/3697
f 3787/2276/3703 3786/2275/3702 3778/2267/3694
f 3788/2277/3704 3781/2270/3697 3759/2248/3675
f 3746/2235/3663 3788/2277/3704 3759/2248/3675
f 3789/2278/3705 3787/2276/3703 3781/2270/3697
f 3789/2278/3705 3786/2275/3702 3787/2276/3703
f 3788/2277/3704 3789/2278/3705 3781/2270/3697
f 3790/2279/3706 3786/2275/3702 3789/2278/3705
f 3790/2279/3706 3789/2278/3705 3788/2277/3704
f 3791/2280/3707 3786/2275/3702 3790/2279/3706
f 3792/2281/3708 3788/2277/3704 3746/2235/3663
f 3743/2232/3661 3792/2281/3708 3746/2235/3663
f 3793/2282/3709 3790/2279/3706 3788/2277/3704
f 3788/2277/3704 3792/2281/3708 3793/2282/3709
f 3794/2283/3710 3791/2280/3707 3790/2279/3706
f 3794/2283/3710 3795/2284/3711 3791/2280/3707
f 3790/2279/3706 3793/2282/3709 3796/2285/3712
f 3796/2285/3712 3794/2283/3710 3790/2279/3706
f 3797/2286/3713 3795/2284/3711 3794/2283/3710
f 3796/2285/3712 3797/2286/3713 3794/2283/3710
f 3797/2286/3713 3798/2287/3714 3795/2284/3711
f 3799/2288/3715 3798/2287/3714 3797/2286/3713
f 3799/2288/3715 3797/2286/3713 3796/2285/3712
f 3798/2287/3714 3799/2288/3715 3800/2289/3716
f 3800/2289/3716 3799/2288/3715 3801/2290/3717
f 3802/2291/3718 3801/2290/3717 3799/2288/3715
f 3802/2291/3718 3799/2288/3715 3796/2285/3712
f 3801/2290/3717 3802/2291/3718 3803/2292/3719
f 3804/2293/3720 3796/2285/3712 3793/2282/3709
f 3802/2291/3718 3796/2285/3712 3804/2293/3720
f 3802/2291/3718 3804/2293/3720 3803/2292/3719
f 3804/2293/3720 3793/2282/3709 3792/2281/3708
f 3804/2293/3720 3805/2294/3721 3803/2292/3719
f 3806/2295/3722 3804/2293/3720 3792/2281/3708
f 3806/2295/3722 3805/2294/3721 3804/2293/3720
f 3806/2295/3722 3792/2281/3708 3743/2232/3661
f 3807/2296/3723 3805/2294/3721 3806/2295/3722
f 3808/2297/3724 3806/2295/3722 3743/2232/3661
f 3808/2297/3724 3807/2296/3723 3806/2295/3722
f 3739/2228/3657 3808/2297/3724 3743/2232/3661
f 3808/2297/3724 3809/2298/3725 3807/2296/3723
f 3810/2299/3726 3808/2297/3724 3739/2228/3657
f 3810/2299/3726 3809/2298/3725 3808/2297/3724
f 3740/2229/3658 3810/2299/3726 3739/2228/3657
f 3811/2300/3727 3809/2298/3725 3810/2299/3726
f 3811/2300/3727 3810/2299/3726 3740/2229/3658
f 3812/2301/3728 3809/2298/3725 3811/2300/3727
f 3740/2229/3658 3813/2302/3729 3811/2300/3727
f 3812/2301/3728 3811/2300/3727 3814/2303/3730
f 3813/2302/3729 3814/2303/3730 3811/2300/3727
f 3815/2304/3653 3816/2305/3731 3817/2306/3732
f 3817/2306/3732 3818/2307/3733 3815/2304/3653
f 3819/2308/3734 3815/2304/3653 3818/2307/3733
f 3818/2307/3733 3817/2306/3732 3820/2309/3735
f 3818/2307/3733 3821/2310/3736 3819/2308/3734
f 3819/2308/3734 3821/2310/3736 3822/2311/3737
f 3820/2309/3735 3823/2312/3738 3818/2307/3733
f 3823/2312/3738 3820/2309/3735 3824/2313/3739
f 3823/2312/3738 3825/2314/3740 3818/2307/3733
f 3821/2310/3736 3818/2307/3733 3825/2314/3740
f 3824/2313/3739 3826/2315/3741 3823/2312/3738
f 3825/2314/3740 3823/2312/3738 3826/2315/3741
f 3826/2315/3741 3824/2313/3739 3827/2316/3742
f 3827/2316/3742 3828/2317/3743 3826/2315/3741
f 3829/2318/3744 3826/2315/3741 3828/2317/3743
f 3829/2318/3744 3825/2314/3740 3826/2315/3741
f 3828/2317/3743 3830/2319/3745 3829/2318/3744
f 3829/2318/3744 3831/2320/3746 3825/2314/3740
f 3832/2321/3747 3831/2320/3746 3829/2318/3744
f 3829/2318/3744 3830/2319/3745 3832/2321/3747
f 3832/2321/3747 3833/2322/3748 3831/2320/3746
f 3834/2323/3749 3822/2311/3737 3821/2310/3736
f 3822/2311/3737 3834/2323/3749 3835/2324/3750
f 3821/2310/3736 3825/2314/3740 3836/2325/3751
f 3831/2320/3746 3836/2325/3751 3825/2314/3740
f 3837/2326/3752 3835/2324/3750 3834/2323/3749
f 3838/2327/3753 3835/2324/3750 3837/2326/3752
f 3839/2328/3754 3838/2327/3753 3837/2326/3752
f 3840/2329/3755 3834/2323/3749 3821/2310/3736
f 3834/2323/3749 3840/2329/3755 3837/2326/3752
f 3837/2326/3752 3840/2329/3755 3839/2328/3754
f 3821/2310/3736 3836/2325/3751 3840/2329/3755
f 3840/2329/3755 3841/2330/3756 3839/2328/3754
f 3842/2331/3757 3841/2330/3756 3840/2329/3755
f 3836/2325/3751 3842/2331/3757 3840/2329/3755
f 3843/2332/3758 3842/2331/3757 3836/2325/3751
f 3843/2332/3758 3836/2325/3751 3831/2320/3746
f 3843/2332/3758 3844/2333/3759 3842/2331/3757
f 3845/2334/3760 3844/2333/3759 3843/2332/3758
f 3845/2334/3760 3843/2332/3758 3831/2320/3746
f 3845/2334/3760 3846/2335/3761 3844/2333/3759
f 3845/2334/3760 3847/2336/3762 3846/2335/3761
f 3847/2336/3762 3845/2334/3760 3848/2337/3763
f 3848/2337/3763 3849/2338/3764 3847/2336/3762
f 3846/2335/3761 3847/2336/3762 3850/2339/3765
f 3850/2339/3765 3847/2336/3762 3851/2340/3707
f 3852/2341/3766 3850/2339/3765 3851/2340/3707
f 3853/2342/3767 3850/2339/3765 3852/2341/3766
f 3853/2342/3767 3852/2341/3766 3854/2343/3768
f 3855/2344/3769 3849/2338/3764 3848/2337/3763
f 3856/2345/3770 3845/2334/3760 3831/2320/3746
f 3845/2334/3760 3856/2345/3770 3848/2337/3763
f 3848/2337/3763 3857/2346/3771 3855/2344/3769
f 3857/2346/3771 3858/2347/3772 3855/2344/3769
f 3857/2346/3771 3859/2348/3773 3858/2347/3772
f 3857/2346/3771 3848/2337/3763 3859/2348/3773
f 3848/2337/3763 3860/2349/3774 3859/2348/3773
f 3860/2349/3774 3848/2337/3763 3861/2350/3775
f 3856/2345/3770 3861/2350/3775 3848/2337/3763
f 3862/2351/3776 3856/2345/3770 3831/2320/3746
f 3862/2351/3776 3831/2320/3746 3833/2322/3748
f 3833/2322/3748 3863/2352/3777 3862/2351/3776
f 3856/2345/3770 3864/2353/3778 3861/2350/3775
f 3856/2345/3770 3862/2351/3776 3864/2353/3778
f 3864/2353/3778 3862/2351/3776 3863/2352/3777
f 3864/2353/3778 3865/2354/3779 3861/2350/3775
f 3864/2353/3778 3863/2352/3777 3866/2355/3780
f 3865/2354/3779 3864/2353/3778 3866/2355/3780
f 3867/2356/3781 3866/2355/3780 3863/2352/3777
f 3866/2355/3780 3868/2357/3782 3865/2354/3779
f 3866/2355/3780 3867/2356/3781 3869/2358/3783
f 3868/2357/3782 3866/2355/3780 3869/2358/3783
f 3870/2094/3784 3871/2093/2566 3872/2095/2564
f 3872/2095/2564 3873/2096/3785 3870/2094/3784
f 3873/2096/3785 3874/2097/3786 3870/2094/3784
f 3875/2098/3787 3874/2097/3786 3873/2096/3785
f 3876/2099/3788 3874/2097/3786 3875/2098/3787
f 3875/2098/3787 3877/2100/3789 3876/2099/3788
f 3877/2100/3789 3878/2101/3790 3876/2099/3788
f 3877/2100/3789 3879/2102/3791 3878/2101/3790
f 3878/2101/3790 3879/2102/3791 3880/2103/3792
f 3881/2104/3793 3877/2100/3789 3875/2098/3787
f 3881/2104/3793 3879/2102/3791 3877/2100/3789
f 3882/2105/3794 3875/2098/3787 3873/2096/3785
f 3875/2098/3787 3882/2105/3794 3881/2104/3793
f 3883/2106/3795 3873/2096/3785 3872/2095/2564
f 3873/2096/3785 3883/2106/3795 3882/2105/3794
f 3879/2102/3791 3884/2107/3796 3880/2103/3792
f 3885/2108/3797 3880/2103/3792 3884/2107/3796
f 3881/2104/3793 3886/2109/3798 3879/2102/3791
f 3879/2102/3791 3886/2109/3798 3884/2107/3796
f 3887/2110/3799 3883/2106/3795 3872/2095/2564
f 3888/2111/3800 3887/2110/3799 3872/2095/2564
f 3889/2112/3801 3887/2110/3799 3888/2111/3800
f 3890/2113/3802 3887/2110/3799 3889/2112/3801
f 3889/2112/3801 3891/2114/3803 3890/2113/3802
f 3887/2110/3799 3892/2115/3804 3883/2106/3795
f 3887/2110/3799 3890/2113/3802 3892/2115/3804
f 3890/2113/3802 3891/2114/3803 3893/2116/3805
f 3894/2117/3806 3893/2116/3805 3891/2114/3803
f 3895/2118/3807 3890/2113/3802 3893/2116/3805
f 3892/2115/3804 3890/2113/3802 3895/2118/3807
f 3894/2117/3806 3896/2119/3808 3893/2116/3805
f 3893/2116/3805 3896/2119/3808 3895/2118/3807
f 3897/2120/3809 3896/2119/3808 3894/2117/3806
f 3897/2120/3809 3898/2121/3810 3896/2119/3808
f 3896/2119/3808 3898/2121/3810 3895/2118/3807
f 3898/2121/3810 3897/2120/3809 3899/2122/3811
f 3892/2115/3804 3900/2123/3812 3883/2106/3795
f 3900/2123/3812 3882/2105/3794 3883/2106/3795
f 3895/2118/3807 3901/2124/3813 3892/2115/3804
f 3900/2123/3812 3892/2115/3804 3901/2124/3813
f 3902/2125/3814 3898/2121/3810 3899/2122/3811
f 3899/2122/3811 3903/2126/3815 3902/2125/3814
f 3904/2127/3816 3895/2118/3807 3898/2121/3810
f 3901/2124/3813 3895/2118/3807 3904/2127/3816
f 3902/2125/3814 3903/2126/3815 3905/2128/3817
f 3905/2128/3817 3903/2126/3815 3906/2129/2536
f 3898/2121/3810 3902/2125/3814 3907/2130/3818
f 3907/2130/3818 3904/2127/3816 3898/2121/3810
f 3907/2130/3818 3902/2125/3814 3905/2128/3817
f 3904/2127/3816 3908/2131/3819 3901/2124/3813
f 3908/2131/3819 3904/2127/3816 3907/2130/3818
f 3909/2132/3820 3905/2128/3817 3906/2129/2536
f 3906/2129/2536 3910/2133/2533 3909/2132/3820
f 3909/2132/3820 3910/2133/2533 3911/2134/3821
f 3905/2128/3817 3912/2135/3822 3907/2130/3818
f 3912/2135/3822 3905/2128/3817 3909/2132/3820
f 3911/2134/3821 3913/2136/3823 3909/2132/3820
f 3909/2132/3820 3913/2136/3823 3912/2135/3822
f 3913/2136/3823 3911/2134/3821 3914/2137/3824
f 3913/2136/3823 3914/2137/3824 3915/2138/3825
f 3914/2137/3824 3916/2139/3826 3915/2138/3825
f 3917/2140/3827 3901/2124/3813 3908/2131/3819
f 3901/2124/3813 3917/2140/3827 3900/2123/3812
f 3907/2130/3818 3918/2141/3828 3908/2131/3819
f 3912/2135/3822 3918/2141/3828 3907/2130/3818
f 3919/2142/3829 3912/2135/3822 3913/2136/3823
f 3915/2138/3825 3919/2142/3829 3913/2136/3823
f 3908/2131/3819 3920/2143/3830 3917/2140/3827
f 3920/2143/3830 3908/2131/3819 3918/2141/3828
f 3917/2140/3827 3921/2144/3831 3900/2123/3812
f 3921/2144/3831 3917/2140/3827 3920/2143/3830
f 3922/2145/3832 3918/2141/3828 3912/2135/3822
f 3919/2142/3829 3922/2145/3832 3912/2135/3822
f 3918/2141/3828 3922/2145/3832 3923/2146/3833
f 3918/2141/3828 3923/2146/3833 3920/2143/3830
f 3919/2142/3829 3924/2147/3834 3922/2145/3832
f 3923/2146/3833 3922/2145/3832 3924/2147/3834
f 3919/2142/3829 3915/2138/3825 3925/2148/3835
f 3925/2148/3835 3924/2147/3834 3919/2142/3829
f 3900/2123/3812 3921/2144/3831 3926/2149/3836
f 3900/2123/3812 3926/2149/3836 3882/2105/3794
f 3882/2105/3794 3926/2149/3836 3927/2150/3837
f 3927/2150/3837 3881/2104/3793 3882/2105/3794
f 3926/2149/3836 3921/2144/3831 3928/2151/3838
f 3928/2151/3838 3927/2150/3837 3926/2149/3836
f 3920/2143/3830 3929/2152/3839 3921/2144/3831
f 3928/2151/3838 3921/2144/3831 3929/2152/3839
f 3930/2153/3840 3920/2143/3830 3923/2146/3833
f 3930/2153/3840 3929/2152/3839 3920/2143/3830
f 3931/2154/3841 3923/2146/3833 3924/2147/3834
f 3931/2154/3841 3930/2153/3840 3923/2146/3833
f 3881/2104/3793 3927/2150/3837 3932/2155/3842
f 3932/2155/3842 3886/2109/3798 3881/2104/3793
f 3927/2150/3837 3928/2151/3838 3933/2156/3843
f 3933/2156/3843 3932/2155/3842 3927/2150/3837
f 3929/2152/3839 3934/2157/3844 3928/2151/3838
f 3933/2156/3843 3928/2151/3838 3934/2157/3844
f 3924/2147/3834 3935/2158/3845 3931/2154/3841
f 3935/2158/3845 3924/2147/3834 3925/2148/3835
f 3929/2152/3839 3930/2153/3840 3936/2159/3846
f 3936/2159/3846 3934/2157/3844 3929/2152/3839
f 3931/2154/3841 3937/2160/3847 3930/2153/3840
f 3937/2160/3847 3931/2154/3841 3935/2158/3845
f 3936/2159/3846 3930/2153/3840 3937/2160/3847
f 3886/2109/3798 3932/2155/3842 3938/2161/3848
f 3932/2155/3842 3933/2156/3843 3939/2162/3849
f 3939/2162/3849 3938/2161/3848 3932/2155/3842
f 3934/2157/3844 3940/2163/3850 3933/2156/3843
f 3939/2162/3849 3933/2156/3843 3940/2163/3850
f 3934/2157/3844 3936/2159/3846 3941/2164/3851
f 3941/2164/3851 3940/2163/3850 3934/2157/3844
f 3936/2159/3846 3937/2160/3847 3942/2165/3852
f 3942/2165/3852 3941/2164/3851 3936/2159/3846
f 3886/2109/3798 3938/2161/3848 3943/2166/3853
f 3886/2109/3798 3943/2166/3853 3884/2107/3796
f 3940/2163/3850 3944/2167/3854 3939/2162/3849
f 3945/2168/3855 3940/2163/3850 3941/2164/3851
f 3944/2167/3854 3940/2163/3850 3945/2168/3855
f 3938/2161/3848 3939/2162/3849 3946/2169/3856
f 3946/2169/3856 3939/2162/3849 3944/2167/3854
f 3938/2161/3848 3947/2170/3857 3943/2166/3853
f 3946/2169/3856 3947/2170/3857 3938/2161/3848
f 3884/2107/3796 3943/2166/3853 3948/2171/3858
f 3943/2166/3853 3947/2170/3857 3948/2171/3858
f 3941/2164/3851 3942/2165/3852 3949/2172/3859
f 3949/2172/3859 3945/2168/3855 3941/2164/3851
f 3948/2171/3858 3950/2173/3860 3884/2107/3796
f 3884/2107/3796 3950/2173/3860 3885/2108/3797
f 3885/2108/3797 3950/2173/3860 3951/2174/3861
f 3950/2173/3860 3952/2175/3862 3951/2174/3861
f 3950/2173/3860 3953/2176/3863 3952/2175/3862
f 3948/2171/3858 3953/2176/3863 3950/2173/3860
f 3948/2171/3858 3954/2177/3864 3953/2176/3863
f 3947/2170/3857 3954/2177/3864 3948/2171/3858
f 3947/2170/3857 3955/2178/3865 3954/2177/3864
f 3955/2178/3865 3947/2170/3857 3946/2169/3856
f 3955/2178/3865 3946/2169/3856 3956/2179/3866
f 3956/2179/3866 3957/2180/3867 3955/2178/3865
f 3944/2167/3854 3956/2179/3866 3946/2169/3856
f 3956/2179/3866 3958/2181/3868 3957/2180/3867
f 3959/2182/3869 3956/2179/3866 3944/2167/3854
f 3958/2181/3868 3956/2179/3866 3959/2182/3869
f 3944/2167/3854 3945/2168/3855 3959/2182/3869
f 3960/2183/3870 3958/2181/3868 3959/2182/3869
f 3945/2168/3855 3960/2183/3870 3959/2182/3869
f 3960/2183/3870 3961/2184/3871 3958/2181/3868
f 3945/2168/3855 3949/2172/3859 3960/2183/3870
f 3962/2185/3872 3961/2184/3871 3960/2183/3870
f 3960/2183/3870 3949/2172/3859 3962/2185/3872
f 3963/2186/3873 3961/2184/3871 3962/2185/3872
f 3963/2186/3873 3962/2185/3872 3964/2187/3874
f 3964/2187/3874 3965/2188/3875 3963/2186/3873
f 3966/2189/3876 3965/2188/3875 3964/2187/3874
f 3949/2172/3859 3967/2190/3877 3962/2185/3872
f 3964/2187/3874 3962/2185/3872 3967/2190/3877
f 3949/2172/3859 3942/2165/3852 3967/2190/3877
f 3942/2165/3852 3968/2191/3878 3967/2190/3877
f 3942/2165/3852 3937/2160/3847 3968/2191/3878
f 3968/2191/3878 3937/2160/3847 3969/2192/3879
f 3935/2158/3845 3969/2192/3879 3937/2160/3847
f 3970/2193/3880 3967/2190/3877 3968/2191/3878
f 3968/2191/3878 3969/2192/3879 3971/2194/3881
f 3971/2194/3881 3970/2193/3880 3968/2191/3878
f 3972/2195/3882 3969/2192/3879 3935/2158/3845
f 3972/2195/3882 3971/2194/3881 3969/2192/3879
f 3970/2193/3880 3973/2196/3883 3967/2190/3877
f 3973/2196/3883 3964/2187/3874 3967/2190/3877
f 3971/2194/3881 3974/2197/3884 3970/2193/3880
f 3974/2197/3884 3971/2194/3881 3972/2195/3882
f 3973/2196/3883 3970/2193/3880 3974/2197/3884
f 3935/2158/3845 3975/2198/3885 3972/2195/3882
f 3935/2158/3845 3925/2148/3835 3975/2198/3885
f 3972/2195/3882 3976/2199/3886 3974/2197/3884
f 3976/2199/3886 3972/2195/3882 3975/2198/3885
f 3964/2187/3874 3973/2196/3883 3977/2200/3887
f 3973/2196/3883 3974/2197/3884 3978/2201/3888
f 3978/2201/3888 3977/2200/3887 3973/2196/3883
f 3976/2199/3886 3979/2202/3889 3974/2197/3884
f 3978/2201/3888 3974/2197/3884 3979/2202/3889
f 3977/2200/3887 3980/2203/3890 3964/2187/3874
f 3964/2187/3874 3980/2203/3890 3966/2189/3876
f 3966/2189/3876 3980/2203/3890 3981/2204/3891
f 3981/2204/3891 3982/2205/3892 3966/2189/3876
f 3983/2206/3893 3981/2204/3891 3980/2203/3890
f 3980/2203/3890 3977/2200/3887 3983/2206/3893
f 3983/2206/3893 3977/2200/3887 3984/2207/3894
f 3978/2201/3888 3984/2207/3894 3977/2200/3887
f 3985/2208/3895 3984/2207/3894 3978/2201/3888
f 3985/2208/3895 3978/2201/3888 3979/2202/3889
f 3986/2209/3896 3985/2208/3895 3979/2202/3889
f 3979/2202/3889 3987/2210/3897 3986/2209/3896
f 3987/2210/3897 3979/2202/3889 3976/2199/3886
f 3988/2211/3898 3986/2209/3896 3987/2210/3897
f 3976/2199/3886 3989/2212/3899 3987/2210/3897
f 3975/2198/3885 3989/2212/3899 3976/2199/3886
f 3987/2210/3897 3990/2213/3900 3988/2211/3898
f 3987/2210/3897 3989/2212/3899 3990/2213/3900
f 3988/2211/3898 3990/2213/3900 3991/2214/2566
f 3992/2215/2570 3991/2214/2566 3990/2213/3900
f 3993/2216/3901 3990/2213/3900 3989/2212/3899
f 3993/2216/3901 3989/2212/3899 3975/2198/3885
f 3992/2215/2570 3990/2213/3900 3993/2216/3901
f 3975/2198/3885 3994/2217/3902 3993/2216/3901
f 3975/2198/3885 3925/2148/3835 3994/2217/3902
f 3993/2216/3901 3995/2218/3903 3992/2215/2570
f 3995/2218/3903 3993/2216/3901 3994/2217/3902
f 3992/2215/2570 3995/2218/3903 3996/2219/3904
f 3916/2139/3826 3996/2219/3904 3995/2218/3903
f 3994/2217/3902 3925/2148/3835 3997/2220/3905
f 3994/2217/3902 3997/2220/3905 3995/2218/3903
f 3995/2218/3903 3997/2220/3905 3916/2139/3826
f 3915/2138/3825 3997/2220/3905 3925/2148/3835
f 3915/2138/3825 3916/2139/3826 3997/2220/3905
f 3998/2223/3906 3999/2222/3907 4000/2221/3908
f 4000/2221/3908 4001/2224/3909 3998/2223/3906
f 4002/2225/3910 3998/2223/3906 4001/2224/3909
f 4003/2226/3911 4001/2224/3909 4000/2221/3908
f 4000/2221/3908 4004/2227/3865 4003/2226/3911
f 4001/2224/3909 4005/2228/3912 4002/2225/3910
f 4002/2225/3910 4005/2228/3912 4006/2229/3913
f 4003/2226/3911 4004/2227/3865 4007/2230/3914
f 4008/2231/3915 4007/2230/3914 4004/2227/3865
f 4009/2232/3916 4001/2224/3909 4003/2226/3911
f 4005/2228/3912 4001/2224/3909 4009/2232/3916
f 4008/2231/3915 4010/2233/3917 4007/2230/3914
f 4010/2233/3917 4008/2231/3915 4011/2234/3868
f 4012/2235/3918 4003/2226/3911 4007/2230/3914
f 4009/2232/3916 4003/2226/3911 4012/2235/3918
f 4012/2235/3918 4007/2230/3914 4010/2233/3917
f 4013/2236/3919 4010/2233/3917 4011/2234/3868
f 4011/2234/3868 4014/2237/3871 4013/2236/3919
f 4014/2237/3871 4015/2238/3920 4013/2236/3919
f 4014/2237/3871 4016/2239/3921 4015/2238/3920
f 4015/2238/3920 4016/2239/3921 4017/2240/3922
f 4017/2240/3922 4018/2241/3923 4015/2238/3920
f 4018/2241/3923 4019/2242/3924 4015/2238/3920
f 4020/2243/3925 4019/2242/3924 4018/2241/3923
f 4015/2238/3920 4021/2244/3926 4013/2236/3919
f 4015/2238/3920 4019/2242/3924 4021/2244/3926
f 4020/2243/3925 4022/2245/3927 4019/2242/3924
f 4022/2245/3927 4021/2244/3926 4019/2242/3924
f 4023/2246/3928 4022/2245/3927 4020/2243/3925
f 4013/2236/3919 4024/2247/3929 4010/2233/3917
f 4024/2247/3929 4013/2236/3919 4021/2244/3926
f 4010/2233/3917 4025/2248/3930 4012/2235/3918
f 4024/2247/3929 4025/2248/3930 4010/2233/3917
f 4026/2249/3931 4024/2247/3929 4021/2244/3926
f 4022/2245/3927 4026/2249/3931 4021/2244/3926
f 4027/2250/3932 4022/2245/3927 4023/2246/3928
f 4023/2246/3928 4028/2251/3933 4027/2250/3932
f 4027/2250/3932 4029/2252/3934 4022/2245/3927
f 4029/2252/3934 4026/2249/3931 4022/2245/3927
f 4030/2253/3935 4027/2250/3932 4028/2251/3933
f 4029/2252/3934 4027/2250/3932 4030/2253/3935
f 4028/2251/3933 4031/2254/3936 4030/2253/3935
f 4032/2255/3937 4024/2247/3929 4026/2249/3931
f 4025/2248/3930 4024/2247/3929 4032/2255/3937
f 4031/2254/3936 4033/2256/3938 4030/2253/3935
f 4031/2254/3936 4034/2257/3939 4033/2256/3938
f 4033/2256/3938 4034/2257/3939 4035/2258/3940
f 4029/2252/3934 4036/2259/3941 4026/2249/3931
f 4036/2259/3941 4032/2255/3937 4026/2249/3931
f 4030/2253/3935 4037/2260/3942 4029/2252/3934
f 4037/2260/3942 4030/2253/3935 4033/2256/3938
f 4035/2258/3940 4038/2261/3943 4033/2256/3938
f 4038/2261/3943 4035/2258/3940 4039/2262/3944
f 4038/2261/3943 4040/2263/3945 4033/2256/3938
f 4040/2263/3945 4038/2261/3943 4039/2262/3944
f 4033/2256/3938 4040/2263/3945 4037/2260/3942
f 4040/2263/3945 4039/2262/3944 4041/2264/3946
f 4040/2263/3945 4041/2264/3946 4037/2260/3942
f 4041/2264/3946 4042/2265/3947 4037/2260/3942
f 4037/2260/3942 4042/2265/3947 4029/2252/3934
f 4029/2252/3934 4042/2265/3947 4036/2259/3941
f 4036/2259/3941 4043/2266/3948 4032/2255/3937
f 4043/2266/3948 4036/2259/3941 4042/2265/3947
f 4042/2265/3947 4044/2267/3949 4043/2266/3948
f 4045/2268/3950 4044/2267/3949 4042/2265/3947
f 4044/2267/3949 4045/2268/3950 4046/2269/3951
f 4047/2270/3952 4032/2255/3937 4043/2266/3948
f 4032/2255/3937 4047/2270/3952 4025/2248/3930
f 4046/2269/3951 4048/2271/3953 4044/2267/3949
f 4049/2272/3954 4048/2271/3953 4046/2269/3951
f 4048/2271/3953 4049/2272/3954 4050/2273/3955
f 4048/2271/3953 4050/2273/3955 4051/2274/3956
f 4051/2274/3956 4044/2267/3949 4048/2271/3953
f 4051/2274/3956 4052/2275/3957 4044/2267/3949
f 4043/2266/3948 4044/2267/3949 4053/2276/3958
f 4043/2266/3948 4053/2276/3958 4047/2270/3952
f 4052/2275/3957 4053/2276/3958 4044/2267/3949
f 4047/2270/3952 4054/2277/3959 4025/2248/3930
f 4054/2277/3959 4012/2235/3918 4025/2248/3930
f 4053/2276/3958 4055/2278/3960 4047/2270/3952
f 4052/2275/3957 4055/2278/3960 4053/2276/3958
f 4055/2278/3960 4054/2277/3959 4047/2270/3952
f 4052/2275/3957 4056/2279/3961 4055/2278/3960
f 4055/2278/3960 4056/2279/3961 4054/2277/3959
f 4052/2275/3957 4057/2280/3962 4056/2279/3961
f 4054/2277/3959 4058/2281/3963 4012/2235/3918
f 4058/2281/3963 4009/2232/3916 4012/2235/3918
f 4054/2277/3959 4056/2279/3961 4059/2282/3964
f 4059/2282/3964 4058/2281/3963 4054/2277/3959
f 4057/2280/3962 4060/2283/3965 4056/2279/3961
f 4061/2284/3966 4060/2283/3965 4057/2280/3962
f 4062/2285/3967 4059/2282/3964 4056/2279/3961
f 4056/2279/3961 4060/2283/3965 4062/2285/3967
f 4061/2284/3966 4063/2286/3968 4060/2283/3965
f 4063/2286/3968 4062/2285/3967 4060/2283/3965
f 4064/2287/3969 4063/2286/3968 4061/2284/3966
f 4064/2287/3969 4065/2288/3970 4063/2286/3968
f 4063/2286/3968 4065/2288/3970 4062/2285/3967
f 4065/2288/3970 4064/2287/3969 4066/2289/3971
f 4065/2288/3970 4066/2289/3971 4067/2290/3972
f 4067/2290/3972 4068/2291/3973 4065/2288/3970
f 4065/2288/3970 4068/2291/3973 4062/2285/3967
f 4068/2291/3973 4067/2290/3972 4069/2292/3974
f 4062/2285/3967 4070/2293/3975 4059/2282/3964
f 4062/2285/3967 4068/2291/3973 4070/2293/3975
f 4069/2292/3974 4070/2293/3975 4068/2291/3973
f 4059/2282/3964 4070/2293/3975 4058/2281/3963
f 4070/2293/3975 4069/2292/3974 4071/2294/3976
f 4070/2293/3975 4072/2295/3977 4058/2281/3963
f 4071/2294/3976 4072/2295/3977 4070/2293/3975
f 4058/2281/3963 4072/2295/3977 4009/2232/3916
f 4071/2294/3976 4073/2296/3978 4072/2295/3977
f 4072/2295/3977 4074/2297/3979 4009/2232/3916
f 4073/2296/3978 4074/2297/3979 4072/2295/3977
f 4074/2297/3979 4005/2228/3912 4009/2232/3916
f 4075/2298/3980 4074/2297/3979 4073/2296/3978
f 4074/2297/3979 4076/2299/3981 4005/2228/3912
f 4075/2298/3980 4076/2299/3981 4074/2297/3979
f 4076/2299/3981 4006/2229/3913 4005/2228/3912
f 4075/2298/3980 4077/2300/3982 4076/2299/3981
f 4006/2229/3913 4076/2299/3981 4077/2300/3982
f 4075/2298/3980 4078/2301/3983 4077/2300/3982
f 4077/2300/3982 4079/2302/3984 4006/2229/3913
f 4077/2300/3982 4078/2301/3983 4080/2303/3985
f 4080/2303/3985 4079/2302/3984 4077/2300/3982
f 4081/2305/3986 4082/2304/3906 4083/2306/3987
f 4083/2306/3987 4082/2304/3906 4084/2307/3988
f 4085/2309/3989 4083/2306/3987 4084/2307/3988
f 4084/2307/3988 4082/2304/3906 4086/2308/3910
f 4084/2307/3988 4087/2312/3990 4085/2309/3989
f 4085/2309/3989 4087/2312/3990 4088/2313/3991
f 4086/2308/3910 4089/2310/3992 4084/2307/3988
f 4089/2310/3992 4086/2308/3910 4090/2311/3993
f 4091/2315/3994 4088/2313/3991 4087/2312/3990
f 4092/2316/3995 4088/2313/3991 4091/2315/3994
f 4091/2315/3994 4093/2317/3996 4092/2316/3995
f 4094/2314/3997 4087/2312/3990 4084/2307/3988
f 4091/2315/3994 4087/2312/3990 4094/2314/3997
f 4084/2307/3988 4089/2310/3992 4094/2314/3997
f 4093/2317/3996 4091/2315/3994 4095/2318/3998
f 4094/2314/3997 4095/2318/3998 4091/2315/3994
f 4095/2318/3998 4096/2319/3999 4093/2317/3996
f 4097/2320/4000 4095/2318/3998 4094/2314/3997
f 4097/2320/4000 4098/2321/4001 4095/2318/3998
f 4098/2321/4001 4096/2319/3999 4095/2318/3998
f 4099/2322/4002 4098/2321/4001 4097/2320/4000
f 4090/2311/3993 4100/2323/4003 4089/2310/3992
f 4100/2323/4003 4090/2311/3993 4101/2324/4004
f 4094/2314/3997 4089/2310/3992 4102/2325/4005
f 4102/2325/4005 4097/2320/4000 4094/2314/3997
f 4101/2324/4004 4103/2326/4006 4100/2323/4003
f 4101/2324/4004 4104/2327/4007 4103/2326/4006
f 4104/2327/4007 4105/2328/4008 4103/2326/4006
f 4089/2310/3992 4100/2323/4003 4106/2329/4009
f 4106/2329/4009 4100/2323/4003 4103/2326/4006
f 4106/2329/4009 4103/2326/4006 4105/2328/4008
f 4106/2329/4009 4102/2325/4005 4089/2310/3992
f 4107/2330/4010 4106/2329/4009 4105/2328/4008
f 4107/2330/4010 4108/2331/4011 4106/2329/4009
f 4102/2325/4005 4106/2329/4009 4108/2331/4011
f 4108/2331/4011 4109/2332/4012 4102/2325/4005
f 4102/2325/4005 4109/2332/4012 4097/2320/4000
f 4110/2333/4013 4109/2332/4012 4108/2331/4011
f 4110/2333/4013 4111/2334/4014 4109/2332/4012
f 4109/2332/4012 4111/2334/4014 4097/2320/4000
f 4112/2335/4015 4111/2334/4014 4110/2333/4013
f 4113/2336/4016 4111/2334/4014 4112/2335/4015
f 4114/2337/4017 4111/2334/4014 4113/2336/4016
f 4113/2336/4016 4115/2338/4018 4114/2337/4017
f 4113/2336/4016 4112/2335/4015 4116/2339/4019
f 4113/2336/4016 4116/2339/4019 4117/2340/4020
f 4118/2341/4021 4117/2340/4020 4116/2339/4019
f 4116/2339/4019 4119/2342/4022 4118/2341/4021
f 4118/2341/4021 4119/2342/4022 4120/2343/4023
f 4115/2338/4018 4121/2344/4024 4114/2337/4017
f 4111/2334/4014 4122/2345/4025 4097/2320/4000
f 4122/2345/4025 4111/2334/4014 4114/2337/4017
f 4121/2344/4024 4123/2346/4026 4114/2337/4017
f 4124/2347/4027 4123/2346/4026 4121/2344/4024
f 4125/2348/4028 4123/2346/4026 4124/2347/4027
f 4114/2337/4017 4123/2346/4026 4125/2348/4028
f 4114/2337/4017 4125/2348/4028 4126/2349/4029
f 4114/2337/4017 4126/2349/4029 4127/2350/4030
f 4127/2350/4030 4122/2345/4025 4114/2337/4017
f 4122/2345/4025 4128/2351/4031 4097/2320/4000
f 4097/2320/4000 4128/2351/4031 4099/2322/4002
f 4129/2352/4032 4099/2322/4002 4128/2351/4031
f 4130/2353/4033 4122/2345/4025 4127/2350/4030
f 4128/2351/4031 4122/2345/4025 4130/2353/4033
f 4128/2351/4031 4130/2353/4033 4129/2352/4032
f 4131/2354/4034 4130/2353/4033 4127/2350/4030
f 4129/2352/4032 4130/2353/4033 4132/2355/4035
f 4132/2355/4035 4130/2353/4033 4131/2354/4034
f 4132/2355/4035 4133/2356/4036 4129/2352/4032
f 4131/2354/4034 4134/2357/4037 4132/2355/4035
f 4133/2356/4036 4132/2355/4035 4135/2358/4038
f 4132/2355/4035 4134/2357/4037 4135/2358/4038
f 4136/2359/4039 4137/2360/4040 4138/2361/4041
f 4139/2362/4042 4137/2360/4040 4136/2359/4039
f 4140/2363/4043 4139/2362/4042 4136/2359/4039
f 4139/2362/4042 4140/2363/4043 4141/2364/4044
f 4140/2363/4043 4142/2365/4045 4141/2364/4044
f 4143/2366/4046 4140/2363/4043 4136/2359/4039
f 4143/2366/4046 4142/2365/4045 4140/2363/4043
f 4144/2367/4047 4142/2365/4045 4143/2366/4046
f 4144/2367/4047 4143/2366/4046 4145/2368/4048
f 4145/2368/4048 4143/2366/4046 4146/2369/4049
f 4147/2370/4050 4148/2371/4051 4149/2372/4052
f 4148/2371/4051 4150/2373/4053 4149/2372/4052
f 4150/2373/4053 4151/2374/4054 4149/2372/4052
f 4152/2375/4045 4151/2374/4054 4150/2373/4053
f 4153/2376/4044 4152/2375/4045 4150/2373/4053
f 4154/2377/4055 4151/2374/4054 4152/2375/4045
f 4151/2374/4054 4154/2377/4055 4155/2378/4056
f 4156/2379/4057 4151/2374/4054 4155/2378/4056
f 4157/2360/4058 4158/2359/4059 4159/2361/4060
f 4157/2360/4058 4160/2362/4061 4158/2359/4059
f 4160/2362/4061 4161/2363/4062 4158/2359/4059
f 4161/2363/4062 4160/2362/4061 4162/2364/4063
f 4163/2365/4064 4161/2363/4062 4162/2364/4063
f 4161/2363/4062 4164/2366/4065 4158/2359/4059
f 4163/2365/4064 4164/2366/4065 4161/2363/4062
f 4163/2365/4064 4165/2367/4066 4164/2366/4065
f 4164/2366/4065 4165/2367/4066 4166/2368/4067
f 4164/2366/4065 4166/2368/4067 4167/2369/4068
f 4168/2371/4069 4169/2370/4070 4170/2372/4071
f 4171/2373/4072 4168/2371/4069 4170/2372/4071
f 4172/2374/4073 4171/2373/4072 4170/2372/4071
f 4172/2374/4073 4173/2375/4064 4171/2373/4072
f 4173/2375/4064 4174/2376/4074 4171/2373/4072
f 4172/2374/4073 4175/2377/4075 4173/2375/4064
f 4175/2377/4075 4172/2374/4073 4176/2378/4076
f 4172/2374/4073 4177/2379/4077 4176/2378/4076
f 4178/2380/4078 770/761/759 4179/2381/4079
f 4178/2380/4078 2176/759/2138 770/761/759
f 4179/2381/4079 4180/2382/4080 4178/2380/4078
f 4179/2381/4079 4181/2383/4081 4180/2382/4080
f 4182/2384/4082 4180/2382/4080 4181/2383/4081
f 4180/2382/4080 4182/2384/4082 4183/2385/4083
f 4178/2380/4078 4180/2382/4080 4183/2385/4083
f 4178/2380/4078 4184/2386/4084 2176/759/2138
f 4184/2386/4084 4178/2380/4078 4183/2385/4083
f 4185/2387/4085 4184/2386/4084 4183/2385/4083
f 2176/759/2138 4184/2386/4084 2175/757/2137
f 4185/2387/4085 4186/2388/4086 4184/2386/4084
f 4184/2386/4084 4186/2388/4086 2175/757/2137
f 4187/2389/4087 4186/2388/4086 4185/2387/4085
f 4188/2390/4088 4186/2388/4086 4187/2389/4087
f 2175/757/2137 4186/2388/4086 4188/2390/4088
f 4188/2390/4088 4189/2391/4089 2175/757/2137
f 2175/757/2137 4189/2391/4089 4190/2392/4090
f 2175/757/2137 4190/2392/4090 2169/742/2132
f 4191/2393/4091 2169/742/2132 4190/2392/4090
f 4192/2394/4092 4191/2393/4091 4190/2392/4090
f 4191/2393/4091 756/747/745 2169/742/2132
f 4193/2395/4093 4191/2393/4091 4192/2394/4092
f 4191/2393/4091 4193/2395/4093 756/747/745
f 4179/2381/4079 770/761/759 4194/2380/4094
f 768/759/757 4194/2380/4094 770/761/759
f 4194/2380/4094 4195/2382/4095 4179/2381/4079
f 4181/2383/4081 4179/2381/4079 4195/2382/4095
f 4182/2384/4082 4181/2383/4081 4195/2382/4095
f 4183/2385/4083 4182/2384/4082 4195/2382/4095
f 4195/2382/4095 4194/2380/4094 4183/2385/4083
f 4196/2386/4096 4194/2380/4094 768/759/757
f 4196/2386/4096 4183/2385/4083 4194/2380/4094
f 4196/2386/4096 4185/2387/4085 4183/2385/4083
f 766/757/755 4196/2386/4096 768/759/757
f 4197/2388/4097 4185/2387/4085 4196/2386/4096
f 4197/2388/4097 4196/2386/4096 766/757/755
f 4197/2388/4097 4187/2389/4087 4185/2387/4085
f 4197/2388/4097 4188/2390/4088 4187/2389/4087
f 4188/2390/4088 4197/2388/4097 766/757/755
f 4188/2390/4088 766/757/755 4189/2391/4089
f 4190/2392/4090 4189/2391/4089 766/757/755
f 751/742/740 4190/2392/4090 766/757/755
f 751/742/740 4198/2393/4098 4190/2392/4090
f 4198/2393/4098 4192/2394/4092 4190/2392/4090
f 4198/2393/4098 751/742/740 756/747/745
f 4198/2393/4098 4193/2395/4093 4192/2394/4092
f 756/747/745 4193/2395/4093 4198/2393/4098
f 4199/2396/4099 4200/2397/4100 4201/2398/4101
f 4199/2396/4099 4202/2399/4102 4200/2397/4100
f 4200/2397/4100 4203/2400/4103 4201/2398/4101
f 4200/2397/4100 4202/2399/4102 4204/2401/4104
f 4200/2397/4100 4205/2402/4105 4203/2400/4103
f 4206/2403/4106 4203/2400/4103 4205/2402/4105
f 4207/2404/4107 4206/2403/4106 4205/2402/4105
f 4204/2401/4104 4208/2405/4108 4200/2397/4100
f 4205/2402/4105 4200/2397/4100 4208/2405/4108
f 4205/2402/4105 4209/2406/4109 4207/2404/4107
f 4209/2406/4109 4210/2407/4110 4207/2404/4107
f 4211/2408/4111 4210/2407/4110 4209/2406/4109
f 4212/2409/4112 4208/2405/4108 4204/2401/4104
f 4204/2401/4104 3592/2074/3076 4212/2409/4112
f 3590/2072/3513 4212/2409/4112 3592/2074/3076
f 4212/2409/4112 3590/2072/3513 3589/2410/4113
f 4213/2411/4114 4205/2402/4105 4208/2405/4108
f 4205/2402/4105 4213/2411/4114 4209/2406/4109
f 4208/2405/4108 4212/2409/4112 4214/2412/4115
f 4214/2412/4115 4213/2411/4114 4208/2405/4108
f 3589/2410/4113 4214/2412/4115 4212/2409/4112
f 4209/2406/4109 4213/2411/4114 4214/2412/4115
f 4215/2413/4116 4211/2408/4111 4209/2406/4109
f 4214/2412/4115 4215/2413/4116 4209/2406/4109
f 3589/2410/4113 4215/2413/4116 4214/2412/4115
f 3587/2068/4117 4211/2408/4111 4215/2413/4116
f 4216/2397/4118 4217/2396/4119 4218/2398/4120
f 4219/2399/4121 4217/2396/4119 4216/2397/4118
f 4220/2400/4122 4216/2397/4118 4218/2398/4120
f 4221/2401/2826 4219/2399/4121 4216/2397/4118
f 4222/2402/4123 4216/2397/4118 4220/2400/4122
f 4223/2403/4124 4222/2402/4123 4220/2400/4122
f 4222/2402/4123 4223/2403/4124 4224/2404/4125
f 4216/2397/4118 4225/2405/4126 4221/2401/2826
f 4216/2397/4118 4222/2402/4123 4225/2405/4126
f 4226/2406/4127 4222/2402/4123 4224/2404/4125
f 4227/2407/4128 4226/2406/4127 4224/2404/4125
f 4226/2406/4127 4227/2407/4128 4228/2408/4129
f 4225/2405/4126 4229/2409/4130 4221/2401/2826
f 3568/2074/3494 4221/2401/2826 4229/2409/4130
f 4229/2409/4130 3565/2072/3495 3568/2074/3494
f 3565/2072/3495 4229/2409/4130 3564/2410/4131
f 4222/2402/4123 4230/2411/4132 4225/2405/4126
f 4230/2411/4132 4222/2402/4123 4226/2406/4127
f 4229/2409/4130 4225/2405/4126 4231/2412/4133
f 4230/2411/4132 4231/2412/4133 4225/2405/4126
f 4229/2409/4130 4231/2412/4133 3564/2410/4131
f 4231/2412/4133 4230/2411/4132 4226/2406/4127
f 4228/2408/4129 4232/2413/4134 4226/2406/4127
f 4226/2406/4127 4232/2413/4134 4231/2412/4133
f 4232/2413/4134 3564/2410/4131 4231/2412/4133
f 4228/2408/4129 3561/2068/3488 4232/2413/4134
f 3563/2070/3490 3564/2410/4131 4232/2413/4134
f 4232/2413/4134 3561/2068/3488 3563/2070/3490
f 4233/2414/4135 4234/2415/4136 4235/2416/4137
f 4235/2416/4137 4234/2415/4136 4236/2417/4138
f 4237/2418/2801 4235/2416/4137 4236/2417/4138
f 4233/2414/4135 4235/2416/4137 4238/2419/4099
f 4235/2416/4137 4237/2418/2801 4239/2420/4139
f 4240/2421/4140 4238/2419/4099 4235/2416/4137
f 4239/2420/4139 4240/2421/4140 4235/2416/4137
f 4238/2419/4099 4240/2421/4140 4241/2422/4141
f 4239/2420/4139 4242/2423/4142 4240/2421/4140
f 4241/2422/4141 4240/2421/4140 4242/2423/4142
f 4243/2424/4143 4244/2425/4144 4245/2426/4145
f 4246/2427/4146 4244/2425/4144 4243/2424/4143
f 4244/2425/4144 4246/2427/4146 4247/2428/4147
f 4245/2426/4145 4244/2425/4144 4248/2429/4148
f 4247/2428/4147 4248/2429/4148 4244/2425/4144
f 4248/2429/4148 4249/2430/4149 4245/2426/4145
f 4248/2429/4148 4250/2431/4150 4249/2430/4149
f 4248/2429/4148 4247/2428/4147 4251/2432/4151
f 4250/2431/4150 4248/2429/4148 4251/2432/4151
f 4251/2432/4151 4247/2428/4147 4252/2433/4152
f 4251/2432/4151 4253/2434/4153 4250/2431/4150
f 4251/2432/4151 4252/2433/4152 4253/2434/4153
f 4254/2435/4154 4255/2436/4155 4256/2437/4156
f 4257/2438/4157 4255/2436/4155 4254/2435/4154
f 4254/2435/4154 4256/2437/4156 4258/2439/4158
f 4257/2438/4157 4254/2435/4154 4259/2440/4159
f 4260/2441/4160 4254/2435/4154 4258/2439/4158
f 4260/2441/4160 4259/2440/4159 4254/2435/4154
f 4260/2441/4160 4258/2439/4158 4261/2442/4161
f 4262/2443/4162 4259/2440/4159 4260/2441/4160
f 4260/2441/4160 4261/2442/4161 4263/2444/4163
f 4260/2441/4160 4264/2445/4164 4262/2443/4162
f 4263/2444/4163 4264/2445/4164 4260/2441/4160
f 4265/2446/4165 4266/2447/4166 4267/2448/4167
f 4266/2447/4166 4268/2449/4168 4267/2448/4167
f 4269/2450/4169 4266/2447/4166 4265/2446/4165
f 4269/2450/4169 4268/2449/4168 4266/2447/4166
f 4270/2451/4170 4271/2452/4171 4272/2453/4172
f 4272/2453/4172 4271/2452/4171 4273/2454/4173
f 4274/2455/4174 4270/2451/4170 4272/2453/4172
f 4274/2455/4174 4272/2453/4172 4273/2454/4173
f 4275/2415/4175 4276/2414/4176 4277/2416/4177
f 4275/2415/4175 4277/2416/4177 4278/2417/4178
f 4277/2416/4177 4279/2418/1537 4278/2417/4178
f 4277/2416/4177 4276/2414/4176 4280/2419/4179
f 4279/2418/1537 4277/2416/4177 4281/2420/4180
f 4280/2419/4179 4282/2421/4181 4277/2416/4177
f 4282/2421/4181 4281/2420/4180 4277/2416/4177
f 4282/2421/4181 4280/2419/4179 4283/2422/4182
f 4284/2423/4183 4281/2420/4180 4282/2421/4181
f 4282/2421/4181 4283/2422/4182 4284/2423/4183
f 4285/2424/4184 4286/2426/4185 4287/2425/4186
f 4287/2425/4186 4288/2427/4187 4285/2424/4184
f 4288/2427/4187 4287/2425/4186 4289/2428/4188
f 4290/2429/4189 4287/2425/4186 4286/2426/4185
f 4290/2429/4189 4289/2428/4188 4287/2425/4186
f 4286/2426/4185 4291/2430/4190 4290/2429/4189
f 4292/2431/4191 4290/2429/4189 4291/2430/4190
f 4289/2428/4188 4290/2429/4189 4293/2432/4192
f 4293/2432/4192 4290/2429/4189 4292/2431/4191
f 4289/2428/4188 4293/2432/4192 4294/2433/4187
f 4292/2431/4191 4295/2434/4193 4293/2432/4192
f 4294/2433/4187 4293/2432/4192 4295/2434/4193
f 4296/2436/4194 4297/2435/4195 4298/2437/4196
f 4296/2436/4194 4299/2438/4197 4297/2435/4195
f 4298/2437/4196 4297/2435/4195 4300/2439/4198
f 4297/2435/4195 4299/2438/4197 4301/2440/4199
f 4297/2435/4195 4302/2441/4200 4300/2439/4198
f 4297/2435/4195 4301/2440/4199 4302/2441/4200
f 4300/2439/4198 4302/2441/4200 4303/2442/4201
f 4301/2440/4199 4304/2443/4202 4302/2441/4200
f 4303/2442/4201 4302/2441/4200 4305/2444/4203
f 4306/2445/4204 4302/2441/4200 4304/2443/4202
f 4306/2445/4204 4305/2444/4203 4302/2441/4200
f 4307/2447/4205 4308/2446/4206 4309/2448/4207
f 4310/2449/4208 4307/2447/4205 4309/2448/4207
f 4307/2447/4205 4311/2450/4209 4308/2446/4206
f 4310/2449/4208 4311/2450/4209 4307/2447/4205
f 4312/2452/4210 4313/2451/4211 4314/2453/4212
f 4312/2452/4210 4314/2453/4212 4315/2454/4213
f 4313/2451/4211 4316/2455/4214 4314/2453/4212
f 4314/2453/4212 4316/2455/4214 4315/2454/4213
s 0
f 3599/2456/4215 3588/2456/4215 4318/2456/4215 4326/2456/4215
s 1
f 3589/2410/4113 3590/2072/3513 4320/2072/4216 4319/2410/4217
f 3600/2083/3521 3599/2092/3520 4326/2092/4218 4327/2083/4219
s 0
f 3588/2456/4220 3587/2456/4220 4317/2456/4220 4318/2456/4220
s 1
f 4215/2413/4116 3589/2410/4113 4319/2410/4217 4329/2413/4221
f 3595/2079/3517 3596/2080/3518 4323/2080/4222 4322/2079/4223
f 3590/2072/3513 3591/2071/3514 4321/2071/4224 4320/2072/4216
f 3587/2068/4117 4215/2413/4116 4329/2413/4221 4317/2068/4225
f 3598/2088/3525 3603/2086/3524 4328/2086/4226 4325/2088/4227
f 3591/2071/3514 3595/2079/3517 4322/2079/4223 4321/2071/4224
f 3603/2086/3524 3600/2083/3521 4327/2083/4219 4328/2086/4226
f 3596/2080/3518 3597/2091/3519 4324/2091/4228 4323/2080/4222
f 4327/2083/4219 4326/2092/4218 4330/2083/4229
f 4317/2068/4225 4329/2413/4221 4330/2068/4230
f 4329/2413/4221 4319/2410/4217 4330/2413/4230
f 4328/2086/4226 4327/2083/4219 4330/2086/4229
f 4325/2088/4227 4328/2086/4226 4330/2088/4229
f 4321/2071/4224 4322/2079/4223 4330/2071/4230
f 4320/2072/4216 4321/2071/4224 4330/2072/4230
f 4319/2410/4217 4320/2072/4216 4330/2410/4230
s 0
f 4326/2456/4215 4318/2456/4215 4330/2456/4215
f 4318/2456/4220 4317/2456/4220 4330/2456/4220
s 1
f 4322/2079/4223 4323/2080/4222 4330/2079/4230
f 4323/2080/4222 4324/2091/4228 4330/2080/4230
f 1181/1172/1165 1183/1174/1167 4333/1174/4231 4332/1172/4232
f 3582/2085/3507 3581/2084/3506 4346/2084/4233 4347/2085/4234
f 3567/2071/3496 3565/2072/3495 4338/2072/4235 4339/2071/4236
f 3583/2086/3508 3578/2088/3510 4344/2088/4237 4348/2086/4238
f 3560/2067/3487 3562/2069/3489 4335/2069/4239 4334/2067/4240
s 0
f 3577/2456/4241 3576/2456/4241 4342/2456/4241 4343/2456/4241
s 1
f 3574/2080/3502 3573/2079/3501 4340/2079/4242 4341/2080/4243
f 3573/2079/3501 3567/2071/3496 4339/2071/4236 4340/2079/4242
f 3581/2084/3506 3580/2083/3505 4345/2083/4244 4346/2084/4233
f 3565/2072/3495 3564/2410/4131 4337/2410/4245 4338/2072/4235
f 3563/2070/3490 3560/2067/3487 4334/2067/4240 4336/2070/4246
f 2/2/2 1181/1172/1165 4332/1172/4232 4331/2/4247
f 3580/2083/3505 3583/2086/3508 4348/2086/4238 4345/2083/4244
f 3564/2410/4131 3563/2070/3490 4336/2070/4246 4337/2410/4245
f 3576/2082/3504 3574/2080/3502 4341/2080/4243 4342/2082/4248
f 4339/2071/4236 4338/2072/4235 4349/2071/4249
s 0
f 4343/2456/4241 4342/2456/4241 4349/2456/4241
s 1
f 4341/2080/4243 4340/2079/4242 4349/2080/4249
f 4346/2084/4233 4345/2083/4244 4349/2084/4250
f 4334/2067/4240 4335/2069/4239 4349/2067/4249
f 4345/2083/4244 4348/2086/4238 4349/2083/4250
f 4336/2070/4246 4334/2067/4240 4349/2070/4249
f 4337/2410/4245 4336/2070/4246 4349/2410/4249
f 4342/2082/4248 4341/2080/4243 4349/2082/4249
f 4347/2085/4234 4346/2084/4233 4349/2085/4250
f 4348/2086/4238 4344/2088/4237 4349/2086/4250
f 4332/1172/4232 4333/1174/4231 4349/1172/4251
f 4340/2079/4242 4339/2071/4236 4349/2079/4249
f 4338/2072/4235 4337/2410/4245 4349/2072/4249
f 4331/2/4247 4332/1172/4232 4349/2/4251
