# Blender 5.2.1 LTS
# www.blender.org
mtllib EvoluedGodzilla_body.mtl
o Object_8
v 0.506486 -0.453087 0.289825
v 0.452172 -0.668461 0.362126
v 0.537091 -0.505987 0.149023
v -0.457562 -0.668461 0.362126
v -0.511876 -0.453087 0.289825
v -0.542482 -0.505987 0.149023
v 0.165516 -2.632253 -2.769497
v 0.157377 -2.674356 -2.916136
v 0.194984 -2.585328 -2.882686
v 0.161710 -2.517765 -2.522140
v 0.159676 -2.423784 -2.344809
v 0.219663 -2.437370 -2.516249
v -0.162767 -2.674356 -2.916136
v -0.170906 -2.632253 -2.769497
v -0.200374 -2.585328 -2.882686
v -0.165066 -2.423784 -2.344809
v -0.167100 -2.517765 -2.522140
v -0.225053 -2.437370 -2.516249
v -0.127681 -2.886245 -6.038778
v -0.134417 -2.878344 -6.068141
v -0.135125 -2.903869 -6.004951
v 0.028875 -3.094401 -5.844508
v 0.028830 -3.110423 -5.855584
v -0.000677 -3.083114 -5.825640
v -0.002695 0.881992 1.651464
v -0.002695 0.891481 1.584262
v 0.039826 0.884524 1.649421
v 0.055015 0.899442 1.582793
v 0.135123 0.918528 1.605590
v -0.002695 0.904613 1.542514
v 0.158126 0.935021 1.546389
v 0.048367 0.923196 1.534705
v -0.002695 0.908666 1.492584
v 0.051371 0.923502 1.482123
v 0.100811 0.939331 1.518625
v 0.116874 0.949172 1.442352
v 0.141205 0.949524 1.484107
v 0.172282 0.963660 1.513862
v 0.171999 0.976535 1.457415
v 0.156779 0.963832 1.418970
v 0.204041 0.987583 1.500269
v 0.227143 0.963245 1.495933
v 0.195664 1.021143 1.546202
v 0.173652 0.989895 1.579606
v 0.177117 1.005280 1.576456
v 0.197903 1.005460 1.444732
v 0.191035 0.992255 1.406979
v 0.216428 1.023023 1.397531
v 0.218170 1.016767 1.472157
v 0.229888 1.038360 1.436835
v 0.242445 1.079610 1.387019
v 0.240523 1.098358 1.434957
v 0.260866 1.148003 1.376924
v 0.254497 1.006699 1.486750
v 0.229614 1.035274 1.504566
v 0.228331 1.049056 1.474431
v 0.213561 1.017092 1.577126
v 0.175904 1.030611 1.600859
v 0.194079 1.045969 1.576542
v 0.207994 1.078817 1.564949
v 0.253420 1.164713 1.440010
v 0.263466 1.273918 1.374677
v 0.238450 1.254695 1.454214
v 0.253078 1.058874 1.499858
v 0.244719 1.085828 1.479549
v 0.234337 1.075836 1.512312
v 0.214641 1.042508 1.594727
v 0.193005 1.069782 1.588600
v 0.163922 1.060064 1.622256
v 0.139868 1.020649 1.638354
v 0.138276 1.066520 1.662418
v 0.189212 1.091035 1.604131
v 0.151893 1.090455 1.634642
v 0.128020 1.112298 1.661382
v 0.108624 1.067430 1.678497
v 0.103465 1.109412 1.695822
v 0.072488 1.087835 1.685490
v 0.074726 1.067154 1.685701
v 0.171479 1.118615 1.624491
v 0.150631 1.109206 1.672669
v 0.205110 1.121530 1.580718
v 0.186312 1.141442 1.640362
v 0.157991 1.135126 1.683826
v 0.208051 1.158241 1.596338
v 0.202318 1.176962 1.644390
v 0.219819 1.187617 1.612777
v 0.220777 1.212656 1.556699
v 0.226926 1.176161 1.542257
v 0.233820 1.127756 1.510736
v 0.222825 1.107197 1.537141
v 0.252430 1.090589 1.521314
v 0.232664 1.099131 1.514386
v 0.273840 1.099387 1.476890
v 0.230747 1.117036 1.476161
v 0.253797 1.140575 1.463601
v 0.234397 1.154446 1.509040
v 0.283474 1.159013 1.469497
v 0.242815 1.178624 1.488296
v 0.227323 1.222734 1.499572
v 0.219650 1.236778 1.520582
v 0.215781 1.271922 1.511591
v 0.248678 1.274773 1.480225
v 0.231234 1.286860 1.457582
v 0.269995 1.291723 1.438371
v 0.220975 1.306873 1.428160
v 0.208114 1.302340 1.478326
v 0.238037 1.276946 1.427903
v 0.194026 1.341328 1.422912
v 0.189228 1.331534 1.497768
v 0.186758 1.379277 1.374039
v 0.181693 1.375188 1.449917
v 0.341797 -0.176580 -0.473026
v 0.260694 -0.202360 -0.519340
v 0.249990 -0.138671 -0.558016
v 0.296138 -0.087683 -0.539727
v 0.278054 -0.055806 -0.619675
v 0.408213 -0.144399 -0.371199
v 0.348442 0.020740 -0.506016
v 0.289285 -0.025001 -0.581196
v 0.303162 0.003411 -0.582282
v 0.379616 -0.001077 -0.285426
v 0.361162 0.108419 -0.588370
v 0.371229 0.181284 -0.518576
v 0.320187 0.057585 -0.639656
v 0.357786 0.130945 -0.703802
v 0.344830 0.092501 -0.707211
v 0.365438 0.151025 -0.795212
v 0.359415 0.170666 -0.698883
v 0.366894 0.174690 -0.616217
v 0.364319 0.221225 -0.653482
v 0.380474 0.238289 -0.604557
v 0.403226 0.302270 -0.654866
v 0.378368 0.271507 -0.702083
v 0.374815 0.118112 -0.425146
v 0.386284 0.293156 -0.537597
v 0.419323 0.339907 -0.710096
v 0.393034 0.305009 -0.750514
v 0.407229 0.355267 -0.617687
v 0.435292 0.359659 -0.807134
v 0.409372 0.329671 -0.819609
v 0.427502 0.349571 -0.896760
v 0.420815 0.386553 -0.806965
v 0.406995 0.387172 -0.701921
v 0.401129 0.387765 -0.651416
v 0.409838 0.412545 -0.638268
v 0.378573 0.379609 -0.591264
v 0.357825 0.329218 -0.525931
v 0.364565 0.272290 -0.452171
v 0.349657 0.344111 -0.465958
v 0.354816 0.355854 -0.434085
v 0.356268 0.382858 -0.459109
v 0.335974 0.356290 -0.421802
v 0.333827 0.272445 -0.370670
v 0.315708 0.262853 -0.339036
v 0.350379 0.220342 -0.395550
v 0.341141 0.195986 -0.338103
v 0.321465 0.243059 -0.309220
v 0.318375 0.324300 -0.315035
v 0.290590 0.220357 -0.283986
v 0.334170 0.182456 -0.297897
v 0.349216 0.140469 -0.214432
v 0.271473 0.229151 -0.233648
v 0.250211 -0.255584 -0.552143
v 0.297819 -0.315707 -0.574693
v 0.271515 -0.205108 -0.611542
v 0.265556 -0.236851 -0.652821
v 0.287446 -0.283438 -0.675440
v 0.295646 -0.395502 -0.616860
v 0.310062 -0.233706 -0.787598
v 0.300272 -0.120505 -0.806054
v 0.302253 -0.166624 -0.843937
v 0.304304 -0.387803 -0.809342
v 0.286667 -0.587166 -0.730348
v 0.331117 -0.244638 -0.912895
v 0.320257 -0.165152 -0.898378
v 0.270408 -0.497468 -0.910300
v 0.180811 -0.667530 -0.922030
v 0.246037 -0.529117 -0.972483
v 0.318444 -0.379128 -1.005789
v 0.316217 -0.367667 -1.102741
v 0.312425 -0.278181 -1.034777
v 0.357060 -0.148675 -1.066656
v 0.346336 -0.101633 -1.063872
v 0.338635 -0.190808 -1.108585
v 0.381835 -0.094733 -1.294806
v 0.295744 0.780680 0.245420
v 0.336577 0.797047 0.218547
v 0.318848 0.739430 0.236005
v 0.305875 0.796309 0.280558
v 0.316323 0.788333 0.326577
v 0.316323 0.788333 0.326577
v 0.366171 0.843026 0.309081
v 0.339280 0.776340 0.409233
v 0.311911 0.852890 0.452968
v 0.338523 0.731932 0.311510
v 0.318848 0.739430 0.236005
v 0.336577 0.797047 0.218547
v 0.316323 0.788333 0.326577
v 0.311911 0.852890 0.452968
v 0.361544 0.923369 0.454516
v 0.336803 0.845495 0.525698
v 0.291101 0.912107 0.599743
v 0.398843 0.562750 0.244719
v 0.389392 0.610249 0.226202
v 0.471356 0.641928 0.224073
v 0.372536 0.664532 0.341105
v 0.398843 0.562750 0.244719
v 0.471356 0.641928 0.224073
v 0.394819 0.582551 0.304311
v 0.372536 0.664532 0.341105
v 0.271773 0.877659 0.062304
v 0.246598 0.808500 0.067639
v 0.141466 0.898361 0.169880
v 0.209057 0.958822 0.122156
v 0.270868 0.965695 0.016515
v 0.295541 0.948275 -0.004068
v 0.305598 0.991518 -0.042192
v 0.286868 0.988637 0.032851
v 0.259424 1.036635 0.083493
v 0.316646 1.057100 -0.012293
v 0.308319 1.088748 -0.006742
v 0.346805 1.109439 -0.054019
v 0.326944 1.134227 -0.014263
v 0.311321 1.159821 0.018778
v 0.361303 1.208659 -0.074564
v 0.281887 1.096721 0.088047
v 0.263561 1.101303 0.181421
v 0.204445 1.020905 0.253310
v 0.137252 1.009011 0.338202
v 0.349148 1.228302 -0.069927
v 0.385406 1.256366 -0.135546
v 0.359163 1.238576 -0.054966
v 0.326939 1.180811 0.048593
v 0.311329 1.142775 0.109042
v 0.303455 1.126810 0.163532
v 0.308626 1.159268 0.170787
v 0.239889 1.042742 0.299831
v 0.226398 1.055089 0.334906
v 0.202679 1.044545 0.379819
v 0.188673 1.075910 0.408371
v 0.127188 1.089759 0.431989
v 0.202503 1.139537 0.387191
v 0.057519 1.054064 0.402867
v 0.086928 0.982138 0.309548
v 0.062764 0.934452 0.202490
v 0.052988 0.875282 0.133428
v 0.046019 1.106236 0.463003
v 0.080128 1.134413 0.462880
v 0.164538 1.163802 0.407157
v 0.208988 1.184064 0.372314
v 0.241209 1.175702 0.341611
v 0.225156 1.215822 0.381173
v 0.145209 1.207880 0.425339
v 0.200865 1.261122 0.412902
v 0.288618 1.342286 0.362891
v 0.216703 1.272298 0.478457
v 0.149324 1.225492 0.474372
v 0.088176 1.196634 0.520614
v 0.173989 1.254714 0.544811
v 0.101192 1.221563 0.636208
v 0.246598 0.808500 0.067639
v 0.178894 0.775605 0.077996
v 0.141466 0.898361 0.169880
v 0.102619 0.777988 0.041615
v 0.141193 0.660156 -0.018222
v 0.042892 0.827050 0.086242
v 0.052988 0.875282 0.133428
v -0.002695 0.866488 0.090777
v 0.059636 0.913671 0.017444
v -0.002695 0.976757 0.057842
v 0.083126 0.664708 -0.025676
v 0.140347 0.563840 -0.087214
v 0.028213 1.032742 -0.011923
v -0.002695 1.120283 0.017664
v 0.035500 0.930571 -0.121195
v 0.025610 1.105285 -0.135282
v -0.002695 1.106577 -0.030283
v -0.002695 1.218608 -0.150318
v 0.076674 0.850197 -0.049948
v 0.025221 0.724344 -0.146304
v 0.059078 0.727247 -0.099392
v 0.041874 0.625312 -0.159407
v 0.052317 0.549392 -0.121737
v 0.087709 0.442266 -0.206038
v 0.182481 0.423833 -0.175062
v 0.006634 1.218742 -0.166020
v -0.002695 1.250656 -0.188386
v -0.002695 1.221500 -0.185719
v 0.015444 1.178483 -0.190481
v 0.012765 1.203163 -0.249742
v -0.002695 1.287403 -0.276103
v -0.002695 1.269552 -0.296865
v 0.023618 1.116019 -0.205742
v 0.052037 0.563855 -0.263027
v 0.131422 0.307521 -0.286444
v 0.207656 0.336301 -0.215710
v 0.020972 1.015826 -0.221425
v 0.078089 0.503033 -0.338368
v 0.184083 0.244100 -0.257497
v 0.263091 0.308929 -0.226681
v 0.271473 0.229151 -0.233648
v 0.243241 0.188336 -0.309079
v 0.290590 0.220357 -0.283986
v 0.152332 0.142058 -0.359236
v 0.203632 0.085324 -0.374300
v 0.098543 -0.006359 -0.449189
v 0.039529 0.184724 -0.590196
v 0.084267 0.323380 -0.463667
v 0.071150 0.581678 -0.484600
v 0.179334 -0.037478 -0.426363
v 0.094934 -0.200922 -0.514524
v 0.199420 -0.154164 -0.485552
v -0.002695 -0.130123 -0.563574
v -0.002695 -0.070191 -0.548993
v -0.002695 0.071353 -0.611306
v -0.002695 0.141961 -0.681455
v -0.002695 0.158549 -0.739926
v -0.002695 0.228478 -0.735153
v 0.053830 0.399502 -0.605732
v 0.035148 0.364567 -0.741379
v -0.002695 0.304496 -0.787625
v 0.061274 0.546075 -0.617355
v 0.049933 0.674933 -0.615613
v 0.012012 0.422215 -0.902220
v -0.002695 0.383816 -0.918742
v -0.002695 0.448755 -0.993200
v -0.002695 0.449955 -0.900056
v -0.002695 0.475061 -0.862019
v 0.022440 0.436039 -0.810485
v 0.019596 0.536477 -0.805600
v -0.002695 0.531519 -0.871666
v 0.025489 0.666609 -0.787813
v 0.013616 0.621046 -0.887799
v -0.002695 0.581904 -0.926496
v -0.002695 0.640031 -0.976794
v -0.002695 0.673932 -0.888527
v -0.002695 0.712118 -0.847625
v 0.025477 0.751930 -0.795557
v -0.002695 0.757722 -0.861600
v 0.023554 0.850396 -0.851212
v -0.002695 0.782874 -0.913789
v 0.019646 0.894907 -0.946872
v -0.002695 0.814544 -0.968905
v -0.002695 0.908979 -1.136920
v 0.032075 0.813129 -0.742788
v 0.008100 0.938075 -1.134902
v -0.002695 0.937490 -1.225750
v -0.002695 0.966038 -1.127323
v -0.002695 0.989427 -0.968098
v -0.002695 0.988732 -0.879041
v 0.014560 0.933971 -0.884166
v -0.002695 0.953241 -0.870864
v 0.017203 0.924830 -0.833044
v -0.002695 0.958032 -0.838929
v 0.013696 0.951678 -0.790751
v -0.002695 1.016009 -0.769897
v -0.002695 0.959675 -0.730939
v 0.011097 0.921879 -0.738375
v 0.025014 0.859007 -0.647130
v 0.010923 0.939698 -0.669805
v -0.002695 1.007984 -0.623951
v -0.002695 0.883319 -0.609093
v 0.021282 0.850981 -0.574928
v -0.002695 0.886049 -0.580283
v 0.019815 0.791966 -0.440526
v 0.012622 0.943247 -0.519858
v -0.002695 0.951340 -0.547789
v -0.002695 0.988948 -0.501191
v -0.002695 0.896302 -0.473139
v 0.016250 0.854942 -0.496139
v 0.014843 0.867381 -0.442695
v -0.002695 0.925305 -0.404288
v -0.002695 0.807405 -0.390548
v 0.021138 0.763754 -0.378692
v 0.039838 0.614990 -0.335392
v 0.008723 0.830002 -0.298540
v -0.002695 0.857252 -0.326852
v -0.002695 0.865474 -0.271095
v -0.002695 0.736396 -0.279922
v 0.022612 0.734314 -0.328119
v -0.002695 0.638392 -0.248892
v -0.002695 0.654338 -0.203567
v -0.002695 0.697970 -0.238582
v -0.002695 0.738180 -0.198010
v -0.002695 0.825829 -0.211977
v -0.002695 0.872415 -0.244507
v 0.015788 0.929099 -0.234954
v -0.002695 0.939902 -0.322007
v -0.002695 0.974624 -0.256374
v -0.002695 1.073869 -0.391942
v -0.002695 1.077815 -0.264343
v -0.002695 1.115980 -0.298645
v 0.017215 1.163427 -0.287664
v -0.002695 1.137742 -0.355920
v 0.009610 1.219857 -0.314676
v 0.005240 1.157521 -0.357700
v -0.002695 1.170688 -0.426867
v -0.002695 1.180618 -0.366391
v 0.005787 1.270106 -0.408872
v -0.002695 1.297290 -0.415794
v -0.002695 1.234004 -0.430063
v -0.002695 1.318244 -0.556635
v 0.178894 0.775605 0.077996
v 0.246598 0.808500 0.067639
v 0.271906 0.811778 0.004289
v 0.222447 0.754621 -0.067580
v 0.337430 0.875964 -0.094469
v 0.141193 0.660156 -0.018222
v 0.326265 0.842536 -0.103438
v 0.230801 0.662626 -0.165155
v 0.140347 0.563840 -0.087214
v 0.291483 0.786160 -0.136227
v 0.315855 0.710331 -0.230172
v 0.347353 0.854660 -0.144685
v 0.332229 0.834635 -0.180363
v 0.377648 0.894514 -0.199949
v 0.263211 0.534838 -0.226628
v 0.182481 0.423833 -0.175062
v 0.337648 0.608794 -0.297173
v 0.348030 0.537749 -0.354437
v 0.292229 0.455537 -0.280880
v 0.289040 0.375711 -0.297297
v 0.207656 0.336301 -0.215710
v 0.263091 0.308929 -0.226681
v 0.359639 0.655383 -0.302257
v 0.403695 0.736529 -0.356363
v 0.383197 0.779121 -0.338687
v 0.437635 0.783181 -0.424992
v 0.429462 0.817655 -0.394501
v 0.371600 0.827502 -0.295866
v 0.416770 0.869789 -0.373870
v 0.459056 0.889186 -0.451562
v 0.450823 0.924145 -0.448569
v 0.495676 0.952130 -0.524120
v 0.464876 0.945335 -0.424337
v 0.429807 0.913145 -0.338172
v 0.386172 0.876056 -0.232249
v 0.373438 0.881435 -0.215653
v 0.397119 0.901366 -0.241671
v 0.316323 0.788333 0.326577
v 0.316513 0.830142 0.337470
v 0.366171 0.843026 0.309081
v 0.311911 0.852890 0.452968
v 0.311911 0.852890 0.452968
v 0.295270 0.914731 0.493217
v 0.361544 0.923369 0.454516
v 0.291101 0.912107 0.599743
v 0.191837 1.291251 1.566653
v 0.254642 1.255768 1.537543
v 0.205703 1.342327 1.582655
v 0.169013 1.364678 1.514132
v 0.231320 1.236423 1.564140
v 0.201816 1.256756 1.593498
v 0.251487 1.232720 1.582286
v 0.233963 1.220686 1.603119
v 0.205181 1.239604 1.619458
v 0.244639 1.213101 1.617636
v 0.222108 1.208502 1.642326
v 0.233810 1.199850 1.667453
v 0.209930 1.200394 1.680432
v 0.197521 1.222576 1.662472
v 0.221253 1.284416 1.607307
v 0.190287 1.227384 1.686392
v 0.216098 1.186326 1.700006
v 0.171328 1.200443 1.746100
v 0.208963 1.245058 1.664115
v 0.142257 1.240837 1.717152
v 0.123727 1.233994 1.741282
v 0.127667 1.217827 1.792393
v 0.098725 1.232564 1.768775
v 0.096813 1.219714 1.807847
v 0.210415 1.316093 1.600865
v 0.169223 1.283237 1.643132
v 0.196581 1.315707 1.589885
v 0.180828 1.350308 1.592551
v 0.146285 1.277287 1.673042
v 0.153132 1.306157 1.669217
v 0.159718 1.322092 1.634384
v 0.134389 1.264143 1.713774
v 0.141809 1.285397 1.696209
v 0.135981 1.248391 1.722923
v 0.125694 1.265499 1.726259
v 0.175685 1.372466 1.578426
v 0.190881 1.396442 1.526748
v 0.106754 1.409135 1.575392
v 0.206577 1.425477 1.440027
v 0.197049 1.406490 1.372239
v 0.110426 1.421905 1.515298
v 0.113341 1.433371 1.436638
v 0.141009 1.425323 1.379085
v 0.094943 1.432078 1.372130
v 0.201700 1.377594 1.592325
v 0.161169 1.372560 1.600194
v 0.171424 1.355826 1.620362
v 0.146374 1.355229 1.639717
v 0.186381 1.358400 1.636142
v 0.158436 1.337972 1.657679
v 0.023211 1.461248 1.475297
v 0.037975 1.457820 1.428794
v 0.039483 1.440385 1.510660
v 0.052133 1.453501 1.368966
v 0.049582 1.446975 1.364466
v -0.002695 1.467650 1.362008
v -0.002695 1.492881 1.369030
v -0.002695 1.466497 1.440831
v 0.010305 1.466479 1.444164
v -0.002695 1.490460 1.436193
v -0.002695 1.445979 1.549259
v 0.013162 1.443119 1.553661
v -0.002695 1.458046 1.554754
v -0.002695 1.389892 1.681844
v 0.095073 1.376530 1.651320
v 0.007050 1.377260 1.683675
v 0.084897 1.347167 1.719581
v -0.002695 1.345928 1.748835
v 0.143307 1.340868 1.678247
v 0.182722 1.344903 1.670924
v 0.164558 1.324184 1.691637
v 0.137185 1.325550 1.711388
v 0.157730 1.297434 1.693959
v 0.142382 1.289899 1.719372
v 0.135847 1.276067 1.710733
v 0.129448 1.272804 1.721377
v 0.175096 1.324204 1.702853
v 0.157617 1.314861 1.718979
v 0.138723 1.317162 1.736051
v 0.124210 1.274415 1.741720
v 0.167855 1.318619 1.727612
v 0.149167 1.304893 1.744347
v 0.134588 1.310349 1.754339
v 0.132165 1.286088 1.747153
v 0.069740 1.317512 1.770730
v 0.151813 1.305044 1.757868
v 0.139579 1.298955 1.777981
v 0.057681 1.292903 1.805481
v -0.002695 1.295791 1.803089
v 0.031830 1.273982 1.826846
v -0.002695 1.277416 1.820820
v -0.002695 1.266266 1.827828
v 0.119134 1.304290 1.769615
v 0.023818 1.255972 1.830468
v -0.002695 1.250626 1.846748
v 0.025407 1.242942 1.848921
v 0.046585 1.251146 1.834486
v 0.050094 1.240551 1.847271
v 0.076575 1.230790 1.847064
v 0.066849 1.248717 1.816566
v 0.070407 1.268284 1.838579
v 0.081619 1.236620 1.785590
v 0.080535 1.285343 1.820706
v 0.103825 1.290668 1.799162
v 0.112245 1.295377 1.787084
v 0.126323 1.292426 1.779367
v 0.118278 1.279902 1.765425
v 0.103356 1.269623 1.787496
v 0.126674 1.294402 1.788356
v 0.112342 1.284122 1.794555
v 0.113875 1.272932 1.754111
v 0.115429 1.290268 1.808595
v 0.104635 1.285230 1.811555
v 0.102324 1.267542 1.760582
v 0.113119 1.269326 1.752177
v 0.122846 1.269522 1.741112
v 0.105783 1.290299 1.821921
v 0.084632 1.277896 1.828390
v 0.083220 1.262540 1.808585
v 0.072601 1.248089 1.786218
v 0.088322 1.258169 1.771358
v 0.082745 1.240333 1.761484
v 0.091883 1.257365 1.759808
v 0.102632 1.240427 1.754672
v 0.104415 1.262963 1.756454
v 0.097432 1.252991 1.756924
v 0.120079 1.238694 1.738956
v 0.111414 1.267708 1.750878
v 0.118865 1.268455 1.739195
v 0.103805 1.262726 1.753256
v 0.120653 1.265175 1.727760
v 0.100466 1.256017 1.752162
v 0.121571 1.259022 1.731818
v 0.106938 1.251380 1.752012
v 0.106913 1.253132 1.749949
v 0.115628 1.250239 1.746477
v 0.113940 1.252421 1.745058
v 0.118964 1.254526 1.737142
v 0.122166 1.253292 1.738327
v 0.124919 1.258457 1.731004
v -0.002695 0.866488 0.090777
v -0.002695 1.042603 0.058407
v 0.052988 0.875282 0.133428
v -0.002695 1.037486 0.084386
v 0.034808 1.013126 0.159748
v 0.062764 0.934452 0.202490
v 0.022158 1.133381 0.113871
v -0.002695 1.111597 0.059740
v -0.002695 1.192734 0.006081
v 0.057003 1.065998 0.268824
v 0.086928 0.982138 0.309548
v 0.057519 1.054064 0.402867
v 0.029313 1.142522 0.370594
v 0.046019 1.106236 0.463003
v 0.022806 1.167448 0.185370
v 0.002784 1.207961 0.010624
v -0.002695 1.221588 -0.015149
v -0.002695 1.228837 0.019934
v 0.014479 1.210339 0.077292
v 0.017467 1.239360 0.251094
v 0.017288 1.260252 0.126644
v 0.013531 1.265877 0.057434
v 0.007849 1.289478 0.003129
v -0.002695 1.271803 -0.022873
v -0.002695 1.317573 -0.066035
v -0.002695 1.333019 -0.043282
v 0.008841 1.343940 0.025925
v 0.004778 1.411681 -0.052831
v -0.002695 1.397379 -0.064360
v -0.002695 1.466454 -0.129564
v -0.002695 1.433012 -0.043748
v -0.002695 1.394865 0.024734
v -0.002695 1.364064 0.113191
v 0.010801 1.312842 0.187619
v -0.002695 1.441599 0.097795
v -0.002695 1.349229 0.206658
v -0.002695 1.291814 0.291259
v -0.002695 1.207936 0.356608
v 0.001937 1.214425 0.362436
v -0.002695 1.231874 0.358650
v -0.002695 1.210864 0.376398
v -0.002695 1.172396 0.387751
v 0.021017 1.163813 0.421719
v -0.002695 1.171340 0.408418
v -0.002695 1.198535 0.397292
v 0.026018 1.213955 0.452697
v -0.002695 1.218144 0.397030
v -0.002695 1.235195 0.422894
v 0.043941 1.179065 0.482864
v 0.080128 1.134413 0.462880
v 0.088176 1.196634 0.520614
v 0.051518 1.223394 0.536885
v 0.101192 1.221563 0.636208
v 0.027033 1.283344 0.570031
v 0.015334 1.300236 0.460195
v -0.002695 1.284160 0.425261
v 0.034799 1.270249 0.504608
v 0.018276 1.320713 0.528133
v -0.002695 1.340390 0.543550
v -0.002695 1.358631 0.515244
v 0.009542 1.340786 0.492498
v -0.002695 1.356644 0.500303
v 0.007030 1.385908 0.453422
v -0.002695 1.396258 0.465507
v -0.002695 1.434176 0.433391
v 0.009430 1.314245 0.419430
v -0.002695 1.283989 0.408082
v -0.002695 1.297657 0.368727
v -0.002695 1.343647 0.370346
v 0.013880 1.372171 0.422122
v 0.009667 1.410813 0.391120
v -0.002695 1.384194 0.351748
v -0.002695 1.512645 0.302547
v -0.002695 1.423698 0.408234
v -0.002695 1.424676 0.419582
v 0.001165 1.431338 0.424347
v -0.002695 1.451682 0.407681
v 0.180553 -0.298209 -0.576086
v 0.250211 -0.255584 -0.552143
v 0.271515 -0.205108 -0.611542
v 0.265556 -0.236851 -0.652821
v 0.223582 -0.276974 -0.679546
v 0.135899 -0.473874 -0.755254
v 0.254202 -0.235342 -0.797292
v 0.300272 -0.120505 -0.806054
v 0.302253 -0.166624 -0.843937
v 0.215759 -0.354303 -0.813055
v 0.271739 -0.229793 -0.913749
v 0.320257 -0.165152 -0.898378
v 0.219656 -0.484581 -0.915773
v 0.180811 -0.667530 -0.922030
v 0.246037 -0.529117 -0.972483
v 0.272753 -0.369589 -1.001776
v 0.316217 -0.367667 -1.102741
v 0.312425 -0.278181 -1.034777
v 0.320559 -0.143867 -1.073028
v 0.346336 -0.101633 -1.063872
v 0.338635 -0.190808 -1.108585
v 0.381835 -0.094733 -1.294806
v 0.260694 -0.202360 -0.519340
v 0.199420 -0.154164 -0.485552
v 0.249990 -0.138671 -0.558016
v 0.235707 -0.067238 -0.560326
v 0.278054 -0.055806 -0.619675
v 0.179334 -0.037478 -0.426363
v 0.248070 0.054344 -0.522880
v 0.289285 -0.025001 -0.581196
v 0.303162 0.003411 -0.582282
v 0.203632 0.085324 -0.374300
v 0.295434 0.105090 -0.586942
v 0.280049 0.195170 -0.529534
v 0.320187 0.057585 -0.639656
v 0.233460 0.125666 -0.444486
v 0.265891 0.216232 -0.396443
v 0.243241 0.188336 -0.309079
v 0.339522 0.126961 -0.708552
v 0.344830 0.092501 -0.707211
v 0.365438 0.151025 -0.795212
v 0.359415 0.170666 -0.698883
v 0.319572 0.178982 -0.623435
v 0.364319 0.221225 -0.653482
v 0.323359 0.256843 -0.600006
v 0.288368 0.245848 -0.314610
v 0.290590 0.220357 -0.283986
v 0.318375 0.324300 -0.315035
v 0.315708 0.262853 -0.339036
v 0.303492 0.272612 -0.378774
v 0.335974 0.356290 -0.421802
v 0.315115 0.287581 -0.470921
v 0.332049 0.357390 -0.445526
v 0.356268 0.382858 -0.459109
v 0.349657 0.344111 -0.465958
v 0.357825 0.329218 -0.525931
v 0.331008 0.303971 -0.541540
v 0.378573 0.379609 -0.591264
v 0.363138 0.365164 -0.629356
v 0.409838 0.412545 -0.638268
v 0.401129 0.387765 -0.651416
v 0.368726 0.336534 -0.725290
v 0.406995 0.387172 -0.701921
v 0.420815 0.386553 -0.806965
v 0.349454 0.307011 -0.667146
v 0.378368 0.271507 -0.702083
v 0.393034 0.305009 -0.750514
v 0.395038 0.355072 -0.815487
v 0.427502 0.349571 -0.896760
v 0.409372 0.329671 -0.819609
v 0.199420 -0.154164 -0.485552
v 0.260694 -0.202360 -0.519340
v 0.250211 -0.255584 -0.552143
v 0.180553 -0.298209 -0.576086
v 0.094934 -0.200922 -0.514524
v 0.097126 -0.278028 -0.604292
v -0.002695 -0.130123 -0.563574
v -0.002695 -0.087913 -0.617884
v 0.070169 -0.462363 -0.764731
v 0.135899 -0.473874 -0.755254
v 0.018387 -0.045961 -0.682866
v -0.002695 0.077712 -0.665499
v -0.002695 0.010727 -0.700058
v -0.002695 0.040446 -0.782164
v 0.050823 -0.300994 -0.861404
v 0.028442 -0.027140 -0.854694
v 0.025226 -0.224465 -1.073890
v -0.002695 -0.368340 -1.027508
v -0.002695 -0.441257 -0.970431
v -0.002695 -0.308898 -1.154113
v -0.002695 -0.497535 -0.948909
v -0.002695 -0.276577 -1.143625
v 0.053317 -0.647211 -0.896040
v 0.180811 -0.667530 -0.922030
v -0.002695 -0.534118 -0.972835
v 0.110682 -0.726963 -0.977644
v 0.008802 0.214000 -0.922238
v -0.002695 0.246607 -0.881209
v -0.002695 0.292466 -0.930818
v -0.002695 0.198585 -0.985952
v 0.027049 0.090836 -1.033121
v 0.024382 -0.029328 -1.191917
v -0.002695 0.212747 -1.039294
v 0.025756 0.154494 -1.106710
v -0.002695 0.336092 -1.159068
v -0.002695 0.289829 -1.207029
v 0.036655 -0.587021 -1.012921
v 0.039483 -0.619787 -1.180311
v 0.092181 -0.767105 -1.070130
v 0.038087 -0.806749 -1.247274
v 0.084282 -0.873471 -1.118472
v -0.002695 -0.939676 -1.189865
v -0.002695 -0.972866 -1.326992
v -0.002695 -0.835948 -1.367593
v 0.016687 -0.479089 -1.044193
v -0.002695 -0.448500 -0.996344
v -0.002695 -0.417891 -1.022180
v -0.002695 -0.423340 -1.081860
v 0.009849 -0.443955 -1.139163
v -0.002695 -0.370750 -1.125223
v -0.002695 -0.392660 -1.212916
v 0.029614 -0.499893 -1.310868
v -0.002695 -0.251155 -1.449943
v -0.002695 -0.336491 -1.457494
v 0.024007 -0.715301 -1.417991
v -0.002695 -0.726933 -1.656534
v -0.002695 -0.628920 -1.484054
v 0.024878 -0.604994 -1.410575
v -0.002695 -0.556011 -1.522663
v 0.022024 -0.451750 -1.463141
v -0.002695 -0.352675 -1.839965
v 0.074404 1.043693 1.700990
v 0.120859 1.050156 1.690600
v 0.125799 0.991048 1.670295
v 0.097827 1.018336 1.726998
v 0.069601 1.019239 1.727925
v 0.089488 0.987679 1.764399
v 0.062657 0.997464 1.749421
v 0.115682 0.970389 1.700886
v 0.067097 0.990663 1.791909
v 0.049790 0.988233 1.773808
v 0.044696 0.979480 1.806381
v 0.081463 0.975009 1.807290
v 0.058078 0.974828 1.839863
v 0.041117 0.971571 1.831916
v 0.027535 0.961482 1.862300
v 0.095818 0.948572 1.749422
v 0.081703 0.938033 1.796472
v 0.088679 0.898161 1.721303
v 0.103868 0.910080 1.674196
v 0.076405 0.893446 1.776274
v 0.071134 0.928779 1.831881
v 0.064675 0.966288 1.842715
v 0.051855 0.960152 1.872274
v 0.039731 0.968601 1.869682
v 0.026360 0.963961 1.883229
v -0.002695 0.957886 1.871191
v -0.002695 0.961494 1.884689
v -0.002695 0.958117 1.898944
v 0.029847 0.955483 1.892063
v -0.002695 0.942722 1.897809
v 0.056091 0.917784 1.869545
v 0.030454 0.904095 1.878336
v -0.002695 0.899905 1.882274
v 0.036452 0.865875 1.843017
v -0.002695 0.861128 1.850010
v 0.059992 0.875929 1.831227
v 0.006967 0.853051 1.840527
v -0.002695 0.858744 1.818636
v 0.019569 0.858350 1.835505
v 0.022652 0.856837 1.818035
v -0.002695 0.870364 1.762203
v 0.031837 0.850153 1.817650
v 0.036889 0.858156 1.817532
v 0.070668 0.884873 1.808487
v 0.048684 0.854404 1.797769
v 0.035626 0.870288 1.767622
v 0.059662 0.871355 1.790903
v 0.076640 0.872537 1.763798
v 0.070335 0.886350 1.758386
v 0.036287 0.882186 1.711444
v -0.002695 0.880692 1.711461
v 0.157721 0.974650 1.603587
v 0.165118 0.957402 1.557023
v -0.002695 1.005564 1.739379
v -0.002695 0.992489 1.745120
v 0.012107 1.008035 1.728450
v 0.020165 0.990775 1.732225
v 0.020927 1.017481 1.687028
v 0.052607 1.013760 1.680489
v 0.031529 1.025129 1.663928
v 0.050745 1.036493 1.655673
v 0.029026 0.992525 1.753004
v 0.015824 0.979521 1.785418
v -0.002695 0.975394 1.787462
v -0.002695 0.959825 1.825672
v 0.050490 0.986086 1.726613
v 0.069601 1.019239 1.727925
v 0.074404 1.043693 1.700990
v 0.056943 1.053400 1.662675
v 0.074726 1.067154 1.685701
v 0.062657 0.997464 1.749421
v 0.060956 1.070101 1.666095
v 0.049790 0.988233 1.773808
v 0.072488 1.087835 1.685490
v 0.041301 0.975204 1.762475
v 0.038614 0.960537 1.795520
v 0.044696 0.979480 1.806381
v 0.029287 0.955038 1.821646
v 0.041117 0.971571 1.831916
v 0.027535 0.961482 1.862300
v 0.006374 0.972788 1.835059
v 0.017689 0.956316 1.850188
v 0.001406 0.963207 1.850942
v -0.002695 0.946768 1.848346
v 0.003190 0.953168 1.857805
v -0.002695 0.957886 1.871191
v 0.036493 1.009323 1.529983
v -0.002695 1.001925 1.530356
v -0.002695 1.046655 1.554361
v 0.030042 1.049376 1.557204
v 0.049778 1.011013 1.535819
v -0.002695 1.077518 1.617022
v 0.048761 1.059860 1.576109
v 0.032082 1.078956 1.625437
v -0.002695 1.080672 1.669084
v 0.051353 1.069958 1.625052
v 0.034555 1.083106 1.676864
v -0.002695 1.070685 1.727491
v 0.060956 1.070101 1.666095
v 0.032596 1.071322 1.729214
v -0.002695 1.048165 1.770158
v 0.061426 1.069654 1.689488
v 0.056943 1.053400 1.662675
v 0.048109 1.040463 1.680519
v 0.050745 1.036493 1.655673
v 0.031529 1.025129 1.663928
v 0.020927 1.017481 1.687028
v 0.041219 1.031831 1.712311
v 0.012107 1.008035 1.728450
v 0.032889 1.022866 1.751734
v -0.002695 1.005564 1.739379
v -0.002695 1.006492 1.754684
v 0.054896 1.059135 1.724411
v 0.041778 1.044692 1.758721
v 0.012871 1.004785 1.793404
v -0.002695 1.000645 1.794212
v 0.020939 1.013582 1.804665
v 0.018384 1.024654 1.804598
v -0.002695 1.030252 1.803159
v 0.008805 1.011082 1.836763
v -0.002695 1.010991 1.841530
v -0.002695 1.018662 1.839592
v 0.009270 1.018249 1.834836
v 0.173209 1.166250 1.700264
v 0.142261 1.186481 1.741441
v 0.147283 1.157075 1.736561
v 0.139285 1.115054 1.717926
v 0.105479 1.089560 1.766195
v 0.110339 1.153461 1.802380
v 0.100368 1.092994 1.798231
v 0.123541 1.092753 1.701784
v 0.111693 1.090913 1.726001
v 0.094450 1.099809 1.724158
v 0.091111 1.084695 1.766207
v 0.086974 1.090167 1.795404
v 0.080402 1.087908 1.835773
v 0.093695 1.093691 1.839382
v 0.067907 1.087988 1.872868
v 0.086882 1.094343 1.878282
v 0.057255 1.085667 1.905026
v 0.105059 1.152711 1.843070
v 0.069220 1.094995 1.913369
v 0.039127 1.082703 1.925298
v 0.097023 1.148930 1.887163
v 0.041404 1.094409 1.949135
v 0.076240 1.144518 1.929988
v 0.085751 1.189595 1.890149
v 0.014431 1.086223 1.937642
v 0.011075 1.084777 1.929429
v 0.009093 1.080093 1.929357
v -0.002695 1.079265 1.934211
v -0.002695 1.096755 1.952698
v 0.043000 1.144498 1.954366
v -0.002695 1.145467 1.963726
v 0.019700 1.197748 1.959472
v -0.002695 1.196433 1.960710
v 0.019168 1.219618 1.940021
v 0.038606 1.221577 1.938168
v -0.002695 1.220477 1.942168
v -0.002695 1.231978 1.907553
v 0.021097 1.227862 1.909078
v -0.002695 1.237028 1.876912
v 0.024527 1.236632 1.885852
v 0.045456 1.204830 1.952116
v 0.042307 1.233192 1.913640
v 0.060100 1.247307 1.863682
v 0.062309 1.192294 1.940868
v 0.069053 1.200064 1.919477
v 0.057335 1.214552 1.937156
v 0.067979 1.220173 1.892657
v 0.092632 1.196754 1.844732
v 0.061191 1.214729 1.923185
v 0.054677 1.223588 1.951186
v 0.057539 1.233781 1.928348
v 0.057384 1.241900 1.905500
v 0.055818 1.237084 1.901736
v 0.059101 1.245226 1.892184
v 0.056021 1.239983 1.885187
v 0.066228 1.231783 1.873283
v 0.061803 1.238669 1.855344
v 0.099021 1.195576 1.805449
v 0.115874 1.180523 1.779445
v -0.002695 1.079265 1.934211
v -0.002695 1.105474 1.917884
v 0.009093 1.080093 1.929357
v 0.011075 1.084777 1.929429
v 0.030274 1.102777 1.915949
v 0.039127 1.082703 1.925298
v 0.024258 1.096815 1.891287
v -0.002695 1.099521 1.840745
v 0.054237 1.094384 1.847517
v 0.047252 1.105514 1.898903
v 0.057255 1.085667 1.905026
v 0.067907 1.087988 1.872868
v 0.059803 1.110085 1.863519
v 0.080402 1.087908 1.835773
v 0.069398 1.109922 1.830447
v 0.086974 1.090167 1.795404
v 0.074664 1.110330 1.794214
v 0.091111 1.084695 1.766207
v 0.020384 1.090730 1.800133
v -0.002695 1.145449 1.795525
v -0.002695 1.118729 1.756054
v 0.078437 1.107729 1.759579
v 0.094450 1.099809 1.724158
v 0.063895 1.096432 1.777411
v 0.010470 1.108614 1.751122
v 0.083716 1.123684 1.704884
v 0.103465 1.109412 1.695822
v 0.066550 1.099314 1.707859
v 0.035510 1.097184 1.681954
v -0.002695 1.154662 1.664402
v 0.023631 1.099132 1.651464
v 0.051353 1.069958 1.625052
v -0.002695 1.157664 1.554299
v 0.033651 1.097467 1.586077
v 0.048761 1.059860 1.576109
v 0.029586 1.092510 1.519787
v -0.002695 1.094612 1.489615
v 0.045026 1.022710 1.480683
v -0.002695 1.024916 1.440058
v 0.010867 0.958458 1.891546
v 0.010196 0.961311 1.885484
v 0.005997 0.976817 1.894371
v 0.004579 0.959032 1.894753
v 0.000677 0.962280 1.886999
v 0.010196 0.961311 1.885484
v 0.027825 0.958138 1.887594
v 0.026390 0.960017 1.882635
v 0.023077 0.973711 1.888001
v 0.023052 0.958475 1.889087
v 0.020600 0.960274 1.884106
v 0.026390 0.960017 1.882635
v 0.035910 0.971011 1.879247
v 0.034461 0.959740 1.878492
v 0.035633 0.958916 1.883391
v 0.039475 0.959147 1.882437
v 0.038791 0.961102 1.878183
v 0.034461 0.959740 1.878492
v 0.042566 0.989846 1.873134
v 0.042389 0.956339 1.860694
v 0.040209 0.955164 1.867993
v 0.048786 0.952838 1.865803
v 0.047956 0.957460 1.856472
v 0.042389 0.956339 1.860694
v 0.058917 0.974887 1.867499
v 0.052986 0.948162 1.857589
v 0.052713 0.947578 1.862491
v 0.057422 0.945953 1.861293
v 0.058445 0.947846 1.855654
v 0.052986 0.948162 1.857589
v 0.077536 0.977620 1.828187
v 0.066987 0.964930 1.824779
v 0.067862 0.963989 1.829734
v 0.072353 0.961903 1.827175
v 0.070756 0.964007 1.822252
v 0.066987 0.964930 1.824779
v 0.077398 0.988088 1.804730
v 0.069323 0.979925 1.800125
v 0.071510 0.976796 1.807558
v 0.078647 0.976519 1.803733
v 0.076706 0.978295 1.797038
v 0.069323 0.979925 1.800125
v 0.083567 0.991644 1.763283
v 0.078707 0.989644 1.766971
v 0.084248 1.002316 1.771928
v 0.085243 0.989032 1.769216
v 0.081296 0.987636 1.773363
v 0.078707 0.989644 1.766971
v 0.079054 1.013679 1.751617
v 0.076113 1.003490 1.741088
v 0.079378 1.000817 1.749832
v 0.084807 1.002468 1.746329
v 0.082112 1.004996 1.739043
v 0.076113 1.003490 1.741088
v 0.092776 1.096185 1.766170
v 0.098406 1.063781 1.763768
v 0.096935 1.093838 1.780486
v 0.103699 1.097921 1.762105
v 0.099007 1.092214 1.752412
v 0.092776 1.096185 1.766170
v 0.062915 1.058455 1.890218
v 0.063745 1.092002 1.906975
v 0.062038 1.093844 1.897187
v 0.069308 1.093041 1.902044
v 0.067830 1.093035 1.888412
v 0.062038 1.093844 1.897187
v 0.046965 1.069286 1.916392
v 0.043260 1.096490 1.925753
v 0.045930 1.094522 1.919118
v 0.050817 1.094960 1.926220
v 0.054009 1.095899 1.917337
v 0.045930 1.094522 1.919118
v 0.034999 1.083955 1.927651
v 0.035220 1.101495 1.926943
v 0.047116 1.099868 1.933880
v 0.047058 1.083534 1.931979
v 0.035455 1.062328 1.931906
v 0.040086 1.085077 1.942631
v 0.039325 1.102703 1.943719
v 0.028508 1.085356 1.936120
v 0.034999 1.083955 1.927651
v 0.028569 1.103222 1.938205
v 0.035220 1.101495 1.926943
v 0.010098 1.092959 1.941258
v 0.015618 1.090172 1.942340
v 0.007912 1.082159 1.944800
v 0.015392 1.094281 1.948275
v 0.007596 1.093724 1.947880
v 0.010098 1.092959 1.941258
v -0.002695 0.723437 1.367970
v -0.002695 0.638210 1.319932
v 0.081239 0.654522 1.280309
v 0.085415 0.721904 1.319871
v -0.002695 0.789509 1.420037
v 0.159241 0.672005 1.244018
v 0.078382 0.828141 1.395380
v 0.157968 0.753192 1.289157
v 0.146143 0.794882 1.330266
v -0.002695 0.548417 1.282675
v 0.100489 0.565187 1.257654
v 0.212771 0.558069 1.222078
v 0.255875 0.652391 1.207085
v 0.334839 0.604269 1.211655
v 0.298556 0.523780 1.234990
v 0.374499 0.512711 1.249531
v 0.395697 0.577857 1.217122
v 0.435938 0.642358 1.169180
v 0.382430 0.678833 1.109708
v 0.485689 0.662532 1.025099
v 0.245667 0.720548 1.214841
v 0.329681 0.763370 1.141521
v 0.434236 0.709819 1.005188
v 0.225949 0.763693 1.258961
v 0.487118 0.736176 0.925170
v 0.499568 0.649305 0.858018
v 0.380550 0.809840 1.023719
v 0.285958 0.796199 1.210988
v 0.342435 0.897358 1.067805
v 0.233958 0.766914 1.271400
v 0.260712 0.827379 1.216505
v 0.184502 0.830976 1.314386
v 0.142158 0.828928 1.353212
v 0.306516 0.937755 1.130262
v 0.287962 0.833712 1.231581
v 0.174141 0.899416 1.381915
v 0.129413 0.912101 1.417850
v 0.245828 0.888469 1.279644
v 0.280353 0.966852 1.231958
v 0.304327 0.990524 1.039191
v 0.291787 1.002986 1.113023
v 0.333073 0.940061 0.976720
v 0.291718 1.032158 1.216719
v 0.266148 0.989301 1.322363
v 0.278857 1.055196 1.330845
v 0.244545 0.967017 1.331544
v 0.209190 0.932411 1.350451
v 0.397640 0.838821 0.931564
v 0.260792 1.016192 1.349162
v 0.242445 1.079610 1.387019
v 0.216428 1.023023 1.397531
v 0.274348 0.975067 1.338001
v 0.265903 0.950583 1.357071
v 0.191035 0.992255 1.406979
v 0.241062 0.909978 1.367467
v 0.189515 0.899544 1.398773
v 0.156779 0.963832 1.418970
v 0.116874 0.949172 1.442352
v 0.064430 0.866300 1.464041
v -0.002695 0.849939 1.478574
v -0.002695 0.908666 1.492584
v 0.051371 0.923502 1.482123
v 0.508893 -0.379475 0.354529
v 0.542305 -0.253082 0.173078
v 0.563435 -0.187418 0.219405
v 0.544649 -0.250561 0.438199
v 0.595453 -0.015937 0.340467
v 0.393407 -0.419698 0.442883
v 0.571878 -0.078011 0.526183
v 0.588525 0.164686 0.450360
v 0.447337 -0.281543 0.515292
v 0.410957 -0.550485 0.402473
v 0.597979 0.087381 0.626644
v 0.552810 0.280391 0.529863
v 0.378510 -0.652331 0.368180
v 0.328847 -0.830741 0.356064
v 0.248406 -0.670391 0.417733
v 0.218632 -0.944452 0.302933
v 0.259528 -0.568837 0.474984
v 0.286131 -0.469697 0.540544
v 0.119760 -0.704656 0.481986
v 0.111061 -0.955006 0.340198
v 0.119814 -0.595067 0.557728
v -0.002695 -0.725470 0.520421
v -0.002695 -0.972740 0.376283
v -0.002695 -0.614252 0.608018
v -0.002695 -0.470062 0.700369
v 0.137960 -0.473952 0.642637
v 0.374345 -0.360421 0.566803
v 0.137125 -0.381672 0.739871
v -0.002695 -0.406846 0.763607
v 0.305483 -0.345383 0.689651
v 0.400619 -0.271731 0.642928
v 0.130733 -0.350378 0.857567
v -0.002695 -0.376349 0.882550
v 0.308899 -0.304037 0.815426
v 0.515503 -0.115625 0.603842
v 0.385769 -0.247653 0.751611
v 0.545601 0.029684 0.693314
v 0.448772 -0.127464 0.737909
v 0.371256 -0.178372 0.927714
v 0.059007 -0.305482 1.030525
v -0.002695 -0.286657 1.015290
v -0.002695 -0.169361 1.168901
v 0.295705 -0.237412 0.964249
v 0.043861 -0.183945 1.176956
v -0.002695 -0.142864 1.175764
v 0.178891 -0.276759 0.995765
v 0.171008 -0.133325 1.138547
v 0.072366 -0.144400 1.159272
v 0.276916 -0.080737 1.134848
v 0.073161 -0.126334 1.196171
v -0.002695 -0.117646 1.185638
v -0.002695 -0.042577 1.197261
v 0.166254 -0.105338 1.140248
v 0.169789 -0.081097 1.172837
v 0.082718 -0.031443 1.228884
v -0.002695 0.095650 1.238889
v 0.083923 0.100832 1.263515
v -0.002695 0.224082 1.270367
v 0.192433 -0.000100 1.214074
v 0.247887 -0.035829 1.174723
v 0.084633 0.227952 1.287374
v -0.002695 0.344080 1.262910
v 0.253806 -0.051197 1.136193
v 0.318576 0.012434 1.173456
v 0.205363 0.124388 1.251831
v 0.336157 0.002725 1.133381
v 0.340943 0.063938 1.199278
v 0.358565 -0.028349 1.096923
v 0.372505 0.041540 1.126883
v 0.419414 -0.078951 0.887260
v 0.398835 0.037175 1.048429
v 0.405968 0.087454 1.159178
v 0.435998 0.098406 1.137639
v 0.331600 0.152522 1.256357
v 0.502633 0.007131 0.765697
v 0.397462 0.163434 1.225130
v 0.561030 0.064263 0.717868
v 0.611900 0.208423 0.702923
v 0.547363 0.386650 0.673309
v 0.612531 0.339151 0.755447
v 0.661151 0.420247 0.817633
v 0.587111 0.490918 0.744820
v 0.602221 0.566691 0.853230
v 0.667249 0.489564 0.908549
v 0.515736 0.029385 0.777166
v 0.580594 0.614162 1.042396
v 0.656700 0.544505 1.048613
v 0.608412 0.522879 1.186420
v 0.524680 0.573887 1.176131
v 0.487225 0.528982 1.227666
v 0.537756 0.445011 1.247271
v 0.449481 0.473920 1.257070
v 0.493602 0.366443 1.276997
v 0.350583 0.423117 1.271416
v 0.424285 0.397699 1.271685
v 0.420213 0.316625 1.259659
v 0.478003 0.269190 1.254196
v 0.346185 0.339343 1.248909
v 0.423114 0.245502 1.255322
v 0.468026 0.162580 1.211754
v 0.369270 0.246678 1.261632
v 0.278513 0.441261 1.239411
v 0.282268 0.335051 1.264866
v 0.197963 0.455572 1.237589
v 0.307058 0.243451 1.267367
v 0.196068 0.337962 1.259836
v 0.084502 0.459783 1.237886
v -0.002695 0.461279 1.235376
v 0.080740 0.350565 1.273042
v 0.202496 0.237477 1.269446
v 0.432383 0.164722 1.207239
v 0.463928 0.093319 1.147607
v 0.466400 0.038244 1.065700
v 0.435151 0.053967 1.050061
v 0.469313 0.033777 0.952132
v 0.428967 0.018523 0.941983
v 0.450451 0.050077 0.948559
v 0.469824 0.044166 0.876709
v 0.486625 0.036460 0.881753
v 0.455092 0.007000 0.866932
v 0.523853 -0.356557 0.063683
v 0.570072 -0.392869 -0.256211
v 0.515327 -0.141897 -0.069601
v 0.507080 -0.237934 -0.148233
v 0.450686 -0.186915 -0.272864
v 0.472256 -0.347518 -0.380649
v 0.530272 -0.057268 -0.012566
v 0.432910 -0.092318 -0.197204
v 0.408213 -0.144399 -0.371199
v 0.367319 -0.373232 -0.578514
v 0.379616 -0.001077 -0.285426
v 0.341797 -0.176580 -0.473026
v 0.441002 0.031764 -0.110526
v 0.349216 0.140469 -0.214432
v 0.544533 0.110977 0.114816
v 0.297819 -0.315707 -0.574693
v 0.295646 -0.395502 -0.616860
v 0.250211 -0.255584 -0.552143
v 0.260694 -0.202360 -0.519340
v 0.440313 0.206030 0.011437
v 0.538289 0.274287 0.246066
v 0.354724 0.290427 -0.116048
v 0.271473 0.229151 -0.233648
v 0.263091 0.308929 -0.226681
v 0.484080 0.381983 0.308967
v 0.424568 0.381595 0.128595
v 0.316308 0.385802 -0.194099
v 0.289040 0.375711 -0.297297
v 0.292229 0.455537 -0.280880
v 0.495530 0.432465 0.546143
v 0.358817 0.472584 -0.002553
v 0.329947 0.525065 -0.226977
v 0.348030 0.537749 -0.354437
v 0.337648 0.608794 -0.297173
v 0.347802 0.498898 -0.136896
v 0.364234 0.641707 -0.179759
v 0.359639 0.655383 -0.302257
v 0.481346 0.579251 0.634958
v 0.351346 0.598244 -0.079451
v 0.552441 0.663189 0.742613
v 0.460441 0.710795 0.809323
v 0.480654 0.723484 0.694353
v 0.403215 0.656839 0.496338
v 0.398103 0.840639 0.830818
v 0.433626 0.510792 0.397895
v 0.413370 0.760788 0.730364
v 0.365520 0.866270 0.687219
v 0.323018 0.935948 0.847359
v 0.317555 0.991310 0.920580
v 0.323162 0.951337 0.791357
v 0.287001 0.983892 0.655971
v 0.380461 0.960133 0.827933
v 0.251184 1.064687 0.761410
v 0.242443 1.138499 0.877705
v 0.427364 0.471745 0.221738
v 0.355668 0.551138 0.102514
v 0.314619 0.544134 0.035645
v 0.315664 0.600736 0.052719
v 0.368396 0.591214 0.172373
v 0.394819 0.582551 0.304311
v 0.398843 0.562750 0.244719
v 0.372536 0.664532 0.341105
v 0.389392 0.610249 0.226202
v 0.348434 0.666214 0.155074
v 0.348788 0.679353 0.232665
v 0.338523 0.731932 0.311510
v 0.318848 0.739430 0.236005
v 0.376298 0.707184 0.416643
v 0.395066 0.781841 0.578866
v 0.339280 0.776340 0.409233
v 0.316323 0.788333 0.326577
v 0.336803 0.845495 0.525698
v 0.311911 0.852890 0.452968
v 0.291101 0.912107 0.599743
v 0.230359 0.994567 0.518974
v 0.295270 0.914731 0.493217
v 0.286288 0.857832 0.441530
v 0.316513 0.830142 0.337470
v 0.241834 0.942657 0.413360
v 0.211864 1.061224 0.464244
v 0.281822 0.907662 0.345549
v 0.215199 1.073862 0.586672
v 0.242209 1.004112 0.375932
v 0.303696 0.926305 0.259550
v 0.265755 0.991908 0.300717
v 0.202679 1.044545 0.379819
v 0.226398 1.055089 0.334906
v 0.239889 1.042742 0.299831
v 0.188673 1.075910 0.408371
v 0.293783 1.043725 0.220356
v 0.308626 1.159268 0.170787
v 0.303455 1.126810 0.163532
v 0.209036 1.139527 0.444393
v 0.202503 1.139537 0.387191
v 0.204268 1.176831 0.515251
v 0.219012 1.179326 0.402177
v 0.241209 1.175702 0.341611
v 0.225156 1.215822 0.381173
v 0.221639 1.227077 0.451151
v 0.288618 1.342286 0.362891
v 0.216703 1.272298 0.478457
v 0.173989 1.254714 0.544811
v 0.101192 1.221563 0.636208
v 0.163195 1.155851 0.649719
v 0.234683 1.069647 0.639560
v 0.237067 1.076940 0.682781
v 0.290364 1.094943 0.632472
v 0.236011 1.120031 0.742009
v 0.251236 1.147237 0.717027
v 0.098743 1.318834 0.790281
v 0.208490 1.208902 0.843079
v 0.037543 1.311969 0.662698
v 0.039594 1.363050 0.755327
v 0.027033 1.283344 0.570031
v 0.025342 1.366237 0.596129
v -0.002695 1.340390 0.543550
v 0.017505 1.439099 0.562534
v 0.011509 1.478416 0.631001
v -0.002695 1.411795 0.503454
v -0.002695 1.463422 0.477844
v 0.209533 1.238163 0.825476
v 0.122285 1.354260 0.785134
v 0.016171 1.427858 0.679500
v 0.007942 1.467268 0.536377
v -0.002695 1.493818 0.517678
v 0.011135 1.513642 0.531041
v -0.002695 1.566063 0.502642
v 0.013624 1.513899 0.568854
v -0.002695 1.536233 0.591389
v 0.006615 1.521735 0.607782
v -0.002695 1.549196 0.596359
v -0.002695 1.529738 0.630514
v -0.002695 1.497184 0.659397
v -0.002695 1.451583 0.696328
v -0.002695 1.445938 0.721768
v 0.021688 1.412323 0.732386
v 0.017077 1.446602 0.776497
v 0.035739 1.401411 0.803431
v 0.065570 1.389846 0.901887
v 0.013031 1.503646 0.754061
v -0.002695 1.505063 0.712669
v -0.002695 1.566749 0.684171
v 0.028447 1.432717 0.863028
v 0.008525 1.560431 0.728420
v -0.002695 1.568452 0.693155
v -0.002695 1.639016 0.685014
v -0.002695 1.583716 0.758738
v -0.002695 1.507832 0.806701
v -0.002695 1.476946 0.831601
v -0.002695 1.473970 0.849604
v 0.015257 1.477462 0.903739
v -0.002695 1.515138 0.854082
v 0.029823 1.426617 0.925023
v 0.068746 1.416974 1.024263
v 0.126275 1.374800 0.918109
v 0.016962 1.524328 0.886920
v -0.002695 1.554994 0.847528
v 0.008599 1.567850 0.865158
v -0.002695 1.606929 0.824533
v -0.002695 1.583711 0.888842
v 0.014694 1.531734 0.908486
v -0.002695 1.542491 0.931913
v 0.012685 1.491784 0.940121
v -0.002695 1.509952 0.957936
v -0.002695 1.474840 0.991719
v 0.013272 1.450848 0.979650
v 0.023147 1.443470 1.023719
v 0.014889 1.468772 1.090056
v -0.002695 1.470586 1.030089
v -0.002695 1.563492 1.005656
v -0.002695 1.497723 1.132587
v 0.015262 1.463116 1.179223
v -0.002695 1.476056 1.183750
v -0.002695 1.466323 1.228582
v 0.013218 1.464827 1.249530
v -0.002695 1.494520 1.216339
v -0.002695 1.473220 1.266181
v 0.064826 1.433174 1.182904
v 0.058916 1.448408 1.281332
v 0.024023 1.465943 1.293921
v -0.002695 1.469799 1.316168
v 0.015789 1.470538 1.326745
v -0.002695 1.484097 1.327780
v -0.002695 1.467650 1.362008
v 0.049582 1.446975 1.364466
v 0.094943 1.432078 1.372130
v 0.070476 1.425936 1.099502
v 0.102337 1.416784 1.192914
v 0.104755 1.425408 1.278040
v 0.150933 1.395990 1.280800
v 0.141009 1.425323 1.379085
v 0.197049 1.406490 1.372239
v 0.132660 1.417654 1.095633
v 0.208727 1.357514 1.129730
v 0.209535 1.396404 1.265296
v 0.190307 1.361541 1.279464
v 0.186758 1.379277 1.374039
v 0.199686 1.327650 1.150254
v 0.121557 1.392053 1.018516
v 0.201290 1.289798 1.060383
v 0.230324 1.234492 1.177704
v 0.230008 1.202546 1.074230
v 0.207891 1.317932 1.042533
v 0.213094 1.247119 0.957211
v 0.241173 1.177579 0.979655
v 0.220337 1.278554 0.928327
v 0.225635 1.251917 0.831106
v 0.318458 1.103148 1.229588
v 0.317485 1.053823 1.107740
v 0.328527 1.014932 1.003624
v 0.263466 1.273918 1.374677
v 0.224753 1.256854 1.287345
v 0.260866 1.148003 1.376924
v 0.282526 1.140829 1.304331
v 0.295744 0.780680 0.245420
v 0.317733 0.706389 0.179825
v 0.270832 0.729474 0.126494
v 0.306319 0.656449 0.092037
v 0.302755 0.760869 -0.001552
v 0.340347 0.671368 -0.027167
v 0.341978 0.703680 -0.117036
v 0.333434 0.776854 -0.093839
v 0.387080 0.713189 -0.236383
v 0.367689 0.764957 -0.192574
v 0.415385 0.775338 -0.315622
v 0.403695 0.736529 -0.356363
v 0.437635 0.783181 -0.424992
v 0.429462 0.817655 -0.394501
v 0.403910 0.825915 -0.269740
v 0.436283 0.866586 -0.348415
v 0.459056 0.889186 -0.451562
v 0.359246 0.811703 -0.157797
v 0.470345 0.919941 -0.437107
v 0.495676 0.952130 -0.524120
v 0.464876 0.945335 -0.424337
v 0.429807 0.913145 -0.338172
v 0.386172 0.876056 -0.232249
v 0.326265 0.842536 -0.103438
v 0.337430 0.875964 -0.094469
v 0.271906 0.811778 0.004289
v 0.246598 0.808500 0.067639
v 0.347353 0.854660 -0.144685
v 0.389034 0.879814 -0.206674
v 0.397119 0.901366 -0.241671
v 0.377648 0.894514 -0.199949
v 0.293062 0.824547 0.194287
v 0.271773 0.877659 0.062304
v 0.307369 0.849144 0.274175
v 0.305875 0.796309 0.280558
v 0.305126 0.922644 0.128265
v 0.297749 0.958654 0.042012
v 0.295541 0.948275 -0.004068
v 0.305598 0.991518 -0.042192
v 0.286868 0.988637 0.032851
v 0.315686 1.010005 0.150099
v 0.316669 1.046846 0.073674
v 0.316646 1.057100 -0.012293
v 0.309048 1.077679 0.175183
v 0.328892 1.108097 0.100818
v 0.311329 1.142775 0.109042
v 0.331528 1.082345 0.002086
v 0.346805 1.109439 -0.054019
v 0.326944 1.134227 -0.014263
v 0.329018 1.119608 0.034111
v 0.341714 1.158913 0.026150
v 0.326939 1.180811 0.048593
v 0.359163 1.238576 -0.054966
v 0.369260 1.223298 -0.062778
v 0.361303 1.208659 -0.074564
v 0.385406 1.256366 -0.135546
v 0.166614 -0.961319 -1.156034
v 0.084282 -0.873471 -1.118472
v 0.092181 -0.767105 -1.070130
v 0.159916 -0.681524 -1.142031
v 0.267257 -0.569664 -1.433709
v 0.223703 -0.608172 -1.184489
v 0.165901 -0.654289 -1.074046
v 0.110682 -0.726963 -0.977644
v 0.238939 -0.537854 -1.103151
v 0.180811 -0.667530 -0.922030
v 0.199336 -0.631959 -1.035728
v -0.045216 0.884524 1.649421
v -0.060405 0.899442 1.582793
v -0.140513 0.918528 1.605590
v -0.163516 0.935021 1.546389
v -0.053757 0.923196 1.534705
v -0.056761 0.923502 1.482123
v -0.106201 0.939331 1.518625
v -0.122264 0.949172 1.442352
v -0.146595 0.949524 1.484107
v -0.177672 0.963660 1.513862
v -0.177389 0.976535 1.457415
v -0.162169 0.963832 1.418970
v -0.209431 0.987583 1.500269
v -0.232533 0.963245 1.495933
v -0.201055 1.021143 1.546202
v -0.179043 0.989895 1.579606
v -0.182508 1.005280 1.576456
v -0.203294 1.005460 1.444732
v -0.196425 0.992255 1.406979
v -0.221818 1.023023 1.397531
v -0.223560 1.016767 1.472157
v -0.235279 1.038360 1.436835
v -0.247836 1.079610 1.387019
v -0.245914 1.098358 1.434957
v -0.266256 1.148003 1.376924
v -0.259887 1.006699 1.486750
v -0.235004 1.035274 1.504566
v -0.233722 1.049056 1.474431
v -0.258810 1.164713 1.440010
v -0.268856 1.273918 1.374677
v -0.243841 1.254695 1.454214
v -0.199469 1.045969 1.576542
v -0.213384 1.078817 1.564949
v -0.218951 1.017092 1.577126
v -0.181294 1.030611 1.600859
v -0.258469 1.058874 1.499858
v -0.250109 1.085828 1.479549
v -0.239727 1.075836 1.512312
v -0.220031 1.042508 1.594727
v -0.198395 1.069782 1.588600
v -0.169312 1.060064 1.622256
v -0.145258 1.020649 1.638354
v -0.143666 1.066520 1.662418
v -0.194603 1.091035 1.604131
v -0.157283 1.090455 1.634642
v -0.133410 1.112298 1.661382
v -0.114014 1.067430 1.678497
v -0.108855 1.109412 1.695822
v -0.077878 1.087835 1.685490
v -0.080116 1.067154 1.685701
v -0.176869 1.118615 1.624491
v -0.156022 1.109206 1.672669
v -0.210500 1.121530 1.580718
v -0.191703 1.141442 1.640362
v -0.163381 1.135126 1.683826
v -0.213441 1.158241 1.596338
v -0.207708 1.176962 1.644390
v -0.225209 1.187617 1.612777
v -0.226167 1.212656 1.556699
v -0.232316 1.176161 1.542257
v -0.239210 1.127756 1.510736
v -0.228216 1.107197 1.537141
v -0.257820 1.090589 1.521314
v -0.238055 1.099131 1.514386
v -0.279230 1.099387 1.476890
v -0.236137 1.117036 1.476161
v -0.259187 1.140575 1.463601
v -0.239787 1.154446 1.509040
v -0.288864 1.159013 1.469497
v -0.248205 1.178624 1.488296
v -0.232713 1.222734 1.499572
v -0.225040 1.236778 1.520582
v -0.221171 1.271922 1.511591
v -0.254068 1.274773 1.480225
v -0.236624 1.286860 1.457582
v -0.275385 1.291723 1.438371
v -0.226365 1.306873 1.428160
v -0.213504 1.302340 1.478326
v -0.243427 1.276946 1.427903
v -0.199416 1.341328 1.422912
v -0.194619 1.331534 1.497768
v -0.192148 1.379277 1.374039
v -0.187083 1.375188 1.449917
v -0.255380 -0.138671 -0.558016
v -0.266085 -0.202360 -0.519340
v -0.347187 -0.176580 -0.473026
v -0.301529 -0.087683 -0.539727
v -0.283444 -0.055806 -0.619675
v -0.413603 -0.144399 -0.371199
v -0.353833 0.020740 -0.506016
v -0.294675 -0.025001 -0.581196
v -0.308552 0.003411 -0.582282
v -0.385007 -0.001077 -0.285426
v -0.366552 0.108419 -0.588370
v -0.376619 0.181284 -0.518576
v -0.325578 0.057585 -0.639656
v -0.363176 0.130945 -0.703802
v -0.350220 0.092501 -0.707211
v -0.370829 0.151025 -0.795212
v -0.364805 0.170666 -0.698883
v -0.372284 0.174690 -0.616217
v -0.369709 0.221225 -0.653482
v -0.385864 0.238289 -0.604557
v -0.408617 0.302270 -0.654866
v -0.383758 0.271507 -0.702083
v -0.380206 0.118112 -0.425146
v -0.391674 0.293156 -0.537597
v -0.424713 0.339907 -0.710096
v -0.398424 0.305009 -0.750514
v -0.412620 0.355267 -0.617687
v -0.440683 0.359659 -0.807134
v -0.414763 0.329671 -0.819609
v -0.432892 0.349571 -0.896760
v -0.426206 0.386553 -0.806965
v -0.412385 0.387172 -0.701921
v -0.406519 0.387765 -0.651416
v -0.415228 0.412545 -0.638268
v -0.383963 0.379609 -0.591264
v -0.363215 0.329218 -0.525931
v -0.369955 0.272290 -0.452171
v -0.355047 0.344111 -0.465958
v -0.360206 0.355854 -0.434085
v -0.361659 0.382858 -0.459109
v -0.341365 0.356290 -0.421802
v -0.339217 0.272445 -0.370670
v -0.321098 0.262853 -0.339036
v -0.355769 0.220342 -0.395550
v -0.346531 0.195986 -0.338103
v -0.326855 0.243059 -0.309220
v -0.323766 0.324300 -0.315035
v -0.295981 0.220357 -0.283986
v -0.339560 0.182456 -0.297897
v -0.354606 0.140469 -0.214432
v -0.276863 0.229151 -0.233648
v -0.303210 -0.315707 -0.574693
v -0.255601 -0.255584 -0.552143
v -0.276905 -0.205108 -0.611542
v -0.270946 -0.236851 -0.652821
v -0.292837 -0.283438 -0.675440
v -0.301036 -0.395502 -0.616860
v -0.315452 -0.233706 -0.787598
v -0.305663 -0.120505 -0.806054
v -0.307643 -0.166624 -0.843937
v -0.309694 -0.387803 -0.809342
v -0.292058 -0.587166 -0.730348
v -0.336507 -0.244638 -0.912895
v -0.325648 -0.165152 -0.898378
v -0.275798 -0.497468 -0.910300
v -0.186201 -0.667530 -0.922030
v -0.251427 -0.529117 -0.972483
v -0.323834 -0.379128 -1.005789
v -0.321608 -0.367667 -1.102741
v -0.317815 -0.278181 -1.034777
v -0.362450 -0.148675 -1.066656
v -0.351726 -0.101633 -1.063872
v -0.344026 -0.190808 -1.108585
v -0.387225 -0.094733 -1.294806
v -0.341967 0.797047 0.218547
v -0.301134 0.780680 0.245420
v -0.324238 0.739430 0.236005
v -0.311266 0.796309 0.280558
v -0.321714 0.788333 0.326577
v -0.371561 0.843026 0.309081
v -0.321714 0.788333 0.326577
v -0.344671 0.776340 0.409233
v -0.317302 0.852890 0.452968
v -0.324238 0.739430 0.236005
v -0.343913 0.731932 0.311510
v -0.341967 0.797047 0.218547
v -0.321714 0.788333 0.326577
v -0.366934 0.923369 0.454516
v -0.317302 0.852890 0.452968
v -0.342193 0.845495 0.525698
v -0.296491 0.912107 0.599743
v -0.394782 0.610249 0.226202
v -0.404233 0.562750 0.244719
v -0.476746 0.641928 0.224073
v -0.377926 0.664532 0.341105
v -0.476746 0.641928 0.224073
v -0.404233 0.562750 0.244719
v -0.400210 0.582551 0.304311
v -0.377926 0.664532 0.341105
v -0.146856 0.898361 0.169880
v -0.251989 0.808500 0.067639
v -0.277164 0.877659 0.062304
v -0.214447 0.958822 0.122156
v -0.276258 0.965695 0.016515
v -0.300931 0.948275 -0.004068
v -0.310988 0.991518 -0.042192
v -0.292258 0.988637 0.032851
v -0.264814 1.036635 0.083493
v -0.322036 1.057100 -0.012293
v -0.313709 1.088748 -0.006742
v -0.352195 1.109439 -0.054019
v -0.332334 1.134227 -0.014263
v -0.316711 1.159821 0.018778
v -0.366693 1.208659 -0.074564
v -0.287277 1.096721 0.088047
v -0.268951 1.101303 0.181421
v -0.209835 1.020905 0.253310
v -0.142642 1.009011 0.338202
v -0.354538 1.228302 -0.069927
v -0.390796 1.256366 -0.135546
v -0.364553 1.238576 -0.054966
v -0.332329 1.180811 0.048593
v -0.316720 1.142775 0.109042
v -0.308845 1.126810 0.163532
v -0.314016 1.159268 0.170787
v -0.245279 1.042742 0.299831
v -0.231788 1.055089 0.334906
v -0.208070 1.044545 0.379819
v -0.194063 1.075910 0.408371
v -0.132578 1.089759 0.431989
v -0.207894 1.139537 0.387191
v -0.062910 1.054064 0.402867
v -0.092318 0.982138 0.309548
v -0.068155 0.934452 0.202490
v -0.058379 0.875282 0.133428
v -0.051409 1.106236 0.463003
v -0.085518 1.134413 0.462880
v -0.169929 1.163802 0.407157
v -0.214378 1.184064 0.372314
v -0.246599 1.175702 0.341611
v -0.230546 1.215822 0.381173
v -0.150599 1.207880 0.425339
v -0.206255 1.261122 0.412902
v -0.294008 1.342286 0.362891
v -0.222093 1.272298 0.478457
v -0.154714 1.225492 0.474372
v -0.093566 1.196634 0.520614
v -0.179379 1.254714 0.544811
v -0.106583 1.221563 0.636208
v -0.184285 0.775605 0.077996
v -0.251989 0.808500 0.067639
v -0.146856 0.898361 0.169880
v -0.108009 0.777988 0.041615
v -0.146584 0.660156 -0.018222
v -0.048283 0.827050 0.086242
v -0.058379 0.875282 0.133428
v -0.065026 0.913671 0.017444
v -0.088516 0.664708 -0.025676
v -0.145737 0.563840 -0.087214
v -0.033603 1.032742 -0.011923
v -0.040890 0.930571 -0.121195
v -0.031000 1.105285 -0.135282
v -0.082065 0.850197 -0.049948
v -0.030611 0.724344 -0.146304
v -0.064469 0.727247 -0.099392
v -0.047265 0.625312 -0.159407
v -0.057708 0.549392 -0.121737
v -0.093099 0.442266 -0.206038
v -0.187871 0.423833 -0.175062
v -0.012024 1.218742 -0.166020
v -0.020835 1.178483 -0.190481
v -0.018156 1.203163 -0.249742
v -0.029008 1.116019 -0.205742
v -0.057427 0.563855 -0.263027
v -0.136812 0.307521 -0.286444
v -0.213046 0.336301 -0.215710
v -0.026363 1.015826 -0.221425
v -0.083479 0.503033 -0.338368
v -0.189473 0.244100 -0.257497
v -0.268481 0.308929 -0.226681
v -0.276863 0.229151 -0.233648
v -0.248631 0.188336 -0.309079
v -0.295981 0.220357 -0.283986
v -0.157723 0.142058 -0.359236
v -0.209022 0.085324 -0.374300
v -0.103933 -0.006359 -0.449189
v -0.044919 0.184724 -0.590196
v -0.089657 0.323380 -0.463667
v -0.076541 0.581678 -0.484600
v -0.184724 -0.037478 -0.426363
v -0.100324 -0.200922 -0.514524
v -0.204810 -0.154164 -0.485552
v -0.059220 0.399502 -0.605732
v -0.040538 0.364567 -0.741379
v -0.066664 0.546075 -0.617355
v -0.055323 0.674933 -0.615613
v -0.017402 0.422215 -0.902220
v -0.027830 0.436039 -0.810485
v -0.024986 0.536477 -0.805600
v -0.030879 0.666609 -0.787813
v -0.019007 0.621046 -0.887799
v -0.030867 0.751930 -0.795557
v -0.028945 0.850396 -0.851212
v -0.025036 0.894907 -0.946872
v -0.037465 0.813129 -0.742788
v -0.013491 0.938075 -1.134902
v -0.019951 0.933971 -0.884166
v -0.022593 0.924830 -0.833044
v -0.019087 0.951678 -0.790751
v -0.016488 0.921879 -0.738375
v -0.030404 0.859007 -0.647130
v -0.016313 0.939698 -0.669805
v -0.026673 0.850981 -0.574928
v -0.025205 0.791966 -0.440526
v -0.018012 0.943247 -0.519858
v -0.021640 0.854942 -0.496139
v -0.020233 0.867381 -0.442695
v -0.026528 0.763754 -0.378692
v -0.045229 0.614990 -0.335392
v -0.014113 0.830002 -0.298540
v -0.028002 0.734314 -0.328119
v -0.021179 0.929099 -0.234954
v -0.022605 1.163427 -0.287664
v -0.010630 1.157521 -0.357700
v -0.015000 1.219857 -0.314676
v -0.011177 1.270106 -0.408872
v -0.251989 0.808500 0.067639
v -0.184285 0.775605 0.077996
v -0.277296 0.811778 0.004289
v -0.227837 0.754621 -0.067580
v -0.342820 0.875964 -0.094469
v -0.146584 0.660156 -0.018222
v -0.331655 0.842536 -0.103438
v -0.236191 0.662626 -0.165155
v -0.145737 0.563840 -0.087214
v -0.296874 0.786160 -0.136227
v -0.321246 0.710331 -0.230172
v -0.352744 0.854660 -0.144685
v -0.337619 0.834635 -0.180363
v -0.383039 0.894514 -0.199949
v -0.268601 0.534838 -0.226628
v -0.187871 0.423833 -0.175062
v -0.343038 0.608794 -0.297173
v -0.353420 0.537749 -0.354437
v -0.297619 0.455537 -0.280880
v -0.294431 0.375711 -0.297297
v -0.213046 0.336301 -0.215710
v -0.268481 0.308929 -0.226681
v -0.365029 0.655383 -0.302257
v -0.409085 0.736529 -0.356363
v -0.388587 0.779121 -0.338687
v -0.443025 0.783181 -0.424992
v -0.434852 0.817655 -0.394501
v -0.376990 0.827502 -0.295866
v -0.422160 0.869789 -0.373870
v -0.464446 0.889186 -0.451562
v -0.456213 0.924145 -0.448569
v -0.501067 0.952130 -0.524120
v -0.470267 0.945335 -0.424337
v -0.435197 0.913145 -0.338172
v -0.391562 0.876056 -0.232249
v -0.378829 0.881435 -0.215653
v -0.402509 0.901366 -0.241671
v -0.321903 0.830142 0.337470
v -0.321714 0.788333 0.326577
v -0.371561 0.843026 0.309081
v -0.317302 0.852890 0.452968
v -0.300660 0.914731 0.493217
v -0.317302 0.852890 0.452968
v -0.366934 0.923369 0.454516
v -0.296491 0.912107 0.599743
v -0.197228 1.291251 1.566653
v -0.260032 1.255768 1.537543
v -0.211093 1.342327 1.582655
v -0.174403 1.364678 1.514132
v -0.236710 1.236423 1.564140
v -0.207206 1.256756 1.593498
v -0.256878 1.232720 1.582286
v -0.239353 1.220686 1.603119
v -0.210571 1.239604 1.619458
v -0.250029 1.213101 1.617636
v -0.227498 1.208502 1.642326
v -0.239200 1.199850 1.667453
v -0.215320 1.200394 1.680432
v -0.202911 1.222576 1.662472
v -0.226643 1.284416 1.607307
v -0.195677 1.227384 1.686392
v -0.221489 1.186326 1.700006
v -0.176718 1.200443 1.746100
v -0.214353 1.245058 1.664115
v -0.147647 1.240837 1.717152
v -0.129117 1.233994 1.741282
v -0.133057 1.217827 1.792393
v -0.104115 1.232564 1.768775
v -0.102203 1.219714 1.807847
v -0.215805 1.316093 1.600865
v -0.174613 1.283237 1.643132
v -0.201972 1.315707 1.589885
v -0.186218 1.350308 1.592551
v -0.151676 1.277287 1.673042
v -0.158522 1.306157 1.669217
v -0.165108 1.322092 1.634384
v -0.139779 1.264143 1.713774
v -0.147199 1.285397 1.696209
v -0.141371 1.248391 1.722923
v -0.131084 1.265499 1.726259
v -0.181076 1.372466 1.578426
v -0.196271 1.396442 1.526748
v -0.112144 1.409135 1.575392
v -0.211967 1.425477 1.440027
v -0.202439 1.406490 1.372239
v -0.115816 1.421905 1.515298
v -0.118732 1.433371 1.436638
v -0.146399 1.425323 1.379085
v -0.100333 1.432078 1.372130
v -0.207090 1.377594 1.592325
v -0.166559 1.372560 1.600194
v -0.176814 1.355826 1.620362
v -0.151765 1.355229 1.639717
v -0.191771 1.358400 1.636142
v -0.163826 1.337972 1.657679
v -0.043365 1.457820 1.428794
v -0.057523 1.453501 1.368966
v -0.054973 1.446975 1.364466
v -0.028602 1.461248 1.475297
v -0.015695 1.466479 1.444164
v -0.044874 1.440385 1.510660
v -0.018552 1.443119 1.553661
v -0.100464 1.376530 1.651320
v -0.012440 1.377260 1.683675
v -0.090288 1.347167 1.719581
v -0.148698 1.340868 1.678247
v -0.188112 1.344903 1.670924
v -0.169949 1.324184 1.691637
v -0.142576 1.325550 1.711388
v -0.163120 1.297434 1.693959
v -0.147772 1.289899 1.719372
v -0.141238 1.276067 1.710733
v -0.134838 1.272804 1.721377
v -0.180486 1.324204 1.702853
v -0.163007 1.314861 1.718979
v -0.144113 1.317162 1.736051
v -0.129600 1.274415 1.741720
v -0.173245 1.318619 1.727612
v -0.154557 1.304893 1.744347
v -0.139978 1.310349 1.754339
v -0.137556 1.286088 1.747153
v -0.075130 1.317512 1.770730
v -0.157203 1.305044 1.757868
v -0.144969 1.298955 1.777981
v -0.063071 1.292903 1.805481
v -0.037220 1.273982 1.826846
v -0.124524 1.304290 1.769615
v -0.029208 1.255972 1.830468
v -0.030797 1.242942 1.848921
v -0.051975 1.251146 1.834486
v -0.055485 1.240551 1.847271
v -0.081965 1.230790 1.847064
v -0.072240 1.248717 1.816566
v -0.075797 1.268284 1.838579
v -0.087009 1.236620 1.785590
v -0.085926 1.285343 1.820706
v -0.109215 1.290668 1.799162
v -0.117635 1.295377 1.787084
v -0.131713 1.292426 1.779367
v -0.123668 1.279902 1.765425
v -0.108746 1.269623 1.787496
v -0.132064 1.294402 1.788356
v -0.117732 1.284122 1.794555
v -0.119265 1.272932 1.754111
v -0.120819 1.290268 1.808595
v -0.110025 1.285230 1.811555
v -0.107714 1.267542 1.760582
v -0.118509 1.269326 1.752177
v -0.128236 1.269522 1.741112
v -0.111173 1.290299 1.821921
v -0.090022 1.277896 1.828390
v -0.088610 1.262540 1.808585
v -0.077991 1.248089 1.786218
v -0.093712 1.258169 1.771358
v -0.088135 1.240333 1.761484
v -0.097273 1.257365 1.759808
v -0.108022 1.240427 1.754672
v -0.109806 1.262963 1.756454
v -0.102822 1.252991 1.756924
v -0.125469 1.238694 1.738956
v -0.116804 1.267708 1.750878
v -0.109195 1.262726 1.753256
v -0.124255 1.268455 1.739195
v -0.126044 1.265175 1.727760
v -0.105856 1.256017 1.752162
v -0.126961 1.259022 1.731818
v -0.112328 1.251380 1.752012
v -0.112303 1.253132 1.749949
v -0.121018 1.250239 1.746477
v -0.119330 1.252421 1.745058
v -0.124354 1.254526 1.737142
v -0.127557 1.253292 1.738327
v -0.130309 1.258457 1.731004
v -0.058379 0.875282 0.133428
v -0.040198 1.013126 0.159748
v -0.068155 0.934452 0.202490
v -0.027548 1.133381 0.113871
v -0.062393 1.065998 0.268824
v -0.092318 0.982138 0.309548
v -0.062910 1.054064 0.402867
v -0.034703 1.142522 0.370594
v -0.051409 1.106236 0.463003
v -0.028196 1.167448 0.185370
v -0.008175 1.207961 0.010624
v -0.019869 1.210339 0.077292
v -0.022858 1.239360 0.251094
v -0.022678 1.260252 0.126644
v -0.018922 1.265877 0.057434
v -0.013240 1.289478 0.003129
v -0.014231 1.343940 0.025925
v -0.010168 1.411681 -0.052831
v -0.016191 1.312842 0.187619
v -0.007327 1.214425 0.362436
v -0.026407 1.163813 0.421719
v -0.031408 1.213955 0.452697
v -0.049331 1.179065 0.482864
v -0.085518 1.134413 0.462880
v -0.093566 1.196634 0.520614
v -0.056908 1.223394 0.536885
v -0.106583 1.221563 0.636208
v -0.032424 1.283344 0.570031
v -0.020724 1.300236 0.460195
v -0.040189 1.270249 0.504608
v -0.023666 1.320713 0.528133
v -0.014932 1.340786 0.492498
v -0.012420 1.385908 0.453422
v -0.014820 1.314245 0.419430
v -0.019270 1.372171 0.422122
v -0.015057 1.410813 0.391120
v -0.006555 1.431338 0.424347
v -0.255601 -0.255584 -0.552143
v -0.185943 -0.298209 -0.576086
v -0.276905 -0.205108 -0.611542
v -0.270946 -0.236851 -0.652821
v -0.228972 -0.276974 -0.679546
v -0.141289 -0.473874 -0.755254
v -0.259592 -0.235342 -0.797292
v -0.305663 -0.120505 -0.806054
v -0.307643 -0.166624 -0.843937
v -0.221149 -0.354303 -0.813055
v -0.277129 -0.229793 -0.913749
v -0.325648 -0.165152 -0.898378
v -0.225047 -0.484581 -0.915773
v -0.186201 -0.667530 -0.922030
v -0.251427 -0.529117 -0.972483
v -0.278144 -0.369589 -1.001776
v -0.321608 -0.367667 -1.102741
v -0.317815 -0.278181 -1.034777
v -0.325949 -0.143867 -1.073028
v -0.351726 -0.101633 -1.063872
v -0.344026 -0.190808 -1.108585
v -0.387225 -0.094733 -1.294806
v -0.255380 -0.138671 -0.558016
v -0.204810 -0.154164 -0.485552
v -0.266085 -0.202360 -0.519340
v -0.241098 -0.067238 -0.560326
v -0.283444 -0.055806 -0.619675
v -0.184724 -0.037478 -0.426363
v -0.253460 0.054344 -0.522880
v -0.294675 -0.025001 -0.581196
v -0.308552 0.003411 -0.582282
v -0.209022 0.085324 -0.374300
v -0.300824 0.105090 -0.586942
v -0.285439 0.195170 -0.529534
v -0.325578 0.057585 -0.639656
v -0.238850 0.125666 -0.444486
v -0.271281 0.216232 -0.396443
v -0.248631 0.188336 -0.309079
v -0.344913 0.126961 -0.708552
v -0.350220 0.092501 -0.707211
v -0.370829 0.151025 -0.795212
v -0.364805 0.170666 -0.698883
v -0.324962 0.178982 -0.623435
v -0.369709 0.221225 -0.653482
v -0.328750 0.256843 -0.600006
v -0.293758 0.245848 -0.314610
v -0.295981 0.220357 -0.283986
v -0.323766 0.324300 -0.315035
v -0.321098 0.262853 -0.339036
v -0.308882 0.272612 -0.378774
v -0.341365 0.356290 -0.421802
v -0.320505 0.287581 -0.470921
v -0.337439 0.357390 -0.445526
v -0.361659 0.382858 -0.459109
v -0.355047 0.344111 -0.465958
v -0.363215 0.329218 -0.525931
v -0.336399 0.303971 -0.541540
v -0.383963 0.379609 -0.591264
v -0.368528 0.365164 -0.629356
v -0.415228 0.412545 -0.638268
v -0.406519 0.387765 -0.651416
v -0.374116 0.336534 -0.725290
v -0.412385 0.387172 -0.701921
v -0.426206 0.386553 -0.806965
v -0.354844 0.307011 -0.667146
v -0.383758 0.271507 -0.702083
v -0.398424 0.305009 -0.750514
v -0.400428 0.355072 -0.815487
v -0.432892 0.349571 -0.896760
v -0.414763 0.329671 -0.819609
v -0.255601 -0.255584 -0.552143
v -0.266085 -0.202360 -0.519340
v -0.204810 -0.154164 -0.485552
v -0.185943 -0.298209 -0.576086
v -0.100324 -0.200922 -0.514524
v -0.102516 -0.278028 -0.604292
v -0.075559 -0.462363 -0.764731
v -0.141289 -0.473874 -0.755254
v -0.023777 -0.045961 -0.682866
v -0.056213 -0.300994 -0.861404
v -0.033832 -0.027140 -0.854694
v -0.030616 -0.224465 -1.073890
v -0.058707 -0.647211 -0.896040
v -0.186201 -0.667530 -0.922030
v -0.116072 -0.726963 -0.977644
v -0.014192 0.214000 -0.922238
v -0.032440 0.090836 -1.033121
v -0.029772 -0.029328 -1.191917
v -0.031146 0.154494 -1.106710
v -0.042045 -0.587021 -1.012921
v -0.044873 -0.619787 -1.180311
v -0.097572 -0.767105 -1.070130
v -0.043478 -0.806749 -1.247274
v -0.089672 -0.873471 -1.118472
v -0.022077 -0.479089 -1.044193
v -0.015239 -0.443955 -1.139163
v -0.035005 -0.499893 -1.310868
v -0.029397 -0.715301 -1.417991
v -0.030268 -0.604994 -1.410575
v -0.027414 -0.451750 -1.463141
v -0.079794 1.043693 1.700990
v -0.126249 1.050156 1.690600
v -0.131190 0.991048 1.670295
v -0.103217 1.018336 1.726998
v -0.074991 1.019239 1.727925
v -0.094878 0.987679 1.764399
v -0.068047 0.997464 1.749421
v -0.121072 0.970389 1.700886
v -0.072488 0.990663 1.791909
v -0.055180 0.988233 1.773808
v -0.050086 0.979480 1.806381
v -0.086853 0.975009 1.807290
v -0.063468 0.974828 1.839863
v -0.046507 0.971571 1.831916
v -0.032925 0.961482 1.862300
v -0.101208 0.948572 1.749422
v -0.087094 0.938033 1.796472
v -0.094069 0.898161 1.721303
v -0.109258 0.910080 1.674196
v -0.081795 0.893446 1.776274
v -0.076525 0.928779 1.831881
v -0.070065 0.966288 1.842715
v -0.057245 0.960152 1.872274
v -0.045121 0.968601 1.869682
v -0.031750 0.963961 1.883229
v -0.035238 0.955483 1.892063
v -0.061481 0.917784 1.869545
v -0.035845 0.904095 1.878336
v -0.041842 0.865875 1.843017
v -0.065382 0.875929 1.831227
v -0.012357 0.853051 1.840527
v -0.024959 0.858350 1.835505
v -0.028042 0.856837 1.818035
v -0.037227 0.850153 1.817650
v -0.042280 0.858156 1.817532
v -0.076058 0.884873 1.808487
v -0.054074 0.854404 1.797769
v -0.041016 0.870288 1.767622
v -0.065052 0.871355 1.790903
v -0.082030 0.872537 1.763798
v -0.075725 0.886350 1.758386
v -0.041677 0.882186 1.711444
v -0.163112 0.974650 1.603587
v -0.170508 0.957402 1.557023
v -0.017497 1.008035 1.728450
v -0.025555 0.990775 1.732225
v -0.026317 1.017481 1.687028
v -0.057997 1.013760 1.680489
v -0.036919 1.025129 1.663928
v -0.056135 1.036493 1.655673
v -0.034417 0.992525 1.753004
v -0.021214 0.979521 1.785418
v -0.055881 0.986086 1.726613
v -0.074991 1.019239 1.727925
v -0.079794 1.043693 1.700990
v -0.062333 1.053400 1.662675
v -0.080116 1.067154 1.685701
v -0.068047 0.997464 1.749421
v -0.066346 1.070101 1.666095
v -0.055180 0.988233 1.773808
v -0.077878 1.087835 1.685490
v -0.046691 0.975204 1.762475
v -0.044004 0.960537 1.795520
v -0.050086 0.979480 1.806381
v -0.034677 0.955038 1.821646
v -0.046507 0.971571 1.831916
v -0.032925 0.961482 1.862300
v -0.011764 0.972788 1.835059
v -0.023079 0.956316 1.850188
v -0.006796 0.963207 1.850942
v -0.008580 0.953168 1.857805
v -0.041883 1.009323 1.529983
v -0.035433 1.049376 1.557204
v -0.055168 1.011013 1.535819
v -0.054151 1.059860 1.576109
v -0.037472 1.078956 1.625437
v -0.056743 1.069958 1.625052
v -0.039946 1.083106 1.676864
v -0.066346 1.070101 1.666095
v -0.037986 1.071322 1.729214
v -0.066816 1.069654 1.689488
v -0.062333 1.053400 1.662675
v -0.053499 1.040463 1.680519
v -0.056135 1.036493 1.655673
v -0.036919 1.025129 1.663928
v -0.026317 1.017481 1.687028
v -0.046609 1.031831 1.712311
v -0.017497 1.008035 1.728450
v -0.038279 1.022866 1.751734
v -0.060286 1.059135 1.724411
v -0.047168 1.044692 1.758721
v -0.018262 1.004785 1.793404
v -0.026330 1.013582 1.804665
v -0.023775 1.024654 1.804598
v -0.014195 1.011082 1.836763
v -0.014660 1.018249 1.834836
v -0.178600 1.166250 1.700264
v -0.147651 1.186481 1.741441
v -0.152673 1.157075 1.736561
v -0.144675 1.115054 1.717926
v -0.110869 1.089560 1.766195
v -0.115729 1.153461 1.802380
v -0.105759 1.092994 1.798231
v -0.128931 1.092753 1.701784
v -0.117083 1.090913 1.726001
v -0.099841 1.099809 1.724158
v -0.096501 1.084695 1.766207
v -0.092364 1.090167 1.795404
v -0.085793 1.087908 1.835773
v -0.099085 1.093691 1.839382
v -0.073297 1.087988 1.872868
v -0.092272 1.094343 1.878282
v -0.062645 1.085667 1.905026
v -0.110449 1.152711 1.843070
v -0.074610 1.094995 1.913369
v -0.044518 1.082703 1.925298
v -0.102413 1.148930 1.887163
v -0.046794 1.094409 1.949135
v -0.081630 1.144518 1.929988
v -0.091141 1.189595 1.890149
v -0.019821 1.086223 1.937642
v -0.016465 1.084777 1.929429
v -0.014483 1.080093 1.929357
v -0.048390 1.144498 1.954366
v -0.025090 1.197748 1.959472
v -0.024559 1.219618 1.940021
v -0.043996 1.221577 1.938168
v -0.026487 1.227862 1.909078
v -0.029917 1.236632 1.885852
v -0.050846 1.204830 1.952116
v -0.047697 1.233192 1.913640
v -0.065490 1.247307 1.863682
v -0.067699 1.192294 1.940868
v -0.074443 1.200064 1.919477
v -0.062725 1.214552 1.937156
v -0.073369 1.220173 1.892657
v -0.098022 1.196754 1.844732
v -0.066581 1.214729 1.923185
v -0.060067 1.223588 1.951186
v -0.062929 1.233781 1.928348
v -0.062774 1.241900 1.905500
v -0.061208 1.237084 1.901736
v -0.064491 1.245226 1.892184
v -0.061411 1.239983 1.885187
v -0.071618 1.231783 1.873283
v -0.067193 1.238669 1.855344
v -0.104412 1.195576 1.805449
v -0.121264 1.180523 1.779445
v -0.014483 1.080093 1.929357
v -0.016465 1.084777 1.929429
v -0.035664 1.102777 1.915949
v -0.044518 1.082703 1.925298
v -0.029648 1.096815 1.891287
v -0.059627 1.094384 1.847517
v -0.052643 1.105514 1.898903
v -0.062645 1.085667 1.905026
v -0.073297 1.087988 1.872868
v -0.065194 1.110085 1.863519
v -0.085793 1.087908 1.835773
v -0.074789 1.109922 1.830447
v -0.092364 1.090167 1.795404
v -0.080054 1.110330 1.794214
v -0.096501 1.084695 1.766207
v -0.025774 1.090730 1.800133
v -0.083827 1.107729 1.759579
v -0.099841 1.099809 1.724158
v -0.069285 1.096432 1.777411
v -0.015860 1.108614 1.751122
v -0.089106 1.123684 1.704884
v -0.108855 1.109412 1.695822
v -0.071940 1.099314 1.707859
v -0.040901 1.097184 1.681954
v -0.029021 1.099132 1.651464
v -0.056743 1.069958 1.625052
v -0.039042 1.097467 1.586077
v -0.054151 1.059860 1.576109
v -0.034976 1.092510 1.519787
v -0.050416 1.022710 1.480683
v -0.015586 0.961311 1.885484
v -0.016257 0.958458 1.891546
v -0.011387 0.976817 1.894371
v -0.009969 0.959032 1.894753
v -0.006067 0.962280 1.886999
v -0.015586 0.961311 1.885484
v -0.031780 0.960017 1.882635
v -0.033215 0.958138 1.887594
v -0.028467 0.973711 1.888001
v -0.028442 0.958475 1.889087
v -0.025990 0.960274 1.884106
v -0.031780 0.960017 1.882635
v -0.039851 0.959740 1.878492
v -0.041301 0.971011 1.879247
v -0.041024 0.958916 1.883391
v -0.044865 0.959147 1.882437
v -0.044181 0.961102 1.878183
v -0.039851 0.959740 1.878492
v -0.047779 0.956339 1.860694
v -0.047956 0.989846 1.873134
v -0.045599 0.955164 1.867993
v -0.054177 0.952838 1.865803
v -0.053347 0.957460 1.856472
v -0.047779 0.956339 1.860694
v -0.058376 0.948162 1.857589
v -0.064308 0.974887 1.867499
v -0.058104 0.947578 1.862491
v -0.062812 0.945953 1.861293
v -0.063835 0.947846 1.855654
v -0.058376 0.948162 1.857589
v -0.072377 0.964930 1.824779
v -0.082926 0.977620 1.828187
v -0.073252 0.963989 1.829734
v -0.077743 0.961903 1.827175
v -0.076147 0.964007 1.822252
v -0.072377 0.964930 1.824779
v -0.074713 0.979925 1.800125
v -0.082788 0.988088 1.804730
v -0.076900 0.976796 1.807558
v -0.084037 0.976519 1.803733
v -0.082096 0.978295 1.797038
v -0.074713 0.979925 1.800125
v -0.084097 0.989644 1.766971
v -0.088958 0.991644 1.763283
v -0.089638 1.002316 1.771928
v -0.090633 0.989032 1.769216
v -0.086686 0.987636 1.773363
v -0.084097 0.989644 1.766971
v -0.081504 1.003490 1.741088
v -0.084444 1.013679 1.751617
v -0.084769 1.000817 1.749832
v -0.090197 1.002468 1.746329
v -0.087502 1.004996 1.739043
v -0.081504 1.003490 1.741088
v -0.103796 1.063781 1.763768
v -0.098166 1.096185 1.766170
v -0.102325 1.093838 1.780486
v -0.109090 1.097921 1.762105
v -0.104397 1.092214 1.752412
v -0.098166 1.096185 1.766170
v -0.069135 1.092002 1.906975
v -0.068305 1.058455 1.890218
v -0.067428 1.093844 1.897187
v -0.074698 1.093041 1.902044
v -0.073220 1.093035 1.888412
v -0.067428 1.093844 1.897187
v -0.048650 1.096490 1.925753
v -0.052355 1.069286 1.916392
v -0.051320 1.094522 1.919118
v -0.056207 1.094960 1.926220
v -0.059399 1.095899 1.917337
v -0.051320 1.094522 1.919118
v -0.040611 1.101495 1.926943
v -0.040389 1.083955 1.927651
v -0.052506 1.099868 1.933880
v -0.052448 1.083534 1.931979
v -0.040845 1.062328 1.931906
v -0.045476 1.085077 1.942631
v -0.044716 1.102703 1.943719
v -0.033898 1.085356 1.936120
v -0.040389 1.083955 1.927651
v -0.033959 1.103222 1.938205
v -0.040611 1.101495 1.926943
v -0.021008 1.090172 1.942340
v -0.015488 1.092959 1.941258
v -0.013302 1.082159 1.944800
v -0.020783 1.094281 1.948275
v -0.012986 1.093724 1.947880
v -0.015488 1.092959 1.941258
v -0.086629 0.654522 1.280309
v -0.090805 0.721904 1.319871
v -0.164631 0.672005 1.244018
v -0.163359 0.753192 1.289157
v -0.083773 0.828141 1.395380
v -0.151533 0.794882 1.330266
v -0.105879 0.565187 1.257654
v -0.218161 0.558069 1.222078
v -0.261266 0.652391 1.207085
v -0.340229 0.604269 1.211655
v -0.303947 0.523780 1.234990
v -0.379889 0.512711 1.249531
v -0.401087 0.577857 1.217122
v -0.441328 0.642358 1.169180
v -0.387820 0.678833 1.109708
v -0.491079 0.662532 1.025099
v -0.251057 0.720548 1.214841
v -0.335071 0.763370 1.141521
v -0.439626 0.709819 1.005188
v -0.231339 0.763693 1.258961
v -0.492508 0.736176 0.925170
v -0.504959 0.649305 0.858018
v -0.385941 0.809840 1.023719
v -0.291349 0.796199 1.210988
v -0.347826 0.897358 1.067805
v -0.239348 0.766914 1.271400
v -0.266102 0.827379 1.216505
v -0.189892 0.830976 1.314386
v -0.147548 0.828928 1.353212
v -0.311907 0.937755 1.130262
v -0.293352 0.833712 1.231581
v -0.179531 0.899416 1.381915
v -0.134803 0.912101 1.417850
v -0.251218 0.888469 1.279644
v -0.285743 0.966852 1.231958
v -0.309717 0.990524 1.039191
v -0.297178 1.002986 1.113023
v -0.338463 0.940061 0.976720
v -0.297108 1.032158 1.216719
v -0.271538 0.989301 1.322363
v -0.284247 1.055196 1.330845
v -0.249935 0.967017 1.331544
v -0.214580 0.932411 1.350451
v -0.403030 0.838821 0.931564
v -0.266183 1.016192 1.349162
v -0.247836 1.079610 1.387019
v -0.221818 1.023023 1.397531
v -0.279738 0.975067 1.338001
v -0.271293 0.950583 1.357071
v -0.196425 0.992255 1.406979
v -0.246452 0.909978 1.367467
v -0.194905 0.899544 1.398773
v -0.162169 0.963832 1.418970
v -0.122264 0.949172 1.442352
v -0.069821 0.866300 1.464041
v -0.056761 0.923502 1.482123
v -0.568825 -0.187418 0.219405
v -0.547695 -0.253082 0.173078
v -0.514283 -0.379475 0.354529
v -0.550039 -0.250561 0.438199
v -0.600843 -0.015937 0.340467
v -0.398798 -0.419698 0.442883
v -0.577268 -0.078011 0.526183
v -0.593915 0.164686 0.450360
v -0.452727 -0.281543 0.515292
v -0.416347 -0.550485 0.402473
v -0.603369 0.087381 0.626644
v -0.558201 0.280391 0.529863
v -0.383901 -0.652331 0.368180
v -0.334237 -0.830741 0.356064
v -0.253796 -0.670391 0.417733
v -0.224022 -0.944452 0.302933
v -0.264918 -0.568837 0.474984
v -0.291521 -0.469697 0.540544
v -0.125150 -0.704656 0.481986
v -0.116451 -0.955006 0.340198
v -0.125205 -0.595067 0.557728
v -0.143350 -0.473952 0.642637
v -0.379735 -0.360421 0.566803
v -0.142515 -0.381672 0.739871
v -0.310873 -0.345383 0.689651
v -0.406010 -0.271731 0.642928
v -0.136123 -0.350378 0.857567
v -0.314289 -0.304037 0.815426
v -0.520893 -0.115625 0.603842
v -0.391159 -0.247653 0.751611
v -0.550991 0.029684 0.693314
v -0.454162 -0.127464 0.737909
v -0.376646 -0.178372 0.927714
v -0.064398 -0.305482 1.030525
v -0.301095 -0.237412 0.964249
v -0.049252 -0.183945 1.176956
v -0.184281 -0.276759 0.995765
v -0.176398 -0.133325 1.138547
v -0.077756 -0.144400 1.159272
v -0.282306 -0.080737 1.134848
v -0.078551 -0.126334 1.196171
v -0.171644 -0.105338 1.140248
v -0.088108 -0.031443 1.228884
v -0.175179 -0.081097 1.172837
v -0.089313 0.100832 1.263515
v -0.197823 -0.000100 1.214074
v -0.253277 -0.035829 1.174723
v -0.090023 0.227952 1.287374
v -0.259196 -0.051197 1.136193
v -0.323966 0.012434 1.173456
v -0.210753 0.124388 1.251831
v -0.341547 0.002725 1.133381
v -0.346333 0.063938 1.199278
v -0.363955 -0.028349 1.096923
v -0.377895 0.041540 1.126883
v -0.424804 -0.078951 0.887260
v -0.404225 0.037175 1.048429
v -0.411358 0.087454 1.159178
v -0.441388 0.098406 1.137639
v -0.336990 0.152522 1.256357
v -0.508023 0.007131 0.765697
v -0.402852 0.163434 1.225130
v -0.566420 0.064263 0.717868
v -0.617291 0.208423 0.702923
v -0.552753 0.386650 0.673309
v -0.617921 0.339151 0.755447
v -0.666541 0.420247 0.817633
v -0.592501 0.490918 0.744820
v -0.607611 0.566691 0.853230
v -0.672639 0.489564 0.908549
v -0.521126 0.029385 0.777166
v -0.585984 0.614162 1.042396
v -0.662091 0.544505 1.048613
v -0.613802 0.522879 1.186420
v -0.530070 0.573887 1.176131
v -0.492615 0.528982 1.227666
v -0.543146 0.445011 1.247271
v -0.454871 0.473920 1.257070
v -0.498993 0.366443 1.276997
v -0.355974 0.423117 1.271416
v -0.429675 0.397699 1.271685
v -0.425603 0.316625 1.259659
v -0.483393 0.269190 1.254196
v -0.351575 0.339343 1.248909
v -0.428504 0.245502 1.255322
v -0.473416 0.162580 1.211754
v -0.374660 0.246678 1.261632
v -0.283903 0.441261 1.239411
v -0.287659 0.335051 1.264866
v -0.203353 0.455572 1.237589
v -0.312448 0.243451 1.267367
v -0.201458 0.337962 1.259836
v -0.089892 0.459783 1.237886
v -0.086130 0.350565 1.273042
v -0.207886 0.237477 1.269446
v -0.437773 0.164722 1.207239
v -0.469318 0.093319 1.147607
v -0.471790 0.038244 1.065700
v -0.440542 0.053967 1.050061
v -0.474703 0.033777 0.952132
v -0.434358 0.018523 0.941983
v -0.455841 0.050077 0.948559
v -0.475214 0.044166 0.876709
v -0.492016 0.036460 0.881753
v -0.460482 0.007000 0.866932
v -0.529243 -0.356557 0.063683
v -0.575462 -0.392869 -0.256211
v -0.520717 -0.141897 -0.069601
v -0.512471 -0.237934 -0.148233
v -0.456076 -0.186915 -0.272864
v -0.477646 -0.347518 -0.380649
v -0.535662 -0.057268 -0.012566
v -0.438300 -0.092318 -0.197204
v -0.413603 -0.144399 -0.371199
v -0.372710 -0.373232 -0.578514
v -0.385007 -0.001077 -0.285426
v -0.347187 -0.176580 -0.473026
v -0.446392 0.031764 -0.110526
v -0.354606 0.140469 -0.214432
v -0.549923 0.110977 0.114816
v -0.303210 -0.315707 -0.574693
v -0.301036 -0.395502 -0.616860
v -0.255601 -0.255584 -0.552143
v -0.266085 -0.202360 -0.519340
v -0.445703 0.206030 0.011437
v -0.543679 0.274287 0.246066
v -0.360115 0.290427 -0.116048
v -0.276863 0.229151 -0.233648
v -0.268481 0.308929 -0.226681
v -0.489470 0.381983 0.308967
v -0.429958 0.381595 0.128595
v -0.321698 0.385802 -0.194099
v -0.294431 0.375711 -0.297297
v -0.297619 0.455537 -0.280880
v -0.500921 0.432465 0.546143
v -0.364208 0.472584 -0.002553
v -0.335337 0.525065 -0.226977
v -0.353420 0.537749 -0.354437
v -0.343038 0.608794 -0.297173
v -0.353192 0.498898 -0.136896
v -0.369624 0.641707 -0.179759
v -0.365029 0.655383 -0.302257
v -0.486736 0.579251 0.634958
v -0.356736 0.598244 -0.079451
v -0.557831 0.663189 0.742613
v -0.465832 0.710795 0.809323
v -0.486044 0.723484 0.694353
v -0.408605 0.656839 0.496338
v -0.403493 0.840639 0.830818
v -0.439016 0.510792 0.397895
v -0.418760 0.760788 0.730364
v -0.370910 0.866270 0.687219
v -0.328408 0.935948 0.847359
v -0.322945 0.991310 0.920580
v -0.328552 0.951337 0.791357
v -0.292391 0.983892 0.655971
v -0.385851 0.960133 0.827933
v -0.256574 1.064687 0.761410
v -0.247833 1.138499 0.877705
v -0.400456 0.781841 0.578866
v -0.342193 0.845495 0.525698
v -0.381688 0.707184 0.416643
v -0.296491 0.912107 0.599743
v -0.377926 0.664532 0.341105
v -0.344671 0.776340 0.409233
v -0.317302 0.852890 0.452968
v -0.343913 0.731932 0.311510
v -0.321714 0.788333 0.326577
v -0.354178 0.679353 0.232665
v -0.324238 0.739430 0.236005
v -0.394782 0.610249 0.226202
v -0.400210 0.582551 0.304311
v -0.353824 0.666214 0.155074
v -0.432754 0.471745 0.221738
v -0.404233 0.562750 0.244719
v -0.373786 0.591214 0.172373
v -0.361058 0.551138 0.102514
v -0.320010 0.544134 0.035645
v -0.321054 0.600736 0.052719
v -0.311709 0.656449 0.092037
v -0.345737 0.671368 -0.027167
v -0.308145 0.760869 -0.001552
v -0.276222 0.729474 0.126494
v -0.323123 0.706389 0.179825
v -0.347368 0.703680 -0.117036
v -0.338824 0.776854 -0.093839
v -0.392470 0.713189 -0.236383
v -0.301134 0.780680 0.245420
v -0.373080 0.764957 -0.192574
v -0.420775 0.775338 -0.315622
v -0.409085 0.736529 -0.356363
v -0.443025 0.783181 -0.424992
v -0.434852 0.817655 -0.394501
v -0.409300 0.825915 -0.269740
v -0.441673 0.866586 -0.348415
v -0.464446 0.889186 -0.451562
v -0.364636 0.811703 -0.157797
v -0.475735 0.919941 -0.437107
v -0.501067 0.952130 -0.524120
v -0.470267 0.945335 -0.424337
v -0.435197 0.913145 -0.338172
v -0.391562 0.876056 -0.232249
v -0.331655 0.842536 -0.103438
v -0.342820 0.875964 -0.094469
v -0.277296 0.811778 0.004289
v -0.251989 0.808500 0.067639
v -0.352744 0.854660 -0.144685
v -0.394424 0.879814 -0.206674
v -0.402509 0.901366 -0.241671
v -0.383039 0.894514 -0.199949
v -0.298452 0.824547 0.194287
v -0.277164 0.877659 0.062304
v -0.312760 0.849144 0.274175
v -0.311266 0.796309 0.280558
v -0.310517 0.922644 0.128265
v -0.321903 0.830142 0.337470
v -0.303139 0.958654 0.042012
v -0.300931 0.948275 -0.004068
v -0.310988 0.991518 -0.042192
v -0.292258 0.988637 0.032851
v -0.309086 0.926305 0.259550
v -0.321076 1.010005 0.150099
v -0.322060 1.046846 0.073674
v -0.322036 1.057100 -0.012293
v -0.336918 1.082345 0.002086
v -0.352195 1.109439 -0.054019
v -0.332334 1.134227 -0.014263
v -0.334408 1.119608 0.034111
v -0.314439 1.077679 0.175183
v -0.334282 1.108097 0.100818
v -0.347105 1.158913 0.026150
v -0.299173 1.043725 0.220356
v -0.308845 1.126810 0.163532
v -0.316720 1.142775 0.109042
v -0.314016 1.159268 0.170787
v -0.332329 1.180811 0.048593
v -0.245279 1.042742 0.299831
v -0.364553 1.238576 -0.054966
v -0.374650 1.223298 -0.062778
v -0.366693 1.208659 -0.074564
v -0.390796 1.256366 -0.135546
v -0.271145 0.991908 0.300717
v -0.231788 1.055089 0.334906
v -0.287212 0.907662 0.345549
v -0.247599 1.004112 0.375932
v -0.208070 1.044545 0.379819
v -0.217254 1.061224 0.464244
v -0.194063 1.075910 0.408371
v -0.291679 0.857832 0.441530
v -0.300660 0.914731 0.493217
v -0.247224 0.942657 0.413360
v -0.235749 0.994567 0.518974
v -0.214427 1.139527 0.444393
v -0.207894 1.139537 0.387191
v -0.220590 1.073862 0.586672
v -0.224402 1.179326 0.402177
v -0.246599 1.175702 0.341611
v -0.230546 1.215822 0.381173
v -0.227029 1.227077 0.451151
v -0.294008 1.342286 0.362891
v -0.222093 1.272298 0.478457
v -0.179379 1.254714 0.544811
v -0.209658 1.176831 0.515251
v -0.106583 1.221563 0.636208
v -0.168586 1.155851 0.649719
v -0.240074 1.069647 0.639560
v -0.242457 1.076940 0.682781
v -0.295755 1.094943 0.632472
v -0.241401 1.120031 0.742009
v -0.256627 1.147237 0.717027
v -0.104133 1.318834 0.790281
v -0.213880 1.208902 0.843079
v -0.042933 1.311969 0.662698
v -0.044984 1.363050 0.755327
v -0.032424 1.283344 0.570031
v -0.030732 1.366237 0.596129
v -0.022896 1.439099 0.562534
v -0.016900 1.478416 0.631001
v -0.214923 1.238163 0.825476
v -0.127676 1.354260 0.785134
v -0.021561 1.427858 0.679500
v -0.013332 1.467268 0.536377
v -0.016525 1.513642 0.531041
v -0.019014 1.513899 0.568854
v -0.012005 1.521735 0.607782
v -0.027078 1.412323 0.732386
v -0.022467 1.446602 0.776497
v -0.041129 1.401411 0.803431
v -0.070960 1.389846 0.901887
v -0.018421 1.503646 0.754061
v -0.033837 1.432717 0.863028
v -0.013915 1.560431 0.728420
v -0.020647 1.477462 0.903739
v -0.035213 1.426617 0.925023
v -0.074136 1.416974 1.024263
v -0.131665 1.374800 0.918109
v -0.022353 1.524328 0.886920
v -0.013990 1.567850 0.865158
v -0.020084 1.531734 0.908486
v -0.018075 1.491784 0.940121
v -0.018663 1.450848 0.979650
v -0.028537 1.443470 1.023719
v -0.020279 1.468772 1.090056
v -0.020652 1.463116 1.179223
v -0.018608 1.464827 1.249530
v -0.070216 1.433174 1.182904
v -0.064306 1.448408 1.281332
v -0.029413 1.465943 1.293921
v -0.021180 1.470538 1.326745
v -0.054973 1.446975 1.364466
v -0.100333 1.432078 1.372130
v -0.075866 1.425936 1.099502
v -0.107728 1.416784 1.192914
v -0.110145 1.425408 1.278040
v -0.156323 1.395990 1.280800
v -0.146399 1.425323 1.379085
v -0.202439 1.406490 1.372239
v -0.138050 1.417654 1.095633
v -0.214118 1.357514 1.129730
v -0.214925 1.396404 1.265296
v -0.195697 1.361541 1.279464
v -0.192148 1.379277 1.374039
v -0.205076 1.327650 1.150254
v -0.126947 1.392053 1.018516
v -0.206681 1.289798 1.060383
v -0.235714 1.234492 1.177704
v -0.235399 1.202546 1.074230
v -0.213281 1.317932 1.042533
v -0.218484 1.247119 0.957211
v -0.246563 1.177579 0.979655
v -0.225727 1.278554 0.928327
v -0.231025 1.251917 0.831106
v -0.323848 1.103148 1.229588
v -0.322875 1.053823 1.107740
v -0.333917 1.014932 1.003624
v -0.268856 1.273918 1.374677
v -0.230143 1.256854 1.287345
v -0.266256 1.148003 1.376924
v -0.287916 1.140829 1.304331
v -0.097572 -0.767105 -1.070130
v -0.089672 -0.873471 -1.118472
v -0.172004 -0.961319 -1.156034
v -0.165306 -0.681524 -1.142031
v -0.272647 -0.569664 -1.433709
v -0.229093 -0.608172 -1.184489
v -0.171292 -0.654289 -1.074046
v -0.116072 -0.726963 -0.977644
v -0.244329 -0.537854 -1.103151
v -0.186201 -0.667530 -0.922030
v -0.204726 -0.631959 -1.035728
v -0.002695 -1.639322 -0.238430
v -0.002695 -1.906553 -0.566525
v 0.141263 -1.638656 -0.254362
v 0.349125 -1.798154 -0.802159
v 0.405824 -1.500270 -0.477160
v -0.002695 -2.291749 -0.998378
v 0.313865 -2.160645 -1.130713
v -0.002695 -2.534881 -1.287201
v 0.291200 -2.401528 -1.397291
v -0.002695 -2.781516 -1.628923
v 0.241559 -2.677638 -1.733007
v -0.002695 -3.092947 -2.233393
v 0.189825 -3.019966 -2.289466
v -0.002695 -3.295187 -2.786359
v 0.211221 -3.167533 -2.832552
v 0.185188 -1.143537 -1.204391
v 0.166614 -0.961319 -1.156034
v 0.311597 -0.935087 -0.964463
v 0.344417 -1.185766 -1.110998
v 0.432249 -1.011587 -0.859290
v 0.548711 -1.198503 -0.691416
v 0.230007 -1.219493 -1.261724
v 0.147638 -1.191433 -1.277423
v 0.268820 -1.406246 -1.381630
v 0.472524 -1.570524 -1.057522
v 0.316696 -1.650539 -1.435724
v 0.215283 -1.548757 -1.511657
v 0.292119 -1.855403 -1.637528
v 0.291429 -2.055576 -1.659525
v 0.292466 -2.441151 -1.932571
v 0.260218 -2.752599 -2.454985
v 0.242051 -2.921875 -2.914192
v 0.232538 -1.715921 -1.630615
v 0.251289 -1.947587 -1.770643
v 0.058036 -1.670934 -1.702227
v 0.223560 -1.811480 -1.718045
v 0.035953 -1.859339 -1.850589
v 0.255853 -2.110133 -1.866690
v 0.233922 -2.043885 -1.888389
v 0.034206 -2.043111 -1.986420
v 0.216242 -2.135705 -1.958736
v 0.248707 -2.180317 -1.907516
v 0.253589 -2.314480 -2.151915
v 0.140662 -2.221954 -2.158124
v 0.056846 -2.261689 -2.218286
v 0.212512 -2.293872 -2.267179
v 0.192852 -2.423343 -2.269512
v 0.212512 -2.293872 -2.267179
v 0.159676 -2.423784 -2.344809
v 0.192852 -2.423343 -2.269512
v 0.208697 -2.559981 -2.427039
v 0.214064 -2.552591 -2.569075
v 0.161710 -2.517765 -2.522140
v 0.219755 -2.643352 -2.644328
v 0.166580 -2.560217 -2.618676
v 0.157377 -2.674356 -2.916136
v 0.165516 -2.632253 -2.769497
v 0.182917 -2.737770 -3.010308
v 0.084058 -2.648773 -2.894564
v 0.053882 -2.673524 -3.023080
v 0.082445 -2.464374 -2.515046
v -0.002695 -2.394087 -3.029371
v -0.002695 -2.644623 -3.079081
v -0.002695 -2.566817 -2.841887
v 0.048433 -2.605476 -2.815626
v 0.158709 -2.578271 -2.704485
v 0.113616 -2.564749 -2.686933
v 0.036451 -2.546416 -2.692281
v -0.002695 -2.493077 -2.641122
v 0.033321 -2.405632 -2.475614
v -0.002695 -2.290564 -2.745741
v -0.002695 -2.298341 -2.460733
v -0.002695 -2.086239 -2.589868
v -0.002695 -2.132371 -2.140053
v -0.002695 -1.878836 -2.332275
v -0.002695 -1.924059 -1.956339
v 0.014616 -1.755992 -1.985163
v -0.002695 -1.866176 -2.031293
v -0.002695 -1.751611 -2.196074
v -0.002695 -1.729461 -2.009665
v -0.002695 -1.678736 -2.042801
v -0.002695 -1.680882 -1.874665
v 0.031160 -1.592296 -1.827070
v -0.002695 -1.450704 -2.040198
v -0.002695 -1.560355 -1.635891
v 0.129994 -1.438323 -1.553825
v 0.186913 -1.393244 -1.412718
v 0.049860 -1.197392 -1.348675
v 0.039098 -1.452131 -1.560155
v -0.002695 -1.263232 -1.919893
v -0.002695 -1.345317 -1.473941
v -0.002695 -0.897179 -1.901181
v -0.002695 -1.032241 -1.248552
v 0.124662 -1.063805 -1.226533
v 0.187562 -1.012359 -1.269864
v 0.166614 -0.961319 -1.156034
v -0.002695 -0.939676 -1.189865
v 0.084282 -0.873471 -1.118472
v 0.292119 -1.855403 -1.637528
v 0.373105 -1.748250 -1.863268
v 0.232538 -1.715921 -1.630615
v 0.251289 -1.947587 -1.770643
v 0.268820 -1.406246 -1.381630
v 0.315504 -1.307588 -1.493623
v 0.230007 -1.219493 -1.261724
v 0.215283 -1.548757 -1.511657
v 0.230007 -1.219493 -1.261724
v 0.186913 -1.393244 -1.412718
v 0.147638 -1.191433 -1.277423
v 0.315504 -1.307588 -1.493623
v 0.215283 -1.548757 -1.511657
v 0.251289 -1.947587 -1.770643
v 0.223560 -1.811480 -1.718045
v 0.373105 -1.748250 -1.863268
v 0.232538 -1.715921 -1.630615
v 0.233922 -2.043885 -1.888389
v 0.251289 -1.947587 -1.770643
v 0.349095 -1.971736 -2.017857
v 0.216242 -2.135705 -1.958736
v 0.255853 -2.110133 -1.866690
v 0.349095 -1.971736 -2.017857
v 0.251289 -1.947587 -1.770643
v 0.216242 -2.135705 -1.958736
v 0.279199 -2.015569 -2.329363
v 0.248707 -2.180317 -1.907516
v 0.253589 -2.314480 -2.151915
v 0.212512 -2.293872 -2.267179
v 0.208697 -2.559981 -2.427039
v 0.219663 -2.437370 -2.516249
v 0.159676 -2.423784 -2.344809
v 0.161710 -2.517765 -2.522140
v 0.214064 -2.552591 -2.569075
v 0.219755 -2.643352 -2.644328
v 0.291781 -2.356453 -2.798158
v 0.165516 -2.632253 -2.769497
v 0.185188 -1.143537 -1.204391
v 0.187562 -1.012359 -1.269864
v 0.166614 -0.961319 -1.156034
v 0.147638 -1.191433 -1.277423
v 0.165516 -2.632253 -2.769497
v 0.194984 -2.585328 -2.882686
v 0.084058 -2.648773 -2.894564
v 0.157377 -2.674356 -2.916136
v 0.048433 -2.605476 -2.815626
v 0.036451 -2.546416 -2.692281
v 0.113616 -2.564749 -2.686933
v 0.082445 -2.464374 -2.515046
v 0.158709 -2.578271 -2.704485
v 0.291781 -2.356453 -2.798158
v 0.165516 -2.632253 -2.769497
v 0.166580 -2.560217 -2.618676
v 0.214064 -2.552591 -2.569075
v 0.216242 -2.135705 -1.958736
v 0.248707 -2.180317 -1.907516
v 0.279199 -2.015569 -2.329363
v 0.140662 -2.221954 -2.158124
v 0.212512 -2.293872 -2.267179
v 0.242051 -2.921875 -2.914192
v 0.211221 -3.167533 -2.832552
v 0.188598 -3.227514 -3.151916
v 0.227357 -2.984172 -3.226227
v 0.175254 -3.265499 -3.540286
v 0.198991 -2.774189 -3.067535
v 0.182917 -2.737770 -3.010308
v 0.156860 -2.789619 -3.150803
v 0.187821 -3.032145 -3.563546
v 0.165571 -3.277294 -3.910299
v 0.159958 -2.892004 -3.404670
v 0.145909 -2.836931 -3.305034
v 0.140088 -2.913937 -3.483752
v 0.039002 -2.752783 -3.257231
v 0.121922 -2.852515 -3.391073
v -0.002695 -2.679009 -3.145917
v 0.157999 -2.749671 -3.068689
v -0.002695 -2.537019 -3.316409
v -0.002695 -2.644623 -3.079081
v 0.053882 -2.673524 -3.023080
v -0.002695 -2.795011 -3.412137
v 0.023171 -2.849324 -3.529330
v -0.002695 -2.649239 -3.577308
v -0.002695 -2.781603 -3.619432
v -0.002695 -2.892513 -3.746081
v 0.116816 -2.929157 -3.629652
v 0.155536 -3.007551 -3.922317
v 0.147485 -3.078043 -4.413657
v 0.130397 -3.275930 -4.420570
v 0.066021 -2.959923 -4.213492
v 0.056175 -2.946571 -3.975283
v 0.100232 -3.276464 -4.795234
v 0.106695 -3.091287 -4.811063
v 0.087313 -3.119633 -5.108087
v 0.082325 -3.281039 -5.104767
v 0.070744 -3.260135 -5.379738
v 0.077760 -2.903783 -3.746028
v 0.027329 -2.933657 -3.865887
v -0.002695 -2.809837 -3.767034
v -0.002695 -2.846821 -3.818515
v -0.002695 -2.716184 -3.859468
v -0.002695 -2.922439 -3.980062
v 0.013602 -2.938968 -4.050710
v -0.002695 -2.788516 -4.066909
v -0.002695 -2.914711 -4.137802
v 0.013482 -2.947587 -4.213639
v -0.002695 -2.835082 -4.187945
v -0.002695 -2.941252 -4.274351
v 0.015398 -2.975991 -4.387424
v -0.002695 -2.812470 -4.362154
v -0.002695 -2.977270 -4.468145
v 0.063263 -2.998127 -4.443195
v 0.024821 -2.986285 -4.616216
v -0.002695 -2.883198 -4.626147
v -0.002695 -3.000878 -4.719815
v 0.018278 -3.014620 -4.772702
v -0.002695 -2.927986 -4.749209
v -0.002695 -2.995791 -4.819160
v 0.021281 -3.017923 -4.888174
v -0.002695 -2.901066 -4.931216
v -0.002695 -2.971246 -4.935565
v 0.021447 -3.034702 -4.962741
v -0.002695 -2.829935 -5.110950
v 0.014103 -3.065081 -5.102733
v -0.002695 -3.049777 -5.112936
v -0.002695 -2.939420 -5.413367
v 0.023951 -3.086651 -5.284017
v -0.002695 -3.061721 -5.442631
v 0.074267 -3.128274 -5.372437
v 0.012934 -3.087253 -5.426418
v 0.021500 -3.086685 -5.556977
v -0.002695 -3.018391 -5.602424
v -0.002695 -3.103183 -5.654238
v 0.060532 -3.131873 -5.643406
v 0.059709 -3.241732 -5.665667
v -0.002695 -3.091818 -5.974103
v 0.063458 -3.171994 -5.973121
v -0.002695 -3.115410 -6.232996
v 0.034969 -3.166563 -6.231620
v -0.002695 -3.184986 -6.278447
v -0.002695 -3.295187 -2.786359
v -0.002695 -3.338580 -3.120603
v -0.002695 -3.362393 -3.531622
v -0.002695 -3.392188 -3.909523
v -0.002695 -3.391136 -4.420359
v -0.002695 -3.362508 -4.784133
v -0.002695 -3.368551 -5.094067
v -0.002695 -3.339340 -5.381006
v -0.002695 -3.312922 -5.667521
v -0.002695 -3.285691 -5.975441
v -0.002695 -3.253117 -6.238544
v 0.238450 -2.643012 -3.078734
v 0.157999 -2.749671 -3.068689
v 0.182917 -2.737770 -3.010308
v 0.156860 -2.789619 -3.150803
v 0.198991 -2.774189 -3.067535
v 0.238450 -2.643012 -3.078734
v 0.182917 -2.737770 -3.010308
v 0.156860 -2.789619 -3.150803
v 0.159958 -2.892004 -3.404670
v 0.199540 -2.775233 -3.426682
v 0.145909 -2.836931 -3.305034
v 0.140088 -2.913937 -3.483752
v 0.121922 -2.852515 -3.391073
v 0.199540 -2.775233 -3.426682
v 0.140088 -2.913937 -3.483752
v 0.145909 -2.836931 -3.305034
v -0.146653 -1.638656 -0.254362
v -0.354515 -1.798154 -0.802159
v -0.411214 -1.500270 -0.477160
v -0.319255 -2.160645 -1.130713
v -0.296590 -2.401528 -1.397291
v -0.246949 -2.677638 -1.733007
v -0.195215 -3.019966 -2.289466
v -0.216611 -3.167533 -2.832552
v -0.172004 -0.961319 -1.156034
v -0.190578 -1.143537 -1.204391
v -0.316987 -0.935087 -0.964463
v -0.349807 -1.185766 -1.110998
v -0.437639 -1.011587 -0.859290
v -0.554101 -1.198503 -0.691416
v -0.235397 -1.219493 -1.261724
v -0.153029 -1.191433 -1.277423
v -0.274210 -1.406246 -1.381630
v -0.477914 -1.570524 -1.057522
v -0.322087 -1.650539 -1.435724
v -0.220673 -1.548757 -1.511657
v -0.297509 -1.855403 -1.637528
v -0.296819 -2.055576 -1.659525
v -0.297856 -2.441151 -1.932571
v -0.265608 -2.752599 -2.454985
v -0.247441 -2.921875 -2.914192
v -0.237928 -1.715921 -1.630615
v -0.256680 -1.947587 -1.770643
v -0.063426 -1.670934 -1.702227
v -0.228950 -1.811480 -1.718045
v -0.041344 -1.859339 -1.850589
v -0.261244 -2.110133 -1.866690
v -0.239312 -2.043885 -1.888389
v -0.039596 -2.043111 -1.986420
v -0.221632 -2.135705 -1.958736
v -0.254097 -2.180317 -1.907516
v -0.258979 -2.314480 -2.151915
v -0.146052 -2.221954 -2.158124
v -0.062236 -2.261689 -2.218286
v -0.217902 -2.293872 -2.267179
v -0.198242 -2.423343 -2.269512
v -0.217902 -2.293872 -2.267179
v -0.165066 -2.423784 -2.344809
v -0.198242 -2.423343 -2.269512
v -0.214087 -2.559981 -2.427039
v -0.219454 -2.552591 -2.569075
v -0.167100 -2.517765 -2.522140
v -0.225146 -2.643352 -2.644328
v -0.171970 -2.560217 -2.618676
v -0.162767 -2.674356 -2.916136
v -0.170906 -2.632253 -2.769497
v -0.188308 -2.737770 -3.010308
v -0.089449 -2.648773 -2.894564
v -0.059272 -2.673524 -3.023080
v -0.087835 -2.464374 -2.515046
v -0.053824 -2.605476 -2.815626
v -0.164099 -2.578271 -2.704485
v -0.119006 -2.564749 -2.686933
v -0.041841 -2.546416 -2.692281
v -0.038712 -2.405632 -2.475614
v -0.020006 -1.755992 -1.985163
v -0.036550 -1.592296 -1.827070
v -0.135384 -1.438323 -1.553825
v -0.192303 -1.393244 -1.412718
v -0.055250 -1.197392 -1.348675
v -0.044489 -1.452131 -1.560155
v -0.130052 -1.063805 -1.226533
v -0.192952 -1.012359 -1.269864
v -0.172004 -0.961319 -1.156034
v -0.089672 -0.873471 -1.118472
v -0.378496 -1.748250 -1.863268
v -0.297509 -1.855403 -1.637528
v -0.237928 -1.715921 -1.630615
v -0.256680 -1.947587 -1.770643
v -0.320894 -1.307588 -1.493623
v -0.274210 -1.406246 -1.381630
v -0.235397 -1.219493 -1.261724
v -0.220673 -1.548757 -1.511657
v -0.192303 -1.393244 -1.412718
v -0.235397 -1.219493 -1.261724
v -0.153029 -1.191433 -1.277423
v -0.320894 -1.307588 -1.493623
v -0.220673 -1.548757 -1.511657
v -0.228950 -1.811480 -1.718045
v -0.256680 -1.947587 -1.770643
v -0.378496 -1.748250 -1.863268
v -0.237928 -1.715921 -1.630615
v -0.256680 -1.947587 -1.770643
v -0.239312 -2.043885 -1.888389
v -0.354486 -1.971736 -2.017857
v -0.221632 -2.135705 -1.958736
v -0.354486 -1.971736 -2.017857
v -0.261244 -2.110133 -1.866690
v -0.256680 -1.947587 -1.770643
v -0.221632 -2.135705 -1.958736
v -0.254097 -2.180317 -1.907516
v -0.284589 -2.015569 -2.329363
v -0.258979 -2.314480 -2.151915
v -0.217902 -2.293872 -2.267179
v -0.225053 -2.437370 -2.516249
v -0.214087 -2.559981 -2.427039
v -0.165066 -2.423784 -2.344809
v -0.167100 -2.517765 -2.522140
v -0.225146 -2.643352 -2.644328
v -0.219454 -2.552591 -2.569075
v -0.297171 -2.356453 -2.798158
v -0.170906 -2.632253 -2.769497
v -0.192952 -1.012359 -1.269864
v -0.190578 -1.143537 -1.204391
v -0.172004 -0.961319 -1.156034
v -0.153029 -1.191433 -1.277423
v -0.200374 -2.585328 -2.882686
v -0.170906 -2.632253 -2.769497
v -0.089449 -2.648773 -2.894564
v -0.162767 -2.674356 -2.916136
v -0.041841 -2.546416 -2.692281
v -0.053824 -2.605476 -2.815626
v -0.119006 -2.564749 -2.686933
v -0.087835 -2.464374 -2.515046
v -0.297171 -2.356453 -2.798158
v -0.164099 -2.578271 -2.704485
v -0.170906 -2.632253 -2.769497
v -0.171970 -2.560217 -2.618676
v -0.219454 -2.552591 -2.569075
v -0.254097 -2.180317 -1.907516
v -0.221632 -2.135705 -1.958736
v -0.284589 -2.015569 -2.329363
v -0.146052 -2.221954 -2.158124
v -0.217902 -2.293872 -2.267179
v -0.216611 -3.167533 -2.832552
v -0.247441 -2.921875 -2.914192
v -0.193988 -3.227514 -3.151916
v -0.232748 -2.984172 -3.226227
v -0.180644 -3.265499 -3.540286
v -0.204381 -2.774189 -3.067535
v -0.188308 -2.737770 -3.010308
v -0.162250 -2.789619 -3.150803
v -0.193211 -3.032145 -3.563546
v -0.170961 -3.277294 -3.910299
v -0.165348 -2.892004 -3.404670
v -0.151299 -2.836931 -3.305034
v -0.145478 -2.913937 -3.483752
v -0.044393 -2.752783 -3.257231
v -0.127312 -2.852515 -3.391073
v -0.163389 -2.749671 -3.068689
v -0.059272 -2.673524 -3.023080
v -0.028561 -2.849324 -3.529330
v -0.122206 -2.929157 -3.629652
v -0.160926 -3.007551 -3.922317
v -0.152876 -3.078043 -4.413657
v -0.135787 -3.275930 -4.420570
v -0.071411 -2.959923 -4.213492
v -0.061565 -2.946571 -3.975283
v -0.105622 -3.276464 -4.795234
v -0.112085 -3.091287 -4.811063
v -0.092703 -3.119633 -5.108087
v -0.087715 -3.281039 -5.104767
v -0.076135 -3.260135 -5.379738
v -0.083150 -2.903783 -3.746028
v -0.032719 -2.933657 -3.865887
v -0.018993 -2.938968 -4.050710
v -0.018872 -2.947587 -4.213639
v -0.020788 -2.975991 -4.387424
v -0.068653 -2.998127 -4.443195
v -0.030211 -2.986285 -4.616216
v -0.023668 -3.014620 -4.772702
v -0.026671 -3.017923 -4.888174
v -0.026837 -3.034702 -4.962741
v -0.019493 -3.065081 -5.102733
v -0.029341 -3.086651 -5.284017
v -0.079657 -3.128274 -5.372437
v -0.018325 -3.087253 -5.426418
v -0.026890 -3.086685 -5.556977
v -0.065922 -3.131873 -5.643406
v -0.065100 -3.241732 -5.665667
v -0.068848 -3.171994 -5.973121
v -0.040359 -3.166563 -6.231620
v -0.163389 -2.749671 -3.068689
v -0.243840 -2.643012 -3.078734
v -0.188308 -2.737770 -3.010308
v -0.162250 -2.789619 -3.150803
v -0.243840 -2.643012 -3.078734
v -0.204381 -2.774189 -3.067535
v -0.188308 -2.737770 -3.010308
v -0.162250 -2.789619 -3.150803
v -0.204931 -2.775233 -3.426682
v -0.165348 -2.892004 -3.404670
v -0.151299 -2.836931 -3.305034
v -0.145478 -2.913937 -3.483752
v -0.204931 -2.775233 -3.426682
v -0.127312 -2.852515 -3.391073
v -0.145478 -2.913937 -3.483752
v -0.151299 -2.836931 -3.305034
v 0.059578 -3.111688 -5.421497
v 0.110033 -3.041982 -5.437535
v -0.000906 -3.091903 -5.479657
v 0.074824 -3.019347 -5.532610
v -0.004865 -3.092872 -5.564870
v 0.006055 -3.088461 -5.592502
v 0.079169 -3.031047 -5.630118
v 0.015277 -3.092986 -5.628965
v 0.026865 -3.095940 -5.626953
v 0.083973 -3.041051 -5.630138
v 0.208364 -2.935300 -5.510881
v 0.186193 -2.944547 -5.617821
v 0.187064 -2.928218 -5.560887
v 0.178860 -2.935720 -5.616017
v 0.222838 -2.916987 -5.613124
v 0.210959 -2.924793 -5.597192
v 0.240908 -2.883976 -5.562530
v 0.259486 -2.892576 -5.541517
v 0.244858 -2.900598 -5.585173
v 0.335889 -2.837044 -5.619659
v 0.110033 -3.041982 -5.437535
v 0.059578 -3.111688 -5.421497
v 0.052714 -3.117909 -5.524832
v 0.103131 -3.055731 -5.530639
v 0.026865 -3.095940 -5.626953
v 0.083973 -3.041051 -5.630138
v 0.208364 -2.935300 -5.510881
v 0.203910 -2.942490 -5.563174
v 0.186193 -2.944547 -5.617821
v 0.210959 -2.924793 -5.597192
v 0.222838 -2.916987 -5.613124
v 0.244858 -2.900598 -5.585173
v 0.258589 -2.898815 -5.564710
v 0.259486 -2.892576 -5.541517
v 0.335889 -2.837044 -5.619659
v -0.004865 -3.092872 -5.564870
v 0.006055 -3.088461 -5.592502
v -0.004247 -3.081248 -5.567554
v 0.005140 -3.050093 -5.600446
v 0.015277 -3.092986 -5.628965
v 0.016870 -2.993960 -5.662134
v 0.036327 -3.042057 -5.737062
v 0.041220 -2.881910 -5.770476
v 0.031539 -3.103669 -5.717900
v 0.019560 -3.115386 -5.634637
v 0.026865 -3.095940 -5.626953
v 0.037401 -3.079854 -5.838139
v 0.040362 -3.115126 -5.821777
v 0.028875 -3.094401 -5.844508
v 0.028830 -3.110423 -5.855584
v 0.045202 -3.137284 -5.842745
v 0.036053 -3.062151 -5.886741
v 0.033831 -3.054421 -5.854004
v 0.041948 -2.982603 -5.874416
v 0.047557 -2.925542 -5.818333
v 0.041618 -2.944699 -5.860690
v 0.049222 -2.890801 -5.883317
v 0.049194 -2.865294 -5.864703
v 0.054097 -2.856104 -5.900372
v 0.057519 -2.814820 -5.876704
v 0.060067 -2.784574 -5.861485
v 0.071080 -2.747873 -5.930065
v -0.031380 -3.103391 -5.682375
v -0.025470 -3.078125 -5.688814
v -0.040138 -3.079228 -5.688381
v -0.015861 -3.065681 -5.771896
v -0.083853 -2.987509 -5.795582
v -0.033212 -3.018314 -5.823590
v -0.064540 -2.968753 -5.919539
v -0.147481 -2.871419 -5.961675
v -0.018646 -3.046867 -5.917760
v -0.118421 -2.878325 -5.985574
v -0.192933 -2.794013 -6.055968
v -0.174899 -2.795856 -6.068225
v -0.211524 -2.762323 -6.135242
v -0.179925 -2.814367 -6.078642
v -0.127681 -2.886245 -6.038778
v -0.101592 -2.912847 -6.030365
v -0.134417 -2.878344 -6.068141
v -0.112485 -2.925140 -6.043963
v -0.064763 -3.013628 -6.011698
v -0.030148 -3.107031 -5.987680
v 0.002413 -3.115131 -5.935730
v 0.028830 -3.110423 -5.855584
v 0.060067 -2.784574 -5.861485
v 0.071080 -2.747873 -5.930065
v 0.048495 -2.806802 -5.872467
v 0.041220 -2.881910 -5.770476
v 0.019164 -2.919981 -5.820267
v -0.009624 -3.019376 -5.711313
v 0.016870 -2.993960 -5.662134
v -0.017476 -3.072042 -5.620408
v 0.005140 -3.050093 -5.600446
v -0.004247 -3.081248 -5.567554
v -0.019005 -3.106195 -5.600062
v -0.004865 -3.092872 -5.564870
v -0.031380 -3.103391 -5.682375
v -0.025470 -3.078125 -5.688814
v -0.015861 -3.065681 -5.771896
v 0.006654 -3.018071 -5.810147
v -0.000677 -3.083114 -5.825640
v 0.019158 -3.070645 -5.853824
v 0.028875 -3.094401 -5.844508
v 0.036053 -3.062151 -5.886741
v 0.033831 -3.054421 -5.854004
v 0.041948 -2.982603 -5.874416
v 0.041618 -2.944699 -5.860690
v 0.038348 -2.880176 -5.875599
v 0.049222 -2.890801 -5.883317
v 0.054097 -2.856104 -5.900372
v 0.049194 -2.865294 -5.864703
v 0.057519 -2.814820 -5.876704
v 0.071080 -2.747873 -5.930065
v -0.040138 -3.079228 -5.688381
v -0.040505 -3.125588 -5.732075
v -0.031380 -3.103391 -5.682375
v -0.083853 -2.987509 -5.795582
v -0.080240 -3.039467 -5.902595
v -0.040904 -3.141573 -5.861658
v -0.030148 -3.107031 -5.987680
v -0.147481 -2.871419 -5.961675
v -0.064763 -3.013628 -6.011698
v -0.112485 -2.925140 -6.043963
v -0.192933 -2.794013 -6.055968
v -0.191297 -2.806113 -6.067832
v -0.211524 -2.762323 -6.135242
v -0.179925 -2.814367 -6.078642
v -0.014119 -3.122610 -6.233119
v -0.066742 -3.053244 -6.209691
v -0.007207 -3.118176 -6.197375
v -0.042950 -3.064471 -6.111678
v -0.000752 -3.122272 -6.096013
v -0.030148 -3.107031 -5.987680
v -0.110987 -2.970924 -6.163664
v -0.097536 -2.973510 -6.188207
v -0.101411 -2.983208 -6.216061
v -0.118029 -2.931402 -6.234122
v 0.028830 -3.110423 -5.855584
v 0.080720 -3.102220 -5.942952
v 0.002413 -3.115131 -5.935730
v 0.039163 -3.092522 -5.978853
v -0.030148 -3.107031 -5.987680
v 0.146728 -3.042520 -6.047830
v 0.085776 -3.083116 -6.020864
v 0.088376 -3.076221 -6.047842
v 0.004132 -3.119298 -6.034956
v 0.058047 -3.100435 -6.040214
v 0.006983 -3.130493 -6.084172
v 0.032014 -3.135257 -6.126634
v 0.026699 -3.135954 -6.110479
v 0.028830 -3.110423 -5.855584
v 0.037133 -3.150199 -5.982116
v 0.080720 -3.102220 -5.942952
v 0.085776 -3.083116 -6.020864
v 0.146728 -3.042520 -6.047830
v 0.058047 -3.100435 -6.040214
v 0.088376 -3.076221 -6.047842
v 0.026699 -3.135954 -6.110479
v 0.032014 -3.135257 -6.126634
v -0.119339 -3.093795 -5.656982
v -0.051677 -3.135650 -5.656409
v -0.071700 -3.149141 -5.538594
v -0.142913 -3.088443 -5.553341
v -0.099478 -3.096133 -5.411386
v -0.064835 -3.124867 -5.425871
v -0.175583 -3.048139 -5.502707
v -0.257328 -2.982392 -5.553247
v -0.255860 -2.997674 -5.592421
v -0.368303 -2.867016 -5.668142
v -0.064835 -3.124867 -5.425871
v -0.044881 -3.107863 -5.447179
v -0.099478 -3.096133 -5.411386
v -0.109514 -3.065454 -5.549039
v -0.039127 -3.103138 -5.514452
v -0.175583 -3.048139 -5.502707
v -0.042220 -3.105280 -5.591466
v -0.234812 -2.980579 -5.590631
v -0.257328 -2.982392 -5.553247
v -0.368303 -2.867016 -5.668142
v -0.119339 -3.093795 -5.656982
v -0.051677 -3.135650 -5.656409
v 0.054677 -3.111418 -5.622944
v 0.090875 -3.078740 -5.629275
v 0.019560 -3.115386 -5.634637
v 0.068950 -3.076161 -5.717814
v 0.099445 -3.066992 -5.660210
v 0.139089 -3.025292 -5.716506
v 0.031539 -3.103669 -5.717900
v 0.151634 -3.025696 -5.784482
v 0.067771 -3.088362 -5.806669
v 0.040362 -3.115126 -5.821777
v 0.045202 -3.137284 -5.842745
v 0.095652 -3.101131 -5.893818
v 0.107981 -3.044102 -5.838643
v 0.191427 -2.989515 -5.852676
v 0.155322 -3.014915 -5.914119
v 0.219956 -2.951330 -5.953079
v 0.242729 -2.945779 -5.932003
v 0.150303 -3.053238 -5.936813
v 0.278322 -2.910338 -6.000167
v 0.185095 -2.998775 -5.975657
v 0.196735 -3.011927 -5.983156
v 0.208089 -2.997829 -5.989491
v 0.200609 -3.002329 -5.964159
v 0.226732 -2.974331 -5.973701
v 0.261701 -2.932797 -6.023229
v 0.257917 -2.912355 -6.011964
v 0.296459 -2.890738 -6.074265
v 0.054677 -3.111418 -5.622944
v 0.053605 -3.161802 -5.645948
v 0.090875 -3.078740 -5.629275
v 0.096222 -3.101938 -5.700066
v 0.099445 -3.066992 -5.660210
v 0.059638 -3.159691 -5.725622
v 0.120966 -3.080149 -5.818235
v 0.043569 -3.162833 -5.788903
v 0.139089 -3.025292 -5.716506
v 0.045202 -3.137284 -5.842745
v 0.151634 -3.025696 -5.784482
v 0.095652 -3.101131 -5.893818
v 0.177117 -3.027471 -5.896069
v 0.191427 -2.989515 -5.852676
v 0.150303 -3.053238 -5.936813
v 0.242729 -2.945779 -5.932003
v 0.197692 -3.011929 -5.969585
v 0.196735 -3.011927 -5.983156
v 0.208089 -2.997829 -5.989491
v 0.200609 -3.002329 -5.964159
v 0.239593 -2.967785 -5.949911
v 0.278322 -2.910338 -6.000167
v 0.226732 -2.974331 -5.973701
v 0.273461 -2.925900 -6.012118
v 0.296459 -2.890738 -6.074265
v 0.261701 -2.932797 -6.023229
v -0.014119 -3.122610 -6.233119
v -0.043767 -3.153486 -6.100667
v -0.066742 -3.053244 -6.209691
v -0.076249 -3.087894 -6.095898
v -0.030148 -3.107031 -5.987680
v -0.110987 -2.970924 -6.163664
v -0.116124 -2.980810 -6.187585
v -0.101411 -2.983208 -6.216061
v -0.118029 -2.931402 -6.234122
v 0.568451 -0.708437 0.352394
v 0.537091 -0.505987 0.149023
v 0.452172 -0.668461 0.362126
v 0.624264 -0.654249 0.063787
v 0.645433 -0.925699 -0.251677
v 0.599182 -1.161449 -0.453485
v 0.682956 -1.318661 -0.307265
v 0.522627 -1.410032 -0.379623
v 0.548711 -1.198503 -0.691416
v 0.405824 -1.500270 -0.477160
v -0.002695 -1.570846 -0.089513
v -0.002695 -1.639322 -0.238430
v 0.141263 -1.638656 -0.254362
v 0.228094 -1.567465 -0.154217
v 0.157636 -1.485282 0.056261
v -0.002695 -1.477115 0.063619
v -0.002695 -1.394317 0.201324
v 0.223976 -1.296717 0.243039
v 0.223976 -1.296717 0.243039
v 0.328847 -0.830741 0.356064
v 0.270616 -1.037534 0.319412
v 0.218632 -0.944452 0.302933
v 0.111061 -0.955006 0.340198
v 0.111111 -1.140999 0.291047
v -0.002695 -1.394317 0.201324
v -0.002695 -0.972740 0.376283
v -0.002695 -1.152504 0.325864
v -0.542482 -0.505987 0.149023
v -0.457562 -0.668461 0.362126
v -0.650823 -0.925699 -0.251677
v -0.604572 -1.161449 -0.453485
v -0.528017 -1.410032 -0.379623
v -0.554101 -1.198503 -0.691416
v -0.411214 -1.500270 -0.477160
v -0.146653 -1.638656 -0.254362
v -0.233485 -1.567465 -0.154217
v -0.163026 -1.485282 0.056261
v -0.229367 -1.296717 0.243039
v -0.229367 -1.296717 0.243039
v -0.334237 -0.830741 0.356064
v -0.276006 -1.037534 0.319412
v -0.224022 -0.944452 0.302933
v -0.116451 -0.955006 0.340198
v -0.116501 -1.140999 0.291047
v 0.469313 0.033777 0.952132
v 0.543854 -0.114698 0.961921
v 0.466400 0.038244 1.065700
v 0.554751 -0.117687 1.065297
v 0.642330 -0.230476 0.967819
v 0.641722 -0.221679 1.069641
v 0.655202 -0.310140 0.998158
v 0.666393 -0.266138 1.082405
v 0.673769 -0.364074 1.040860
v 0.687740 -0.315440 1.114102
v 0.734427 -0.444330 1.131469
v 0.712162 -0.223065 1.158292
v 0.684341 -0.190604 1.150675
v 0.607360 -0.089295 1.164705
v 0.728217 -0.389457 1.194415
v 0.821386 -0.525046 1.240739
v 0.739010 -0.264859 1.187346
v 0.513857 0.069656 1.171015
v 0.463928 0.093319 1.147607
v 0.468026 0.162580 1.211754
v 0.576266 0.175030 1.223740
v 0.478003 0.269190 1.254196
v 0.609848 0.104278 1.221698
v 0.560666 0.273900 1.265024
v 0.493602 0.366443 1.276997
v 0.691984 0.190644 1.209208
v 0.637793 0.312945 1.235252
v 0.537756 0.445011 1.247271
v 0.704439 0.348034 1.179569
v 0.608412 0.522879 1.186420
v 0.689380 -0.050930 1.194137
v 0.712837 0.125001 1.207887
v 0.754875 0.380681 1.082320
v 0.656700 0.544505 1.048613
v 0.760423 0.207657 1.166206
v 0.756402 0.379295 0.968250
v 0.667249 0.489564 0.908549
v 0.808796 0.221678 1.068503
v 0.778626 0.142218 1.157675
v 0.728692 0.367803 0.879955
v 0.661151 0.420247 0.817633
v 0.612531 0.339151 0.755447
v 0.792004 0.239059 0.932299
v 0.725410 0.271288 0.835976
v 0.611900 0.208423 0.702923
v 0.682738 0.124235 0.712922
v 0.561030 0.064263 0.717868
v 0.759175 -0.017083 1.189265
v 0.821739 0.155717 1.054949
v 0.778032 0.159822 0.816637
v 0.821047 0.004483 1.147723
v 0.794607 -0.087228 1.193801
v 0.823166 0.159581 0.920402
v 0.880457 0.019615 0.984286
v 0.851693 0.019779 0.815142
v 0.756844 -0.023909 0.737221
v 0.743035 -0.133662 1.185692
v 0.761253 -0.163531 1.207086
v 0.812273 -0.119096 1.209151
v 0.845185 -0.067440 1.149307
v 0.927295 -0.074442 1.016110
v 0.948492 -0.118748 0.851144
v 0.783630 -0.202868 1.233231
v 0.835350 -0.167685 1.248947
v 0.870767 -0.103781 1.172898
v 0.852148 -0.176071 0.767285
v 0.958538 -0.129375 1.056873
v 0.980167 -0.210770 0.920007
v 0.807820 -0.271221 1.281732
v 0.868136 -0.231291 1.306136
v 0.900522 -0.148623 1.221351
v 0.985096 -0.183649 1.121668
v 0.999138 -0.276498 1.004598
v 0.762799 -0.326184 1.246958
v 0.935245 -0.217389 1.289219
v 1.014827 -0.261834 1.208726
v 0.907480 -0.362607 1.400853
v 0.844484 -0.395433 1.384321
v 0.813373 -0.446123 1.339049
v 1.029098 -0.349953 1.117543
v 0.803634 -0.490759 1.294452
v 0.860015 -0.594942 1.315598
v 0.831481 -0.563450 1.360553
v 0.825935 -0.524827 1.400629
v 0.859318 -0.478018 1.444989
v 0.906536 -0.441323 1.470510
v 0.960634 -0.362848 1.384767
v 0.970975 -0.441241 1.452652
v 1.024164 -0.470809 1.409617
v 1.016967 -0.386377 1.325578
v 1.037933 -0.431770 1.265589
v 1.056740 -0.527167 1.334432
v 1.014370 -0.499573 1.195229
v 1.022924 -0.581869 1.269606
v 0.927924 -0.545677 1.161538
v 0.961303 -0.605636 1.257268
v 0.916643 -0.615931 1.274740
v 0.988500 -0.426281 1.047498
v 0.953165 -0.361877 0.916933
v 0.911772 -0.280372 0.819550
v 0.878662 -0.451121 0.946404
v 0.836338 -0.406152 0.868075
v 0.786319 -0.320157 0.815535
v 0.841562 -0.483697 1.010130
v 0.769803 -0.416071 0.909885
v 0.732999 -0.216814 0.777406
v 0.731620 -0.332511 0.853920
v 0.782862 -0.475652 1.061841
v 0.717598 -0.397637 0.966847
v 0.684917 -0.326499 0.925649
v 0.865758 -0.554481 1.188020
v 0.821386 -0.525046 1.240739
v 0.860015 -0.594942 1.315598
v 0.734427 -0.444330 1.131469
v 0.673769 -0.364074 1.040860
v 0.655202 -0.310140 0.998158
v 0.642330 -0.230476 0.967819
v 0.664239 -0.232593 0.897437
v 0.543854 -0.114698 0.961921
v 0.687677 -0.233976 0.831733
v 0.568627 -0.097676 0.880377
v 0.469313 0.033777 0.952132
v 0.486625 0.036460 0.881753
v 0.600558 -0.089268 0.806002
v 0.645751 -0.072160 0.736573
v 0.531079 0.017256 0.793842
v 0.515736 0.029385 0.777166
v 0.584534 0.032385 0.730505
v 0.859318 -0.478018 1.444989
v 0.825935 -0.524827 1.400629
v 0.774268 -0.586883 1.454430
v 0.826181 -0.557958 1.506978
v 0.728206 -0.658917 1.515645
v 0.890866 -0.527766 1.535981
v 0.906536 -0.441323 1.470510
v 0.771619 -0.648829 1.561358
v 0.692252 -0.738225 1.578500
v 0.965420 -0.525606 1.535909
v 0.970975 -0.441241 1.452652
v 0.857512 -0.645208 1.613320
v 1.027651 -0.565261 1.499591
v 1.024164 -0.470809 1.409617
v 0.945141 -0.635033 1.624004
v 1.058544 -0.622888 1.419405
v 1.056740 -0.527167 1.334432
v 1.031249 -0.672088 1.349023
v 1.022924 -0.581869 1.269606
v 0.961303 -0.605636 1.257268
v 0.980895 -0.692766 1.326527
v 1.040571 -0.757795 1.382258
v 0.981491 -0.776701 1.369625
v 1.075623 -0.735691 1.443270
v 1.022749 -0.820503 1.416142
v 0.979679 -0.821089 1.413090
v 1.048456 -0.709389 1.513944
v 1.029050 -0.666765 1.574973
v 1.054736 -0.815480 1.488630
v 1.005527 -0.864883 1.419496
v 0.972894 -0.861194 1.423529
v 1.034376 -0.869776 1.479278
v 0.987460 -0.912450 1.419748
v 0.953154 -0.898771 1.421093
v 1.048777 -0.786888 1.568589
v 0.956993 -0.961457 1.404894
v 0.926692 -0.950383 1.403368
v 0.874772 -1.028333 1.386374
v 1.005239 -0.854122 1.533648
v 1.010263 -0.932994 1.467083
v 0.917660 -1.022058 1.412967
v 0.938568 -0.971398 1.462400
v 0.969210 -0.984527 1.442545
v 0.964800 -0.933575 1.489046
v 0.966053 -0.914501 1.520732
v 1.020910 -0.855665 1.592844
v 0.973818 -0.929558 1.621807
v 0.944077 -0.949712 1.559208
v 0.912164 -0.999326 1.571815
v 1.031205 -0.770809 1.617318
v 0.934956 -1.009499 1.625966
v 0.810130 -1.088607 1.593131
v 0.884011 -0.987156 1.641076
v 0.909021 -0.908199 1.647290
v 0.921548 -0.857436 1.649017
v 1.001289 -0.843705 1.639185
v 0.979973 -0.740928 1.683806
v 0.953636 -0.823439 1.648127
v 0.947621 -0.809922 1.727610
v 0.899992 -0.880553 1.692875
v 0.929474 -0.716130 1.703743
v 0.903319 -0.782699 1.748800
v 0.912806 -0.871910 1.749454
v 0.861052 -0.965732 1.730618
v 0.873091 -0.846806 1.769149
v 0.865301 -0.939179 1.775561
v 0.798432 -1.042057 1.759916
v 0.817126 -0.943058 1.754224
v 0.826701 -0.957707 1.722783
v 0.845883 -0.888129 1.691858
v 0.827049 -0.849055 1.728677
v 0.865505 -0.823554 1.658233
v 0.842784 -0.791532 1.719084
v 0.852913 -0.792119 1.632275
v 0.856522 -0.733271 1.654210
v 0.807302 -0.754733 1.567030
v 0.789249 -0.726925 1.605850
v 0.758975 -0.782279 1.605650
v 0.722545 -0.735613 1.614175
v 0.706465 -0.799025 1.631235
v 0.727253 -0.828220 1.607374
v 0.673451 -0.794569 1.605785
v 0.714852 -0.885955 1.637513
v 0.774268 -0.586883 1.454430
v 0.825935 -0.524827 1.400629
v 0.831481 -0.563450 1.360553
v 0.787731 -0.633218 1.413173
v 0.728206 -0.658917 1.515645
v 0.860015 -0.594942 1.315598
v 0.742218 -0.699805 1.484207
v 0.692252 -0.738225 1.578500
v 0.856424 -0.670482 1.369863
v 0.916643 -0.615931 1.274740
v 0.839890 -0.732529 1.442032
v 0.926652 -0.695061 1.335639
v 0.961303 -0.605636 1.257268
v 0.980895 -0.692766 1.326527
v 0.924269 -0.770926 1.383841
v 0.981491 -0.776701 1.369625
v 0.947115 -0.823799 1.449659
v 0.979679 -0.821089 1.413090
v 0.972894 -0.861194 1.423529
v 0.710867 -0.769779 1.542391
v 0.673451 -0.794569 1.605785
v 0.820822 -0.745803 1.506027
v 0.686668 -0.816713 1.578093
v 0.714852 -0.885955 1.637513
v 0.727253 -0.828220 1.607374
v 0.744462 -0.794690 1.562173
v 0.758975 -0.782279 1.605650
v 0.807302 -0.754733 1.567030
v 0.892301 -0.796282 1.560284
v 0.852913 -0.792119 1.632275
v 0.923149 -0.860470 1.568919
v 0.865505 -0.823554 1.658233
v 0.921548 -0.857436 1.649017
v 0.901303 -0.913717 1.578381
v 0.909021 -0.908199 1.647290
v 0.845883 -0.888129 1.691858
v 0.899992 -0.880553 1.692875
v 0.861052 -0.965732 1.730618
v 0.826701 -0.957707 1.722783
v 0.798432 -1.042057 1.759916
v 0.884011 -0.987156 1.641076
v 0.957892 -0.871179 1.505783
v 0.864146 -0.984752 1.584788
v 0.810130 -1.088607 1.593131
v 0.912164 -0.999326 1.571815
v 0.944077 -0.949712 1.559208
v 0.966053 -0.914501 1.520732
v 0.953049 -0.859687 1.459947
v 0.953154 -0.898771 1.421093
v 0.939699 -0.906458 1.468991
v 0.964800 -0.933575 1.489046
v 0.907747 -0.952894 1.450033
v 0.926692 -0.950383 1.403368
v 0.938568 -0.971398 1.462400
v 0.874772 -1.028333 1.386374
v -0.549245 -0.114698 0.961921
v -0.474703 0.033777 0.952132
v -0.471790 0.038244 1.065700
v -0.560141 -0.117687 1.065297
v -0.647720 -0.230476 0.967819
v -0.647112 -0.221679 1.069641
v -0.660592 -0.310140 0.998158
v -0.671783 -0.266138 1.082405
v -0.679160 -0.364074 1.040860
v -0.693130 -0.315440 1.114102
v -0.739817 -0.444330 1.131469
v -0.717552 -0.223065 1.158292
v -0.689732 -0.190604 1.150675
v -0.612750 -0.089295 1.164705
v -0.733607 -0.389457 1.194415
v -0.826777 -0.525046 1.240739
v -0.744400 -0.264859 1.187346
v -0.519247 0.069656 1.171015
v -0.469318 0.093319 1.147607
v -0.473416 0.162580 1.211754
v -0.581656 0.175030 1.223740
v -0.483393 0.269190 1.254196
v -0.615238 0.104278 1.221698
v -0.566056 0.273900 1.265024
v -0.498993 0.366443 1.276997
v -0.697374 0.190644 1.209208
v -0.643183 0.312945 1.235252
v -0.543146 0.445011 1.247271
v -0.709829 0.348034 1.179569
v -0.613802 0.522879 1.186420
v -0.694770 -0.050930 1.194137
v -0.718227 0.125001 1.207887
v -0.760265 0.380681 1.082320
v -0.662091 0.544505 1.048613
v -0.765813 0.207657 1.166206
v -0.761793 0.379295 0.968250
v -0.672639 0.489564 0.908549
v -0.814186 0.221678 1.068503
v -0.784016 0.142218 1.157675
v -0.734082 0.367803 0.879955
v -0.666541 0.420247 0.817633
v -0.617921 0.339151 0.755447
v -0.797394 0.239059 0.932299
v -0.730800 0.271288 0.835976
v -0.617291 0.208423 0.702923
v -0.688128 0.124235 0.712922
v -0.566420 0.064263 0.717868
v -0.764565 -0.017083 1.189265
v -0.827129 0.155717 1.054949
v -0.783422 0.159822 0.816637
v -0.826437 0.004483 1.147723
v -0.799997 -0.087228 1.193801
v -0.828556 0.159581 0.920402
v -0.885847 0.019615 0.984286
v -0.857083 0.019779 0.815142
v -0.762234 -0.023909 0.737221
v -0.748425 -0.133662 1.185692
v -0.766643 -0.163531 1.207086
v -0.817663 -0.119096 1.209151
v -0.850575 -0.067440 1.149307
v -0.932685 -0.074442 1.016110
v -0.953882 -0.118748 0.851144
v -0.789020 -0.202868 1.233231
v -0.840740 -0.167685 1.248947
v -0.876157 -0.103781 1.172898
v -0.857538 -0.176071 0.767285
v -0.963928 -0.129375 1.056873
v -0.985558 -0.210770 0.920007
v -0.813210 -0.271221 1.281732
v -0.873526 -0.231291 1.306136
v -0.905912 -0.148623 1.221351
v -0.990486 -0.183649 1.121668
v -1.004528 -0.276498 1.004598
v -0.768189 -0.326184 1.246958
v -0.940635 -0.217389 1.289219
v -1.020217 -0.261834 1.208726
v -0.912871 -0.362607 1.400853
v -0.849874 -0.395433 1.384321
v -0.818763 -0.446123 1.339049
v -1.034488 -0.349953 1.117543
v -0.809025 -0.490759 1.294452
v -0.865405 -0.594942 1.315598
v -0.836871 -0.563450 1.360553
v -0.831325 -0.524827 1.400629
v -0.864709 -0.478018 1.444989
v -0.911926 -0.441323 1.470510
v -0.966024 -0.362848 1.384767
v -0.976365 -0.441241 1.452652
v -1.029554 -0.470809 1.409617
v -1.022357 -0.386377 1.325578
v -1.043323 -0.431770 1.265589
v -1.062130 -0.527167 1.334432
v -1.019760 -0.499573 1.195229
v -1.028314 -0.581869 1.269606
v -0.933314 -0.545677 1.161538
v -0.966693 -0.605636 1.257268
v -0.922033 -0.615931 1.274740
v -0.993890 -0.426281 1.047498
v -0.958555 -0.361877 0.916933
v -0.917162 -0.280372 0.819550
v -0.884052 -0.451121 0.946404
v -0.841728 -0.406152 0.868075
v -0.791709 -0.320157 0.815535
v -0.846952 -0.483697 1.010130
v -0.775193 -0.416071 0.909885
v -0.738389 -0.216814 0.777406
v -0.737010 -0.332511 0.853920
v -0.788252 -0.475652 1.061841
v -0.722988 -0.397637 0.966847
v -0.690307 -0.326499 0.925649
v -0.871148 -0.554481 1.188020
v -0.826777 -0.525046 1.240739
v -0.865405 -0.594942 1.315598
v -0.739817 -0.444330 1.131469
v -0.679160 -0.364074 1.040860
v -0.660592 -0.310140 0.998158
v -0.647720 -0.230476 0.967819
v -0.669629 -0.232593 0.897437
v -0.549245 -0.114698 0.961921
v -0.693067 -0.233976 0.831733
v -0.574017 -0.097676 0.880377
v -0.474703 0.033777 0.952132
v -0.492016 0.036460 0.881753
v -0.605949 -0.089268 0.806002
v -0.651142 -0.072160 0.736573
v -0.536469 0.017256 0.793842
v -0.521126 0.029385 0.777166
v -0.589925 0.032385 0.730505
v -0.779659 -0.586883 1.454430
v -0.831325 -0.524827 1.400629
v -0.864709 -0.478018 1.444989
v -0.831571 -0.557958 1.506978
v -0.733597 -0.658917 1.515645
v -0.896256 -0.527766 1.535981
v -0.911926 -0.441323 1.470510
v -0.777009 -0.648829 1.561358
v -0.697643 -0.738225 1.578500
v -0.970810 -0.525606 1.535909
v -0.976365 -0.441241 1.452652
v -0.862902 -0.645208 1.613320
v -1.033041 -0.565261 1.499591
v -1.029554 -0.470809 1.409617
v -0.950531 -0.635033 1.624004
v -1.063934 -0.622888 1.419405
v -1.062130 -0.527167 1.334432
v -1.036639 -0.672088 1.349023
v -1.028314 -0.581869 1.269606
v -0.966693 -0.605636 1.257268
v -0.986285 -0.692766 1.326527
v -1.045962 -0.757795 1.382258
v -0.986881 -0.776701 1.369625
v -1.081014 -0.735691 1.443270
v -1.028139 -0.820503 1.416142
v -0.985069 -0.821089 1.413090
v -1.053847 -0.709389 1.513944
v -1.034440 -0.666765 1.574973
v -1.060126 -0.815480 1.488630
v -1.010917 -0.864883 1.419496
v -0.978284 -0.861194 1.423529
v -1.039766 -0.869776 1.479278
v -0.992850 -0.912450 1.419748
v -0.958544 -0.898771 1.421093
v -1.054167 -0.786888 1.568589
v -0.962383 -0.961457 1.404894
v -0.932082 -0.950383 1.403368
v -0.880162 -1.028333 1.386374
v -1.010630 -0.854122 1.533648
v -1.015653 -0.932994 1.467083
v -0.923050 -1.022058 1.412967
v -0.943958 -0.971398 1.462400
v -0.974600 -0.984527 1.442545
v -0.970190 -0.933575 1.489046
v -0.971444 -0.914501 1.520732
v -1.026301 -0.855665 1.592844
v -0.979208 -0.929558 1.621807
v -0.949467 -0.949712 1.559208
v -0.917555 -0.999326 1.571815
v -1.036595 -0.770809 1.617318
v -0.940346 -1.009499 1.625966
v -0.815520 -1.088607 1.593131
v -0.889401 -0.987156 1.641076
v -0.914411 -0.908199 1.647290
v -0.926938 -0.857436 1.649017
v -1.006679 -0.843705 1.639185
v -0.985363 -0.740928 1.683806
v -0.959026 -0.823439 1.648127
v -0.953011 -0.809922 1.727610
v -0.905382 -0.880553 1.692875
v -0.934864 -0.716130 1.703743
v -0.908709 -0.782699 1.748800
v -0.918196 -0.871910 1.749454
v -0.866442 -0.965732 1.730618
v -0.878481 -0.846806 1.769149
v -0.870691 -0.939179 1.775561
v -0.803823 -1.042057 1.759916
v -0.822517 -0.943058 1.754224
v -0.832091 -0.957707 1.722783
v -0.851273 -0.888129 1.691858
v -0.832439 -0.849055 1.728677
v -0.870895 -0.823554 1.658233
v -0.848174 -0.791532 1.719084
v -0.858303 -0.792119 1.632275
v -0.861912 -0.733271 1.654210
v -0.812692 -0.754733 1.567030
v -0.794639 -0.726925 1.605850
v -0.764365 -0.782279 1.605650
v -0.727935 -0.735613 1.614175
v -0.711856 -0.799025 1.631235
v -0.732643 -0.828220 1.607374
v -0.678841 -0.794569 1.605785
v -0.720242 -0.885955 1.637513
v -0.831325 -0.524827 1.400629
v -0.779659 -0.586883 1.454430
v -0.836871 -0.563450 1.360553
v -0.793121 -0.633218 1.413173
v -0.865405 -0.594942 1.315598
v -0.733597 -0.658917 1.515645
v -0.861814 -0.670482 1.369863
v -0.922033 -0.615931 1.274740
v -0.747608 -0.699805 1.484207
v -0.697643 -0.738225 1.578500
v -0.932042 -0.695061 1.335639
v -0.966693 -0.605636 1.257268
v -0.986285 -0.692766 1.326527
v -0.845280 -0.732529 1.442032
v -0.929659 -0.770926 1.383841
v -0.986881 -0.776701 1.369625
v -0.952505 -0.823799 1.449659
v -0.985069 -0.821089 1.413090
v -0.978284 -0.861194 1.423529
v -0.716257 -0.769779 1.542391
v -0.678841 -0.794569 1.605785
v -0.826212 -0.745803 1.506027
v -0.692058 -0.816713 1.578093
v -0.720242 -0.885955 1.637513
v -0.732643 -0.828220 1.607374
v -0.749852 -0.794690 1.562173
v -0.764365 -0.782279 1.605650
v -0.812692 -0.754733 1.567030
v -0.897692 -0.796282 1.560284
v -0.858303 -0.792119 1.632275
v -0.928539 -0.860470 1.568919
v -0.870895 -0.823554 1.658233
v -0.926938 -0.857436 1.649017
v -0.906694 -0.913717 1.578381
v -0.914411 -0.908199 1.647290
v -0.851273 -0.888129 1.691858
v -0.905382 -0.880553 1.692875
v -0.866442 -0.965732 1.730618
v -0.832091 -0.957707 1.722783
v -0.803823 -1.042057 1.759916
v -0.889401 -0.987156 1.641076
v -0.963282 -0.871179 1.505783
v -0.869536 -0.984752 1.584788
v -0.815520 -1.088607 1.593131
v -0.917555 -0.999326 1.571815
v -0.949467 -0.949712 1.559208
v -0.971444 -0.914501 1.520732
v -0.958439 -0.859687 1.459947
v -0.958544 -0.898771 1.421093
v -0.945089 -0.906458 1.468991
v -0.970190 -0.933575 1.489046
v -0.913137 -0.952894 1.450033
v -0.932082 -0.950383 1.403368
v -0.943958 -0.971398 1.462400
v -0.880162 -1.028333 1.386374
v 0.984855 -0.377969 0.996541
v 0.977391 -0.381473 0.933530
v 0.959697 -0.369441 0.960903
v 0.990734 -0.397983 0.963396
v 1.018175 -0.412051 0.986168
v 1.030598 -0.419340 0.870408
v 1.047687 -0.459924 1.002970
v 1.016778 -0.420946 1.097549
v 1.029130 -0.464198 1.074385
v 1.044652 -0.483523 1.091469
v 1.015038 -0.505942 1.207203
v 0.959697 -0.369441 0.960903
v 0.977391 -0.381473 0.933530
v 0.963293 -0.399229 0.988515
v 0.990734 -0.397983 0.963396
v 0.976295 -0.462418 1.089668
v 1.047687 -0.459924 1.002970
v 1.030598 -0.419340 0.870408
v 1.029130 -0.464198 1.074385
v 1.044652 -0.483523 1.091469
v 1.015038 -0.505942 1.207203
v -0.982782 -0.381473 0.933530
v -0.990245 -0.377969 0.996541
v -0.965088 -0.369441 0.960903
v -0.996124 -0.397983 0.963396
v -1.023565 -0.412051 0.986168
v -1.035989 -0.419340 0.870408
v -1.053078 -0.459924 1.002970
v -1.022169 -0.420946 1.097549
v -1.034520 -0.464198 1.074385
v -1.050042 -0.483523 1.091469
v -1.020428 -0.505942 1.207203
v -0.982782 -0.381473 0.933530
v -0.965088 -0.369441 0.960903
v -0.968683 -0.399229 0.988515
v -0.996124 -0.397983 0.963396
v -0.981685 -0.462418 1.089668
v -1.053078 -0.459924 1.002970
v -1.035989 -0.419340 0.870408
v -1.034520 -0.464198 1.074385
v -1.050042 -0.483523 1.091469
v -1.020428 -0.505942 1.207203
v -0.033866 0.233426 -1.258707
v -0.002695 0.310455 -1.372409
v -0.023966 0.266463 -1.377800
v -0.002695 0.295352 -1.574274
v -0.002695 0.200352 -1.405208
v -0.002695 0.149229 -1.315640
v -0.024198 0.095957 -1.231428
v -0.002695 0.099544 -1.294577
v -0.021095 0.034312 -1.288519
v -0.002695 0.126500 -1.433512
v -0.002695 -0.011202 -1.318028
v -0.002695 -0.080803 -1.228058
v -0.002695 -0.119053 -1.209798
v -0.012800 -0.175994 -1.200197
v -0.002695 -0.137572 -1.349348
v -0.002695 -0.224027 -1.206679
v 0.028475 0.233426 -1.258707
v 0.018576 0.266463 -1.377800
v 0.018808 0.095957 -1.231428
v 0.015704 0.034312 -1.288519
v 0.007410 -0.175994 -1.200197
v -0.250050 -0.797820 -0.977907
v -0.311296 -0.748316 -0.820053
v -0.186201 -0.667530 -0.922030
v -0.316987 -0.935087 -0.964463
v -0.292058 -0.587166 -0.730348
v -0.437639 -1.011587 -0.859290
v -0.342625 -0.633462 -0.618422
v -0.301036 -0.395502 -0.616860
v -0.372710 -0.373232 -0.578514
v -0.419412 -0.864645 -0.700161
v -0.475378 -0.530075 -0.475277
v -0.477646 -0.347518 -0.380649
v -0.575462 -0.392869 -0.256211
v -0.526207 -0.992469 -0.580349
v -0.464841 -0.685500 -0.547178
v -0.532266 -0.822303 -0.455177
v -0.608609 -0.576723 -0.185384
v 0.305906 -0.748316 -0.820053
v 0.244659 -0.797820 -0.977907
v 0.180811 -0.667530 -0.922030
v 0.311597 -0.935087 -0.964463
v 0.286667 -0.587166 -0.730348
v 0.432249 -1.011587 -0.859290
v 0.337234 -0.633462 -0.618422
v 0.295646 -0.395502 -0.616860
v 0.367319 -0.373232 -0.578514
v 0.414021 -0.864645 -0.700161
v 0.469988 -0.530075 -0.475277
v 0.472256 -0.347518 -0.380649
v 0.570072 -0.392869 -0.256211
v 0.520817 -0.992469 -0.580349
v 0.459450 -0.685500 -0.547178
v 0.526875 -0.822303 -0.455177
v 0.603218 -0.576723 -0.185384
v -0.186201 -0.667530 -0.922030
v -0.204726 -0.631959 -1.035728
v -0.238140 -0.656906 -1.115814
v -0.244329 -0.537854 -1.103151
v -0.229093 -0.608172 -1.184489
v -0.250050 -0.797820 -0.977907
v -0.272647 -0.569664 -1.433709
v -0.236401 -0.854246 -1.066604
v -0.316987 -0.935087 -0.964463
v -0.172004 -0.961319 -1.156034
v -0.075825 1.098616 1.862066
v -0.086881 1.079378 1.842586
v -0.087308 1.095266 1.837570
v -0.078533 1.078559 1.861528
v -0.084311 1.053720 1.862926
v -0.094792 1.081736 1.866323
v -0.092695 1.104116 1.869892
v -0.081354 1.101491 1.876426
v -0.084814 1.077347 1.870353
v -0.078533 1.078559 1.861528
v -0.075825 1.098616 1.862066
v -0.114487 1.259655 1.751845
v -0.105856 1.256017 1.752162
v -0.109195 1.262726 1.753256
v -0.112303 1.253132 1.749949
v -0.116804 1.267708 1.750878
v -0.119330 1.252421 1.745058
v -0.123917 1.260361 1.742462
v -0.124255 1.268455 1.739195
v -0.124354 1.254526 1.737142
v -0.126044 1.265175 1.727760
v -0.126961 1.259022 1.731818
v -0.321054 0.600736 0.052719
v -0.377257 0.611250 0.035016
v -0.353824 0.666214 0.155074
v -0.373786 0.591214 0.172373
v -0.361058 0.551138 0.102514
v -0.324238 0.739430 0.236005
v -0.323123 0.706389 0.179825
v -0.379468 0.730275 0.157084
v -0.353824 0.666214 0.155074
v -0.354178 0.679353 0.232665
v 0.199336 -0.631959 -1.035728
v 0.180811 -0.667530 -0.922030
v 0.232750 -0.656906 -1.115814
v 0.238939 -0.537854 -1.103151
v 0.223703 -0.608172 -1.184489
v 0.244659 -0.797820 -0.977907
v 0.267257 -0.569664 -1.433709
v 0.231011 -0.854246 -1.066604
v 0.311597 -0.935087 -0.964463
v 0.166614 -0.961319 -1.156034
v 0.070435 1.098616 1.862066
v 0.081918 1.095266 1.837570
v 0.081490 1.079378 1.842586
v 0.073142 1.078559 1.861528
v 0.078920 1.053720 1.862926
v 0.089402 1.081736 1.866323
v 0.087305 1.104116 1.869892
v 0.075963 1.101491 1.876426
v 0.079424 1.077347 1.870353
v 0.073142 1.078559 1.861528
v 0.070435 1.098616 1.862066
v 0.100466 1.256017 1.752162
v 0.109097 1.259655 1.751845
v 0.103805 1.262726 1.753256
v 0.106913 1.253132 1.749949
v 0.111414 1.267708 1.750878
v 0.113940 1.252421 1.745058
v 0.118527 1.260361 1.742462
v 0.118865 1.268455 1.739195
v 0.118964 1.254526 1.737142
v 0.120653 1.265175 1.727760
v 0.121571 1.259022 1.731818
v 0.371867 0.611250 0.035016
v 0.315664 0.600736 0.052719
v 0.348434 0.666214 0.155074
v 0.368396 0.591214 0.172373
v 0.355668 0.551138 0.102514
v 0.317733 0.706389 0.179825
v 0.318848 0.739430 0.236005
v 0.374077 0.730275 0.157084
v 0.348434 0.666214 0.155074
v 0.348788 0.679353 0.232665
v -0.437483 -0.876123 0.081237
v -0.408339 -0.931882 0.154372
v -0.474665 -1.020164 -0.056280
v -0.458792 -1.101071 -0.125539
v -0.432519 -1.186383 -0.100190
v -0.331438 -1.240412 -0.022833
v -0.307257 -1.212208 0.049402
v -0.330024 -1.147494 0.113502
v -0.330024 -1.147494 0.113502
v -0.366015 -0.987575 0.152291
v -0.346031 -1.058545 0.139713
v -0.291290 -1.094053 0.129978
v -0.460177 -0.900399 -0.033529
v -0.382619 -1.069523 0.045817
v 0.371954 -0.927597 0.216715
v 0.330130 -0.982633 0.214660
v 0.292751 -1.021197 0.196641
v 0.411389 -0.941155 0.213415
v 0.371954 -0.927597 0.216715
v 0.430318 -0.922778 0.115537
v 0.437497 -1.014837 0.008550
v 0.421811 -1.094790 -0.059892
v 0.395848 -1.179094 -0.034842
v 0.295960 -1.232486 0.041602
v 0.272065 -1.204615 0.112984
v 0.217690 -1.173765 0.162181
v 0.294564 -1.140665 0.176328
v 0.294564 -1.140665 0.176328
v 0.310381 -1.052765 0.202229
v 0.292751 -1.021197 0.196641
v 0.256269 -1.024777 0.209279
v 0.256287 -1.087855 0.192610
v 0.330788 -1.060582 0.142093
vn 0.9386 -0.1287 0.3202
vn 0.4128 -0.2379 0.8792
vn 0.8623 0.4414 0.2483
vn -0.3619 -0.1604 0.9183
vn -0.9386 -0.1287 0.3202
vn -0.8623 0.4414 0.2482
vn 0.5721 0.6838 -0.4529
vn 0.6431 0.5518 -0.5309
vn 0.6150 0.7473 -0.2516
vn 0.5082 0.7458 -0.4308
vn 0.6743 0.5833 -0.4528
vn 0.4384 0.6382 -0.6329
vn -0.6431 0.5518 -0.5309
vn -0.5721 0.6839 -0.4528
vn -0.6150 0.7473 -0.2516
vn -0.6743 0.5834 -0.4527
vn -0.5082 0.7458 -0.4308
vn -0.4384 0.6382 -0.6329
vn 0.3709 0.9024 -0.2192
vn -0.3028 0.5559 -0.7741
vn -0.8881 -0.4521 -0.0831
vn 0.4011 -0.0811 -0.9124
vn 0.7924 0.5672 -0.2245
vn 0.1340 0.8229 -0.5522
vn -0.0000 -0.9878 -0.1559
vn -0.0000 -0.9282 -0.3722
vn 0.1940 -0.9774 -0.0845
vn 0.1905 -0.9423 -0.2753
vn 0.6739 -0.7277 0.1272
vn -0.0000 -0.9998 -0.0205
vn 0.6405 -0.7635 -0.0829
vn 0.2329 -0.9448 -0.2307
vn -0.0888 -0.1920 0.9774
vn 0.4441 -0.2426 0.8625
vn 0.2380 -0.9401 -0.2440
vn 0.3146 -0.9441 -0.0982
vn 0.3849 -0.9089 -0.1604
vn 0.3084 -0.9081 -0.2831
vn 0.6014 -0.7896 -0.1214
vn 0.7335 -0.6762 0.0687
vn 0.6752 -0.4954 -0.5465
vn 0.7488 -0.3948 -0.5325
vn 0.8951 -0.3030 0.3270
vn 0.8393 -0.2330 0.4912
vn 0.7440 -0.4304 0.5111
vn 0.7405 -0.6676 -0.0768
vn 0.5105 -0.0386 0.8590
vn 0.7217 -0.0177 0.6920
vn 0.7651 -0.4881 -0.4200
vn 0.8986 -0.4385 -0.0157
vn 0.8328 -0.1117 0.5421
vn 0.9751 -0.2088 0.0745
vn 0.9773 0.0395 0.2083
vn 0.9394 -0.2284 -0.2555
vn 0.9497 -0.0928 0.2991
vn 0.8887 -0.4073 -0.2106
vn 0.9310 -0.3085 0.1953
vn 0.5652 -0.4750 0.6745
vn 0.9940 -0.0761 0.0780
vn 0.8632 -0.1530 0.4812
vn 0.9989 0.0457 -0.0063
vn 0.8997 0.3697 0.2319
vn 0.9911 -0.0529 0.1224
vn 0.9525 -0.2091 0.2215
vn 0.9573 -0.2423 -0.1578
vn 0.9144 -0.1780 0.3637
vn 0.9567 -0.2748 0.0962
vn 0.8884 0.0637 0.4546
vn 0.7122 -0.1256 0.6906
vn 0.8783 -0.1137 0.4644
vn 0.8021 0.0479 0.5953
vn 0.7819 -0.1160 0.6125
vn 0.7280 -0.0734 0.6817
vn 0.5687 -0.7547 0.3272
vn 0.3584 0.2901 0.8873
vn -0.2353 -0.8794 0.4138
vn -0.2268 -0.7029 0.6742
vn -0.7906 -0.0374 0.6112
vn 0.7582 -0.3875 0.5244
vn 0.5267 -0.8496 0.0275
vn 0.8790 -0.1359 0.4570
vn 0.7999 -0.5266 0.2880
vn 0.8032 -0.4938 0.3333
vn 0.9084 -0.2938 0.2973
vn 0.7884 -0.5634 0.2470
vn 0.8839 -0.4484 0.1330
vn 0.9589 -0.2795 -0.0492
vn 0.9722 -0.0139 0.2339
vn 0.9312 0.0406 0.3621
vn 0.8621 0.1940 0.4681
vn 0.9928 0.0527 -0.1076
vn 0.9434 0.2727 0.1887
vn 0.9344 -0.1036 -0.3408
vn 0.9946 -0.0007 -0.1041
vn 0.8166 -0.5757 0.0418
vn 0.9216 0.0209 0.3876
vn 0.9997 0.0180 0.0146
vn 0.8588 0.3604 0.3642
vn 0.9513 0.0829 0.2968
vn 0.9848 -0.1563 -0.0756
vn 0.8401 0.5105 0.1835
vn 0.9423 0.3026 0.1434
vn 0.6578 0.6834 0.3165
vn 0.9596 0.2702 -0.0780
vn 0.7322 0.6558 0.1840
vn 0.7567 0.6092 0.2371
vn 0.9383 0.2576 -0.2308
vn 0.8736 0.4485 0.1889
vn 0.9057 0.4138 0.0916
vn 0.9970 -0.0439 0.0638
vn 0.9920 -0.0983 0.0787
vn 0.4004 0.2213 -0.8892
vn -0.5102 -0.0753 -0.8567
vn 0.5626 -0.4961 -0.6614
vn 0.7872 -0.2892 -0.5447
vn 0.9056 -0.2562 -0.3379
vn 0.9150 0.0675 -0.3977
vn 0.9411 -0.1646 -0.2954
vn -0.3580 0.7551 -0.5492
vn -0.3042 0.4595 -0.8345
vn 0.9886 0.1398 -0.0556
vn 0.9522 -0.2821 -0.1169
vn 0.9959 -0.0812 0.0390
vn 0.5068 0.0893 -0.8574
vn 0.9723 -0.2335 -0.0125
vn -0.6679 -0.0439 -0.7429
vn 0.9834 -0.1787 0.0317
vn -0.7590 0.6203 -0.1981
vn 0.9901 -0.1137 -0.0818
vn -0.7788 0.0289 -0.6266
vn 0.9749 -0.2209 -0.0280
vn 0.9445 -0.3282 0.0138
vn 0.8162 -0.5764 -0.0396
vn 0.9963 0.0775 0.0362
vn 0.9656 0.0895 0.2441
vn 0.9868 -0.1531 0.0531
vn -0.8720 -0.4350 -0.2243
vn 0.9516 0.0789 0.2969
vn 0.9962 -0.0867 0.0110
vn 0.2153 -0.7885 0.5762
vn -0.9020 0.2128 -0.3758
vn -0.7663 0.6220 -0.1610
vn 0.9531 0.3020 -0.0180
vn 0.9888 0.1475 -0.0235
vn -0.6843 0.6633 -0.3030
vn -0.7850 0.6145 0.0793
vn 0.8757 0.4238 0.2316
vn 0.9748 0.1063 0.1961
vn -0.0543 0.9361 0.3474
vn 0.8575 0.2862 0.4276
vn -0.7504 0.4842 -0.4499
vn 0.5176 0.5389 0.6646
vn 0.8476 0.2837 0.4484
vn -0.6499 0.7598 0.0193
vn 0.9616 0.1429 0.2344
vn 0.9479 0.2170 0.2333
vn 0.8188 0.2084 0.5350
vn -0.8905 0.3445 -0.2974
vn 0.6866 0.4039 0.6046
vn 0.8818 0.3874 0.2691
vn 0.8402 0.2358 -0.4883
vn 0.4383 0.8864 -0.1487
vn 0.1908 0.2321 -0.9538
vn 0.9725 0.2289 -0.0436
vn -0.7219 0.6843 -0.1031
vn -0.7637 0.5930 -0.2550
vn 0.9751 0.1864 0.1198
vn 0.9901 0.1394 -0.0178
vn 0.9762 0.0642 0.2073
vn 0.9673 0.1576 0.1988
vn 0.9428 0.2113 0.2579
vn 0.9926 -0.1136 0.0435
vn 0.8864 -0.2063 -0.4143
vn 0.9946 -0.0196 0.1015
vn -0.6950 0.6942 -0.1873
vn 0.9211 -0.3686 -0.1256
vn -0.2969 0.9386 0.1757
vn -0.8502 0.1133 -0.5142
vn 0.9728 -0.2283 -0.0386
vn -0.8944 0.1730 -0.4125
vn 0.9795 -0.1552 -0.1284
vn 0.9924 -0.0760 0.0964
vn 0.9590 0.2209 0.1777
vn -0.5469 -0.7103 0.4431
vn 0.9876 -0.1389 0.0727
vn 0.9970 -0.0596 -0.0496
vn -0.5790 0.5316 -0.6182
vn 0.3116 0.9481 -0.0632
vn 0.9944 -0.1039 -0.0194
vn 0.4307 0.8497 -0.3041
vn 0.4308 0.8497 -0.3041
vn -0.4790 0.6877 -0.5455
vn 0.9959 0.0088 0.0895
vn -0.0135 0.9461 -0.3235
vn 0.9802 0.1977 -0.0106
vn 0.3085 0.9489 -0.0665
vn -0.5790 0.5314 -0.6183
vn 0.4307 0.8497 -0.3042
vn -0.0135 0.9462 -0.3233
vn 0.9652 -0.2554 0.0560
vn 0.7797 0.4968 -0.3812
vn 0.5229 0.8387 0.1523
vn 0.6258 -0.2250 -0.7469
vn 0.9688 0.2244 -0.1055
vn 0.8155 -0.3264 0.4778
vn 0.5402 0.7714 -0.3364
vn 0.6278 -0.2271 -0.7445
vn 0.8155 -0.3265 0.4779
vn 0.8780 -0.3145 0.3609
vn 0.5374 0.7722 -0.3390
vn -0.6866 -0.1392 -0.7136
vn 0.9664 -0.0416 -0.2537
vn -0.0660 0.6397 -0.7658
vn -0.7933 0.3033 -0.5279
vn -0.8658 0.1672 -0.4717
vn -0.6827 -0.2374 -0.6910
vn 0.9942 0.0536 0.0931
vn 0.9447 -0.0833 -0.3172
vn -0.8784 0.2774 -0.3892
vn 0.5264 0.3277 -0.7846
vn -0.8586 0.0924 -0.5043
vn -0.7815 0.1306 -0.6102
vn 0.9742 -0.2011 -0.1023
vn -0.9261 0.3299 -0.1829
vn -0.7774 -0.2172 -0.5903
vn -0.8870 0.4358 -0.1525
vn -0.8095 0.5826 -0.0724
vn -0.7046 0.6817 -0.1970
vn -0.2442 0.8239 -0.5115
vn -0.9097 0.2917 -0.2957
vn 0.9816 -0.0688 0.1784
vn 0.7712 0.6066 -0.1932
vn -0.8362 0.5425 0.0806
vn 0.8826 0.3709 0.2888
vn 0.5359 0.4684 0.7024
vn -0.1570 0.6450 0.7479
vn -0.3364 0.9322 -0.1335
vn 0.6914 0.5934 -0.4122
vn 0.7863 0.6162 0.0442
vn -0.0342 0.8061 -0.5908
vn -0.3049 0.4232 -0.8532
vn -0.4915 -0.0008 -0.8709
vn 0.0809 0.4599 -0.8843
vn -0.0363 0.9664 -0.2544
vn 0.8488 0.0220 -0.5282
vn 0.7969 0.1153 -0.5930
vn 0.8443 0.4053 -0.3506
vn -0.3818 0.5741 -0.7243
vn -0.5368 0.0243 -0.8434
vn -0.5982 0.1604 -0.7851
vn 0.9142 -0.2190 0.3409
vn 0.9729 -0.1812 0.1438
vn -0.6831 0.4251 -0.5939
vn -0.6837 0.5836 -0.4381
vn 0.9171 -0.3121 0.2481
vn -0.4678 0.8787 -0.0957
vn -0.6377 0.7440 -0.1993
vn 0.4328 0.8090 -0.3977
vn -0.1166 0.9155 -0.3852
vn 0.3955 0.7506 -0.5293
vn 0.9664 -0.0417 -0.2537
vn -0.5738 0.7005 -0.4242
vn -0.0590 0.6397 -0.7664
vn 0.6921 0.5006 -0.5199
vn -0.3996 0.8801 -0.2562
vn 0.6613 0.7386 -0.1311
vn 0.7985 0.1124 -0.5915
vn -0.0000 0.5732 0.8194
vn 0.8922 0.3262 0.3123
vn -0.0009 0.9447 0.3280
vn 0.6802 0.3348 -0.6521
vn 0.2478 0.6180 -0.7461
vn 0.9389 0.2484 0.2382
vn -0.0000 -0.0735 0.9973
vn 0.9767 0.0591 -0.2061
vn 0.9829 0.1630 0.0851
vn -0.0000 0.1345 0.9909
vn -0.0001 0.9831 -0.1831
vn 0.9470 0.1762 -0.2685
vn 0.8653 0.0993 -0.4914
vn 0.9084 0.0468 -0.4154
vn 0.9226 0.2204 -0.3166
vn 0.7706 0.4191 -0.4801
vn 0.7597 0.4834 -0.4349
vn -0.7146 0.1877 -0.6739
vn 0.9314 0.3529 0.0895
vn 0.8530 0.4353 0.2879
vn 0.9237 0.0744 -0.3758
vn 0.9762 0.2164 0.0146
vn 0.9800 0.1932 0.0467
vn 0.9843 0.1768 -0.0004
vn -0.0000 0.3037 0.9528
vn 0.9911 0.0190 -0.1314
vn 0.9193 0.3916 0.0398
vn 0.8260 0.3159 -0.4669
vn -0.1685 -0.3565 -0.9190
vn 0.9752 -0.0105 -0.2209
vn 0.9723 0.2335 0.0069
vn 0.4186 0.4732 -0.7752
vn 0.8215 0.1850 -0.5393
vn 0.4390 0.8865 -0.1460
vn 0.1161 0.6967 -0.7079
vn 0.6866 0.4014 0.6062
vn 0.6367 0.3379 -0.6931
vn -0.9195 0.3098 -0.2418
vn 0.5983 0.1680 -0.7834
vn 0.9224 -0.1379 -0.3609
vn 0.9716 0.0658 -0.2274
vn 0.9908 0.1350 -0.0101
vn -0.8499 0.3100 -0.4260
vn 0.4487 0.3488 -0.8228
vn -0.8480 0.2831 -0.4481
vn 0.0002 -0.1276 -0.9918
vn -0.0000 0.6950 -0.7190
vn -0.0001 -0.9867 -0.1629
vn -0.5318 -0.7260 0.4360
vn 0.3884 0.6325 -0.6701
vn 0.9119 -0.3226 -0.2538
vn 0.9876 -0.0459 -0.1498
vn 0.9665 -0.1451 -0.2116
vn -0.0000 -0.9473 0.3204
vn 0.9883 0.0235 -0.1509
vn 0.9924 0.1060 -0.0628
vn 0.9829 0.0467 -0.1782
vn -0.0000 0.2199 -0.9755
vn -0.0159 0.9844 0.1752
vn -0.0000 0.7413 0.6711
vn 0.1857 0.9658 0.1808
vn 0.9763 0.0768 -0.2025
vn 0.9715 -0.0167 -0.2366
vn 0.0001 0.6713 -0.7412
vn 0.9779 0.0406 -0.2053
vn 0.9810 0.0248 -0.1923
vn -0.0000 0.4606 -0.8876
vn 0.1335 -0.9073 -0.3986
vn 0.0104 -0.2516 -0.9678
vn -0.0000 0.9778 -0.2094
vn 0.9653 -0.0611 -0.2538
vn 0.0001 0.5800 -0.8146
vn 0.9927 -0.0507 -0.1096
vn -0.0000 0.2198 -0.9755
vn 0.9971 -0.0083 -0.0757
vn 0.0001 -0.7195 0.6945
vn 0.0001 0.0374 -0.9993
vn 0.9959 0.0800 -0.0418
vn 0.9932 0.0537 -0.1032
vn 0.0001 -0.9921 -0.1252
vn -0.7060 0.2663 -0.6563
vn 0.9703 0.2385 0.0396
vn -0.8061 0.4938 -0.3262
vn 0.9585 0.2844 0.0196
vn -0.0000 -0.1669 0.9860
vn 0.9641 0.2593 -0.0571
vn -0.0001 0.7673 0.6413
vn 0.9650 0.2616 -0.0172
vn -0.0000 0.4586 -0.8886
vn 0.0029 0.0340 0.9994
vn 0.9750 0.2117 0.0679
vn 0.9733 0.2157 0.0784
vn 0.9750 0.2105 0.0704
vn -0.0000 -0.2822 0.9594
vn -0.0000 0.7920 -0.6105
vn 0.9631 0.2687 -0.0155
vn -0.0000 0.9469 0.3216
vn 0.9692 0.1983 0.1459
vn 0.9642 0.2641 -0.0227
vn -0.0001 0.9998 0.0203
vn 0.0100 -0.0234 0.9997
vn 0.8963 0.4356 -0.0833
vn 0.9836 0.1576 0.0875
vn 0.9738 0.2001 0.1080
vn 0.0242 -0.2927 0.9559
vn -0.0000 -0.0114 0.9999
vn 0.9637 0.2601 0.0607
vn 0.9391 0.2767 0.2036
vn 0.9755 0.1683 0.1419
vn -0.0000 0.7473 0.6645
vn 0.1745 0.8151 -0.5525
vn -0.0000 -0.8186 0.5743
vn 0.9572 0.1119 0.2670
vn -0.0001 0.6316 -0.7753
vn -0.0000 -0.3353 -0.9421
vn -0.6120 0.7279 -0.3092
vn -0.0000 0.9934 -0.1143
vn -0.0000 -0.9869 -0.1611
vn -0.0001 -0.8773 0.4800
vn 0.9662 -0.0797 -0.2452
vn 0.0275 0.9955 -0.0902
vn 0.8882 -0.2731 -0.3694
vn 0.1307 0.9758 0.1752
vn -0.0001 -0.8390 -0.5441
vn -0.0000 -0.8322 0.5545
vn 0.9892 -0.0657 -0.1308
vn -0.0001 -0.0432 -0.9991
vn 0.9908 0.1235 -0.0554
vn 0.9773 -0.1310 -0.1664
vn -0.9699 -0.1967 -0.1437
vn -0.0000 -0.7505 -0.6609
vn 0.9974 0.0684 -0.0216
vn -0.0000 0.1241 0.9923
vn -0.0001 -0.7477 0.6641
vn -0.9985 0.0186 -0.0512
vn -0.5726 0.7024 -0.4227
vn -0.6104 0.7712 -0.1808
vn -0.7305 0.5725 -0.3723
vn 0.0624 0.6238 0.7791
vn -0.3964 0.8820 -0.2548
vn 0.8257 0.2271 0.5164
vn -0.7422 0.3228 -0.5873
vn 0.2439 0.6180 -0.7474
vn -0.7469 0.4935 -0.4457
vn -0.8001 0.2416 -0.5491
vn -0.2716 0.8444 -0.4618
vn -0.8397 0.4804 -0.2533
vn -0.8581 0.5051 -0.0924
vn -0.7455 0.1852 -0.6402
vn -0.7172 0.1857 -0.6717
vn -0.7864 0.3211 -0.5277
vn -0.8033 0.2052 -0.5591
vn 0.9361 -0.1785 -0.3030
vn -0.6893 -0.0217 -0.7241
vn -0.1684 -0.3565 -0.9190
vn 0.8191 0.1859 -0.5427
vn 0.9067 -0.4215 -0.0146
vn -0.7766 -0.0820 -0.6246
vn -0.8526 0.0562 -0.5196
vn -0.8418 0.0987 -0.5307
vn 0.4270 0.9029 -0.0499
vn -0.8760 0.3253 -0.3561
vn -0.9017 0.2493 -0.3532
vn 0.4496 0.3369 -0.8272
vn -0.8919 0.2814 -0.3540
vn 0.9615 -0.1968 0.1919
vn -0.7890 0.5871 -0.1812
vn 0.8850 0.0264 0.4649
vn -0.1887 -0.6331 -0.7507
vn -0.8185 0.4058 -0.4066
vn -0.7999 0.3414 -0.4935
vn 0.4334 0.8475 -0.3064
vn 0.9843 0.1691 0.0508
vn -0.4790 0.6878 -0.5455
vn -0.0171 0.9465 -0.3222
vn -0.0119 0.9459 -0.3243
vn 0.8401 0.5236 -0.1416
vn 0.9653 -0.2552 0.0556
vn 0.5288 0.8346 0.1546
vn 0.9544 0.2847 -0.0897
vn 0.9799 0.1371 -0.1447
vn 0.8576 0.3884 0.3371
vn 0.9981 0.0609 0.0009
vn 0.9911 0.1084 0.0767
vn 0.9445 0.2971 0.1401
vn 0.9861 0.1589 -0.0493
vn 0.9887 0.1480 0.0236
vn 0.9315 0.2563 0.2581
vn 0.9974 0.0325 0.0639
vn 0.9460 0.1965 0.2580
vn 0.9362 -0.0629 0.3459
vn 0.9327 -0.0006 0.3607
vn 0.9256 0.2658 0.2694
vn 0.9895 0.1283 0.0665
vn 0.7348 0.4271 0.5270
vn 0.9388 -0.3217 0.1231
vn 0.6923 -0.0289 0.7210
vn 0.9048 0.1417 0.4016
vn 0.6280 0.5459 0.5547
vn 0.5366 0.6866 0.4905
vn 0.6460 0.3663 0.6697
vn 0.3693 0.8735 0.3171
vn 0.7332 0.5356 0.4191
vn 0.6200 0.7793 0.0912
vn 0.6355 0.5122 0.5778
vn 0.8596 0.4958 0.1238
vn 0.9433 0.0951 0.3180
vn 0.8279 0.3030 0.4719
vn 0.9684 -0.2411 0.0645
vn 0.9193 -0.0486 0.3906
vn 0.8703 0.1900 0.4545
vn 0.8803 -0.4556 0.1322
vn 0.7532 0.3003 0.5852
vn 0.7939 -0.0477 0.6062
vn 0.7782 0.6242 -0.0696
vn 0.9056 0.3004 0.2994
vn 0.3022 0.8905 0.3401
vn 0.8417 0.5399 0.0086
vn 0.9029 0.4291 -0.0267
vn 0.2384 0.9463 0.2183
vn 0.2332 0.9723 0.0176
vn 0.3420 0.9369 -0.0725
vn 0.3632 0.9288 -0.0729
vn 0.8839 0.4612 -0.0776
vn 0.2669 0.8765 0.4006
vn 0.8205 0.4894 0.2954
vn 0.3108 0.8458 0.4337
vn 0.8893 0.4485 0.0897
vn 0.8725 0.4811 0.0849
vn 0.4184 0.8832 0.2118
vn 0.3689 0.9246 0.0948
vn 0.2898 0.9108 0.2940
vn 0.4105 0.7356 -0.5389
vn 0.6929 0.7191 0.0517
vn 0.0001 0.9619 0.2733
vn -0.0000 0.9994 0.0342
vn -0.0000 0.9725 -0.2329
vn 0.5973 0.7832 -0.1727
vn -0.4153 0.1253 -0.9010
vn 0.3540 0.8959 -0.2684
vn 0.3916 0.9094 0.1404
vn -0.0001 0.5364 -0.8440
vn -0.0000 0.9739 -0.2270
vn 0.2902 0.8581 0.4237
vn 0.4400 0.7851 0.4360
vn 0.2478 0.8577 0.4504
vn -0.0000 0.7438 0.6684
vn 0.3198 0.8608 0.3958
vn 0.8614 0.5004 -0.0873
vn 0.8963 0.4394 0.0594
vn 0.3432 0.8659 0.3639
vn 0.7796 -0.6203 -0.0866
vn 0.7791 -0.6001 0.1816
vn 0.9122 -0.2512 0.3237
vn 0.8634 -0.3172 0.3922
vn 0.9144 0.3932 0.0963
vn 0.8974 0.4243 0.1212
vn 0.3437 0.8547 0.3890
vn 0.7810 -0.5185 0.3481
vn 0.8963 0.4435 -0.0060
vn 0.9296 0.0086 0.3684
vn 0.2825 0.8758 0.3913
vn 0.6893 -0.6934 0.2098
vn 0.1473 0.8202 0.5528
vn 0.9387 0.2549 0.2319
vn 0.6025 0.0829 0.7938
vn 0.0190 0.8006 0.5989
vn -0.0000 0.7521 0.6591
vn -0.0987 0.5331 0.8403
vn -0.0000 0.5715 0.8206
vn -0.0000 0.5265 0.8502
vn 0.1971 0.8079 0.5554
vn 0.0215 0.5763 0.8169
vn -0.0006 0.9464 0.3229
vn 0.1119 0.9318 0.3453
vn 0.1502 0.4958 0.8553
vn 0.2660 0.9625 0.0526
vn 0.7070 0.6655 0.2393
vn 0.8907 0.1220 0.4380
vn 0.3406 0.0115 0.9402
vn 0.6882 0.6876 0.2316
vn -0.0332 0.8244 0.5650
vn 0.2496 0.8943 0.3715
vn 0.2651 0.7744 0.5745
vn 0.7752 -0.1151 0.6212
vn 0.6240 -0.7544 0.2038
vn 0.6305 -0.7443 0.2200
vn 0.7948 0.4114 0.4462
vn 0.8948 -0.1495 0.4207
vn 0.6635 -0.6194 0.4195
vn 0.7471 0.4111 0.5224
vn 0.7277 0.1791 0.6621
vn 0.6064 -0.6769 0.4171
vn 0.6069 -0.6328 0.4808
vn 0.6491 -0.6547 0.3874
vn 0.7589 0.5384 0.3663
vn 0.4328 0.0482 0.9002
vn 0.7177 -0.6159 0.3249
vn 0.9119 -0.3231 0.2531
vn 0.6896 -0.6814 0.2453
vn 0.7092 0.3469 0.6138
vn 0.6324 -0.4522 0.6289
vn 0.5272 0.3963 0.7517
vn 0.6516 -0.5597 0.5120
vn 0.4958 -0.1044 0.8621
vn 0.6814 0.2828 0.6750
vn 0.5872 -0.0782 0.8057
vn 0.0975 -0.9083 0.4067
vn 0.2696 -0.2899 0.9183
vn 0.9526 -0.0416 0.3012
vn 0.9172 0.1116 0.3825
vn 0.1568 0.6655 0.7298
vn 0.5331 0.2916 0.7942
vn 0.5314 0.6590 0.5323
vn 0.6280 0.2863 0.7237
vn 0.6287 -0.2642 0.7314
vn 0.5177 0.8444 0.1375
vn 0.6023 0.4107 0.6845
vn 0.5559 0.4293 0.7118
vn -0.0000 0.5701 0.8216
vn 0.2644 0.8061 0.5294
vn 0.7969 0.1152 -0.5930
vn 0.0152 0.9706 0.2404
vn 0.9414 0.1277 -0.3121
vn 0.8514 0.0204 -0.5241
vn 0.9705 -0.0206 -0.2404
vn -0.0000 0.6275 -0.7786
vn -0.0001 0.5220 -0.8529
vn 0.9693 0.2223 -0.1053
vn -0.0360 0.9673 -0.2510
vn 0.0826 0.4568 -0.8857
vn 0.9218 0.3834 0.0581
vn 0.8457 0.4023 -0.3505
vn 0.9909 0.1189 -0.0629
vn 0.9735 0.0177 -0.2279
vn 0.3780 0.9072 0.1847
vn -0.0710 -0.8572 -0.5100
vn 0.9899 0.0216 -0.1398
vn 0.9687 0.2219 0.1112
vn 0.9958 0.0889 -0.0204
vn 0.9896 -0.0450 -0.1364
vn 0.9811 -0.0872 -0.1726
vn -0.0000 -0.9034 0.4288
vn -0.7165 -0.6442 -0.2677
vn -0.0001 -0.9538 -0.3005
vn 0.9940 0.1069 -0.0217
vn 0.9979 0.0434 -0.0488
vn 0.0001 -0.9823 0.1874
vn -0.0391 -0.7763 -0.6291
vn -0.0001 -0.1421 0.9898
vn -0.0000 -0.2210 0.9753
vn -0.0001 0.6952 0.7188
vn 0.9817 0.1767 0.0705
vn 0.9891 0.0009 -0.1473
vn 0.0001 -0.3282 0.9446
vn -0.0000 0.9053 -0.4248
vn 0.0001 -0.2852 -0.9585
vn 0.9492 0.2629 -0.1727
vn -0.0832 0.5071 0.8579
vn 0.7052 -0.0154 0.7088
vn -0.0000 0.9774 -0.2115
vn 0.8776 0.3277 -0.3500
vn -0.0000 -0.0437 -0.9990
vn -0.7926 -0.1829 -0.5817
vn 0.8957 0.1770 -0.4080
vn 0.8400 -0.0469 -0.5406
vn -0.0000 -0.3526 -0.9358
vn 0.7072 0.3798 -0.5963
vn -0.3810 0.5752 -0.7239
vn 0.4351 0.8062 -0.4009
vn 0.7794 0.5306 -0.3332
vn 0.3988 0.7505 -0.5270
vn 0.8432 0.5261 -0.1107
vn 0.9694 0.0826 -0.2312
vn -0.0000 0.4932 -0.8699
vn 0.9558 0.2515 -0.1522
vn 0.8843 0.4513 0.1197
vn -0.0001 -0.0730 -0.9973
vn -0.0000 0.3674 0.9301
vn 0.9372 0.3380 0.0858
vn -0.0000 0.2420 0.9703
vn 0.9386 0.2660 0.2198
vn -0.0001 0.9870 -0.1605
vn -0.0000 -0.2269 0.9739
vn 0.9638 -0.1820 -0.1948
vn 0.3763 -0.2033 -0.9039
vn -0.6681 -0.7257 0.1642
vn -0.0366 0.8833 -0.4674
vn 0.9950 0.0874 -0.0492
vn 0.9863 0.1557 0.0538
vn -0.0000 0.7859 -0.6183
vn 0.9144 -0.1662 -0.3691
vn -0.0171 0.8430 -0.5376
vn 0.9596 -0.0536 -0.2762
vn 0.9921 0.1060 -0.0675
vn 0.3573 0.7002 0.6181
vn -0.6873 0.6934 -0.2163
vn 0.1944 0.2343 -0.9525
vn -0.7634 0.5933 -0.2555
vn -0.8366 0.5348 -0.1190
vn -0.8330 0.3739 -0.4078
vn -0.9055 0.4147 -0.0898
vn 0.9407 0.2129 0.2642
vn -0.9063 0.3295 -0.2648
vn -0.9164 0.3515 -0.1917
vn -0.6972 0.6925 -0.1851
vn -0.8772 0.1891 -0.4413
vn -0.3009 0.9369 0.1779
vn -0.8502 0.1133 -0.5141
vn -0.9141 0.1692 -0.3686
vn 0.9798 -0.1531 -0.1284
vn -0.9464 0.2795 -0.1617
vn -0.5496 -0.7098 0.4406
vn 0.9876 -0.1389 0.0728
vn -0.5134 -0.0740 -0.8549
vn 0.5635 -0.4978 -0.6593
vn -0.8197 0.0840 -0.5666
vn 0.9056 -0.2562 -0.3380
vn -0.8518 0.3067 -0.4247
vn -0.8599 0.1784 -0.4782
vn -0.3602 0.7531 -0.5506
vn -0.3015 0.4611 -0.8346
vn -0.9181 0.3113 -0.2451
vn -0.9016 0.0500 -0.4297
vn -0.9122 0.2895 -0.2899
vn 0.5067 0.0892 -0.8575
vn -0.9103 0.3219 -0.2603
vn -0.8700 0.4863 -0.0813
vn -0.9368 0.1233 -0.3273
vn -0.6680 -0.0438 -0.7429
vn -0.7602 0.6180 -0.2007
vn -0.8628 0.2333 -0.4485
vn -0.7800 0.0314 -0.6250
vn -0.9169 0.2057 -0.3419
vn -0.8296 0.5378 0.1504
vn -0.8905 0.3445 -0.2973
vn -0.6502 0.7596 0.0139
vn -0.8301 0.5468 0.1097
vn 0.5142 0.5411 0.6654
vn -0.8794 0.4483 -0.1603
vn -0.8540 0.4996 -0.1450
vn -0.7505 0.4842 -0.4499
vn -0.0541 0.9362 0.3474
vn 0.8771 0.4254 0.2231
vn -0.8710 0.4851 -0.0782
vn -0.7849 0.6145 0.0793
vn -0.8265 0.5553 -0.0928
vn -0.6843 0.6632 -0.3031
vn 0.9887 0.1478 -0.0249
vn -0.9347 0.1899 -0.3004
vn 0.9527 0.3031 -0.0216
vn -0.9482 0.0497 -0.3136
vn 0.8147 -0.5787 -0.0370
vn -0.8719 -0.4335 -0.2276
vn -0.9337 0.1776 -0.3110
vn -0.9020 0.2129 -0.3757
vn 0.2184 -0.7891 0.5741
vn -0.8480 0.2831 -0.4480
vn -0.5151 -0.0771 -0.8536
vn 0.1887 0.2353 -0.9534
vn -0.6833 0.6954 -0.2227
vn 0.4482 0.3518 -0.8218
vn 0.7023 0.5473 -0.4552
vn 0.0002 -0.1326 -0.9912
vn -0.0002 0.9969 -0.0784
vn 0.6766 0.4030 -0.6163
vn -0.8308 0.3759 -0.4103
vn 0.9645 0.2161 0.1520
vn 0.9860 0.1655 0.0185
vn -0.0003 -0.1119 -0.9937
vn -0.0001 0.7990 -0.6013
vn 0.9829 0.0094 -0.1841
vn 0.9916 0.1120 0.0654
vn 0.9857 -0.0930 -0.1406
vn -0.0001 -0.8531 0.5218
vn -0.0001 -0.9953 0.0966
vn -0.1405 0.7168 -0.6830
vn -0.0000 0.9754 -0.2205
vn -0.0001 0.9287 -0.3709
vn 0.6110 0.6288 -0.4810
vn -0.2964 0.9383 0.1780
vn -0.0001 0.5268 -0.8500
vn 0.7921 0.5101 -0.3352
vn 0.9875 0.1550 0.0288
vn -0.0001 0.9234 -0.3838
vn 0.9758 0.1205 -0.1824
vn -0.0000 0.7040 0.7102
vn 0.9956 0.0922 0.0147
vn 0.9837 -0.1033 -0.1472
vn -0.0000 -0.3103 0.9506
vn 0.9907 0.1200 0.0634
vn -0.9836 0.1582 0.0868
vn -0.0001 0.3732 -0.9278
vn 0.9216 0.3777 0.0890
vn 0.9862 0.1406 -0.0876
vn -0.7144 0.4055 -0.5703
vn 0.9648 -0.1215 -0.2331
vn 0.4010 -0.5000 -0.7676
vn -0.0000 0.9240 -0.3825
vn -0.9571 -0.0969 -0.2730
vn -0.0015 -0.9164 0.4003
vn 0.9617 0.2311 0.1473
vn -0.0003 0.9954 -0.0959
vn 0.9288 0.1778 0.3251
vn -0.9338 0.3383 -0.1166
vn 0.9785 0.2024 0.0385
vn 0.9710 0.1110 0.2119
vn -0.9720 0.2336 -0.0265
vn 0.9941 0.1085 0.0052
vn -0.9861 0.1566 0.0559
vn -0.9884 0.1220 -0.0908
vn 0.9861 -0.0792 -0.1458
vn 0.9774 0.1718 -0.1232
vn -0.0000 0.9870 -0.1608
vn 0.9846 -0.0179 -0.1740
vn -0.0115 0.6906 -0.7232
vn 0.9961 0.0582 -0.0665
vn 0.2581 0.9476 0.1883
vn 0.0836 0.6874 0.7214
vn 0.6084 0.3760 0.6989
vn 0.9093 -0.1157 0.3998
vn 0.5444 0.5052 0.6696
vn -0.8391 0.4657 0.2812
vn 0.7456 0.5262 0.4090
vn -0.0041 0.9092 0.4163
vn 0.9317 -0.1162 0.3442
vn 0.0891 0.9244 0.3708
vn -0.8620 0.5063 -0.0254
vn -0.1175 0.9252 0.3607
vn 0.7661 0.4941 0.4111
vn 0.2045 0.9255 0.3189
vn -0.7360 0.6523 -0.1811
vn -0.3764 0.9039 -0.2033
vn 0.9575 -0.1133 0.2654
vn 0.9630 -0.0993 0.2505
vn 0.7222 -0.6876 0.0748
vn 0.7347 -0.6626 0.1455
vn 0.9756 -0.1861 0.1164
vn 0.9423 -0.0820 0.3247
vn 0.8125 0.3800 0.4421
vn 0.7063 0.3967 0.5864
vn 0.0213 0.9634 0.2672
vn 0.0713 0.9457 0.3171
vn 0.0038 0.8590 -0.5120
vn -0.0000 0.9951 0.0990
vn -0.0057 0.4173 0.9088
vn 0.3969 0.2834 0.8730
vn 0.0645 -0.3955 0.9162
vn 0.7380 -0.2232 0.6369
vn 0.3388 -0.4546 0.8237
vn 0.0017 -0.3556 0.9346
vn 0.4035 -0.7270 0.5555
vn -0.0000 -0.7728 0.6347
vn 0.7344 -0.5529 0.3937
vn -0.0267 -0.9738 0.2259
vn -0.0000 -0.9769 -0.2136
vn 0.1775 -0.9803 0.0871
vn -0.2267 -0.9548 -0.1924
vn -0.0000 -0.9784 -0.2069
vn 0.1991 -0.8610 -0.4681
vn 0.4740 -0.8696 0.1381
vn 0.9029 -0.3775 0.2057
vn 0.3347 -0.9280 -0.1640
vn 0.1033 -0.9520 -0.2883
vn 0.5851 -0.8082 -0.0666
vn 0.6648 -0.5902 -0.4580
vn 0.5969 -0.7055 -0.3821
vn 0.1798 -0.9785 -0.1011
vn -0.0000 -0.9884 -0.1518
vn 0.8758 -0.2410 0.4182
vn 0.7878 -0.5327 0.3093
vn 0.0001 -0.9999 -0.0159
vn -0.0000 0.7491 0.6624
vn 0.3670 0.2593 0.8934
vn 0.2863 0.9057 0.3125
vn 0.8067 -0.4649 -0.3648
vn -0.4570 0.7280 0.5111
vn 0.8288 -0.5507 -0.0993
vn -0.7379 0.5239 0.4254
vn 0.2741 0.9323 0.2360
vn 0.1753 0.9094 0.3771
vn -0.0000 0.9700 0.2432
vn 0.8079 0.5758 0.1254
vn -0.3365 0.8907 0.3056
vn 0.8056 -0.5896 0.0585
vn -0.7937 -0.0355 0.6072
vn -0.0003 0.9092 0.4164
vn -0.6893 -0.6665 0.2839
vn -0.8602 0.5094 -0.0242
vn -0.2254 -0.7009 0.6767
vn -0.1992 0.9265 0.3192
vn -0.2966 0.9256 0.2352
vn -0.1212 0.9252 0.3596
vn -0.1181 0.9870 0.1093
vn -0.7360 0.6538 -0.1759
vn -0.3781 0.9025 -0.2062
vn -0.1450 0.9547 0.2597
vn 0.0325 0.9914 0.1266
vn -0.4589 0.6666 0.5874
vn 0.8425 0.2469 0.4788
vn -0.3911 0.9202 -0.0155
vn 0.0037 0.8590 -0.5120
vn 0.1027 0.5477 -0.8303
vn -0.0000 0.5287 -0.8488
vn -0.0000 0.6966 -0.7175
vn 0.1378 0.7346 -0.6644
vn 0.2956 0.5766 -0.7617
vn -0.0000 0.9626 -0.2710
vn 0.1054 0.7533 -0.6492
vn 0.1400 0.9678 -0.2091
vn -0.0000 0.9963 0.0854
vn -0.7120 -0.5913 -0.3788
vn 0.1931 0.9786 0.0713
vn -0.0000 0.9594 0.2820
vn -0.6892 -0.6681 0.2805
vn 0.2156 0.8946 0.3914
vn 0.0229 0.7727 0.6344
vn 0.9163 0.3666 0.1615
vn 0.8079 -0.5864 0.0592
vn 0.8035 -0.5913 0.0684
vn -0.7367 0.5275 0.4231
vn 0.8272 -0.5534 -0.0973
vn 0.8065 -0.4650 -0.3651
vn 0.7718 -0.6357 0.0120
vn 0.3650 0.2630 0.8931
vn 0.7300 -0.6812 0.0549
vn -0.0000 -0.9999 -0.0114
vn -0.0004 -0.9506 0.3104
vn 0.9175 0.2557 0.3045
vn 0.8201 0.2741 0.5022
vn 0.4679 -0.8837 0.0145
vn -0.0000 -0.9677 -0.2520
vn 0.8809 -0.3787 0.2840
vn 0.6303 0.6154 0.4732
vn -0.0189 0.8232 0.5674
vn 0.6288 -0.4435 0.6387
vn -0.0000 -0.7795 0.6264
vn 0.0093 0.3676 0.9299
vn 0.5981 0.5734 0.5598
vn 0.6979 -0.5945 0.3994
vn 0.6636 -0.5427 0.5148
vn 0.8542 -0.1687 0.4918
vn 0.8036 -0.5063 0.3129
vn 0.5510 -0.8199 0.1555
vn 0.9539 0.0003 0.3002
vn 0.7388 -0.6564 0.1527
vn 0.1756 -0.9768 -0.1224
vn 0.1743 -0.9786 -0.1092
vn -0.3331 -0.8749 -0.3516
vn -0.7604 -0.6486 0.0347
vn -0.8710 -0.4709 -0.1402
vn -0.7916 -0.5270 -0.3092
vn 0.7434 -0.6571 0.1254
vn 0.1462 -0.9395 0.3098
vn 0.7400 -0.6347 0.2228
vn 0.5001 -0.8162 0.2893
vn 0.9860 0.0371 0.1625
vn 0.6990 -0.5760 0.4238
vn -0.3339 -0.6495 -0.6831
vn 0.9496 0.0051 0.3135
vn 0.3585 -0.5386 0.7625
vn 0.7985 -0.0574 0.5993
vn 0.8971 0.3196 0.3051
vn 0.1256 -0.8835 0.4513
vn 0.5940 -0.7678 -0.2401
vn 0.0067 -0.4252 -0.9051
vn -0.0000 -0.6742 0.7386
vn -0.0580 -0.3935 0.9175
vn 0.3890 -0.0701 0.9186
vn -0.1721 -0.0770 0.9821
vn 0.1227 0.3319 0.9353
vn -0.0000 0.3041 0.9526
vn 0.0069 0.8280 0.5606
vn -0.1308 0.8245 0.5505
vn -0.0000 0.8576 0.5143
vn -0.0000 0.9381 0.3462
vn -0.0650 0.9516 0.3002
vn -0.0212 0.9554 0.2947
vn -0.1170 0.9549 0.2728
vn 0.3458 0.2589 0.9019
vn -0.2928 0.9099 0.2938
vn 0.4943 0.8678 -0.0515
vn 0.7648 0.1442 0.6280
vn 0.8749 0.3123 0.3702
vn 0.8276 0.3435 0.4440
vn 0.8760 0.4340 0.2104
vn 0.9257 0.3112 0.2151
vn 0.9211 0.3067 0.2398
vn 0.4521 0.6584 0.6018
vn 0.4413 0.7217 0.5333
vn 0.2510 0.9449 -0.2102
vn 0.0396 0.9816 -0.1867
vn 0.4587 0.8861 -0.0659
vn 0.4361 0.8809 -0.1840
vn 0.7807 0.5760 0.2422
vn 0.5908 0.7735 -0.2294
vn 0.8881 0.0301 0.4586
vn 0.8045 -0.1092 0.5838
vn 0.0001 -0.6710 0.7415
vn 0.1510 -0.8917 -0.4267
vn 0.0092 -0.4287 -0.9034
vn 0.5911 -0.7703 -0.2393
vn -0.2049 -0.8650 -0.4580
vn -0.3354 -0.6470 -0.6848
vn 0.0098 -0.9901 0.1399
vn -0.3295 -0.9373 0.1135
vn 0.4425 -0.8843 0.1491
vn -0.3043 -0.9255 -0.2256
vn 0.1439 -0.9388 0.3129
vn -0.0301 -0.9973 -0.0670
vn -0.7937 -0.5254 -0.3066
vn -0.1143 -0.9904 -0.0772
vn -0.8726 -0.4677 -0.1407
vn -0.1116 -0.9938 0.0015
vn -0.7650 -0.6432 0.0321
vn -0.3900 -0.9134 -0.1167
vn -0.9176 -0.3941 0.0521
vn -0.0000 -0.5550 -0.8318
vn -0.1446 -0.9822 -0.1196
vn 0.3637 -0.9313 -0.0213
vn -0.5052 -0.8473 -0.1638
vn 0.0710 -0.9785 0.1935
vn -0.2383 -0.8776 0.4160
vn 0.3671 -0.9046 0.2167
vn -0.5672 -0.7955 0.2133
vn -0.0000 -0.5760 0.8175
vn -0.8106 -0.5735 0.1180
vn -0.4426 -0.6916 -0.5709
vn -0.8692 -0.4944 0.0103
vn 0.1060 0.7504 -0.6524
vn -0.7974 -0.4766 0.3701
vn -0.0000 -0.9684 0.2493
vn -0.7293 -0.4510 0.5146
vn 0.0033 0.0044 1.0000
vn 0.8444 0.1446 0.5158
vn 0.6983 0.4888 -0.5228
vn -0.0036 0.9588 0.2842
vn -0.1815 0.0356 0.9827
vn -0.8061 0.4744 -0.3539
vn 0.7036 0.4871 -0.5175
vn 0.8148 0.2346 0.5302
vn 0.6059 0.4131 -0.6799
vn -0.0804 0.9842 0.1580
vn -0.2674 0.0689 0.9611
vn -0.8930 0.2692 -0.3607
vn 0.6117 0.4126 -0.6750
vn -0.0997 0.9904 -0.0961
vn -0.9068 0.1432 -0.3964
vn -0.4098 0.3040 0.8600
vn 0.6120 0.3716 0.6981
vn 0.6942 0.2734 -0.6658
vn -0.9084 0.1432 -0.3928
vn -0.0662 0.9570 0.2824
vn -0.8127 0.2066 -0.5449
vn -0.6411 -0.0697 0.7643
vn 0.8159 0.0227 0.5777
vn 0.5312 0.4558 -0.7142
vn -0.8082 0.2087 -0.5507
vn 0.1207 0.9506 0.2862
vn -0.7257 0.3750 -0.5769
vn -0.6245 -0.0014 0.7810
vn 0.7439 -0.1767 0.6445
vn 0.6982 0.2770 -0.6602
vn -0.7282 0.3745 -0.5740
vn 0.4903 0.8613 0.1335
vn -0.6973 0.6568 -0.2870
vn -0.3098 0.3214 0.8948
vn 0.8778 -0.3128 0.3628
vn 0.3525 0.2210 -0.9094
vn 0.3021 0.9230 0.2384
vn -0.6345 0.7446 -0.2072
vn -0.2267 0.3462 0.9104
vn 0.9092 0.0627 0.4116
vn 0.5071 0.5099 -0.6949
vn -0.6377 0.7437 -0.2004
vn 0.2019 0.6087 -0.7673
vn -0.9080 0.4161 -0.0488
vn 0.1478 0.9464 0.2871
vn 0.9535 0.0099 0.3011
vn -0.2197 0.1386 0.9657
vn -0.9080 0.4162 -0.0488
vn -0.1138 0.8331 0.5413
vn -0.8100 0.5179 -0.2750
vn -0.3086 -0.1384 0.9411
vn 0.8893 0.2893 0.3541
vn 0.2470 0.8244 -0.5092
vn -0.8121 0.5159 -0.2725
vn -0.9851 -0.1687 -0.0323
vn 0.0114 -0.9988 -0.0475
vn 0.0184 -0.4853 0.8742
vn 0.9882 -0.1526 0.0120
vn 0.1847 -0.3679 -0.9113
vn -0.9850 -0.1681 -0.0400
vn -0.0819 -0.9714 -0.2228
vn -0.2580 -0.4266 0.8669
vn -0.9847 0.0099 -0.1739
vn 0.8892 -0.2863 0.3567
vn 0.2364 -0.0842 -0.9680
vn -0.9834 0.0113 -0.1813
vn -0.0666 -0.9757 -0.2086
vn -0.7423 -0.3062 0.5961
vn -0.6820 0.0508 -0.7296
vn 0.4509 -0.3773 0.8089
vn 0.8150 -0.1963 -0.5453
vn -0.6819 0.0508 -0.7296
vn -0.2798 -0.0791 -0.9568
vn -0.3264 0.0376 -0.9445
vn 0.9869 -0.0090 -0.1612
vn 0.9358 -0.2281 -0.2689
vn -0.1018 -0.9887 -0.1098
vn 0.2332 -0.2426 0.9417
vn 0.1172 -0.0852 0.9894
vn -0.9633 -0.1641 0.2124
vn -0.2723 -0.0790 -0.9590
vn -0.9447 -0.0511 0.3240
vn -0.3191 0.0372 -0.9470
vn -0.5770 -0.1468 -0.8035
vn 0.6550 -0.7096 -0.2596
vn -0.3558 -0.9345 0.0106
vn 0.3716 -0.4604 0.8062
vn -0.7050 -0.2004 0.6803
vn -0.5709 -0.1493 -0.8073
vn -0.0000 -0.1634 0.9866
vn -0.0001 -0.7204 0.6936
vn 0.4319 -0.3277 0.8403
vn 0.4588 -0.4779 0.7491
vn -0.0000 -0.9225 0.3859
vn 0.4214 -0.2425 0.8738
vn 0.5034 -0.5608 0.6573
vn 0.4491 -0.4660 0.7623
vn 0.5655 -0.4526 0.6894
vn -0.0000 -0.1200 0.9928
vn 0.2684 -0.1664 0.9488
vn 0.1289 0.0588 0.9899
vn 0.3663 0.1255 0.9220
vn 0.1388 0.4174 0.8980
vn -0.0892 0.2215 0.9711
vn -0.0303 0.3108 0.9500
vn 0.1253 0.4652 0.8763
vn 0.2529 0.7779 0.5752
vn 0.5164 0.6408 0.5681
vn 0.5766 0.7717 0.2683
vn 0.5977 -0.2297 0.7681
vn 0.7816 0.1759 0.5984
vn 0.6446 0.5793 0.4989
vn 0.5867 -0.7141 0.3820
vn 0.8932 0.4359 0.1110
vn 0.7683 0.6356 0.0758
vn 0.8477 0.3551 0.3940
vn 0.7258 0.0247 0.6875
vn 0.9055 0.3022 0.2979
vn 0.6024 -0.7089 0.3668
vn 0.9256 -0.3215 0.1997
vn 0.6042 -0.3541 0.7138
vn 0.5517 -0.4719 0.6877
vn 0.9503 0.1541 0.2704
vn 0.8933 -0.4409 0.0876
vn 0.3897 -0.8588 0.3326
vn 0.5068 -0.3909 0.7684
vn 0.8089 -0.1941 0.5550
vn 0.9637 -0.0772 0.2555
vn 0.9813 -0.0408 0.1879
vn 0.9777 -0.1392 0.1575
vn 0.9070 0.4145 0.0739
vn 0.9639 -0.1940 0.1825
vn 0.9779 -0.2087 0.0146
vn 0.9386 -0.0907 0.3328
vn 0.7567 -0.6210 -0.2041
vn 0.6455 -0.7625 -0.0449
vn 0.8433 0.5273 0.1038
vn 0.8431 -0.0643 0.5338
vn 0.8329 -0.1117 0.5421
vn 0.7196 -0.0204 0.6941
vn 0.9503 -0.2535 -0.1807
vn 0.8789 -0.4676 0.0937
vn 0.5104 -0.0386 0.8590
vn 0.6056 -0.7932 0.0641
vn 0.3096 -0.8296 0.4646
vn 0.7365 -0.6725 0.0719
vn 0.3164 -0.9439 -0.0949
vn 0.4801 -0.4427 0.7573
vn -0.0000 -0.7710 0.6369
vn -0.0891 -0.1926 0.9772
vn 0.4435 -0.2390 0.8638
vn 0.8778 -0.3336 0.3438
vn 0.9865 -0.1511 -0.0626
vn 0.9852 -0.1492 -0.0847
vn 0.8701 -0.3908 0.3003
vn 0.9972 -0.0352 -0.0661
vn 0.6846 -0.4445 0.5777
vn 0.9284 -0.2831 0.2409
vn 0.9838 0.1629 -0.0755
vn 0.7359 -0.5112 0.4440
vn 0.5950 -0.2613 0.7600
vn 0.9783 -0.1562 0.1363
vn 0.9361 0.3151 -0.1566
vn 0.2183 -0.2743 0.9365
vn -0.1200 -0.8718 0.4749
vn 0.3969 -0.4001 0.8260
vn 0.1822 -0.5101 0.8406
vn 0.4956 -0.4651 0.7335
vn 0.5483 -0.5676 0.6142
vn 0.4087 -0.4841 0.7737
vn 0.4476 -0.2925 0.8450
vn 0.4242 -0.5361 0.7298
vn -0.0000 -0.2433 0.9699
vn -0.0000 -0.1629 0.9866
vn -0.0000 -0.8185 0.5745
vn -0.0000 -0.8481 0.5298
vn 0.3707 -0.6327 0.6799
vn 0.7174 -0.5722 0.3974
vn 0.2933 -0.8392 0.4579
vn -0.0000 -0.9631 0.2693
vn 0.5317 -0.7465 0.4000
vn 0.7633 -0.5565 0.3282
vn 0.2783 -0.9083 0.3123
vn -0.0002 -0.8816 0.4719
vn 0.5183 -0.7955 0.3138
vn 0.8033 -0.4433 0.3978
vn 0.7699 -0.5778 0.2711
vn 0.8401 -0.4276 0.3337
vn 0.8529 -0.4169 0.3143
vn 0.7876 -0.4863 0.3784
vn 0.0421 -0.8292 0.5574
vn -0.0004 -0.5523 0.8336
vn -0.0003 -0.2882 0.9576
vn 0.5195 -0.7002 0.4898
vn 0.0558 -0.4159 0.9077
vn -0.0000 -0.3755 0.9268
vn 0.3641 -0.7770 0.5136
vn 0.2936 -0.3392 0.8937
vn 0.2220 -0.3076 0.9252
vn 0.4025 -0.3969 0.8249
vn 0.1203 -0.5971 0.7931
vn -0.0000 -0.5277 0.8495
vn -0.0004 -0.0037 1.0000
vn 0.3179 -0.3954 0.8617
vn 0.3986 -0.6418 0.6552
vn 0.0032 -0.3171 0.9484
vn -0.0000 -0.0055 1.0000
vn -0.0429 -0.2346 0.9711
vn -0.0002 0.1134 0.9935
vn 0.2388 -0.3973 0.8861
vn 0.4114 -0.6373 0.6516
vn -0.0235 -0.0458 0.9987
vn 0.0001 0.2756 0.9613
vn 0.3913 -0.5013 0.7718
vn 0.5114 -0.6165 0.5987
vn 0.1295 -0.2565 0.9578
vn 0.5720 -0.5071 0.6447
vn 0.4387 -0.5283 0.7269
vn 0.7241 -0.3875 0.5705
vn 0.7055 -0.5748 0.4145
vn 0.8922 -0.3179 0.3207
vn 0.7566 -0.5709 0.3189
vn 0.5324 -0.6508 0.5413
vn 0.0619 -0.8099 0.5833
vn 0.2498 -0.2970 0.9216
vn 0.8189 -0.4564 0.3480
vn 0.3894 -0.4195 0.8200
vn 0.1672 -0.2211 -0.9608
vn 0.9734 0.1780 -0.1443
vn 0.8775 0.2315 -0.4199
vn 0.7461 0.3009 -0.5939
vn 0.7984 0.3163 -0.5123
vn 0.8405 0.2129 -0.4982
vn 0.7848 0.5853 -0.2036
vn 0.8135 0.5361 -0.2253
vn 0.7090 -0.5005 0.4968
vn 0.5909 0.7947 0.1387
vn 0.7878 0.5796 0.2085
vn 0.5044 0.6760 0.5371
vn 0.4091 0.6736 0.6155
vn 0.2350 0.4569 0.8579
vn 0.2264 0.3572 0.9062
vn 0.1140 0.2933 0.9492
vn 0.0980 -0.0711 0.9926
vn -0.1154 0.0701 0.9908
vn -0.0221 0.0194 0.9996
vn -0.0699 -0.0993 0.9926
vn -0.0849 -0.2755 0.9576
vn -0.0271 -0.0127 0.9996
vn 0.0928 -0.2444 0.9652
vn -0.0494 -0.4953 0.8673
vn 0.1652 -0.0886 0.9823
vn -0.1084 0.1480 0.9830
vn -0.0011 0.0997 0.9950
vn 0.0427 0.1279 0.9909
vn 0.1091 -0.0279 0.9936
vn 0.0461 0.1562 0.9866
vn 0.0748 0.0267 0.9968
vn -0.0000 -0.0339 0.9994
vn -0.0106 0.1819 0.9833
vn 0.0679 -0.0325 0.9972
vn 0.1660 -0.5594 0.8121
vn -0.4270 -0.7515 0.5030
vn -0.7956 -0.4925 0.3528
vn 0.0345 -0.9565 0.2896
vn -0.5639 -0.8237 -0.0597
vn 0.8374 -0.4554 0.3023
vn 0.1307 -0.9821 0.1354
vn 0.2504 -0.9491 0.1911
vn -0.7883 -0.5477 -0.2802
vn 0.8396 -0.4139 0.3519
vn 0.9972 0.0629 0.0393
vn 0.9183 0.3682 -0.1457
vn 0.9503 0.1068 -0.2924
vn 0.9400 0.2858 -0.1861
vn 0.8857 0.3587 -0.2947
vn 0.8885 0.2543 -0.3818
vn 0.9312 0.1156 -0.3458
vn 0.8851 0.3049 -0.3516
vn 0.9149 0.0716 -0.3973
vn 0.7372 0.3301 -0.5896
vn 0.9881 0.1419 -0.0588
vn 0.4029 0.2243 -0.8874
vn 0.8505 0.2857 -0.4416
vn 0.8393 0.2396 -0.4880
vn 0.9211 0.2125 -0.3262
vn 0.9715 0.2315 -0.0513
vn 0.9892 0.1447 -0.0219
vn 0.1920 0.2356 -0.9527
vn -0.5134 -0.0740 -0.8550
vn 0.8470 0.3125 -0.4300
vn 0.9112 0.3387 -0.2346
vn 0.8762 0.1705 -0.4508
vn 0.4330 0.8890 -0.1491
vn 0.8198 0.1827 -0.5427
vn 0.8957 0.4157 -0.1577
vn 0.8738 0.3504 -0.3372
vn 0.9258 -0.1676 -0.3387
vn -0.6894 -0.0217 -0.7241
vn 0.9365 -0.1805 -0.3005
vn 0.9067 0.3293 -0.2636
vn 0.9513 0.2416 -0.1914
vn 0.9705 -0.2124 -0.1137
vn -0.8033 0.2052 -0.5590
vn -0.7868 0.3263 -0.5239
vn 0.9909 -0.0434 -0.1277
vn 0.9916 -0.1168 0.0555
vn 0.9067 -0.4215 -0.0145
vn 0.8661 0.2476 -0.4342
vn 0.9927 0.0316 0.1167
vn 0.8198 0.5425 -0.1834
vn 0.7740 0.6331 0.0048
vn 0.7852 0.5882 -0.1934
vn 0.9086 0.3072 -0.2829
vn 0.8448 0.5244 -0.1064
vn 0.9188 0.3558 -0.1708
vn 0.8040 0.5932 -0.0403
vn 0.8261 0.5424 -0.1526
vn 0.9851 -0.0238 0.1704
vn 0.9535 0.3010 -0.0144
vn 0.8817 0.2793 -0.3802
vn 0.8513 0.4823 -0.2068
vn 0.9513 -0.2454 -0.1865
vn 0.8872 0.4418 -0.1329
vn 0.8980 0.4232 -0.1205
vn 0.8989 0.3769 -0.2236
vn 0.8279 0.4625 -0.3173
vn 0.9479 0.2729 -0.1646
vn 0.3662 0.2426 -0.8983
vn 0.9896 0.1322 -0.0567
vn 0.8779 -0.3171 0.3587
vn 0.6230 -0.2272 -0.7485
vn 0.5401 0.7714 -0.3365
vn 0.9675 0.2266 -0.1126
vn 0.8008 0.0625 -0.5957
vn 0.9492 0.1883 0.2520
vn 0.9789 0.2035 -0.0160
vn 0.3062 0.9500 -0.0613
vn 0.9059 0.3634 -0.2175
vn 0.8615 0.4440 -0.2463
vn 0.9962 0.0120 0.0863
vn 0.4273 0.8513 -0.3045
vn 0.7809 0.4950 -0.3810
vn -0.0135 0.9462 -0.3234
vn 0.5234 0.8376 0.1563
vn 0.9112 0.3932 -0.1227
vn 0.8387 0.5248 -0.1455
vn 0.6750 0.6912 -0.2580
vn 0.9842 0.1693 0.0511
vn 0.9233 0.3825 0.0334
vn 0.9789 0.1922 -0.0689
vn 0.9091 0.3586 0.2121
vn 0.9173 0.3879 -0.0901
vn 0.8972 0.3954 0.1966
vn 0.9718 0.1571 0.1757
vn 0.8810 0.2989 0.3666
vn 0.7879 0.6141 0.0458
vn 0.6923 0.5899 -0.4156
vn -0.3366 0.9322 -0.1332
vn -0.0337 0.8092 -0.5865
vn 0.9040 0.1513 0.3998
vn 0.5330 0.4695 0.7039
vn 0.9917 -0.1153 -0.0578
vn -0.4904 0.0026 -0.8715
vn 0.9528 0.1407 0.2689
vn 0.9628 -0.2205 0.1563
vn 0.9503 -0.1521 0.2718
vn 0.9171 -0.3120 0.2480
vn -0.4647 0.8801 -0.0969
vn -0.1166 0.9154 -0.3852
vn 0.3952 0.7514 -0.5284
vn 0.7398 0.6558 -0.1506
vn 0.8343 0.2195 -0.5057
vn 0.9913 -0.0155 0.1303
vn 0.8464 -0.0885 -0.5252
vn 0.9870 0.0545 0.1514
vn 0.9377 0.3469 0.0174
vn 0.5374 0.2281 -0.8119
vn 0.9986 0.0498 0.0176
vn 0.8886 0.3921 -0.2379
vn 0.8256 0.4868 -0.2854
vn 0.8424 0.5264 -0.1149
vn 0.9765 0.0734 -0.2028
vn -0.0000 -0.0729 -0.9973
vn 0.9889 0.0085 -0.1485
vn 0.9660 0.1936 0.1716
vn -0.0000 0.6785 -0.7346
vn 0.8832 -0.3444 -0.3182
vn 0.7603 0.0210 -0.6493
vn 0.4914 0.5209 -0.6980
vn 0.9420 0.3264 0.0779
vn 0.9403 0.0404 -0.3380
vn -0.8558 -0.1811 -0.4845
vn 0.9404 0.0254 -0.3392
vn -0.5885 -0.2743 -0.7605
vn 0.9678 0.2472 0.0470
vn 0.6014 0.5882 0.5407
vn 0.9470 0.2947 0.1281
vn -0.8200 0.1093 -0.5618
vn -0.6862 0.7055 -0.1772
vn -0.0000 0.9688 -0.2478
vn -0.0001 0.8440 -0.5363
vn -0.0151 -0.0000 -0.9999
vn 0.9105 0.4053 -0.0824
vn 0.9557 0.2809 -0.0877
vn 0.9166 0.3664 -0.1601
vn 0.5224 0.8384 -0.1557
vn 0.9981 0.0504 -0.0349
vn -0.0001 -0.9980 -0.0633
vn -0.9146 0.3786 -0.1421
vn 0.8537 0.5114 -0.0982
vn 0.9951 0.0974 -0.0176
vn -0.2255 0.8042 0.5500
vn 0.0116 0.5972 0.8020
vn -0.0000 -0.4860 0.8739
vn -0.0000 0.9594 -0.2819
vn -0.0000 0.6523 -0.7579
vn -0.0001 0.1346 -0.9909
vn 0.9823 0.1699 -0.0791
vn 0.1086 -0.9518 -0.2868
vn 0.8277 0.5600 -0.0348
vn 0.4428 0.8797 -0.1733
vn 0.5187 0.8393 -0.1627
vn 0.9825 0.0211 -0.1850
vn -0.6726 -0.6657 -0.3232
vn 0.9774 0.1594 -0.1387
vn -0.0343 -0.5788 -0.8147
vn -0.1166 0.8189 -0.5620
vn 0.9413 0.2389 0.2384
vn -0.0001 0.9938 -0.1108
vn 0.9354 0.2471 0.2529
vn -0.0000 -0.2844 0.9587
vn -0.0015 0.2352 0.9719
vn 0.7974 0.6006 0.0583
vn 0.6269 0.7757 -0.0730
vn 0.8093 0.5864 -0.0339
vn -0.0000 0.1356 -0.9908
vn 0.0588 -0.5250 -0.8491
vn -0.0000 0.2957 0.9553
vn 0.5797 0.8127 0.0590
vn -0.0000 0.9288 -0.3705
vn -0.0000 0.9431 0.3326
vn 0.5452 0.8380 -0.0224
vn 0.8876 0.4594 -0.0341
vn -0.0000 0.8830 0.4694
vn 0.4259 0.9043 -0.0290
vn 0.4229 0.9047 -0.0506
vn 0.3429 0.9381 -0.0491
vn -0.0000 0.8350 -0.5502
vn 0.3894 0.9211 -0.0006
vn -0.0000 0.7914 -0.6113
vn 0.6905 0.7212 0.0555
vn 0.4246 0.8996 -0.1016
vn 0.4223 0.9062 -0.0238
vn 0.4349 0.8963 -0.0861
vn 0.2552 0.9560 -0.1445
vn 0.3434 0.9360 -0.0775
vn 0.9009 0.4332 -0.0282
vn 0.4711 0.8749 -0.1125
vn 0.9288 0.3696 -0.0277
vn 0.8010 0.5934 -0.0792
vn 1.0000 -0.0022 -0.0073
vn 0.9972 -0.0433 0.0609
vn 0.9994 -0.0038 0.0333
vn 0.5015 0.8372 -0.2181
vn 0.9965 0.0777 0.0303
vn 0.9132 0.4019 -0.0682
vn 0.9117 0.4018 -0.0853
vn 0.9519 0.3022 -0.0507
vn 0.9948 0.0989 0.0261
vn 0.9109 0.4016 -0.0952
vn 0.9644 0.2642 -0.0110
vn 0.8700 0.0426 -0.4912
vn 0.9787 0.0578 0.1967
vn 0.9989 0.0278 0.0391
vn 0.9962 -0.0865 0.0047
vn 0.8997 0.3698 0.2319
vn 0.9227 0.3732 -0.0967
vn 0.9768 0.0432 0.2098
vn 0.9720 0.1869 0.1424
vn 0.9970 -0.0576 -0.0524
vn 0.3064 0.9500 -0.0606
vn 0.3105 0.2070 -0.9277
vn 0.9176 0.3705 -0.1441
vn 0.8007 0.0625 -0.5958
vn 0.8951 0.4213 -0.1461
vn 0.8844 0.3044 0.3538
vn 0.9639 0.1237 0.2356
vn 0.9650 0.0928 0.2454
vn 0.9387 0.1161 0.3246
vn 0.9608 -0.2014 0.1904
vn 0.9355 -0.0173 0.3529
vn 0.9549 -0.2246 0.1944
vn -0.7766 -0.0819 -0.6246
vn -0.8418 0.0987 -0.5308
vn 0.4301 0.9014 -0.0494
vn 0.9391 -0.0340 0.3419
vn 0.9535 -0.0979 0.2851
vn 0.4497 0.3370 -0.8272
vn 0.9119 0.0290 0.4093
vn 0.9578 -0.1492 0.2455
vn -0.1861 -0.6351 -0.7497
vn 0.8273 0.2249 0.5147
vn 0.0583 0.6247 0.7787
vn -0.6086 0.7718 -0.1841
vn 0.9671 -0.0399 -0.2514
vn -0.2749 0.8442 -0.4602
vn 0.9525 -0.0511 0.3001
vn -0.8596 0.5031 -0.0892
vn 0.9682 -0.1573 -0.1945
vn -0.6857 -0.1424 -0.7138
vn 0.9910 -0.0324 -0.1296
vn 0.9939 -0.1080 -0.0236
vn 0.9737 -0.1918 -0.1231
vn 0.4301 0.8489 -0.3074
vn 0.9938 -0.0474 -0.1001
vn -0.6812 -0.2348 -0.6934
vn 0.9942 0.0537 0.0931
vn 0.9461 -0.0805 -0.3139
vn 0.9966 -0.0584 0.0582
vn 0.9648 -0.2621 -0.0196
vn 0.5292 0.3254 -0.7836
vn 0.9766 0.0255 0.2137
vn 0.9830 0.0499 0.1766
vn 0.8826 0.3709 0.2889
vn 0.9724 -0.2235 0.0667
vn -0.7814 0.1306 -0.6102
vn 0.9752 -0.1977 -0.0994
vn 0.9829 -0.1836 -0.0165
vn 0.9827 -0.0639 0.1740
vn 0.7697 0.6074 -0.1967
vn 0.9754 -0.0581 0.2126
vn 0.9816 -0.0688 0.1783
vn -0.2696 0.4329 -0.8602
vn 0.4039 -0.4923 -0.7711
vn -0.7173 0.4032 -0.5682
vn -0.8805 0.3534 -0.3161
vn 0.9977 -0.0657 0.0158
vn -0.8290 0.5471 -0.1160
vn -0.8016 0.5978 -0.0050
vn 0.7922 0.5099 -0.3352
vn 0.2423 0.1040 0.9646
vn 0.9162 0.2452 0.3171
vn -0.1940 -0.9774 -0.0845
vn -0.1905 -0.9423 -0.2753
vn -0.6739 -0.7277 0.1272
vn -0.6405 -0.7635 -0.0828
vn -0.2329 -0.9448 -0.2307
vn -0.4441 -0.2426 0.8625
vn -0.2380 -0.9401 -0.2440
vn -0.3146 -0.9441 -0.0983
vn -0.3849 -0.9089 -0.1604
vn -0.3084 -0.9081 -0.2831
vn -0.6014 -0.7896 -0.1214
vn -0.7335 -0.6762 0.0687
vn -0.6752 -0.4954 -0.5465
vn -0.7488 -0.3948 -0.5325
vn -0.8951 -0.3030 0.3270
vn -0.8393 -0.2330 0.4912
vn -0.7440 -0.4304 0.5111
vn -0.7405 -0.6676 -0.0768
vn -0.5105 -0.0386 0.8590
vn -0.7217 -0.0177 0.6920
vn -0.7651 -0.4881 -0.4199
vn -0.8986 -0.4385 -0.0157
vn -0.8329 -0.1117 0.5421
vn -0.9751 -0.2088 0.0745
vn -0.9773 0.0395 0.2083
vn -0.9394 -0.2284 -0.2555
vn -0.9497 -0.0928 0.2991
vn -0.8887 -0.4074 -0.2106
vn -0.9989 0.0457 -0.0063
vn -0.8997 0.3697 0.2319
vn -0.9911 -0.0529 0.1224
vn -0.9940 -0.0761 0.0780
vn -0.8632 -0.1529 0.4812
vn -0.9310 -0.3085 0.1953
vn -0.5652 -0.4750 0.6745
vn -0.9525 -0.2091 0.2215
vn -0.9573 -0.2423 -0.1578
vn -0.9144 -0.1780 0.3637
vn -0.9567 -0.2748 0.0962
vn -0.8884 0.0637 0.4546
vn -0.7122 -0.1256 0.6906
vn -0.8783 -0.1137 0.4644
vn -0.8021 0.0479 0.5953
vn -0.7817 -0.1171 0.6125
vn -0.7279 -0.0734 0.6817
vn -0.5687 -0.7547 0.3272
vn -0.3584 0.2901 0.8873
vn 0.2339 -0.8795 0.4145
vn 0.2268 -0.7028 0.6742
vn 0.7920 -0.0321 0.6097
vn -0.7582 -0.3875 0.5244
vn -0.5267 -0.8496 0.0275
vn -0.8790 -0.1359 0.4570
vn -0.7999 -0.5266 0.2880
vn -0.8032 -0.4938 0.3332
vn -0.9085 -0.2938 0.2973
vn -0.7884 -0.5634 0.2470
vn -0.8839 -0.4484 0.1330
vn -0.9589 -0.2795 -0.0492
vn -0.9722 -0.0139 0.2339
vn -0.9312 0.0406 0.3621
vn -0.8621 0.1940 0.4681
vn -0.9928 0.0527 -0.1076
vn -0.9434 0.2727 0.1887
vn -0.9344 -0.1036 -0.3408
vn -0.9946 -0.0007 -0.1041
vn -0.8166 -0.5757 0.0418
vn -0.9216 0.0209 0.3876
vn -0.9997 0.0180 0.0146
vn -0.8588 0.3604 0.3642
vn -0.9513 0.0829 0.2968
vn -0.9848 -0.1563 -0.0756
vn -0.8401 0.5104 0.1837
vn -0.9422 0.3026 0.1435
vn -0.6578 0.6834 0.3165
vn -0.9596 0.2702 -0.0780
vn -0.7322 0.6558 0.1838
vn -0.7567 0.6092 0.2371
vn -0.9383 0.2576 -0.2308
vn -0.8736 0.4485 0.1889
vn -0.9057 0.4138 0.0916
vn -0.9970 -0.0439 0.0639
vn -0.9920 -0.0983 0.0786
vn -0.5626 -0.4961 -0.6614
vn 0.5103 -0.0754 -0.8567
vn -0.4004 0.2214 -0.8892
vn -0.7872 -0.2892 -0.5447
vn -0.9056 -0.2563 -0.3379
vn -0.9150 0.0675 -0.3977
vn -0.9411 -0.1646 -0.2954
vn 0.3557 0.7587 -0.5458
vn 0.3012 0.4640 -0.8330
vn -0.9886 0.1398 -0.0557
vn -0.9522 -0.2821 -0.1169
vn -0.9960 -0.0810 0.0389
vn -0.5067 0.0894 -0.8575
vn -0.9723 -0.2335 -0.0125
vn 0.6679 -0.0438 -0.7430
vn -0.9834 -0.1786 0.0318
vn 0.7594 0.6194 -0.1992
vn -0.9901 -0.1140 -0.0817
vn 0.7782 0.0318 -0.6273
vn -0.9749 -0.2209 -0.0280
vn -0.9445 -0.3284 0.0139
vn -0.8162 -0.5764 -0.0397
vn -0.9963 0.0775 0.0362
vn -0.9656 0.0895 0.2441
vn -0.9868 -0.1531 0.0531
vn 0.8720 -0.4350 -0.2243
vn -0.9516 0.0789 0.2969
vn -0.9962 -0.0867 0.0110
vn -0.2154 -0.7884 0.5762
vn 0.9020 0.2128 -0.3758
vn 0.7663 0.6220 -0.1611
vn -0.9531 0.3020 -0.0181
vn -0.9888 0.1474 -0.0237
vn 0.6843 0.6633 -0.3030
vn 0.7849 0.6145 0.0792
vn -0.8757 0.4237 0.2317
vn -0.9748 0.1063 0.1961
vn 0.0541 0.9361 0.3474
vn -0.8575 0.2862 0.4276
vn 0.7504 0.4841 -0.4500
vn -0.5176 0.5389 0.6645
vn -0.8476 0.2837 0.4484
vn 0.6492 0.7604 0.0162
vn -0.9616 0.1429 0.2344
vn -0.9479 0.2170 0.2333
vn -0.8188 0.2084 0.5349
vn 0.8905 0.3445 -0.2971
vn -0.6865 0.4039 0.6047
vn -0.8818 0.3875 0.2690
vn -0.8390 0.2387 -0.4890
vn -0.4383 0.8865 -0.1487
vn -0.9725 0.2289 -0.0436
vn -0.1886 0.2354 -0.9534
vn 0.7219 0.6843 -0.1031
vn 0.7638 0.5930 -0.2547
vn -0.9751 0.1864 0.1198
vn -0.9838 0.1316 -0.1221
vn -0.9762 0.0642 0.2073
vn -0.9646 0.1593 0.2103
vn -0.9428 0.2113 0.2579
vn -0.9926 -0.1136 0.0435
vn -0.9312 0.0687 -0.3581
vn -0.9946 -0.0196 0.1015
vn 0.6936 0.6942 -0.1922
vn -0.9211 -0.3686 -0.1256
vn -0.6018 0.7098 0.3662
vn 0.8501 0.1134 -0.5142
vn -0.9728 -0.2283 -0.0386
vn 0.8944 0.1729 -0.4125
vn -0.9793 -0.1564 -0.1284
vn -0.9924 -0.0760 0.0964
vn -0.9590 0.2209 0.1777
vn 0.5461 -0.7086 0.4468
vn -0.9876 -0.1392 0.0728
vn 0.5790 0.5312 -0.6185
vn -0.9970 -0.0596 -0.0496
vn -0.3116 0.9481 -0.0631
vn -0.9944 -0.1039 -0.0193
vn -0.4307 0.8497 -0.3041
vn 0.4790 0.6878 -0.5454
vn -0.4307 0.8497 -0.3042
vn -0.9959 0.0088 0.0895
vn 0.0136 0.9462 -0.3234
vn -0.3111 0.9486 -0.0577
vn -0.9803 0.1974 -0.0109
vn 0.5790 0.5314 -0.6184
vn -0.9652 -0.2554 0.0560
vn 0.0136 0.9461 -0.3234
vn -0.7797 0.4968 -0.3812
vn -0.5228 0.8387 0.1523
vn -0.9688 0.2243 -0.1056
vn -0.6258 -0.2249 -0.7469
vn -0.8155 -0.3265 0.4778
vn -0.5402 0.7714 -0.3363
vn -0.8155 -0.3265 0.4779
vn -0.6278 -0.2271 -0.7445
vn -0.8780 -0.3145 0.3609
vn -0.5374 0.7722 -0.3390
vn 0.0659 0.6398 -0.7657
vn -0.9664 -0.0416 -0.2537
vn 0.6872 -0.1396 -0.7130
vn 0.7933 0.3033 -0.5279
vn 0.8658 0.1672 -0.4717
vn 0.6827 -0.2373 -0.6911
vn -0.9942 0.0537 0.0931
vn -0.9447 -0.0833 -0.3172
vn 0.8784 0.2774 -0.3892
vn -0.5265 0.3276 -0.7845
vn 0.8586 0.0924 -0.5043
vn 0.7815 0.1306 -0.6101
vn -0.9743 -0.2009 -0.1022
vn 0.9261 0.3299 -0.1829
vn 0.7774 -0.2172 -0.5904
vn 0.8870 0.4358 -0.1525
vn 0.8095 0.5826 -0.0724
vn 0.7046 0.6817 -0.1970
vn 0.2442 0.8239 -0.5115
vn 0.9097 0.2917 -0.2957
vn -0.9816 -0.0690 0.1783
vn -0.7713 0.6065 -0.1932
vn 0.8362 0.5425 0.0806
vn -0.8835 0.3730 0.2835
vn -0.5359 0.4684 0.7024
vn 0.1569 0.6450 0.7479
vn 0.3365 0.9322 -0.1332
vn -0.6914 0.5934 -0.4122
vn -0.7884 0.6140 0.0390
vn 0.0341 0.8061 -0.5907
vn 0.3049 0.4232 -0.8532
vn 0.4915 -0.0008 -0.8709
vn -0.0808 0.4601 -0.8842
vn 0.0363 0.9664 -0.2545
vn -0.8489 0.0220 -0.5282
vn -0.7969 0.1153 -0.5931
vn -0.8437 0.4087 -0.3480
vn 0.3818 0.5741 -0.7243
vn 0.5368 0.0243 -0.8434
vn 0.5982 0.1605 -0.7851
vn -0.9142 -0.2191 0.3409
vn -0.9729 -0.1812 0.1438
vn 0.6831 0.4251 -0.5939
vn 0.6837 0.5836 -0.4381
vn -0.9171 -0.3120 0.2482
vn 0.4678 0.8786 -0.0956
vn 0.6377 0.7440 -0.1993
vn -0.4328 0.8090 -0.3977
vn 0.1166 0.9154 -0.3852
vn -0.3942 0.7522 -0.5280
vn 0.5738 0.7006 -0.4242
vn -0.9664 -0.0418 -0.2537
vn 0.0589 0.6397 -0.7663
vn -0.6921 0.5006 -0.5199
vn 0.3996 0.8802 -0.2562
vn -0.6613 0.7386 -0.1311
vn -0.7985 0.1124 -0.5915
vn -0.8922 0.3262 0.3123
vn -0.6802 0.3348 -0.6521
vn -0.2478 0.6180 -0.7461
vn -0.9389 0.2484 0.2382
vn -0.9767 0.0591 -0.2061
vn -0.9829 0.1630 0.0851
vn -0.9470 0.1762 -0.2685
vn -0.8653 0.0993 -0.4914
vn -0.9084 0.0468 -0.4154
vn -0.9227 0.2209 -0.3160
vn -0.7706 0.4191 -0.4801
vn -0.7597 0.4834 -0.4349
vn 0.7146 0.1876 -0.6739
vn -0.9314 0.3529 0.0895
vn -0.9762 0.2163 0.0144
vn -0.9800 0.1932 0.0467
vn -0.9911 0.0190 -0.1314
vn -0.9192 0.3917 0.0398
vn -0.8259 0.3160 -0.4669
vn 0.1684 -0.3565 -0.9190
vn -0.9752 -0.0105 -0.2209
vn -0.9723 0.2335 0.0069
vn -0.4186 0.4732 -0.7752
vn -0.8215 0.1850 -0.5393
vn -0.4390 0.8865 -0.1460
vn -0.1166 0.6969 -0.7076
vn -0.6865 0.4014 0.6063
vn -0.6367 0.3379 -0.6931
vn 0.9195 0.3098 -0.2418
vn -0.5983 0.1680 -0.7834
vn -0.9224 -0.1379 -0.3609
vn -0.9716 0.0658 -0.2274
vn -0.9908 0.1350 -0.0101
vn 0.8499 0.3100 -0.4260
vn -0.4487 0.3488 -0.8228
vn 0.8443 0.2982 -0.4453
vn -0.9876 -0.0459 -0.1498
vn -0.9665 -0.1451 -0.2116
vn -0.9883 0.0235 -0.1509
vn -0.9924 0.1060 -0.0628
vn -0.9829 0.0467 -0.1782
vn -0.9763 0.0769 -0.2025
vn -0.9715 -0.0167 -0.2366
vn -0.9779 0.0406 -0.2052
vn -0.9810 0.0247 -0.1923
vn -0.9653 -0.0611 -0.2538
vn -0.9927 -0.0507 -0.1096
vn -0.9971 -0.0083 -0.0757
vn -0.9959 0.0801 -0.0418
vn -0.9932 0.0537 -0.1032
vn -0.9585 0.2844 0.0196
vn -0.9641 0.2593 -0.0571
vn -0.9652 0.2607 -0.0178
vn -0.9750 0.2117 0.0679
vn -0.9733 0.2157 0.0784
vn -0.9750 0.2105 0.0704
vn -0.9631 0.2687 -0.0155
vn -0.9692 0.1982 0.1459
vn -0.9642 0.2641 -0.0227
vn -0.9836 0.1576 0.0875
vn -0.9738 0.2001 0.1080
vn -0.9637 0.2601 0.0607
vn -0.9391 0.2767 0.2036
vn -0.9755 0.1683 0.1419
vn -0.9572 0.1119 0.2670
vn -0.9662 -0.0797 -0.2452
vn -0.9892 -0.0657 -0.1308
vn -0.9773 -0.1310 -0.1664
vn -0.9908 0.1235 -0.0554
vn -0.9974 0.0684 -0.0216
vn -0.9664 -0.0418 -0.2536
vn 0.5732 0.7018 -0.4229
vn 0.6104 0.7712 -0.1808
vn 0.7305 0.5725 -0.3723
vn -0.0623 0.6240 0.7790
vn 0.3964 0.8820 -0.2549
vn -0.8243 0.2273 0.5185
vn 0.7422 0.3229 -0.5873
vn -0.2439 0.6180 -0.7474
vn 0.7469 0.4935 -0.4457
vn 0.8001 0.2416 -0.5491
vn 0.2717 0.8444 -0.4618
vn 0.8397 0.4804 -0.2532
vn 0.8581 0.5051 -0.0925
vn 0.7455 0.1852 -0.6402
vn 0.7171 0.1856 -0.6718
vn 0.7863 0.3216 -0.5276
vn 0.8033 0.2052 -0.5591
vn -0.9353 -0.1827 -0.3030
vn 0.6894 -0.0216 -0.7241
vn -0.8192 0.1857 -0.5426
vn -0.9067 -0.4215 -0.0146
vn 0.7766 -0.0819 -0.6247
vn 0.8526 0.0562 -0.5196
vn 0.8418 0.0988 -0.5307
vn -0.4279 0.9024 -0.0497
vn 0.8760 0.3253 -0.3561
vn 0.9017 0.2493 -0.3532
vn -0.4498 0.3369 -0.8272
vn 0.8919 0.2814 -0.3540
vn -0.9615 -0.1968 0.1919
vn 0.7889 0.5871 -0.1813
vn -0.8850 0.0264 0.4649
vn 0.1887 -0.6331 -0.7507
vn 0.8185 0.4058 -0.4066
vn 0.7999 0.3413 -0.4936
vn -0.9843 0.1691 0.0508
vn -0.4321 0.8486 -0.3053
vn 0.0172 0.9465 -0.3223
vn -0.8401 0.5236 -0.1416
vn 0.0119 0.9458 -0.3244
vn -0.9653 -0.2551 0.0557
vn -0.5287 0.8346 0.1546
vn -0.9544 0.2847 -0.0896
vn -0.9799 0.1371 -0.1447
vn -0.8576 0.3884 0.3371
vn -0.9981 0.0609 0.0009
vn -0.9911 0.1084 0.0767
vn -0.9445 0.2971 0.1401
vn -0.9861 0.1589 -0.0493
vn -0.9887 0.1480 0.0236
vn -0.9315 0.2563 0.2581
vn -0.9974 0.0325 0.0639
vn -0.9460 0.1965 0.2579
vn -0.9362 -0.0629 0.3459
vn -0.9327 -0.0006 0.3607
vn -0.9256 0.2658 0.2694
vn -0.9895 0.1283 0.0665
vn -0.7347 0.4271 0.5270
vn -0.9388 -0.3217 0.1231
vn -0.6923 -0.0290 0.7210
vn -0.9048 0.1417 0.4015
vn -0.6280 0.5459 0.5547
vn -0.5366 0.6867 0.4905
vn -0.6460 0.3663 0.6697
vn -0.3693 0.8735 0.3171
vn -0.7332 0.5356 0.4191
vn -0.6200 0.7793 0.0912
vn -0.6352 0.5122 0.5781
vn -0.8596 0.4958 0.1237
vn -0.9433 0.0952 0.3180
vn -0.8279 0.3030 0.4719
vn -0.9684 -0.2411 0.0645
vn -0.9193 -0.0486 0.3906
vn -0.8702 0.1899 0.4545
vn -0.8803 -0.4556 0.1322
vn -0.7532 0.3003 0.5852
vn -0.7939 -0.0477 0.6061
vn -0.7782 0.6242 -0.0696
vn -0.9056 0.3004 0.2994
vn -0.3021 0.8905 0.3402
vn -0.8417 0.5399 0.0086
vn -0.9028 0.4292 -0.0265
vn -0.2384 0.9463 0.2183
vn -0.2333 0.9722 0.0176
vn -0.3424 0.9368 -0.0719
vn -0.3632 0.9288 -0.0729
vn -0.8839 0.4612 -0.0776
vn -0.2669 0.8765 0.4006
vn -0.8205 0.4894 0.2954
vn -0.3111 0.8458 0.4335
vn -0.8893 0.4485 0.0897
vn -0.8725 0.4811 0.0849
vn -0.3689 0.9246 0.0948
vn -0.4105 0.7356 -0.5389
vn -0.6929 0.7192 0.0517
vn -0.4185 0.8832 0.2119
vn -0.5973 0.7832 -0.1728
vn -0.2898 0.9108 0.2940
vn -0.3916 0.9094 0.1404
vn -0.2902 0.8581 0.4237
vn -0.4400 0.7851 0.4360
vn -0.2478 0.8578 0.4504
vn -0.3199 0.8608 0.3959
vn -0.8614 0.5004 -0.0873
vn -0.8963 0.4394 0.0594
vn -0.3432 0.8659 0.3639
vn -0.7796 -0.6203 -0.0866
vn -0.7791 -0.6000 0.1816
vn -0.9122 -0.2512 0.3237
vn -0.8634 -0.3172 0.3922
vn -0.9144 0.3932 0.0963
vn -0.8974 0.4243 0.1212
vn -0.3437 0.8547 0.3890
vn -0.7810 -0.5185 0.3481
vn -0.8963 0.4435 -0.0060
vn -0.9296 0.0086 0.3684
vn -0.2831 0.8757 0.3911
vn -0.6893 -0.6934 0.2098
vn -0.1473 0.8202 0.5528
vn -0.9387 0.2549 0.2319
vn -0.6025 0.0829 0.7938
vn -0.0190 0.8006 0.5989
vn 0.0987 0.5331 0.8403
vn -0.1971 0.8079 0.5554
vn -0.0215 0.5763 0.8169
vn -0.1119 0.9318 0.3453
vn -0.1502 0.4958 0.8554
vn -0.2660 0.9625 0.0527
vn -0.7070 0.6655 0.2393
vn -0.8907 0.1220 0.4380
vn -0.3406 0.0115 0.9402
vn -0.6882 0.6876 0.2315
vn 0.0333 0.8244 0.5650
vn -0.2496 0.8942 0.3715
vn -0.2651 0.7744 0.5745
vn -0.7754 -0.1151 0.6209
vn -0.6240 -0.7544 0.2039
vn -0.6305 -0.7443 0.2200
vn -0.7948 0.4114 0.4461
vn -0.8948 -0.1495 0.4207
vn -0.6635 -0.6194 0.4195
vn -0.7471 0.4111 0.5224
vn -0.7277 0.1791 0.6621
vn -0.6065 -0.6769 0.4171
vn -0.6069 -0.6328 0.4808
vn -0.6491 -0.6547 0.3874
vn -0.7589 0.5384 0.3663
vn -0.4326 0.0480 0.9003
vn -0.7177 -0.6159 0.3249
vn -0.9119 -0.3231 0.2530
vn -0.6896 -0.6814 0.2454
vn -0.7092 0.3469 0.6138
vn -0.6324 -0.4522 0.6289
vn -0.5272 0.3963 0.7517
vn -0.6516 -0.5597 0.5120
vn -0.4959 -0.1043 0.8621
vn -0.6814 0.2828 0.6750
vn -0.5871 -0.0781 0.8057
vn -0.2696 -0.2899 0.9183
vn -0.0975 -0.9084 0.4067
vn -0.9527 -0.0416 0.3012
vn -0.9173 0.1114 0.3823
vn -0.1568 0.6659 0.7294
vn -0.5331 0.2916 0.7942
vn -0.5314 0.6590 0.5323
vn -0.6280 0.2863 0.7237
vn -0.6288 -0.2642 0.7313
vn -0.5174 0.8446 0.1377
vn -0.6023 0.4107 0.6845
vn -0.5559 0.4293 0.7118
vn -0.7969 0.1153 -0.5930
vn -0.9414 0.1277 -0.3121
vn -0.8514 0.0204 -0.5241
vn -0.9705 -0.0206 -0.2404
vn -0.9693 0.2223 -0.1053
vn 0.0361 0.9673 -0.2510
vn -0.0824 0.4570 -0.8857
vn -0.9218 0.3834 0.0581
vn -0.8458 0.4023 -0.3505
vn -0.9909 0.1189 -0.0629
vn -0.9735 0.0178 -0.2279
vn -0.9899 0.0219 -0.1397
vn -0.9687 0.2219 0.1112
vn -0.9958 0.0890 -0.0204
vn -0.9896 -0.0450 -0.1363
vn -0.9810 -0.0874 -0.1733
vn -0.9940 0.1069 -0.0219
vn -0.9979 0.0434 -0.0488
vn -0.9817 0.1767 0.0705
vn -0.9492 0.2629 -0.1727
vn -0.8776 0.3277 -0.3500
vn -0.8957 0.1770 -0.4080
vn -0.7072 0.3798 -0.5963
vn 0.3796 0.5771 -0.7231
vn -0.4351 0.8062 -0.4009
vn -0.7794 0.5306 -0.3332
vn -0.3972 0.7523 -0.5256
vn -0.8432 0.5262 -0.1107
vn -0.9694 0.0826 -0.2312
vn -0.9558 0.2515 -0.1522
vn -0.8843 0.4512 0.1197
vn -0.9372 0.3380 0.0858
vn -0.9386 0.2660 0.2198
vn -0.9638 -0.1820 -0.1948
vn -0.9950 0.0873 -0.0492
vn -0.9863 0.1557 0.0538
vn -0.9921 0.1062 -0.0676
vn -0.1906 0.2321 -0.9538
vn 0.6877 0.6928 -0.2169
vn 0.7634 0.5933 -0.2552
vn 0.8366 0.5348 -0.1190
vn 0.8330 0.3738 -0.4079
vn 0.9055 0.4147 -0.0898
vn -0.9646 0.1593 0.2104
vn -0.9426 0.2125 0.2576
vn 0.9063 0.3295 -0.2648
vn 0.9164 0.3515 -0.1917
vn 0.6973 0.6925 -0.1850
vn 0.8772 0.1891 -0.4413
vn -0.6048 0.7063 0.3680
vn 0.8502 0.1134 -0.5142
vn 0.9141 0.1692 -0.3686
vn 0.8944 0.1730 -0.4125
vn 0.9464 0.2795 -0.1617
vn 0.5498 -0.7095 0.4409
vn -0.9876 -0.1392 0.0727
vn -0.5635 -0.4978 -0.6593
vn 0.5134 -0.0740 -0.8550
vn 0.8197 0.0840 -0.5666
vn -0.9056 -0.2562 -0.3380
vn 0.8518 0.3067 -0.4247
vn 0.8599 0.1784 -0.4782
vn 0.3603 0.7530 -0.5506
vn 0.3015 0.4611 -0.8346
vn 0.9181 0.3114 -0.2451
vn 0.9016 0.0500 -0.4297
vn 0.9122 0.2895 -0.2900
vn 0.9103 0.3219 -0.2603
vn 0.8700 0.4863 -0.0813
vn -0.1161 0.6968 -0.7078
vn 0.9368 0.1233 -0.3273
vn -0.9834 -0.1786 0.0319
vn 0.7606 0.6171 -0.2018
vn 0.8630 0.2327 -0.4485
vn 0.7797 0.0317 -0.6253
vn 0.9169 0.2057 -0.3419
vn 0.8296 0.5378 0.1504
vn 0.8905 0.3445 -0.2972
vn 0.6502 0.7596 0.0137
vn 0.8301 0.5468 0.1097
vn -0.5143 0.5412 0.6653
vn 0.8794 0.4483 -0.1604
vn 0.8541 0.4996 -0.1449
vn 0.7505 0.4841 -0.4500
vn 0.0541 0.9362 0.3474
vn -0.8757 0.4227 0.2335
vn 0.8710 0.4851 -0.0782
vn 0.7849 0.6145 0.0793
vn 0.8265 0.5553 -0.0927
vn 0.6843 0.6633 -0.3029
vn -0.9885 0.1496 -0.0213
vn 0.9347 0.1899 -0.3004
vn -0.9527 0.3031 -0.0216
vn 0.7663 0.6220 -0.1610
vn 0.9482 0.0497 -0.3136
vn -0.8148 -0.5786 -0.0371
vn 0.8719 -0.4335 -0.2278
vn 0.9337 0.1775 -0.3110
vn 0.9019 0.2128 -0.3759
vn -0.2184 -0.7891 0.5741
vn -0.1885 0.2353 -0.9535
vn 0.5151 -0.0771 -0.8536
vn 0.8443 0.2981 -0.4453
vn 0.6833 0.6953 -0.2228
vn -0.4483 0.3518 -0.8217
vn -0.7023 0.5472 -0.4552
vn -0.6766 0.4030 -0.6163
vn 0.8308 0.3759 -0.4104
vn -0.9645 0.2161 0.1520
vn -0.9829 0.0094 -0.1841
vn -0.9916 0.1120 0.0653
vn -0.9857 -0.0930 -0.1406
vn -0.6110 0.6288 -0.4810
vn -0.7922 0.5100 -0.3352
vn -0.9875 0.1550 0.0288
vn -0.9956 0.0923 0.0147
vn -0.9837 -0.1033 -0.1472
vn -0.9907 0.1200 0.0634
vn -0.9216 0.3777 0.0891
vn -0.9862 0.1408 -0.0876
vn 0.7144 0.4056 -0.5702
vn -0.9648 -0.1215 -0.2331
vn -0.3999 -0.4937 -0.7723
vn -0.9617 0.2311 0.1474
vn -0.9785 0.2028 0.0380
vn -0.9941 0.1085 0.0052
vn -0.9861 -0.0792 -0.1458
vn -0.9846 -0.0181 -0.1740
vn -0.9961 0.0583 -0.0665
vn -0.0836 0.6875 0.7214
vn -0.6084 0.3760 0.6989
vn -0.9093 -0.1157 0.3998
vn -0.5444 0.5052 0.6696
vn 0.8391 0.4658 0.2810
vn -0.7456 0.5262 0.4090
vn 0.0037 0.9095 0.4156
vn -0.9317 -0.1162 0.3442
vn -0.0891 0.9244 0.3708
vn 0.8620 0.5063 -0.0254
vn 0.1175 0.9253 0.3607
vn -0.7661 0.4941 0.4111
vn -0.2045 0.9255 0.3189
vn 0.7353 0.6528 -0.1821
vn 0.3771 0.9036 -0.2030
vn -0.9575 -0.1133 0.2654
vn -0.9630 -0.0993 0.2505
vn -0.7223 -0.6876 0.0748
vn -0.7348 -0.6624 0.1458
vn -0.9756 -0.1861 0.1164
vn -0.9422 -0.0820 0.3247
vn -0.8125 0.3800 0.4421
vn -0.7063 0.3967 0.5864
vn -0.0213 0.9634 0.2672
vn -0.0714 0.9457 0.3171
vn -0.3970 0.2834 0.8730
vn -0.7380 -0.2232 0.6369
vn -0.3387 -0.4547 0.8237
vn -0.4035 -0.7270 0.5555
vn -0.7344 -0.5528 0.3937
vn 0.0267 -0.9738 0.2259
vn -0.1775 -0.9803 0.0871
vn 0.2266 -0.9548 -0.1924
vn -0.1991 -0.8610 -0.4681
vn -0.4740 -0.8696 0.1381
vn -0.9027 -0.3777 0.2061
vn -0.3347 -0.9280 -0.1640
vn -0.1033 -0.9520 -0.2882
vn -0.5851 -0.8082 -0.0666
vn -0.6648 -0.5902 -0.4580
vn -0.5969 -0.7055 -0.3821
vn -0.1798 -0.9785 -0.1011
vn -0.8758 -0.2410 0.4182
vn -0.7878 -0.5327 0.3093
vn -0.3669 0.2592 0.8934
vn -0.2863 0.9057 0.3125
vn -0.8068 -0.4647 -0.3648
vn 0.4570 0.7280 0.5111
vn -0.8287 -0.5507 -0.0993
vn 0.7379 0.5239 0.4254
vn -0.2741 0.9323 0.2360
vn -0.1753 0.9094 0.3771
vn 0.3364 0.8906 0.3061
vn -0.0835 0.6875 0.7214
vn -0.8056 -0.5896 0.0585
vn 0.7937 -0.0355 0.6073
vn 0.0003 0.9092 0.4164
vn 0.6894 -0.6664 0.2839
vn 0.8602 0.5095 -0.0242
vn 0.2254 -0.7009 0.6767
vn 0.1992 0.9265 0.3192
vn 0.2966 0.9256 0.2352
vn 0.1212 0.9252 0.3596
vn 0.1181 0.9870 0.1093
vn 0.7359 0.6538 -0.1759
vn 0.3781 0.9025 -0.2062
vn 0.1450 0.9547 0.2597
vn -0.0325 0.9914 0.1266
vn 0.4589 0.6666 0.5874
vn 0.3911 0.9202 -0.0155
vn -0.1027 0.5477 -0.8303
vn -0.1378 0.7345 -0.6644
vn -0.2956 0.5766 -0.7617
vn -0.1054 0.7533 -0.6492
vn -0.1400 0.9678 -0.2090
vn 0.7122 -0.5914 -0.3782
vn -0.1931 0.9786 0.0713
vn 0.6892 -0.6680 0.2805
vn -0.2156 0.8946 0.3914
vn -0.9163 0.3666 0.1615
vn -0.8079 -0.5864 0.0592
vn -0.8035 -0.5913 0.0684
vn 0.7387 0.5250 0.4227
vn -0.8272 -0.5535 -0.0973
vn -0.8068 -0.4647 -0.3649
vn -0.7718 -0.6357 0.0120
vn -0.3648 0.2628 0.8932
vn -0.7301 -0.6812 0.0549
vn -0.9175 0.2557 0.3045
vn -0.8201 0.2741 0.5022
vn -0.4681 -0.8836 0.0142
vn -0.8809 -0.3787 0.2840
vn -0.6303 0.6154 0.4732
vn -0.6288 -0.4434 0.6387
vn -0.5981 0.5734 0.5598
vn -0.6979 -0.5945 0.3994
vn -0.6636 -0.5427 0.5148
vn -0.8542 -0.1687 0.4918
vn -0.8036 -0.5064 0.3129
vn -0.5510 -0.8199 0.1555
vn -0.9539 0.0002 0.3001
vn -0.7388 -0.6564 0.1527
vn -0.1756 -0.9768 -0.1225
vn -0.1743 -0.9786 -0.1092
vn 0.3331 -0.8749 -0.3516
vn 0.7604 -0.6485 0.0347
vn 0.8710 -0.4709 -0.1403
vn 0.7916 -0.5270 -0.3092
vn -0.7434 -0.6570 0.1253
vn -0.1461 -0.9395 0.3098
vn -0.7399 -0.6347 0.2228
vn -0.5001 -0.8162 0.2894
vn -0.9860 0.0371 0.1624
vn -0.6990 -0.5760 0.4238
vn 0.3350 -0.6496 -0.6824
vn -0.9496 0.0050 0.3134
vn -0.3585 -0.5386 0.7625
vn -0.7985 -0.0574 0.5993
vn -0.8971 0.3196 0.3051
vn -0.1256 -0.8835 0.4513
vn -0.5940 -0.7678 -0.2402
vn -0.0068 -0.4252 -0.9051
vn -0.3890 -0.0701 0.9186
vn -0.1227 0.3319 0.9353
vn -0.0069 0.8280 0.5606
vn 0.1308 0.8245 0.5505
vn 0.0650 0.9516 0.3002
vn 0.1171 0.9549 0.2728
vn -0.3458 0.2589 0.9019
vn 0.2928 0.9099 0.2938
vn -0.4943 0.8678 -0.0515
vn -0.7647 0.1441 0.6280
vn -0.8749 0.3123 0.3702
vn -0.8276 0.3434 0.4440
vn -0.8760 0.4340 0.2104
vn -0.9256 0.3113 0.2152
vn -0.9211 0.3067 0.2398
vn -0.4521 0.6584 0.6018
vn -0.4413 0.7216 0.5333
vn -0.2510 0.9449 -0.2101
vn -0.0396 0.9816 -0.1867
vn -0.4587 0.8861 -0.0659
vn -0.4361 0.8809 -0.1840
vn -0.7807 0.5760 0.2422
vn -0.5908 0.7735 -0.2294
vn -0.8881 0.0301 0.4586
vn -0.8045 -0.1092 0.5838
vn -0.0092 -0.4287 -0.9034
vn -0.5941 -0.7679 -0.2397
vn 0.2049 -0.8650 -0.4580
vn 0.3365 -0.6471 -0.6842
vn -0.0098 -0.9901 0.1399
vn -0.4424 -0.8844 0.1491
vn 0.3043 -0.9255 -0.2255
vn -0.5001 -0.8162 0.2893
vn -0.1439 -0.9388 0.3128
vn 0.0301 -0.9973 -0.0670
vn 0.7937 -0.5254 -0.3067
vn 0.1143 -0.9904 -0.0772
vn 0.8726 -0.4677 -0.1408
vn 0.1116 -0.9938 0.0015
vn 0.7650 -0.6432 0.0321
vn 0.3900 -0.9134 -0.1167
vn 0.1446 -0.9822 -0.1195
vn -0.3638 -0.9312 -0.0213
vn 0.5052 -0.8473 -0.1638
vn -0.0710 -0.9785 0.1935
vn 0.2383 -0.8776 0.4160
vn -0.3671 -0.9046 0.2167
vn 0.5671 -0.7955 0.2134
vn 0.8106 -0.5735 0.1180
vn 0.8692 -0.4944 0.0102
vn -0.1060 0.7504 -0.6524
vn 0.7974 -0.4766 0.3701
vn 0.7292 -0.4511 0.5146
vn -0.6984 0.4888 -0.5229
vn -0.8444 0.1446 0.5158
vn 0.0036 0.9588 0.2842
vn 0.1815 0.0356 0.9827
vn 0.8061 0.4744 -0.3539
vn -0.7035 0.4871 -0.5174
vn -0.6059 0.4131 -0.6799
vn -0.8148 0.2346 0.5302
vn 0.0804 0.9842 0.1580
vn 0.2674 0.0689 0.9611
vn 0.8930 0.2692 -0.3607
vn -0.6117 0.4125 -0.6750
vn 0.9068 0.1431 -0.3964
vn 0.0996 0.9904 -0.0961
vn 0.4098 0.3040 0.8600
vn -0.6120 0.3716 0.6981
vn -0.6942 0.2734 -0.6658
vn 0.9084 0.1431 -0.3929
vn 0.8127 0.2066 -0.5449
vn 0.0662 0.9570 0.2825
vn 0.6411 -0.0697 0.7643
vn -0.8159 0.0227 0.5777
vn -0.5312 0.4559 -0.7142
vn 0.8082 0.2087 -0.5507
vn 0.7257 0.3750 -0.5769
vn -0.1207 0.9506 0.2861
vn 0.6245 -0.0014 0.7810
vn -0.7439 -0.1767 0.6445
vn -0.6982 0.2770 -0.6602
vn 0.7282 0.3745 -0.5740
vn 0.6973 0.6568 -0.2870
vn -0.4903 0.8613 0.1335
vn 0.3098 0.3214 0.8948
vn -0.8778 -0.3128 0.3628
vn -0.3525 0.2210 -0.9094
vn 0.6974 0.6567 -0.2870
vn 0.6346 0.7446 -0.2072
vn -0.3021 0.9230 0.2385
vn 0.2267 0.3462 0.9104
vn -0.9092 0.0627 0.4116
vn -0.5071 0.5100 -0.6949
vn 0.6377 0.7437 -0.2004
vn 0.9080 0.4162 -0.0488
vn -0.2019 0.6087 -0.7673
vn -0.1478 0.9464 0.2871
vn -0.9535 0.0099 0.3011
vn 0.2197 0.1386 0.9657
vn 0.8100 0.5179 -0.2750
vn 0.1138 0.8331 0.5413
vn 0.3086 -0.1384 0.9411
vn -0.8893 0.2893 0.3541
vn -0.2470 0.8244 -0.5092
vn 0.8121 0.5159 -0.2726
vn -0.0114 -0.9988 -0.0475
vn 0.9851 -0.1687 -0.0323
vn -0.0184 -0.4853 0.8742
vn -0.9882 -0.1526 0.0120
vn -0.1847 -0.3679 -0.9113
vn 0.9849 -0.1682 -0.0400
vn 0.2580 -0.4266 0.8669
vn 0.0819 -0.9714 -0.2228
vn 0.9847 0.0099 -0.1739
vn -0.8892 -0.2863 0.3567
vn -0.2364 -0.0842 -0.9680
vn 0.9834 0.0113 -0.1813
vn 0.7423 -0.3062 0.5961
vn 0.0666 -0.9757 -0.2086
vn 0.6820 0.0508 -0.7296
vn -0.4509 -0.3773 0.8089
vn -0.8150 -0.1963 -0.5453
vn 0.6819 0.0508 -0.7296
vn 0.3264 0.0375 -0.9445
vn 0.2799 -0.0791 -0.9568
vn -0.9869 -0.0090 -0.1612
vn -0.9358 -0.2281 -0.2689
vn 0.1018 -0.9887 -0.1098
vn -0.2331 -0.2426 0.9417
vn -0.1172 -0.0852 0.9894
vn 0.9633 -0.1641 0.2124
vn 0.2723 -0.0790 -0.9590
vn 0.9447 -0.0511 0.3240
vn 0.3191 0.0371 -0.9470
vn -0.6550 -0.7096 -0.2597
vn 0.5770 -0.1468 -0.8035
vn 0.3558 -0.9345 0.0106
vn -0.3716 -0.4604 0.8062
vn 0.7050 -0.2004 0.6803
vn 0.5709 -0.1493 -0.8073
vn -0.4319 -0.3277 0.8403
vn -0.4588 -0.4779 0.7491
vn -0.4209 -0.2427 0.8740
vn -0.4492 -0.4660 0.7623
vn -0.5034 -0.5608 0.6573
vn -0.5655 -0.4526 0.6895
vn -0.2684 -0.1664 0.9488
vn -0.1289 0.0588 0.9899
vn -0.3663 0.1255 0.9220
vn -0.1388 0.4174 0.8980
vn 0.0892 0.2215 0.9711
vn 0.0303 0.3108 0.9500
vn -0.1253 0.4652 0.8763
vn -0.2529 0.7779 0.5752
vn -0.5164 0.6408 0.5681
vn -0.5766 0.7717 0.2683
vn -0.5977 -0.2297 0.7681
vn -0.7817 0.1759 0.5984
vn -0.6446 0.5793 0.4989
vn -0.5867 -0.7141 0.3820
vn -0.8932 0.4359 0.1110
vn -0.7683 0.6356 0.0758
vn -0.8477 0.3551 0.3940
vn -0.7258 0.0247 0.6875
vn -0.9055 0.3022 0.2979
vn -0.6024 -0.7089 0.3667
vn -0.9256 -0.3215 0.1997
vn -0.6042 -0.3541 0.7138
vn -0.5517 -0.4719 0.6877
vn -0.9503 0.1541 0.2704
vn -0.8933 -0.4409 0.0876
vn -0.3897 -0.8588 0.3326
vn -0.5068 -0.3909 0.7684
vn -0.8089 -0.1941 0.5550
vn -0.9637 -0.0772 0.2555
vn -0.9813 -0.0408 0.1879
vn -0.9776 -0.1392 0.1575
vn -0.9070 0.4145 0.0739
vn -0.9639 -0.1940 0.1825
vn -0.9786 -0.2051 0.0154
vn -0.9386 -0.0907 0.3328
vn -0.7567 -0.6210 -0.2041
vn -0.6454 -0.7625 -0.0449
vn -0.8433 0.5273 0.1037
vn -0.8431 -0.0643 0.5338
vn -0.7197 -0.0203 0.6940
vn -0.9503 -0.2536 -0.1807
vn -0.8789 -0.4676 0.0936
vn -0.5104 -0.0386 0.8590
vn -0.6056 -0.7932 0.0641
vn -0.3097 -0.8296 0.4646
vn -0.7365 -0.6726 0.0720
vn -0.3165 -0.9438 -0.0950
vn -0.4801 -0.4427 0.7573
vn -0.4435 -0.2390 0.8638
vn -0.9852 -0.1492 -0.0847
vn -0.9866 -0.1510 -0.0625
vn -0.8778 -0.3336 0.3439
vn -0.8701 -0.3909 0.3003
vn -0.9972 -0.0352 -0.0661
vn -0.6846 -0.4445 0.5777
vn -0.9284 -0.2831 0.2409
vn -0.9838 0.1629 -0.0755
vn -0.7359 -0.5112 0.4440
vn -0.5950 -0.2613 0.7600
vn -0.9783 -0.1562 0.1363
vn -0.9361 0.3151 -0.1566
vn -0.2184 -0.2743 0.9365
vn 0.4614 0.1169 0.8794
vn -0.3969 -0.4001 0.8261
vn -0.1519 -0.4264 0.8917
vn -0.4956 -0.4651 0.7335
vn -0.5483 -0.5676 0.6142
vn -0.4087 -0.4841 0.7737
vn -0.4476 -0.2925 0.8450
vn -0.4242 -0.5361 0.7298
vn -0.3707 -0.6327 0.6799
vn -0.7174 -0.5721 0.3975
vn -0.2934 -0.8392 0.4579
vn -0.5320 -0.7466 0.3995
vn -0.7632 -0.5565 0.3283
vn -0.2783 -0.9084 0.3121
vn -0.5183 -0.7955 0.3138
vn -0.8033 -0.4432 0.3978
vn -0.7699 -0.5778 0.2711
vn -0.8401 -0.4276 0.3337
vn -0.8529 -0.4169 0.3143
vn -0.7876 -0.4864 0.3784
vn -0.0421 -0.8292 0.5574
vn -0.5195 -0.7002 0.4898
vn -0.0558 -0.4159 0.9077
vn -0.3641 -0.7770 0.5136
vn -0.2936 -0.3392 0.8937
vn -0.2220 -0.3076 0.9252
vn -0.4025 -0.3969 0.8249
vn -0.1203 -0.5971 0.7931
vn -0.3179 -0.3954 0.8617
vn -0.0032 -0.3171 0.9484
vn -0.3986 -0.6418 0.6552
vn 0.0429 -0.2344 0.9712
vn -0.2388 -0.3972 0.8861
vn -0.4114 -0.6373 0.6516
vn 0.0235 -0.0458 0.9987
vn -0.3913 -0.5013 0.7718
vn -0.5114 -0.6165 0.5986
vn -0.1295 -0.2565 0.9578
vn -0.5720 -0.5071 0.6447
vn -0.4387 -0.5283 0.7269
vn -0.7241 -0.3875 0.5705
vn -0.7055 -0.5751 0.4143
vn -0.8922 -0.3179 0.3207
vn -0.7566 -0.5709 0.3189
vn -0.5324 -0.6508 0.5413
vn -0.0619 -0.8099 0.5833
vn -0.2498 -0.2970 0.9216
vn -0.8189 -0.4564 0.3480
vn -0.3894 -0.4195 0.8200
vn -0.1672 -0.2211 -0.9608
vn -0.9732 0.1784 -0.1448
vn -0.8775 0.2315 -0.4200
vn -0.7461 0.3009 -0.5939
vn -0.7984 0.3163 -0.5123
vn -0.8405 0.2128 -0.4982
vn -0.7848 0.5853 -0.2036
vn -0.8135 0.5361 -0.2253
vn -0.7090 -0.5005 0.4967
vn -0.5909 0.7947 0.1387
vn -0.7878 0.5796 0.2085
vn -0.5045 0.6760 0.5371
vn -0.4091 0.6736 0.6155
vn -0.2350 0.4570 0.8579
vn -0.2264 0.3571 0.9062
vn -0.1140 0.2932 0.9492
vn -0.0972 -0.0713 0.9927
vn 0.1154 0.0702 0.9908
vn 0.0221 0.0194 0.9996
vn 0.0699 -0.0993 0.9926
vn 0.0849 -0.2755 0.9576
vn 0.0271 -0.0127 0.9996
vn -0.0928 -0.2444 0.9652
vn 0.0495 -0.4952 0.8673
vn -0.1652 -0.0886 0.9823
vn 0.1084 0.1480 0.9830
vn 0.0011 0.0997 0.9950
vn -0.0427 0.1279 0.9909
vn -0.1091 -0.0279 0.9936
vn -0.0461 0.1562 0.9866
vn -0.0748 0.0267 0.9968
vn 0.0106 0.1819 0.9833
vn -0.0679 -0.0325 0.9972
vn -0.1660 -0.5594 0.8121
vn 0.4269 -0.7515 0.5030
vn 0.7956 -0.4925 0.3528
vn -0.0345 -0.9565 0.2896
vn 0.5639 -0.8237 -0.0597
vn -0.8374 -0.4555 0.3022
vn -0.1307 -0.9821 0.1354
vn -0.2504 -0.9491 0.1911
vn 0.7883 -0.5477 -0.2803
vn -0.8396 -0.4139 0.3519
vn -0.9972 0.0629 0.0393
vn -0.9183 0.3681 -0.1457
vn -0.9503 0.1068 -0.2924
vn -0.9400 0.2858 -0.1861
vn -0.8857 0.3587 -0.2947
vn -0.8886 0.2543 -0.3818
vn -0.9311 0.1156 -0.3459
vn -0.8851 0.3049 -0.3516
vn -0.9149 0.0716 -0.3973
vn -0.7372 0.3301 -0.5896
vn -0.9881 0.1419 -0.0588
vn -0.4028 0.2243 -0.8874
vn -0.8505 0.2857 -0.4416
vn -0.8394 0.2395 -0.4879
vn -0.9211 0.2125 -0.3261
vn -0.9715 0.2316 -0.0512
vn -0.9824 0.1358 -0.1282
vn -0.1918 0.2356 -0.9527
vn -0.8470 0.3125 -0.4300
vn -0.9112 0.3387 -0.2346
vn -0.8762 0.1705 -0.4508
vn -0.4363 0.8879 -0.1460
vn -0.8198 0.1827 -0.5427
vn -0.8957 0.4157 -0.1577
vn -0.8738 0.3503 -0.3372
vn -0.9258 -0.1676 -0.3387
vn 0.6893 -0.0216 -0.7241
vn -0.9368 -0.1799 -0.3002
vn -0.9067 0.3293 -0.2636
vn -0.9513 0.2416 -0.1914
vn -0.9706 -0.2124 -0.1137
vn 0.8034 0.2052 -0.5590
vn 0.7880 0.3208 -0.5255
vn -0.9909 -0.0434 -0.1277
vn -0.9916 -0.1168 0.0555
vn -0.8661 0.2476 -0.4342
vn -0.9927 0.0316 0.1167
vn -0.8198 0.5425 -0.1834
vn -0.7740 0.6331 0.0048
vn -0.7852 0.5882 -0.1934
vn -0.9086 0.3072 -0.2829
vn -0.8448 0.5244 -0.1064
vn -0.9188 0.3558 -0.1708
vn -0.8040 0.5932 -0.0403
vn -0.8261 0.5424 -0.1526
vn -0.9851 -0.0238 0.1704
vn -0.9535 0.3010 -0.0144
vn -0.8817 0.2793 -0.3802
vn -0.8513 0.4823 -0.2068
vn -0.9513 -0.2454 -0.1865
vn -0.8872 0.4418 -0.1329
vn -0.8980 0.4232 -0.1205
vn -0.8615 0.4440 -0.2463
vn -0.7809 0.4951 -0.3810
vn -0.9059 0.3634 -0.2175
vn -0.5234 0.8376 0.1563
vn -0.5401 0.7715 -0.3364
vn -0.9962 0.0120 0.0863
vn 0.0135 0.9462 -0.3234
vn -0.9789 0.2035 -0.0160
vn -0.4273 0.8513 -0.3044
vn -0.9493 0.1882 0.2520
vn -0.3062 0.9500 -0.0614
vn -0.9676 0.2258 -0.1129
vn -0.8779 -0.3170 0.3588
vn -0.8008 0.0625 -0.5957
vn -0.8989 0.3769 -0.2236
vn -0.6230 -0.2272 -0.7485
vn -0.9896 0.1323 -0.0567
vn -0.8279 0.4625 -0.3173
vn -0.9479 0.2729 -0.1646
vn -0.3662 0.2428 -0.8983
vn -0.8007 0.0625 -0.5958
vn -0.8951 0.4213 -0.1461
vn -0.9639 0.1237 0.2356
vn -0.8844 0.3044 0.3538
vn -0.9175 0.3707 -0.1441
vn -0.3107 0.2070 -0.9277
vn -0.9650 0.0928 0.2454
vn -0.9387 0.1161 0.3246
vn -0.9608 -0.2014 0.1904
vn -0.9970 -0.0576 -0.0524
vn -0.3065 0.9500 -0.0605
vn -0.9355 -0.0173 0.3529
vn -0.9548 -0.2244 0.1951
vn 0.7765 -0.0819 -0.6248
vn 0.8417 0.0988 -0.5308
vn -0.4311 0.9009 -0.0491
vn -0.9391 -0.0340 0.3419
vn -0.9535 -0.0979 0.2851
vn -0.4497 0.3369 -0.8272
vn -0.9119 0.0290 0.4093
vn -0.9578 -0.1492 0.2455
vn 0.1860 -0.6349 -0.7499
vn -0.8274 0.2249 0.5146
vn -0.0583 0.6248 0.7786
vn 0.6104 0.7711 -0.1809
vn -0.9670 -0.0400 -0.2514
vn 0.2783 0.8458 -0.4551
vn -0.9525 -0.0511 0.3001
vn 0.8596 0.5031 -0.0893
vn -0.9682 -0.1572 -0.1948
vn 0.6870 -0.1474 -0.7116
vn -0.9910 -0.0324 -0.1297
vn -0.9942 -0.1056 -0.0226
vn -0.9737 -0.1918 -0.1231
vn -0.9842 0.1694 0.0511
vn -0.9938 -0.0474 -0.1001
vn 0.6812 -0.2347 -0.6935
vn -0.9461 -0.0805 -0.3139
vn -0.9718 0.1571 0.1757
vn -0.9966 -0.0584 0.0582
vn -0.9649 -0.2620 -0.0196
vn -0.5293 0.3253 -0.7836
vn -0.9724 -0.2236 0.0667
vn 0.7814 0.1306 -0.6102
vn -0.9751 -0.1986 -0.0989
vn -0.9829 -0.1836 -0.0165
vn -0.9766 0.0255 0.2137
vn -0.9830 0.0499 0.1766
vn -0.9827 -0.0639 0.1740
vn -0.9040 0.1513 0.3998
vn -0.5328 0.4697 0.7039
vn -0.8826 0.3709 0.2889
vn 0.8362 0.5425 0.0805
vn 0.3366 0.9322 -0.1333
vn -0.7697 0.6073 -0.1967
vn -0.9754 -0.0581 0.2126
vn 0.7773 -0.2171 -0.5905
vn -0.9816 -0.0690 0.1782
vn -0.8811 0.2989 0.3666
vn -0.6923 0.5899 -0.4156
vn -0.9091 0.3587 0.2120
vn -0.8972 0.3954 0.1966
vn -0.7879 0.6141 0.0459
vn -0.9789 0.1922 -0.0689
vn 0.0336 0.8092 -0.5865
vn -0.6750 0.6912 -0.2580
vn -0.8387 0.5248 -0.1455
vn -0.9233 0.3825 0.0334
vn -0.9112 0.3932 -0.1227
vn -0.9917 -0.1153 -0.0578
vn 0.4904 0.0026 -0.8715
vn -0.9173 0.3878 -0.0900
vn -0.9628 -0.2205 0.1563
vn -0.9503 -0.1521 0.2718
vn -0.9171 -0.3119 0.2481
vn 0.4648 0.8801 -0.0969
vn -0.9528 0.1407 0.2689
vn -0.3936 0.7532 -0.5270
vn -0.7398 0.6558 -0.1506
vn -0.8343 0.2195 -0.5057
vn -0.9913 -0.0155 0.1304
vn -0.8464 -0.0885 -0.5252
vn -0.9870 0.0545 0.1513
vn -0.9377 0.3469 0.0174
vn -0.5374 0.2281 -0.8119
vn -0.9986 0.0498 0.0176
vn -0.8889 0.3913 -0.2381
vn -0.8256 0.4868 -0.2854
vn -0.8433 0.5253 -0.1135
vn -0.9765 0.0734 -0.2028
vn -0.9889 0.0085 -0.1485
vn -0.9660 0.1936 0.1716
vn -0.7602 0.0209 -0.6493
vn -0.4914 0.5209 -0.6980
vn -0.9420 0.3264 0.0779
vn -0.9403 0.0404 -0.3380
vn -0.9404 0.0254 -0.3392
vn -0.9678 0.2472 0.0470
vn -0.9470 0.2947 0.1281
vn -0.9104 0.4055 -0.0826
vn -0.9556 0.2812 -0.0879
vn -0.9166 0.3664 -0.1601
vn -0.5224 0.8384 -0.1557
vn -0.9981 0.0504 -0.0349
vn -0.8537 0.5113 -0.0983
vn -0.9951 0.0974 -0.0176
vn -0.9823 0.1699 -0.0791
vn -0.8277 0.5600 -0.0348
vn -0.4427 0.8797 -0.1733
vn -0.5187 0.8393 -0.1627
vn -0.9825 0.0211 -0.1850
vn -0.9774 0.1594 -0.1387
vn -0.9413 0.2389 0.2384
vn -0.9354 0.2471 0.2529
vn -0.7974 0.6006 0.0583
vn -0.6269 0.7757 -0.0730
vn -0.8093 0.5864 -0.0339
vn -0.5798 0.8127 0.0590
vn -0.5452 0.8380 -0.0224
vn -0.4259 0.9043 -0.0290
vn -0.4229 0.9047 -0.0506
vn -0.3429 0.9381 -0.0491
vn -0.3894 0.9211 -0.0006
vn -0.6905 0.7212 0.0555
vn -0.3633 0.9288 -0.0729
vn -0.4246 0.8996 -0.1016
vn -0.4223 0.9062 -0.0238
vn -0.4349 0.8963 -0.0861
vn -0.2552 0.9560 -0.1445
vn -0.3434 0.9360 -0.0775
vn -0.9009 0.4332 -0.0282
vn -0.4711 0.8749 -0.1125
vn -0.9288 0.3696 -0.0277
vn -0.8010 0.5934 -0.0791
vn -1.0000 -0.0022 -0.0072
vn -0.9972 -0.0433 0.0609
vn -0.9994 -0.0038 0.0333
vn -0.5015 0.8372 -0.2181
vn -0.9965 0.0777 0.0303
vn -0.9132 0.4019 -0.0682
vn -0.9117 0.4018 -0.0853
vn -0.9519 0.3022 -0.0507
vn -0.9948 0.0989 0.0261
vn -0.9109 0.4016 -0.0952
vn -0.9644 0.2642 -0.0110
vn -0.8700 0.0426 -0.4912
vn -0.9788 0.0578 0.1967
vn -0.9989 0.0278 0.0391
vn -0.9962 -0.0865 0.0047
vn -0.8997 0.3698 0.2319
vn -0.9227 0.3732 -0.0967
vn -0.9768 0.0432 0.2097
vn -0.9720 0.1869 0.1424
vn 0.7173 0.4032 -0.5682
vn -0.4039 -0.4922 -0.7711
vn 0.2696 0.4328 -0.8602
vn 0.8805 0.3534 -0.3161
vn -0.9977 -0.0658 0.0157
vn 0.8290 0.5471 -0.1158
vn 0.8016 0.5979 -0.0051
vn -0.7908 0.5085 -0.3408
vn -0.2424 0.1039 0.9646
vn -0.6078 0.7038 0.3677
vn -0.9152 0.2426 0.3219
vn -0.0000 -0.8370 0.5471
vn -0.0000 -0.8106 0.5856
vn 0.3339 -0.8356 0.4362
vn 0.7882 -0.5009 0.3574
vn 0.7635 -0.6321 0.1323
vn -0.0000 -0.7467 0.6651
vn 0.8500 -0.4377 0.2933
vn -0.0000 -0.7886 0.6149
vn 0.8595 -0.4182 0.2938
vn -0.0000 -0.8462 0.5328
vn 0.8004 -0.5299 0.2803
vn -0.0000 -0.9164 0.4003
vn 0.7816 -0.5792 0.2315
vn -0.0000 -0.9731 0.2302
vn 0.8239 -0.5548 0.1160
vn 0.7796 0.3456 -0.5223
vn -0.2689 0.4317 -0.8610
vn 0.8194 0.3373 -0.4636
vn 0.7689 0.3558 -0.5313
vn 0.8386 0.3494 -0.4179
vn 0.9738 0.0033 -0.2273
vn 0.4731 0.6311 -0.6148
vn 0.4672 0.4712 -0.7482
vn 0.9767 0.0675 -0.2035
vn 0.9808 -0.0789 -0.1784
vn 0.9080 0.1473 -0.3922
vn 0.6449 0.3537 -0.6775
vn 0.9995 0.0207 -0.0245
vn 0.9917 0.0353 -0.1238
vn 0.9975 -0.0231 -0.0664
vn 0.9995 0.0149 -0.0274
vn 0.9983 0.0418 -0.0414
vn 0.6060 0.5943 -0.5287
vn 0.8092 0.2413 -0.5358
vn 0.7312 0.4847 -0.4800
vn -0.1432 0.5297 -0.8360
vn 0.8070 0.2428 -0.5383
vn 0.7751 0.3321 -0.5375
vn 0.9858 -0.1391 -0.0936
vn -0.2390 0.6899 -0.6834
vn 0.7272 0.4817 -0.4890
vn 0.5156 0.7585 -0.3985
vn 0.9654 0.1928 -0.1753
vn 0.5136 0.7619 -0.3945
vn 0.9745 -0.1138 -0.1931
vn -0.2830 0.7876 -0.5474
vn 0.6306 0.6427 -0.4350
vn 0.6103 0.2013 -0.7662
vn 0.9392 0.1060 -0.3267
vn 0.6046 0.2065 -0.7693
vn 0.6743 0.5834 -0.4528
vn 0.9384 0.1130 -0.3265
vn 0.9581 0.2701 -0.0951
vn 0.7529 0.6580 -0.0135
vn 0.5083 0.7476 -0.4274
vn 0.9902 0.0580 -0.1274
vn -0.0937 0.9794 -0.1788
vn 0.6410 0.5567 -0.5283
vn 0.5741 0.6842 -0.4497
vn 0.7578 0.6522 0.0202
vn 0.4862 0.8368 -0.2516
vn 0.6980 0.6090 -0.3767
vn 0.4762 0.7663 -0.4314
vn -0.0000 0.9249 -0.3801
vn -0.0000 0.7220 -0.6919
vn -0.0000 0.9793 0.2025
vn 0.5738 0.8026 -0.1627
vn 0.5691 0.6857 -0.4538
vn -0.3799 0.8754 -0.2990
vn 0.2353 0.8997 -0.3676
vn 0.4464 0.8129 -0.3740
vn -0.0000 0.8093 -0.5874
vn 0.7756 0.5234 -0.3530
vn -0.0000 0.4901 -0.8717
vn -0.0000 0.6695 -0.7428
vn -0.0000 0.5011 -0.8654
vn -0.0000 0.7626 -0.6469
vn -0.0000 0.4760 -0.8794
vn -0.0000 0.5539 -0.8326
vn 0.9903 0.0946 -0.1022
vn -0.0000 -0.6506 -0.7594
vn -0.0000 0.1715 -0.9852
vn -0.0000 -0.1333 -0.9911
vn -0.0000 0.5933 -0.8050
vn -0.0000 0.1609 -0.9870
vn 0.9796 0.1619 -0.1193
vn -0.0000 0.5644 -0.8255
vn -0.0000 0.5513 -0.8343
vn 0.4311 0.4706 -0.7699
vn 0.0464 0.6708 -0.7402
vn 0.7722 0.3946 -0.4979
vn 0.4657 0.4679 -0.7511
vn 0.5768 0.5085 -0.6394
vn -0.0000 0.4717 -0.8817
vn -0.0000 0.6183 -0.7860
vn -0.0000 0.4827 -0.8758
vn -0.0000 0.6336 -0.7737
vn -0.1539 0.4984 -0.8532
vn 0.3718 0.5813 -0.7238
vn -0.2688 0.4322 -0.8608
vn -0.0021 0.9240 -0.3824
vn 0.4071 -0.4884 -0.7718
vn 0.9997 0.0186 -0.0160
vn 0.5323 0.3929 -0.7498
vn 0.6078 0.5976 -0.5229
vn 0.5508 0.5093 -0.6612
vn 0.4731 0.6308 -0.6151
vn 0.6476 0.3514 -0.6761
vn 0.4730 0.6309 -0.6150
vn 0.0541 0.6712 -0.7393
vn 0.4658 0.4706 -0.7493
vn 0.5473 0.5108 -0.6630
vn 0.8070 0.2427 -0.5383
vn -0.1391 0.5302 -0.8364
vn 0.6086 0.5956 -0.5243
vn -0.2314 0.6903 -0.6856
vn 0.5384 0.4560 -0.7086
vn 0.5197 0.7581 -0.3938
vn 0.9853 -0.1459 -0.0888
vn 0.5352 0.4579 -0.7098
vn 0.8088 0.2416 -0.5361
vn 0.5166 0.7596 -0.3952
vn 0.2353 0.7132 -0.6603
vn 0.9667 0.1915 -0.1694
vn 0.9745 -0.1144 -0.1933
vn 0.6049 0.2073 -0.7688
vn 0.9603 0.2624 -0.0946
vn 0.4424 0.6362 -0.6321
vn 0.5081 0.7458 -0.4308
vn 0.7501 0.6613 -0.0100
vn 0.9909 0.0499 -0.1247
vn 0.3789 0.8237 -0.4218
vn 0.5746 0.6811 -0.4537
vn 0.7824 0.3451 -0.5185
vn 0.3795 0.5794 -0.7213
vn -0.2726 0.4315 -0.8599
vn 0.4685 0.4678 -0.7495
vn 0.6114 0.7500 -0.2523
vn 0.4839 0.8370 -0.2554
vn 0.6429 0.5540 -0.5290
vn 0.5722 0.8040 -0.1618
vn 0.4398 0.8156 -0.3761
vn 0.4728 0.7680 -0.4320
vn -0.3722 0.8783 -0.3001
vn 0.3826 0.8220 -0.4219
vn -0.0924 0.9783 -0.1852
vn 0.7548 0.6559 -0.0104
vn 0.5173 0.7571 -0.3991
vn 0.9657 0.1943 -0.1720
vn 0.2310 0.7145 -0.6604
vn -0.2787 0.7886 -0.5482
vn 0.6074 0.2046 -0.7676
vn 0.8239 -0.5548 0.1159
vn 0.8260 -0.5631 0.0266
vn 0.9872 0.1123 -0.1133
vn 0.8411 -0.5408 0.0056
vn 0.9915 0.0622 -0.1139
vn 0.7593 0.6503 0.0247
vn 0.6550 0.6263 -0.4227
vn 0.9742 0.2008 -0.1030
vn 0.8816 -0.4713 -0.0245
vn 0.9922 0.0918 -0.0844
vn 0.7202 0.6727 -0.1696
vn 0.6921 0.6253 -0.3606
vn 0.7678 0.5942 -0.2398
vn -0.0792 0.9309 -0.3566
vn -0.0000 0.9699 -0.2434
vn -0.1330 0.9472 -0.2917
vn -0.0000 0.9657 -0.2596
vn -0.0000 0.7254 -0.6883
vn 0.6934 0.6150 -0.3753
vn 0.7568 0.6532 0.0244
vn -0.0000 0.9370 -0.3493
vn 0.7899 0.5915 -0.1618
vn -0.0000 0.9665 -0.2565
vn -0.0000 0.5359 -0.8443
vn -0.0000 0.9950 -0.0997
vn 0.6698 0.7318 -0.1258
vn 0.8938 0.4386 -0.0934
vn 0.9336 0.3455 -0.0953
vn 0.8918 -0.4487 -0.0579
vn 0.5292 0.8405 -0.1162
vn 0.3980 0.9149 -0.0676
vn 0.8996 -0.4329 -0.0577
vn 0.9138 0.3960 -0.0897
vn 0.9039 0.4178 -0.0922
vn 0.9105 -0.4102 -0.0518
vn 0.9258 -0.3729 -0.0626
vn 0.4425 0.8796 -0.1749
vn 0.5167 0.8414 -0.1582
vn -0.0000 0.9020 0.4317
vn -0.0000 0.9999 -0.0145
vn -0.0000 0.9963 0.0862
vn -0.0000 0.9966 -0.0827
vn 0.7168 0.6973 0.0016
vn -0.0000 0.9985 -0.0548
vn -0.0000 0.9997 0.0237
vn 0.6386 0.7536 -0.1558
vn -0.0000 0.9941 0.1089
vn -0.0000 0.9854 -0.1702
vn 0.7090 0.6909 -0.1414
vn -0.0000 0.9993 0.0368
vn -0.0000 0.9973 -0.0730
vn 0.5373 0.8374 -0.1007
vn 0.8222 0.5611 -0.0959
vn -0.0000 0.9874 -0.1584
vn -0.0000 0.9970 -0.0771
vn 0.8071 0.5902 0.0174
vn -0.0000 0.9747 0.2235
vn -0.0000 0.9989 -0.0478
vn 0.8451 0.5333 -0.0373
vn -0.0000 0.9257 -0.3782
vn -0.0000 0.8268 -0.5625
vn 0.8600 0.5064 -0.0627
vn -0.0000 0.9173 -0.3982
vn 0.7960 0.5818 -0.1669
vn -0.0000 0.8137 -0.5813
vn -0.0000 0.8252 -0.5648
vn 0.8318 0.5536 -0.0413
vn -0.0000 0.9964 -0.0849
vn 0.8960 0.4419 -0.0446
vn 0.7271 0.6865 -0.0070
vn 0.8180 0.5726 -0.0551
vn -0.0000 0.9095 -0.4157
vn -0.0000 0.9847 -0.1740
vn 0.8649 0.4972 -0.0693
vn 0.9300 -0.3647 -0.0461
vn -0.0000 0.9956 -0.0937
vn 0.9921 0.0889 -0.0886
vn -0.0000 0.8992 -0.4375
vn 0.9265 0.1246 -0.3550
vn -0.0000 -0.0526 -0.9986
vn -0.0000 -0.9732 0.2302
vn -0.0000 -0.9947 0.1033
vn -0.0000 -0.9983 0.0578
vn -0.0000 -0.9999 0.0104
vn -0.0000 -0.9988 -0.0498
vn -0.0000 -0.9990 -0.0436
vn -0.0000 -0.9985 -0.0546
vn -0.0000 -0.9945 -0.1047
vn -0.0000 -0.9956 -0.0942
vn -0.0000 -0.9844 -0.1762
vn -0.0000 -0.8832 -0.4690
vn 0.4644 0.8822 -0.0772
vn -0.1251 0.9479 -0.2931
vn 0.6550 0.6264 -0.4227
vn 0.9921 0.0536 -0.1132
vn 0.4644 0.8823 -0.0772
vn 0.6550 0.6263 -0.4228
vn 0.9926 0.0879 -0.0832
vn 0.4987 0.8155 -0.2936
vn 0.7228 0.6703 -0.1681
vn 0.6930 0.6243 -0.3606
vn -0.0749 0.9311 -0.3569
vn 0.6920 0.6254 -0.3605
vn 0.7202 0.6728 -0.1695
vn -0.3338 -0.8356 0.4362
vn -0.7883 -0.5009 0.3573
vn -0.7635 -0.6321 0.1323
vn -0.8499 -0.4377 0.2933
vn -0.8595 -0.4181 0.2939
vn -0.8004 -0.5298 0.2803
vn -0.7816 -0.5792 0.2316
vn -0.8239 -0.5548 0.1160
vn 0.2689 0.4317 -0.8610
vn -0.7796 0.3456 -0.5223
vn -0.8194 0.3373 -0.4636
vn -0.7689 0.3558 -0.5313
vn -0.8386 0.3493 -0.4180
vn -0.9737 0.0029 -0.2277
vn -0.4731 0.6309 -0.6150
vn -0.4672 0.4712 -0.7482
vn -0.9767 0.0675 -0.2035
vn -0.9808 -0.0788 -0.1784
vn -0.9080 0.1473 -0.3922
vn -0.6449 0.3536 -0.6775
vn -0.9995 0.0207 -0.0245
vn -0.9917 0.0354 -0.1238
vn -0.9975 -0.0231 -0.0664
vn -0.9995 0.0149 -0.0274
vn -0.9983 0.0418 -0.0414
vn -0.6060 0.5943 -0.5287
vn -0.8092 0.2413 -0.5357
vn -0.7312 0.4847 -0.4800
vn 0.1432 0.5297 -0.8360
vn -0.8070 0.2427 -0.5384
vn -0.7751 0.3321 -0.5375
vn -0.9858 -0.1391 -0.0936
vn 0.2390 0.6899 -0.6834
vn -0.7272 0.4817 -0.4890
vn -0.5156 0.7585 -0.3985
vn -0.9654 0.1928 -0.1753
vn -0.5136 0.7620 -0.3944
vn -0.9745 -0.1138 -0.1931
vn 0.2830 0.7876 -0.5474
vn -0.6306 0.6427 -0.4350
vn -0.6104 0.2013 -0.7661
vn -0.9392 0.1060 -0.3266
vn -0.6046 0.2065 -0.7693
vn -0.6743 0.5834 -0.4528
vn -0.9384 0.1134 -0.3264
vn -0.9581 0.2703 -0.0951
vn -0.7529 0.6580 -0.0135
vn -0.5083 0.7476 -0.4274
vn -0.9902 0.0580 -0.1274
vn 0.0937 0.9794 -0.1788
vn -0.6410 0.5567 -0.5284
vn -0.5741 0.6842 -0.4497
vn -0.7578 0.6522 0.0202
vn -0.4862 0.8369 -0.2515
vn -0.6980 0.6090 -0.3767
vn -0.4762 0.7663 -0.4314
vn -0.5739 0.8026 -0.1627
vn -0.5691 0.6857 -0.4538
vn 0.3798 0.8754 -0.2990
vn -0.2353 0.8997 -0.3676
vn -0.4464 0.8129 -0.3740
vn -0.7756 0.5234 -0.3530
vn -0.9904 0.0949 -0.1002
vn -0.9796 0.1619 -0.1193
vn -0.4311 0.4706 -0.7699
vn -0.0464 0.6708 -0.7402
vn -0.7722 0.3946 -0.4979
vn -0.4657 0.4679 -0.7511
vn -0.5768 0.5085 -0.6394
vn 0.1539 0.4984 -0.8532
vn -0.3718 0.5812 -0.7239
vn 0.2699 0.4335 -0.8598
vn -0.4011 -0.4895 -0.7743
vn -0.5323 0.3930 -0.7498
vn -0.9997 0.0186 -0.0160
vn -0.6079 0.5975 -0.5230
vn -0.8070 0.2428 -0.5383
vn -0.5508 0.5093 -0.6613
vn -0.4730 0.6309 -0.6150
vn -0.6477 0.3513 -0.6761
vn -0.0541 0.6712 -0.7393
vn -0.4731 0.6308 -0.6150
vn -0.4658 0.4706 -0.7493
vn -0.5473 0.5108 -0.6630
vn -0.6449 0.3535 -0.6775
vn 0.1391 0.5302 -0.8364
vn -0.8070 0.2427 -0.5383
vn -0.5323 0.3929 -0.7499
vn -0.6086 0.5955 -0.5244
vn 0.2314 0.6903 -0.6856
vn -0.5384 0.4561 -0.7086
vn -0.5198 0.7581 -0.3938
vn -0.5352 0.4579 -0.7099
vn -0.9853 -0.1459 -0.0888
vn -0.8088 0.2417 -0.5362
vn -0.5165 0.7596 -0.3953
vn -0.9667 0.1915 -0.1695
vn -0.2353 0.7132 -0.6603
vn -0.9746 -0.1139 -0.1931
vn -0.6050 0.2072 -0.7688
vn -0.4424 0.6361 -0.6322
vn -0.9603 0.2621 -0.0961
vn -0.5081 0.7458 -0.4308
vn -0.9905 0.0495 -0.1283
vn -0.7501 0.6613 -0.0100
vn -0.3789 0.8237 -0.4219
vn -0.5746 0.6811 -0.4538
vn -0.3795 0.5794 -0.7213
vn -0.7816 0.3431 -0.5209
vn 0.2726 0.4314 -0.8600
vn -0.4685 0.4679 -0.7494
vn -0.6114 0.7501 -0.2522
vn -0.5721 0.6838 -0.4529
vn -0.4825 0.8395 -0.2497
vn -0.6429 0.5539 -0.5290
vn -0.4398 0.8155 -0.3761
vn -0.5723 0.8039 -0.1618
vn -0.4728 0.7680 -0.4320
vn -0.3825 0.8219 -0.4221
vn 0.3722 0.8783 -0.3000
vn 0.0900 0.9794 -0.1810
vn -0.7547 0.6559 -0.0104
vn -0.9658 0.1943 -0.1720
vn -0.5216 0.7552 -0.3970
vn -0.2310 0.7144 -0.6604
vn 0.2787 0.7885 -0.5483
vn -0.6074 0.2046 -0.7676
vn -0.8239 -0.5548 0.1159
vn -0.8259 -0.5631 0.0267
vn -0.9872 0.1123 -0.1133
vn -0.8412 -0.5406 0.0055
vn -0.9915 0.0623 -0.1139
vn -0.7593 0.6503 0.0247
vn -0.6550 0.6263 -0.4228
vn -0.9742 0.2008 -0.1030
vn -0.8816 -0.4713 -0.0245
vn -0.9922 0.0918 -0.0844
vn -0.7202 0.6728 -0.1696
vn -0.6921 0.6253 -0.3606
vn -0.7678 0.5942 -0.2398
vn 0.0792 0.9309 -0.3566
vn 0.1330 0.9472 -0.2917
vn -0.6947 0.6146 -0.3738
vn -0.7568 0.6532 0.0244
vn -0.7899 0.5915 -0.1618
vn -0.6698 0.7318 -0.1258
vn -0.8938 0.4386 -0.0934
vn -0.9336 0.3455 -0.0953
vn -0.8918 -0.4487 -0.0579
vn -0.5292 0.8405 -0.1162
vn -0.3980 0.9149 -0.0676
vn -0.8996 -0.4328 -0.0577
vn -0.9138 0.3960 -0.0897
vn -0.9039 0.4178 -0.0922
vn -0.9105 -0.4102 -0.0517
vn -0.9258 -0.3729 -0.0627
vn -0.4425 0.8796 -0.1749
vn -0.5167 0.8414 -0.1582
vn -0.7168 0.6973 0.0016
vn -0.6386 0.7536 -0.1558
vn -0.7090 0.6909 -0.1414
vn -0.5373 0.8374 -0.1007
vn -0.8222 0.5611 -0.0959
vn -0.8071 0.5902 0.0174
vn -0.8451 0.5333 -0.0373
vn -0.8600 0.5064 -0.0627
vn -0.7960 0.5818 -0.1669
vn -0.8318 0.5536 -0.0413
vn -0.8959 0.4419 -0.0446
vn -0.7271 0.6865 -0.0070
vn -0.8180 0.5726 -0.0551
vn -0.8642 0.4986 -0.0684
vn -0.9300 -0.3647 -0.0461
vn -0.9921 0.0888 -0.0885
vn -0.9265 0.1246 -0.3550
vn 0.1251 0.9479 -0.2931
vn -0.4644 0.8822 -0.0772
vn -0.4644 0.8823 -0.0772
vn -0.9921 0.0536 -0.1132
vn -0.7568 0.6532 0.0243
vn -0.4987 0.8155 -0.2937
vn -0.9926 0.0879 -0.0832
vn -0.7227 0.6704 -0.1680
vn -0.6934 0.6240 -0.3604
vn -0.4987 0.8155 -0.2936
vn 0.0749 0.9311 -0.3569
vn -0.7201 0.6728 -0.1697
vn 0.6721 -0.7174 0.1833
vn 0.8556 -0.5175 0.0076
vn -0.6024 0.7343 0.3129
vn -0.6136 0.7784 0.1322
vn -0.6877 0.6696 0.2807
vn 0.3105 0.9276 0.2078
vn -0.4113 0.5106 -0.7551
vn 0.8188 0.4134 -0.3982
vn 0.6417 -0.5964 -0.4822
vn 0.7326 -0.6232 -0.2736
vn 0.5137 -0.8371 0.1880
vn 0.7063 -0.6785 -0.2020
vn -0.5767 0.8136 0.0741
vn -0.3629 0.6761 -0.6413
vn -0.4074 0.9074 -0.1031
vn -0.3900 0.8990 -0.1992
vn -0.4830 0.8720 0.0797
vn 0.6954 -0.6932 0.1893
vn 0.3876 -0.8957 -0.2180
vn 0.6073 -0.7917 -0.0665
vn 0.8537 -0.5207 0.0079
vn 0.6744 -0.7160 0.1805
vn 0.7557 -0.6411 -0.1337
vn 0.7429 -0.6603 -0.1104
vn 0.6414 -0.5967 -0.4822
vn 0.7319 -0.6262 -0.2686
vn 0.5167 -0.8357 0.1862
vn 0.6852 -0.7203 -0.1081
vn 0.7061 -0.6776 -0.2057
vn -0.3884 0.8990 -0.2022
vn -0.4074 0.9074 -0.1030
vn 0.3906 -0.8941 -0.2193
vn 0.6314 -0.7748 -0.0329
vn 0.6953 -0.6933 0.1893
vn -0.6874 0.6682 0.2844
vn 0.3175 0.9247 0.2098
vn -0.0170 0.4423 0.8967
vn 0.2070 0.7250 0.6569
vn 0.8161 0.4157 -0.4016
vn 0.1923 0.7217 0.6650
vn 0.9930 -0.0185 0.1170
vn 0.1485 0.7256 0.6720
vn 0.4446 0.8893 0.1070
vn 0.4372 0.8897 0.1315
vn 0.6401 -0.5929 -0.4886
vn 0.9881 -0.0775 -0.1328
vn 0.5383 0.6672 -0.5149
vn 0.3977 -0.0836 -0.9137
vn 0.7961 0.5617 -0.2249
vn 0.6720 -0.1254 -0.7298
vn 0.1803 0.2249 -0.9576
vn 0.5025 0.5789 -0.6422
vn 0.2261 -0.0378 -0.9734
vn 0.9971 -0.0520 0.0560
vn 0.2476 0.1004 -0.9637
vn 0.3888 -0.3818 -0.8385
vn 0.4146 0.1363 -0.8997
vn 0.2341 0.6336 -0.7374
vn 0.5333 -0.3614 -0.7648
vn 0.1904 0.7789 0.5976
vn 0.1860 0.6535 -0.7337
vn -0.9363 0.0265 0.3502
vn -0.6808 0.5951 0.4269
vn -0.4439 0.3593 0.8209
vn -0.2323 0.9694 0.0797
vn -0.4696 0.6636 0.5824
vn 0.7637 0.6190 0.1831
vn 0.8128 0.5813 0.0379
vn -0.5137 0.5312 0.6738
vn 0.8774 0.4369 -0.1984
vn 0.7533 0.6500 0.0998
vn -0.5932 0.5741 0.5644
vn 0.7547 0.6561 0.0028
vn -0.3350 0.4803 -0.8106
vn 0.2039 -0.5349 -0.8200
vn 0.3708 0.9025 -0.2192
vn 0.8533 0.3696 -0.3680
vn -0.3028 0.5560 -0.7741
vn -0.1103 -0.4394 -0.8915
vn 0.1400 -0.2556 -0.9566
vn -0.2372 0.8908 -0.3875
vn 0.3945 0.9138 -0.0971
vn 0.7960 0.5617 -0.2257
vn 0.1941 0.7780 0.5975
vn 0.1932 0.6515 -0.7336
vn -0.9494 0.1046 -0.2962
vn 0.1485 0.7255 0.6720
vn -0.9682 0.1934 -0.1585
vn -0.9373 0.3423 0.0652
vn 0.1850 0.7235 0.6651
vn -0.9174 0.3375 0.2109
vn 0.1996 0.7269 0.6571
vn -0.0250 0.4430 0.8962
vn -0.9574 0.1705 0.2332
vn -0.6875 0.6682 0.2844
vn -0.9386 0.0281 0.3439
vn -0.6773 0.5978 0.4289
vn -0.2398 0.9677 0.0776
vn -0.9256 0.1470 -0.3487
vn -0.8029 -0.0046 -0.5961
vn 0.3980 -0.0830 -0.9136
vn 0.1761 0.2255 -0.9582
vn 0.5024 0.5789 -0.6422
vn 0.2222 -0.0375 -0.9743
vn 0.2406 0.1007 -0.9654
vn -0.9223 0.1903 -0.3364
vn 0.3818 -0.3823 -0.8415
vn 0.2378 0.6330 -0.7367
vn 0.4114 0.1370 -0.9011
vn 0.5303 -0.3618 -0.7667
vn 0.1922 0.6548 -0.7309
vn -0.4409 0.3624 0.8212
vn -0.9531 -0.2540 0.1644
vn -0.9379 0.0219 0.3462
vn -0.4760 0.6595 0.5817
vn -0.9242 -0.3783 -0.0529
vn -0.9288 -0.3680 -0.0435
vn -0.5197 0.5268 0.6726
vn 0.1364 -0.2572 -0.9567
vn -0.1137 -0.4405 -0.8905
vn -0.5961 0.5716 0.5639
vn -0.8609 -0.5040 -0.0695
vn -0.3283 0.4847 -0.8107
vn 0.2006 -0.5367 -0.8196
vn -0.1619 0.2034 -0.9656
vn -0.0259 0.0121 -0.9996
vn 0.7620 0.6329 -0.1369
vn 0.7937 0.6070 0.0399
vn 0.7842 0.6193 0.0374
vn -0.2338 0.8922 -0.3864
vn -0.3636 0.6966 0.6185
vn 0.8387 0.5416 0.0575
vn 0.1120 -0.1649 -0.9799
vn -0.1949 0.7284 -0.6568
vn 0.7921 0.5679 -0.2238
vn 0.8176 0.2154 0.5340
vn 0.4004 0.9108 -0.1007
vn -0.2460 0.9622 0.1169
vn -0.2369 0.8926 -0.3837
vn 0.7015 0.4487 -0.5537
vn 0.6439 -0.1029 -0.7581
vn 0.5446 0.4065 -0.7336
vn -0.2733 0.9213 -0.2765
vn 0.4436 0.3602 -0.8207
vn -0.3511 0.8958 -0.2725
vn 0.4831 0.3703 -0.7934
vn 0.2218 -0.9551 -0.1966
vn 0.7942 0.5648 -0.2241
vn 0.7375 -0.6749 -0.0222
vn 0.8191 0.2116 0.5332
vn 0.6434 -0.0993 -0.7591
vn 0.6979 0.4556 -0.5526
vn 0.4453 0.3525 -0.8231
vn 0.5425 0.4097 -0.7334
vn 0.2181 -0.9558 -0.1970
vn 0.4861 0.3674 -0.7929
vn 0.5029 0.7944 -0.3404
vn 0.4715 0.7559 -0.4543
vn -0.6241 -0.7809 0.0250
vn -0.6468 -0.7616 0.0404
vn -0.4186 -0.8512 0.3167
vn 0.5572 0.2771 0.7828
vn 0.3993 0.8629 0.3096
vn -0.7374 -0.6528 0.1736
vn -0.7064 -0.7076 -0.0163
vn 0.6206 0.7808 0.0721
vn 0.5572 0.2772 0.7828
vn 0.4566 0.8240 0.3354
vn -0.4153 -0.8521 0.3186
vn 0.4615 0.8871 -0.0038
vn 0.4536 0.8900 0.0467
vn 0.3994 0.8629 0.3096
vn 0.4426 0.8641 -0.2396
vn 0.5791 0.8065 0.1195
vn 0.6209 0.7805 0.0723
vn 0.5030 0.7945 -0.3404
vn 0.4715 0.7559 -0.4542
vn 0.0726 0.1116 0.9911
vn 0.4763 0.5119 0.7149
vn 0.4373 0.8897 0.1315
vn -0.5839 0.8114 0.0273
vn 0.4752 0.6948 0.5398
vn 0.5843 0.6969 0.4157
vn 0.4376 0.8929 0.1064
vn 0.6596 0.6160 0.4307
vn -0.7102 0.6702 -0.2155
vn 0.5416 0.6654 -0.5136
vn 0.6742 -0.1226 -0.7283
vn -0.3106 -0.5836 -0.7503
vn -0.7025 0.6954 -0.1514
vn 0.4841 0.5766 0.6582
vn -0.7591 0.6064 -0.2368
vn -0.7031 0.6993 -0.1293
vn 0.5633 0.5155 0.6457
vn -0.2482 -0.6769 -0.6929
vn 0.6516 0.5825 0.4859
vn -0.5460 0.7798 -0.3061
vn 0.0579 -0.6183 -0.7838
vn 0.6214 0.3816 -0.6843
vn 0.9509 0.2776 -0.1367
vn -0.1110 -0.5585 -0.8220
vn -0.2453 -0.6634 -0.7069
vn -0.7210 0.6807 -0.1298
vn 0.3917 0.3902 -0.8333
vn 0.0700 0.1144 0.9910
vn 0.8209 -0.4960 0.2832
vn 0.4823 0.5061 0.7150
vn 0.8669 -0.4771 0.1441
vn 0.4812 0.6904 0.5401
vn 0.7977 -0.6031 -0.0016
vn 0.7560 -0.6537 0.0347
vn 0.6759 -0.7068 -0.2089
vn 0.5843 0.6970 0.4157
vn 0.6733 -0.1194 -0.7297
vn 0.6600 0.6116 0.4363
vn 0.7504 -0.6507 0.1163
vn 0.4841 0.5766 0.6581
vn -0.2423 -0.6811 -0.6909
vn 0.5684 0.5097 0.6458
vn 0.8032 -0.5898 0.0842
vn 0.0548 -0.6165 -0.7855
vn 0.6274 0.3758 -0.6820
vn 0.9499 0.2808 -0.1375
vn 0.7911 -0.6056 0.0863
vn 0.6543 0.5796 0.4858
vn -0.1052 -0.5624 -0.8201
vn 0.8098 -0.5866 0.0100
vn 0.3885 0.3925 -0.8336
vn -0.2421 -0.6653 -0.7062
vn -0.1649 0.2010 -0.9656
vn -0.8834 -0.4684 -0.0100
vn -0.0298 0.0177 -0.9994
vn -0.9419 -0.3063 0.1379
vn -0.2373 0.8908 -0.3875
vn -0.3698 0.6937 0.6181
vn -0.9727 -0.2231 -0.0642
vn 0.1051 -0.1677 -0.9802
vn -0.1874 0.7312 -0.6559
vn 0.7072 0.0346 0.7062
vn 0.8603 0.4449 0.2488
vn -0.7594 -0.4001 0.5130
vn 0.9774 0.0395 0.2076
vn 0.6739 -0.1815 -0.7162
vn 0.5418 -0.4522 -0.7085
vn 0.7875 -0.1484 -0.5982
vn 0.9737 0.0029 -0.2277
vn 0.9893 -0.1290 0.0675
vn 0.6603 -0.6657 0.3476
vn 0.7604 -0.6371 0.1262
vn -0.0000 -0.8916 0.4528
vn -0.0000 -0.8413 0.5406
vn 0.3310 -0.8402 0.4295
vn 0.9022 -0.4104 0.1329
vn 0.8227 -0.5475 0.1533
vn -0.0000 -0.8396 0.5431
vn 0.0554 -0.4986 0.8651
vn 0.9779 -0.1496 0.1459
vn 0.1878 0.5990 -0.7784
vn 0.3637 -0.2769 0.8894
vn 0.2533 -0.3046 0.9182
vn -0.0000 -0.6437 0.7653
vn -0.3273 0.0987 0.9398
vn -0.0001 -0.1586 0.9873
vn -0.0000 -0.3615 0.9324
vn -0.9936 -0.0665 0.0917
vn -0.5479 -0.8355 0.0423
vn -0.7604 -0.6371 0.1262
vn -0.3310 -0.8402 0.4295
vn -0.6396 -0.2642 0.7219
vn -0.1264 -0.4009 0.9074
vn 0.2551 -0.6943 0.6729
vn -0.3928 -0.1793 0.9020
vn -0.7322 -0.1016 0.6734
vn -0.1493 -0.4280 0.8914
vn -0.4467 -0.2875 0.8472
vn -0.2842 -0.3508 0.8923
vn 0.2385 0.2144 0.9472
vn -0.8237 -0.5547 -0.1177
vn -0.7956 -0.4925 0.3527
vn -0.7891 -0.5462 0.2811
vn -0.8765 -0.4647 -0.1257
vn -0.8217 -0.4672 0.3265
vn -0.9432 -0.3273 -0.0575
vn -0.8975 -0.2206 0.3818
vn -0.8929 -0.4486 0.0386
vn -0.9067 -0.1281 0.4018
vn -0.8024 -0.5921 0.0753
vn -0.7349 -0.1038 0.6702
vn -0.5936 -0.3274 0.7351
vn -0.5169 -0.4065 0.7534
vn -0.9033 -0.1972 0.3810
vn -0.7599 -0.6484 -0.0476
vn -0.8074 0.0747 0.5853
vn -0.4853 -0.4611 0.7429
vn -0.4319 -0.7501 0.5008
vn -0.0512 -0.4901 0.8702
vn 0.0055 -0.2428 0.9701
vn -0.0885 -0.2768 0.9568
vn -0.1136 -0.1379 0.9839
vn 0.1299 -0.1626 0.9781
vn 0.1040 -0.0706 0.9921
vn 0.3906 0.0233 0.9203
vn 0.4244 0.0824 0.9017
vn 0.2297 0.3550 0.9062
vn 0.6894 0.2883 0.6645
vn 0.5068 0.6729 0.5389
vn -0.1081 -0.1764 0.9784
vn 0.3507 0.0291 0.9360
vn 0.8832 0.4123 0.2236
vn 0.7891 0.5767 0.2113
vn 0.7332 0.1615 0.6606
vn 0.8915 0.4089 -0.1947
vn 0.9414 0.2524 0.2238
vn 0.7579 0.1447 0.6361
vn 0.8059 0.3379 -0.4862
vn 0.7427 0.3033 -0.5970
vn 0.9147 0.3322 -0.2301
vn 0.7464 0.3221 -0.5824
vn 0.9732 0.1811 -0.1418
vn 0.3594 0.1248 -0.9248
vn 0.1636 -0.2239 -0.9608
vn 0.3134 0.0532 0.9481
vn 0.9413 0.2603 0.2151
vn 0.7478 0.3740 -0.5485
vn 0.7359 0.2613 0.6246
vn 0.1493 0.3116 0.9384
vn 0.9095 0.3729 -0.1839
vn 0.9055 0.4153 0.0876
vn 0.7754 0.3393 -0.5326
vn 0.3211 0.0267 -0.9467
vn -0.3192 -0.0166 0.9475
vn -0.5437 0.1769 0.8204
vn -0.0770 0.5529 0.8297
vn 0.6241 0.5118 0.5904
vn 0.8528 0.4997 0.1517
vn 0.8529 0.2631 -0.4509
vn -0.6303 0.2552 0.7332
vn -0.2048 0.5809 0.7878
vn 0.4753 0.7067 0.5241
vn 0.3913 -0.1104 -0.9136
vn 0.8454 0.5161 0.1375
vn 0.9429 0.1055 -0.3159
vn -0.6705 0.2987 0.6791
vn -0.2009 0.5631 0.8016
vn 0.4119 0.7383 0.5341
vn 0.8536 0.5052 0.1272
vn 0.9700 0.0540 -0.2370
vn -0.8382 0.0986 0.5364
vn 0.4473 0.6454 0.6192
vn 0.8883 0.4075 0.2118
vn -0.1607 0.5852 0.7948
vn -0.7061 0.3292 0.6269
vn -0.9039 0.0396 0.4260
vn 0.9883 0.0108 -0.1519
vn -0.9293 -0.3086 0.2028
vn -0.7355 -0.5239 -0.4296
vn -0.9409 -0.1648 -0.2958
vn -0.9588 0.2666 0.0986
vn -0.7289 0.4795 0.4887
vn -0.2227 0.6401 0.7353
vn 0.4826 0.5831 0.6535
vn 0.4558 0.6083 0.6498
vn 0.8433 0.3977 0.3616
vn 0.8784 0.3580 0.3167
vn 0.9962 0.0747 -0.0458
vn 0.9968 0.0539 -0.0589
vn 0.8117 -0.4096 -0.4163
vn 0.7488 -0.4107 -0.5202
vn 0.2105 -0.8251 -0.5244
vn 0.2082 -0.6958 -0.6874
vn -0.3487 -0.7224 -0.5971
vn 0.7734 -0.4898 -0.4025
vn 0.7282 -0.4078 -0.5508
vn 0.5636 -0.2964 -0.7710
vn 0.2837 -0.8328 -0.4754
vn 0.0830 -0.7008 -0.7085
vn -0.1222 -0.5204 -0.8452
vn -0.0467 -0.9210 -0.3866
vn -0.4256 -0.7614 -0.4890
vn -0.2665 -0.4097 -0.8724
vn -0.6047 -0.5351 -0.5900
vn -0.5114 -0.8315 -0.2170
vn -0.6849 -0.6720 -0.2818
vn -0.8246 -0.4453 -0.3489
vn -0.3957 -0.8626 -0.3152
vn -0.7558 -0.6527 -0.0517
vn -0.7315 -0.5271 -0.4325
vn -0.7992 -0.5969 0.0700
vn -0.8907 -0.4534 0.0326
vn -0.9416 -0.3305 -0.0645
vn -0.8749 -0.4659 -0.1323
vn -0.8209 -0.4614 -0.3366
vn -0.8229 -0.5540 -0.1257
vn -0.6955 -0.4881 -0.5273
vn -0.7857 -0.5334 -0.3132
vn -0.5639 -0.8237 -0.0598
vn -0.7883 -0.5477 -0.2803
vn -0.7152 -0.5137 -0.4739
vn -0.3331 -0.3506 -0.8753
vn -0.6340 -0.6610 -0.4013
vn 0.7096 -0.4947 0.5018
vn -0.2792 -0.4004 -0.8728
vn -0.7271 0.4862 0.4847
vn -0.9573 0.2733 0.0946
vn -0.8800 0.4641 -0.1009
vn -0.6296 0.6302 0.4544
vn -0.9005 0.4336 -0.0324
vn -0.2914 0.6380 0.7128
vn -0.5304 0.5949 0.6040
vn -0.9219 0.3791 0.0804
vn 0.3477 0.5900 0.7287
vn 0.4559 0.6083 0.6497
vn -0.3813 0.5370 0.7525
vn 0.8263 0.3561 0.4363
vn 0.2431 0.6196 0.7463
vn 0.9962 0.0865 -0.0000
vn 0.7499 -0.2800 -0.5994
vn 0.7488 -0.4107 -0.5203
vn 0.2116 -0.6911 -0.6911
vn 0.1583 -0.5229 -0.8376
vn 0.6629 -0.3760 -0.6474
vn 0.0265 -0.5798 -0.8144
vn 0.9939 -0.0870 -0.0671
vn 0.5918 -0.4455 -0.6718
vn -0.2369 -0.5057 -0.8295
vn 0.9632 0.1186 0.2411
vn 0.8304 0.3198 0.4562
vn 0.9434 -0.3286 0.0454
vn 0.4749 -0.2248 -0.8508
vn -0.5043 0.0104 -0.8634
vn 0.9072 -0.4127 0.0816
vn 0.5240 -0.1174 -0.8436
vn -0.5355 0.3763 -0.7561
vn 0.9668 -0.1530 0.2048
vn 0.4942 -0.1478 -0.8567
vn -0.4093 0.4684 -0.7830
vn -0.6659 -0.5883 -0.4589
vn 0.8265 -0.5352 0.1743
vn 0.8032 -0.5833 0.1210
vn 0.2431 -0.9681 0.0605
vn -0.1908 -0.4979 0.8460
vn 0.6478 -0.7502 0.1327
vn -0.2061 -0.6585 0.7238
vn -0.0205 -0.9998 0.0006
vn 0.9028 -0.4146 0.1145
vn 0.7382 -0.4596 0.4938
vn 0.2820 -0.5634 -0.7765
vn 0.3122 -0.4120 -0.8560
vn 0.8469 -0.0333 0.5308
vn 0.6571 -0.6213 0.4269
vn -0.6670 -0.7395 -0.0915
vn -0.4447 0.0356 0.8950
vn -0.4923 0.1760 0.8524
vn -0.0764 -0.8970 0.4354
vn 0.5613 -0.1584 0.8123
vn 0.7272 0.1473 0.6704
vn 0.5944 -0.3928 0.7017
vn 0.8047 -0.1715 0.5683
vn 0.6012 -0.7248 -0.3364
vn 0.0737 0.5841 0.8083
vn 0.0495 0.4173 0.9074
vn 0.8202 -0.2866 0.4951
vn 0.6311 -0.6365 -0.4433
vn -0.1101 0.2164 0.9701
vn 0.3589 -0.2839 0.8891
vn -0.4270 -0.8920 0.1481
vn -0.9113 0.1538 0.3820
vn -0.5198 -0.2255 -0.8240
vn -0.5677 -0.2771 -0.7752
vn -0.9647 0.2144 0.1530
vn -0.8446 -0.3167 -0.4318
vn -0.8617 0.3779 0.3385
vn -0.9111 -0.4063 -0.0687
vn -0.7739 0.2220 0.5931
vn 0.0255 -0.9843 0.1744
vn -0.1167 -0.0791 0.9900
vn 0.6392 -0.4459 0.6266
vn -0.2627 0.4236 0.8669
vn -0.0942 0.1140 0.9890
vn 0.8244 -0.5652 -0.0301
vn -0.9720 0.0770 0.2221
vn 0.1403 -0.9097 0.3908
vn -0.9581 0.2698 0.0960
vn -0.9403 -0.1587 -0.3012
vn -0.7892 -0.1192 -0.6024
vn -0.7335 -0.5213 -0.4360
vn -0.6963 -0.3058 -0.6494
vn -0.9209 0.3807 0.0837
vn -0.6360 -0.4355 -0.6370
vn -0.3494 -0.7168 -0.6034
vn -0.5693 -0.6484 -0.5054
vn -0.3739 -0.5394 -0.7545
vn 0.2048 -0.6926 -0.6917
vn 0.1512 -0.5248 -0.8377
vn -0.4512 -0.6269 -0.6351
vn 0.0184 -0.5804 -0.8141
vn -0.7318 -0.5426 -0.4124
vn -0.2430 -0.5069 -0.8270
vn -0.5073 0.0110 -0.8617
vn -0.5635 -0.3489 -0.7488
vn -0.9710 0.0787 0.2258
vn -0.3346 -0.8766 -0.3460
vn -0.5736 -0.5310 -0.6237
vn 0.1385 -0.9133 0.3831
vn 0.8262 -0.5628 -0.0239
vn 0.3180 -0.8110 -0.4911
vn 0.6361 -0.4457 0.6298
vn 0.0266 -0.9844 0.1739
vn -0.6754 -0.6965 -0.2426
vn -0.9085 -0.4114 -0.0729
vn -0.9353 -0.1794 -0.3049
vn -0.8412 -0.3214 -0.4348
vn -0.0738 -0.8966 0.4366
vn -0.8970 0.1727 -0.4069
vn -0.4892 0.1749 0.8545
vn -0.5705 -0.2752 -0.7738
vn 0.6353 -0.6369 -0.4367
vn -0.5260 -0.2224 -0.8209
vn -0.4269 -0.8921 0.1481
vn -0.4388 0.0316 0.8980
vn -0.9622 -0.2128 -0.1699
vn -0.8064 0.3245 -0.4945
vn -0.6726 -0.7339 -0.0948
vn 0.3178 -0.4157 -0.8522
vn 0.2827 -0.5680 -0.7729
vn -0.0201 -0.9998 0.0007
vn -0.9815 0.0708 -0.1779
vn -0.5329 0.3755 -0.7583
vn -0.9515 0.1893 0.2424
vn -0.2030 -0.6597 0.7236
vn -0.8943 0.1851 0.4074
vn -0.4035 0.4661 -0.7874
vn -0.1975 -0.4938 0.8468
vn -0.6690 -0.5860 -0.4572
vn 0.8237 -0.5547 -0.1177
vn 0.7891 -0.5462 0.2811
vn 0.8765 -0.4647 -0.1257
vn 0.8217 -0.4672 0.3265
vn 0.9432 -0.3273 -0.0575
vn 0.8975 -0.2205 0.3818
vn 0.8929 -0.4485 0.0386
vn 0.9067 -0.1281 0.4018
vn 0.8024 -0.5921 0.0753
vn 0.7349 -0.1038 0.6702
vn 0.5936 -0.3274 0.7351
vn 0.5169 -0.4065 0.7534
vn 0.9033 -0.1972 0.3810
vn 0.7598 -0.6484 -0.0476
vn 0.8074 0.0747 0.5853
vn 0.4853 -0.4611 0.7429
vn 0.4319 -0.7501 0.5009
vn 0.0513 -0.4900 0.8702
vn -0.0055 -0.2428 0.9701
vn 0.0885 -0.2768 0.9568
vn 0.1136 -0.1379 0.9839
vn -0.1299 -0.1626 0.9781
vn -0.1033 -0.0708 0.9921
vn -0.3906 0.0233 0.9203
vn -0.4244 0.0824 0.9017
vn -0.2297 0.3550 0.9062
vn -0.6894 0.2883 0.6645
vn -0.5068 0.6729 0.5388
vn 0.1081 -0.1764 0.9784
vn -0.3507 0.0291 0.9360
vn -0.8832 0.4123 0.2236
vn -0.7891 0.5767 0.2113
vn -0.7332 0.1615 0.6606
vn -0.8915 0.4089 -0.1947
vn -0.9414 0.2524 0.2238
vn -0.7579 0.1447 0.6361
vn -0.8059 0.3379 -0.4862
vn -0.7435 0.3019 -0.5967
vn -0.9147 0.3322 -0.2301
vn -0.7464 0.3221 -0.5824
vn -0.9732 0.1812 -0.1418
vn -0.3594 0.1248 -0.9248
vn -0.1636 -0.2239 -0.9608
vn -0.3134 0.0532 0.9481
vn -0.9413 0.2603 0.2151
vn -0.7478 0.3740 -0.5485
vn -0.7359 0.2613 0.6246
vn -0.1493 0.3116 0.9384
vn -0.9095 0.3729 -0.1839
vn -0.9055 0.4153 0.0876
vn -0.7754 0.3393 -0.5326
vn -0.3211 0.0267 -0.9467
vn 0.3192 -0.0166 0.9475
vn 0.5438 0.1769 0.8204
vn 0.0770 0.5529 0.8297
vn -0.6241 0.5118 0.5904
vn -0.8528 0.4997 0.1517
vn -0.8529 0.2631 -0.4509
vn 0.6303 0.2552 0.7332
vn 0.2048 0.5809 0.7878
vn -0.4753 0.7067 0.5241
vn -0.3913 -0.1104 -0.9136
vn -0.8454 0.5161 0.1375
vn -0.9429 0.1055 -0.3159
vn 0.6705 0.2987 0.6791
vn 0.2009 0.5631 0.8016
vn -0.4119 0.7383 0.5341
vn -0.8536 0.5052 0.1272
vn -0.9700 0.0540 -0.2370
vn 0.8382 0.0986 0.5364
vn -0.4473 0.6454 0.6192
vn -0.8883 0.4075 0.2118
vn 0.1607 0.5852 0.7948
vn 0.7061 0.3292 0.6269
vn 0.9039 0.0396 0.4260
vn -0.9883 0.0108 -0.1519
vn 0.9293 -0.3086 0.2028
vn 0.7355 -0.5239 -0.4297
vn 0.9409 -0.1648 -0.2958
vn 0.9587 0.2666 0.0986
vn 0.7289 0.4795 0.4886
vn 0.2227 0.6401 0.7353
vn -0.4826 0.5831 0.6535
vn -0.4558 0.6083 0.6498
vn -0.8433 0.3977 0.3616
vn -0.8784 0.3580 0.3167
vn -0.9962 0.0747 -0.0458
vn -0.9968 0.0539 -0.0589
vn -0.8117 -0.4096 -0.4163
vn -0.7488 -0.4107 -0.5202
vn -0.2105 -0.8251 -0.5244
vn -0.2082 -0.6958 -0.6874
vn 0.3488 -0.7224 -0.5971
vn -0.7734 -0.4898 -0.4025
vn -0.7282 -0.4078 -0.5508
vn -0.5636 -0.2964 -0.7710
vn -0.2837 -0.8328 -0.4754
vn -0.0830 -0.7008 -0.7085
vn 0.1222 -0.5204 -0.8452
vn 0.0468 -0.9211 -0.3866
vn 0.4256 -0.7614 -0.4890
vn 0.2665 -0.4097 -0.8724
vn 0.6047 -0.5351 -0.5900
vn 0.5114 -0.8315 -0.2169
vn 0.6849 -0.6720 -0.2818
vn 0.8246 -0.4453 -0.3489
vn 0.3957 -0.8626 -0.3152
vn 0.7558 -0.6528 -0.0517
vn 0.7315 -0.5271 -0.4326
vn 0.7992 -0.5969 0.0700
vn 0.8907 -0.4533 0.0325
vn 0.9416 -0.3305 -0.0645
vn 0.8749 -0.4659 -0.1323
vn 0.8209 -0.4614 -0.3366
vn 0.8230 -0.5540 -0.1257
vn 0.6955 -0.4881 -0.5273
vn 0.7857 -0.5334 -0.3132
vn 0.7883 -0.5477 -0.2802
vn 0.7152 -0.5137 -0.4739
vn 0.3331 -0.3506 -0.8753
vn 0.6340 -0.6610 -0.4013
vn -0.7096 -0.4946 0.5018
vn 0.2792 -0.4004 -0.8728
vn 0.8800 0.4641 -0.1009
vn 0.9573 0.2733 0.0946
vn 0.7271 0.4862 0.4847
vn 0.6296 0.6302 0.4544
vn 0.9005 0.4336 -0.0324
vn 0.2914 0.6380 0.7128
vn 0.5304 0.5949 0.6040
vn 0.9219 0.3791 0.0804
vn -0.3477 0.5901 0.7286
vn -0.4559 0.6083 0.6497
vn 0.3813 0.5370 0.7525
vn -0.8264 0.3561 0.4363
vn -0.2431 0.6196 0.7463
vn -0.9962 0.0865 -0.0000
vn -0.7499 -0.2800 -0.5994
vn -0.7488 -0.4107 -0.5203
vn -0.2116 -0.6911 -0.6911
vn -0.1583 -0.5229 -0.8376
vn -0.6629 -0.3760 -0.6474
vn -0.0265 -0.5798 -0.8144
vn -0.9939 -0.0870 -0.0671
vn -0.5918 -0.4455 -0.6718
vn 0.2369 -0.5057 -0.8295
vn -0.9632 0.1186 0.2411
vn -0.8304 0.3198 0.4562
vn -0.9434 -0.3286 0.0454
vn -0.4749 -0.2248 -0.8508
vn 0.5043 0.0103 -0.8635
vn -0.9071 -0.4129 0.0815
vn -0.5240 -0.1174 -0.8436
vn 0.5356 0.3762 -0.7560
vn -0.9668 -0.1536 0.2043
vn -0.4941 -0.1478 -0.8568
vn 0.4093 0.4684 -0.7830
vn 0.6659 -0.5882 -0.4589
vn -0.8265 -0.5352 0.1743
vn -0.8032 -0.5833 0.1210
vn -0.2431 -0.9681 0.0605
vn 0.1908 -0.4979 0.8460
vn -0.6478 -0.7502 0.1327
vn 0.2061 -0.6586 0.7238
vn 0.0204 -0.9998 0.0005
vn -0.9029 -0.4144 0.1144
vn -0.7382 -0.4597 0.4937
vn -0.2793 -0.5669 -0.7750
vn -0.3123 -0.4119 -0.8560
vn -0.8469 -0.0333 0.5308
vn -0.6571 -0.6213 0.4269
vn 0.6669 -0.7395 -0.0916
vn 0.4447 0.0356 0.8950
vn 0.4923 0.1760 0.8524
vn 0.0764 -0.8970 0.4354
vn -0.5613 -0.1584 0.8123
vn -0.7271 0.1475 0.6705
vn -0.5944 -0.3928 0.7017
vn -0.8047 -0.1715 0.5683
vn -0.6028 -0.7254 -0.3324
vn -0.0737 0.5841 0.8083
vn -0.0495 0.4173 0.9074
vn -0.8202 -0.2865 0.4952
vn -0.6311 -0.6365 -0.4434
vn 0.1102 0.2168 0.9700
vn -0.3589 -0.2839 0.8891
vn 0.4270 -0.8920 0.1481
vn 0.9113 0.1538 0.3820
vn 0.5198 -0.2255 -0.8240
vn 0.5677 -0.2771 -0.7752
vn 0.9647 0.2144 0.1530
vn 0.8446 -0.3166 -0.4318
vn 0.8617 0.3779 0.3385
vn 0.9111 -0.4063 -0.0687
vn 0.7739 0.2220 0.5931
vn -0.0255 -0.9843 0.1744
vn 0.1167 -0.0791 0.9900
vn -0.6372 -0.4478 0.6273
vn 0.2627 0.4236 0.8669
vn 0.0942 0.1140 0.9890
vn -0.8244 -0.5652 -0.0301
vn 0.9720 0.0769 0.2222
vn -0.1404 -0.9097 0.3908
vn 0.9581 0.2699 0.0960
vn 0.9403 -0.1587 -0.3012
vn 0.7892 -0.1192 -0.6024
vn 0.7335 -0.5213 -0.4361
vn 0.6359 -0.4356 -0.6370
vn 0.3494 -0.7168 -0.6035
vn 0.6963 -0.3058 -0.6494
vn 0.9209 0.3807 0.0837
vn 0.3739 -0.5394 -0.7545
vn -0.2047 -0.6926 -0.6917
vn -0.1512 -0.5248 -0.8377
vn 0.5687 -0.6491 -0.5052
vn 0.4512 -0.6269 -0.6351
vn -0.0184 -0.5804 -0.8141
vn 0.7318 -0.5426 -0.4124
vn 0.2430 -0.5069 -0.8270
vn 0.5073 0.0110 -0.8617
vn 0.5635 -0.3489 -0.7488
vn 0.9710 0.0786 0.2259
vn 0.3346 -0.8766 -0.3460
vn 0.5736 -0.5310 -0.6237
vn -0.1383 -0.9133 0.3831
vn -0.8283 -0.5598 -0.0257
vn -0.3180 -0.8110 -0.4911
vn -0.6361 -0.4457 0.6298
vn -0.0246 -0.9845 0.1736
vn 0.6754 -0.6965 -0.2426
vn 0.9085 -0.4114 -0.0729
vn 0.9353 -0.1794 -0.3049
vn 0.8412 -0.3214 -0.4349
vn 0.0738 -0.8966 0.4366
vn 0.8970 0.1727 -0.4070
vn 0.4892 0.1749 0.8545
vn 0.5705 -0.2752 -0.7738
vn -0.6013 -0.7248 -0.3363
vn -0.6353 -0.6369 -0.4367
vn 0.5260 -0.2223 -0.8209
vn 0.4270 -0.8921 0.1481
vn 0.4388 0.0316 0.8980
vn 0.9622 -0.2128 -0.1699
vn 0.8064 0.3245 -0.4945
vn 0.6726 -0.7339 -0.0948
vn -0.3179 -0.4156 -0.8522
vn -0.2824 -0.5680 -0.7731
vn 0.0187 -0.9998 -0.0039
vn 0.9815 0.0708 -0.1779
vn 0.5329 0.3754 -0.7583
vn 0.9515 0.1893 0.2424
vn 0.2030 -0.6597 0.7235
vn 0.8943 0.1851 0.4074
vn 0.4034 0.4661 -0.7874
vn 0.1975 -0.4938 0.8468
vn 0.6690 -0.5860 -0.4571
vn 0.6959 0.7109 -0.1013
vn 0.6670 0.7341 -0.1276
vn -0.8393 -0.4021 -0.3658
vn -0.4994 -0.8165 -0.2897
vn 0.7406 0.6719 -0.0065
vn 0.6980 0.7150 0.0398
vn -0.4775 -0.8210 -0.3131
vn 0.9002 0.4129 0.1387
vn -0.1370 -0.9187 -0.3704
vn -0.2477 -0.8806 -0.4039
vn 0.9173 0.2749 0.2880
vn -0.8393 -0.4022 -0.3657
vn 0.6669 0.7341 -0.1276
vn -0.4591 -0.7765 -0.4316
vn -0.2956 -0.8942 -0.3362
vn -0.1365 -0.9206 -0.3659
vn -0.2477 -0.8806 -0.4040
vn 0.9185 0.2712 0.2876
vn -0.6670 0.7341 -0.1276
vn -0.6959 0.7109 -0.1013
vn 0.8393 -0.4021 -0.3658
vn 0.4993 -0.8166 -0.2896
vn -0.7406 0.6719 -0.0065
vn -0.6978 0.7152 0.0399
vn 0.4775 -0.8210 -0.3131
vn -0.9002 0.4129 0.1387
vn 0.1364 -0.9206 -0.3660
vn 0.2478 -0.8806 -0.4040
vn -0.9175 0.2744 0.2879
vn -0.6670 0.7340 -0.1276
vn 0.8393 -0.4023 -0.3658
vn 0.4591 -0.7765 -0.4316
vn 0.4993 -0.8166 -0.2897
vn 0.2956 -0.8942 -0.3362
vn -0.6977 0.7152 0.0399
vn 0.2477 -0.8806 -0.4039
vn -0.9185 0.2712 0.2876
vn -0.9900 0.1402 -0.0182
vn -0.0001 0.4235 0.9059
vn -0.9912 0.1140 -0.0674
vn 0.3939 0.9163 0.0723
vn 0.0037 0.2204 -0.9754
vn 0.0004 0.5720 -0.8203
vn -0.9898 -0.0038 -0.1424
vn 0.0001 0.9572 0.2895
vn -0.9827 -0.0457 -0.1794
vn 0.9268 -0.2533 -0.2773
vn -0.0001 -0.9183 0.3959
vn -0.0000 -0.9736 0.2284
vn -0.0000 -0.9966 -0.0819
vn -0.9943 -0.0108 -0.1062
vn 0.0112 -0.9591 -0.2829
vn -0.0001 0.3672 -0.9302
vn 0.9899 0.1409 -0.0181
vn 0.9912 0.1140 -0.0674
vn 0.9898 -0.0038 -0.1424
vn 0.9827 -0.0457 -0.1794
vn 0.9943 -0.0108 -0.1062
vn -0.9755 0.2101 -0.0656
vn -0.7753 0.4228 -0.4693
vn -0.6048 0.7062 0.3680
vn -0.8199 0.3383 -0.4618
vn -0.9290 0.0745 -0.3625
vn -0.8386 0.3495 -0.4179
vn -0.7686 0.2674 -0.5811
vn -0.9830 0.1378 -0.1213
vn -0.7395 0.3250 -0.5895
vn -0.8280 0.3643 -0.4262
vn -0.8273 0.1514 -0.5410
vn -0.8887 0.2517 -0.3833
vn -0.9193 0.3647 -0.1483
vn -0.9012 0.2586 -0.3477
vn -0.9921 -0.1222 0.0274
vn -0.8017 0.2707 -0.5329
vn -0.8914 0.1892 -0.4118
vn -0.9953 0.0800 -0.0550
vn -0.9624 0.1167 0.2453
vn 0.7753 0.4228 -0.4693
vn 0.9755 0.2101 -0.0657
vn -0.2992 0.9371 0.1800
vn 0.8196 0.3388 -0.4621
vn 0.8847 -0.2059 -0.4182
vn 0.8386 0.3495 -0.4179
vn 0.7686 0.2674 -0.5811
vn 0.9890 0.1472 -0.0148
vn 0.7395 0.3250 -0.5895
vn 0.8280 0.3643 -0.4262
vn 0.8273 0.1513 -0.5410
vn 0.8887 0.2516 -0.3833
vn 0.9193 0.3647 -0.1483
vn 0.9012 0.2586 -0.3477
vn 0.9798 -0.1998 0.0067
vn 0.8017 0.2707 -0.5329
vn 0.8914 0.1892 -0.4118
vn 0.9683 0.1997 -0.1501
vn -0.6048 0.7063 0.3679
vn -0.9152 0.2427 0.3217
vn -0.9870 0.0739 0.1427
vn -0.2463 0.1035 0.9636
vn -0.9977 -0.0657 0.0157
vn -0.9477 -0.0191 -0.3185
vn -0.8224 0.3322 -0.4618
vn 0.2725 0.4315 -0.8600
vn 0.9819 -0.1704 0.0831
vn -0.0827 -0.3448 -0.9350
vn -0.2247 -0.1044 -0.9688
vn 0.9803 -0.1932 0.0407
vn 0.0685 -0.9911 0.1145
vn -0.9198 -0.1780 0.3498
vn -0.8667 -0.0705 0.4938
vn 0.1706 -0.2142 0.9618
vn 0.2211 -0.2635 0.9390
vn 0.9803 -0.1931 0.0407
vn 0.9815 -0.1709 0.0868
vn -0.4632 -0.1458 0.8742
vn -0.9175 0.1085 0.3827
vn -0.2669 -0.2839 0.9210
vn -0.5321 0.6562 0.5351
vn -0.5878 -0.0783 0.8052
vn -0.6318 -0.2650 0.7284
vn -0.8656 -0.0973 0.4913
vn -0.0922 -0.9080 0.4087
vn -0.5205 0.8425 0.1390
vn -0.9533 -0.0383 0.2996
vn -0.1608 0.6653 0.7291
vn -0.3680 0.2433 -0.8974
vn -0.4946 0.1684 -0.8526
vn -0.7980 0.0606 -0.5996
vn -0.9901 0.1301 -0.0522
vn -0.8284 0.4660 -0.3108
vn -0.3124 0.9482 -0.0580
vn -0.3131 0.2094 -0.9263
vn -0.6130 0.5490 -0.5682
vn -0.7994 0.0579 -0.5980
vn -0.9489 0.1854 0.2553
vn 0.9152 0.2425 0.3219
vn -0.3000 0.9374 0.1771
vn 0.9870 0.0739 0.1427
vn 0.2462 0.1036 0.9637
vn 0.9755 0.2101 -0.0656
vn 0.9977 -0.0657 0.0157
vn 0.9477 -0.0191 -0.3185
vn 0.8224 0.3323 -0.4618
vn -0.2724 0.4315 -0.8600
vn -0.9819 -0.1704 0.0832
vn 0.2247 -0.1044 -0.9688
vn 0.0827 -0.3448 -0.9350
vn -0.9803 -0.1932 0.0407
vn -0.0685 -0.9911 0.1145
vn 0.9198 -0.1780 0.3498
vn 0.8667 -0.0705 0.4938
vn -0.1706 -0.2142 0.9618
vn -0.2210 -0.2635 0.9390
vn -0.9815 -0.1709 0.0869
vn 0.9159 0.1147 0.3848
vn 0.4632 -0.1458 0.8742
vn 0.2658 -0.2845 0.9211
vn 0.5321 0.6562 0.5351
vn 0.5873 -0.0771 0.8057
vn 0.6317 -0.2650 0.7285
vn 0.8656 -0.0972 0.4913
vn 0.0910 -0.9066 0.4121
vn 0.5208 0.8423 0.1388
vn 0.9533 -0.0383 0.2997
vn 0.1608 0.6653 0.7291
vn 0.4946 0.1684 -0.8526
vn 0.3680 0.2433 -0.8974
vn 0.8003 0.0576 -0.5968
vn 0.9900 0.1310 -0.0531
vn 0.8269 0.4657 -0.3152
vn 0.3130 0.2095 -0.9264
vn 0.3123 0.9482 -0.0581
vn 0.6130 0.5490 -0.5682
vn 0.8002 0.0572 -0.5970
vn 0.9489 0.1854 0.2553
vn -0.6737 -0.5312 0.5139
vn -0.8118 -0.4260 0.3992
vn -0.8476 -0.2396 0.4735
vn -0.9196 -0.1345 0.3692
vn -0.8206 -0.2741 0.5015
vn -0.9434 -0.2953 0.1508
vn -0.8919 -0.1535 0.4253
vn -0.6409 -0.2723 0.7177
vn -0.7429 0.0597 0.6668
vn -0.6730 -0.6243 0.3966
vn -0.8675 -0.1747 0.4657
vn -0.6973 -0.3352 0.6335
vn -0.1406 0.3211 0.9365
vn -0.3015 -0.4919 0.8168
vn -0.2687 -0.4041 0.8744
vn -0.6451 -0.6370 0.4220
vn 0.2892 -0.5599 0.7764
vn 0.4681 -0.8822 0.0508
vn 0.3091 0.1809 -0.9337
vn -0.0107 0.6649 -0.7469
vn 0.8058 -0.3298 0.4918
vn 0.7835 -0.0846 0.6156
vn 0.0175 0.1006 0.9948
vn 0.6244 -0.4452 0.6418
vn -0.7329 -0.6249 0.2690
vn 0.5194 -0.5670 0.6393
vn 0.3601 -0.4997 -0.7878
vn 0.8536 -0.5208 0.0028
vn 0.9402 -0.2911 0.1768
vn 0.9137 -0.3409 -0.2210
vn 0.7501 -0.5181 0.4109
vn 0.8146 -0.5125 0.2715
vn 0.6228 -0.5418 0.5644
vn 0.3364 -0.2514 0.9075
vn 0.4036 -0.7082 0.5793
vn 0.2293 0.5953 0.7701
vn 0.1562 -0.3141 0.9365
vt 0.379639 0.394531
vt 0.380127 0.435059
vt 0.407471 0.398926
vt 0.463867 0.777100
vt 0.467041 0.802612
vt 0.479736 0.789429
vt 0.798828 0.870361
vt 0.794922 0.835815
vt 0.782227 0.862183
vt 0.619629 0.113281
vt 0.615234 0.116211
vt 0.624512 0.108887
vt 0.652344 0.040039
vt 0.654297 0.037109
vt 0.649414 0.043945
vt 0.671875 0.761475
vt 0.685059 0.761841
vt 0.672363 0.753052
vt 0.685547 0.750610
vt 0.682617 0.734131
vt 0.693848 0.761841
vt 0.694824 0.730469
vt 0.696289 0.751465
vt 0.703613 0.762451
vt 0.706543 0.751709
vt 0.700195 0.741211
vt 0.716309 0.738525
vt 0.708496 0.733398
vt 0.703125 0.727051
vt 0.715332 0.725342
vt 0.722168 0.730225
vt 0.710449 0.718750
vt 0.706055 0.719238
vt 0.696777 0.710938
vt 0.688477 0.718750
vt 0.689453 0.715820
vt 0.719238 0.717041
vt 0.726562 0.720947
vt 0.729492 0.712402
vt 0.715332 0.711426
vt 0.722656 0.708008
vt 0.733398 0.699707
vt 0.724121 0.695557
vt 0.735840 0.685059
vt 0.708496 0.711670
vt 0.708984 0.706055
vt 0.715820 0.705322
vt 0.691406 0.710693
vt 0.684570 0.710449
vt 0.691406 0.705566
vt 0.694336 0.698975
vt 0.723633 0.681152
vt 0.736816 0.659180
vt 0.720703 0.663574
vt 0.710938 0.701416
vt 0.715332 0.698730
vt 0.707031 0.699219
vt 0.687988 0.705322
vt 0.688477 0.700439
vt 0.678223 0.704346
vt 0.674316 0.714111
vt 0.667969 0.705811
vt 0.684082 0.697021
vt 0.673828 0.699219
vt 0.665039 0.695557
vt 0.660645 0.705322
vt 0.656738 0.697021
vt 0.652344 0.702881
vt 0.653809 0.705811
vt 0.677246 0.691895
vt 0.665527 0.690674
vt 0.690430 0.690674
vt 0.675781 0.685303
vt 0.664551 0.685059
vt 0.687500 0.683350
vt 0.677246 0.677979
vt 0.685547 0.676514
vt 0.697754 0.673096
vt 0.700684 0.679688
vt 0.707520 0.688721
vt 0.700684 0.692627
vt 0.703613 0.696777
vt 0.706055 0.695068
vt 0.713379 0.695312
vt 0.717773 0.690674
vt 0.719238 0.686523
vt 0.708008 0.683594
vt 0.718262 0.682861
vt 0.713379 0.677734
vt 0.709961 0.669922
vt 0.706055 0.667480
vt 0.707031 0.658447
vt 0.715332 0.659912
vt 0.718262 0.655518
vt 0.722656 0.656982
vt 0.724121 0.650146
vt 0.713379 0.651123
vt 0.726562 0.658203
vt 0.724121 0.642090
vt 0.708984 0.644775
vt 0.732910 0.632812
vt 0.718262 0.635742
vt 0.121887 0.363770
vt 0.137329 0.356934
vt 0.133789 0.344727
vt 0.121338 0.342773
vt 0.125977 0.327637
vt 0.103333 0.374512
vt 0.099915 0.335938
vt 0.117676 0.330078
vt 0.113525 0.327637
vt 0.075562 0.366699
vt 0.097656 0.314453
vt 0.079773 0.314941
vt 0.112183 0.314453
vt 0.108643 0.296875
vt 0.114258 0.300781
vt 0.116577 0.282227
vt 0.102905 0.292480
vt 0.092468 0.302734
vt 0.091248 0.292480
vt 0.082642 0.296387
vt 0.080322 0.281738
vt 0.091064 0.280273
vt 0.076843 0.334473
vt 0.067627 0.298340
vt 0.082153 0.269531
vt 0.092590 0.269531
vt 0.069092 0.279785
vt 0.090637 0.253906
vt 0.097229 0.257324
vt 0.102722 0.243652
vt 0.086426 0.250488
vt 0.073608 0.264648
vt 0.068359 0.271484
vt 0.063538 0.270508
vt 0.061127 0.281738
vt 0.059753 0.295898
vt 0.059998 0.312500
vt 0.051575 0.302246
vt 0.046509 0.304688
vt 0.045715 0.298340
vt 0.043335 0.307129
vt 0.049286 0.323242
vt 0.045959 0.328125
vt 0.059448 0.326172
vt 0.055054 0.336914
vt 0.044708 0.334473
vt 0.035675 0.322754
vt 0.040955 0.341797
vt 0.051178 0.344238
vt 0.048584 0.360840
vt 0.033234 0.347168
vt 0.494629 0.063477
vt 0.496582 0.077637
vt 0.508301 0.060059
vt 0.514160 0.067383
vt 0.515137 0.077637
vt 0.499268 0.092773
vt 0.537109 0.076172
vt 0.546387 0.058105
vt 0.550293 0.067871
vt 0.531738 0.103027
vt 0.505859 0.130859
vt 0.557617 0.084961
vt 0.559570 0.070801
vt 0.541504 0.128418
vt 0.533203 0.161133
vt 0.549316 0.138184
vt 0.564941 0.112793
vt 0.581543 0.117188
vt 0.575684 0.098145
vt 0.588867 0.077637
vt 0.590820 0.069336
vt 0.593262 0.087402
vt 0.630371 0.080566
vt 0.224609 0.010254
vt 0.219116 0.002930
vt 0.216919 0.013672
vt 0.230713 0.006836
vt 0.238403 0.003418
vt 0.212158 0.018066
vt 0.214355 0.004883
vt 0.196899 0.017578
vt 0.187378 0.004883
vt 0.083984 0.080078
vt 0.087891 0.063477
vt 0.077087 0.056152
vt 0.071106 0.079102
vt 0.127808 0.076172
vt 0.128906 0.057617
vt 0.111389 0.073242
vt 0.093811 0.057129
vt 0.297607 0.025391
vt 0.304932 0.034668
vt 0.322266 0.024902
vt 0.319336 0.059570
vt 0.117065 0.105469
vt 0.129517 0.085449
vt 0.105469 0.098145
vt 0.096252 0.080566
vt 0.075806 0.613770
vt 0.065674 0.606201
vt 0.053833 0.634521
vt 0.072021 0.635254
vt 0.090088 0.622314
vt 0.092590 0.616455
vt 0.102478 0.619141
vt 0.091858 0.627441
vt 0.089355 0.640381
vt 0.106506 0.629395
vt 0.109070 0.634521
vt 0.119385 0.629883
vt 0.116821 0.638428
vt 0.115417 0.645996
vt 0.134766 0.638916
vt 0.098022 0.647949
vt 0.087280 0.660889
vt 0.065430 0.661621
vt 0.048096 0.670166
vt 0.135986 0.642822
vt 0.149170 0.637939
vt 0.136353 0.646484
vt 0.115662 0.653076
vt 0.103516 0.656494
vt 0.096008 0.662354
vt 0.098694 0.667236
vt 0.067383 0.672607
vt 0.063477 0.677734
vt 0.056213 0.682617
vt 0.051880 0.689453
vt 0.040131 0.690918
vt 0.054443 0.701416
vt 0.030609 0.679688
vt 0.040985 0.661621
vt 0.040131 0.641846
vt 0.038422 0.626465
vt 0.024490 0.692139
vt 0.029495 0.697754
vt 0.046509 0.704834
vt 0.055817 0.709717
vt 0.063843 0.709229
vt 0.056213 0.716064
vt 0.040985 0.711914
vt 0.048401 0.723389
vt 0.064148 0.739990
vt 0.038910 0.730957
vt 0.033936 0.717529
vt 0.021515 0.710205
vt 0.025116 0.728516
vt 0.004642 0.722412
vt 0.621094 0.991226
vt 0.615234 0.978745
vt 0.598145 0.986763
vt 0.611816 0.963043
vt 0.637695 0.966217
vt 0.594727 0.964752
vt 0.586914 0.974701
vt 0.583984 0.963470
vt 0.589844 0.945587
vt 0.572266 0.947876
vt 0.636230 0.955994
vt 0.658691 0.964050
vt 0.571777 0.931396
vt 0.553711 0.928833
vt 0.597656 0.920532
vt 0.568359 0.905579
vt 0.559570 0.922668
vt 0.549316 0.895935
vt 0.605957 0.940521
vt 0.635254 0.929077
vt 0.630859 0.938934
vt 0.653320 0.934875
vt 0.662109 0.947357
vt 0.687500 0.948059
vt 0.688965 0.966522
vt 0.550781 0.893127
vt 0.545898 0.887512
vt 0.550781 0.889404
vt 0.559082 0.891541
vt 0.558594 0.879883
vt 0.544922 0.870483
vt 0.549316 0.868042
vt 0.571289 0.892883
vt 0.674805 0.925476
vt 0.716797 0.953918
vt 0.705078 0.970108
vt 0.589355 0.897034
vt 0.693848 0.922180
vt 0.723145 0.968918
vt 0.707520 0.980713
vt 0.721191 0.985489
vt 0.735840 0.979782
vt 0.729980 0.988403
vt 0.749512 0.963715
vt 0.757324 0.975693
vt 0.783203 0.964417
vt 0.770996 0.921021
vt 0.735352 0.925232
vt 0.700195 0.892151
vt 0.780762 0.980453
vt 0.817383 0.979385
vt 0.801270 0.992821
vt 0.817871 0.955688
vt 0.808105 0.950745
vt 0.791992 0.928284
vt 0.788574 0.911255
vt 0.791992 0.901245
vt 0.781738 0.894531
vt 0.740723 0.895569
vt 0.761230 0.879395
vt 0.776367 0.879028
vt 0.720703 0.877197
vt 0.702148 0.861938
vt 0.771484 0.849609
vt 0.779297 0.851440
vt 0.778320 0.833374
vt 0.767090 0.846069
vt 0.759766 0.848755
vt 0.758789 0.861328
vt 0.744141 0.850586
vt 0.752930 0.841309
vt 0.723633 0.838257
vt 0.741699 0.829224
vt 0.752441 0.828003
vt 0.750000 0.814209
vt 0.734375 0.822266
vt 0.724609 0.823486
vt 0.712402 0.827026
vt 0.720215 0.816528
vt 0.705566 0.807495
vt 0.723145 0.806396
vt 0.710449 0.788696
vt 0.725098 0.795044
vt 0.731445 0.760254
vt 0.697754 0.827271
vt 0.727051 0.757080
vt 0.737793 0.744141
vt 0.721680 0.754517
vt 0.699707 0.774048
vt 0.688965 0.786255
vt 0.697754 0.792725
vt 0.692383 0.791992
vt 0.692871 0.801147
vt 0.688477 0.795776
vt 0.684082 0.803955
vt 0.672363 0.799194
vt 0.675293 0.811035
vt 0.682129 0.814697
vt 0.680176 0.835205
vt 0.671387 0.822144
vt 0.656250 0.819946
vt 0.670898 0.837158
vt 0.672363 0.846313
vt 0.667480 0.840332
vt 0.664551 0.872192
vt 0.652832 0.842773
vt 0.654785 0.837280
vt 0.644043 0.839600
vt 0.653320 0.854858
vt 0.662598 0.856812
vt 0.654297 0.862793
vt 0.641113 0.861450
vt 0.655762 0.877014
vt 0.661133 0.884338
vt 0.676270 0.908813
vt 0.642090 0.887085
vt 0.641602 0.879761
vt 0.633789 0.886475
vt 0.651855 0.901367
vt 0.659180 0.894653
vt 0.660156 0.917419
vt 0.651855 0.922302
vt 0.645996 0.913879
vt 0.636230 0.918152
vt 0.622070 0.910828
vt 0.616211 0.902649
vt 0.605469 0.900879
vt 0.610352 0.885071
vt 0.599609 0.893188
vt 0.591797 0.863647
vt 0.582031 0.884521
vt 0.577148 0.876160
vt 0.567383 0.875671
vt 0.576172 0.864868
vt 0.559082 0.867676
vt 0.572266 0.863525
vt 0.574219 0.850708
vt 0.568848 0.860352
vt 0.554688 0.848511
vt 0.549805 0.846069
vt 0.562012 0.846313
vt 0.551758 0.820190
vt 0.561035 0.794434
vt 0.557617 0.807983
vt 0.567383 0.816162
vt 0.584961 0.809082
vt 0.576660 0.838867
vt 0.587402 0.784546
vt 0.581543 0.834473
vt 0.609375 0.806885
vt 0.607910 0.778564
vt 0.592285 0.826416
vt 0.615234 0.827515
vt 0.586426 0.841431
vt 0.594238 0.840454
vt 0.590332 0.854248
vt 0.634766 0.799927
vt 0.638672 0.773315
vt 0.637695 0.822876
vt 0.654297 0.820435
vt 0.653320 0.797852
vt 0.665527 0.789185
vt 0.656250 0.768677
vt 0.667480 0.770874
vt 0.633301 0.831055
vt 0.632812 0.850342
vt 0.624023 0.852783
vt 0.637207 0.866089
vt 0.628418 0.866943
vt 0.611816 0.854126
vt 0.618652 0.871094
vt 0.628906 0.884583
vt 0.623535 0.888489
vt 0.631836 0.903320
vt 0.617676 0.890137
vt 0.608887 0.874390
vt 0.597168 0.855835
vt 0.593750 0.853638
vt 0.595703 0.860840
vt 0.257568 0.017578
vt 0.261963 0.011230
vt 0.254150 0.004395
vt 0.281250 0.003906
vt 0.301514 0.043457
vt 0.295410 0.056641
vt 0.310547 0.057617
vt 0.283447 0.074219
vt 0.695801 0.652588
vt 0.701660 0.664307
vt 0.692383 0.644043
vt 0.705566 0.637451
vt 0.695801 0.666992
vt 0.689453 0.659424
vt 0.692383 0.668213
vt 0.688477 0.669922
vt 0.684082 0.662598
vt 0.686035 0.670654
vt 0.680176 0.670410
vt 0.675781 0.671143
vt 0.671387 0.670654
vt 0.674805 0.665283
vt 0.687012 0.654297
vt 0.669922 0.663086
vt 0.667969 0.670898
vt 0.656738 0.667725
vt 0.675781 0.661133
vt 0.659180 0.655518
vt 0.653320 0.656250
vt 0.645020 0.662598
vt 0.645996 0.655273
vt 0.638184 0.659180
vt 0.688477 0.648682
vt 0.676270 0.650879
vt 0.689941 0.647705
vt 0.690918 0.639893
vt 0.668945 0.650391
vt 0.672363 0.645752
vt 0.679688 0.644287
vt 0.660156 0.651123
vt 0.665039 0.648193
vt 0.658203 0.654053
vt 0.657227 0.650391
vt 0.692871 0.634766
vt 0.703125 0.630127
vt 0.688477 0.617920
vt 0.719727 0.625977
vt 0.731934 0.624512
vt 0.699707 0.613770
vt 0.714844 0.609131
vt 0.727539 0.612305
vt 0.726074 0.602539
vt 0.688965 0.635254
vt 0.687012 0.631104
vt 0.683594 0.637207
vt 0.678223 0.632324
vt 0.681152 0.637695
vt 0.675293 0.638916
vt 0.701660 0.593506
vt 0.711426 0.593506
vt 0.695801 0.599854
vt 0.723633 0.593506
vt 0.725586 0.593506
vt 0.726074 0.582764
vt 0.720703 0.580811
vt 0.707520 0.586426
vt 0.707031 0.588867
vt 0.705078 0.583252
vt 0.686035 0.594482
vt 0.685547 0.597656
vt 0.684082 0.593506
vt 0.658203 0.605469
vt 0.672363 0.621826
vt 0.658203 0.608643
vt 0.657715 0.625244
vt 0.643066 0.614258
vt 0.670410 0.633545
vt 0.671875 0.638428
vt 0.667969 0.639160
vt 0.663086 0.634521
vt 0.666992 0.645020
vt 0.661133 0.645996
vt 0.661133 0.649170
vt 0.658691 0.649414
vt 0.666504 0.639893
vt 0.663086 0.639648
vt 0.658203 0.636719
vt 0.654785 0.647705
vt 0.661621 0.640137
vt 0.657715 0.640625
vt 0.655273 0.637939
vt 0.655273 0.645020
vt 0.645996 0.629395
vt 0.655762 0.640625
vt 0.651855 0.640625
vt 0.638184 0.633545
vt 0.630371 0.625488
vt 0.630371 0.635986
vt 0.626465 0.630859
vt 0.624512 0.633789
vt 0.651367 0.637207
vt 0.626953 0.638916
vt 0.621094 0.637207
vt 0.624023 0.642578
vt 0.629883 0.644043
vt 0.626953 0.647217
vt 0.629395 0.653564
vt 0.634766 0.648682
vt 0.635254 0.642578
vt 0.641113 0.653564
vt 0.639160 0.638672
vt 0.645020 0.638916
vt 0.647461 0.638672
vt 0.650391 0.640381
vt 0.650391 0.645264
vt 0.645020 0.645508
vt 0.648926 0.640869
vt 0.645996 0.641357
vt 0.651367 0.647705
vt 0.644531 0.640869
vt 0.643066 0.640625
vt 0.648926 0.648438
vt 0.651367 0.648438
vt 0.654297 0.648682
vt 0.641602 0.640869
vt 0.638184 0.641357
vt 0.639160 0.646484
vt 0.640625 0.651123
vt 0.645020 0.649658
vt 0.645508 0.653076
vt 0.647461 0.650635
vt 0.648926 0.654053
vt 0.649414 0.649414
vt 0.648438 0.651367
vt 0.653320 0.655029
vt 0.651367 0.648926
vt 0.654297 0.649414
vt 0.649902 0.649902
vt 0.656250 0.650391
vt 0.649414 0.651123
vt 0.655273 0.651367
vt 0.650391 0.652100
vt 0.650391 0.651855
vt 0.652344 0.652588
vt 0.652344 0.652100
vt 0.653809 0.651611
vt 0.654297 0.652344
vt 0.655762 0.651611
vt 0.881836 0.635010
vt 0.839355 0.635742
vt 0.881836 0.651855
vt 0.840820 0.641846
vt 0.849121 0.660889
vt 0.869629 0.669678
vt 0.819336 0.653564
vt 0.822754 0.638916
vt 0.802246 0.628906
vt 0.840332 0.688965
vt 0.861816 0.696533
vt 0.846191 0.719727
vt 0.823242 0.715576
vt 0.836914 0.735107
vt 0.812988 0.671387
vt 0.798828 0.630615
vt 0.794922 0.624756
vt 0.793945 0.633057
vt 0.799805 0.646729
vt 0.797852 0.688965
vt 0.789551 0.659912
vt 0.786133 0.643555
vt 0.779297 0.631348
vt 0.782715 0.624268
vt 0.770996 0.615479
vt 0.767578 0.621338
vt 0.767090 0.638184
vt 0.749023 0.621338
vt 0.751953 0.617920
vt 0.733887 0.604736
vt 0.743652 0.624268
vt 0.754395 0.639404
vt 0.764160 0.659424
vt 0.778809 0.675537
vt 0.745605 0.658203
vt 0.770020 0.681396
vt 0.785645 0.699707
vt 0.805664 0.713867
vt 0.804688 0.715820
vt 0.800293 0.715088
vt 0.805664 0.718994
vt 0.813965 0.721924
vt 0.820312 0.729736
vt 0.814941 0.725830
vt 0.808594 0.727539
vt 0.812012 0.742432
vt 0.804688 0.729248
vt 0.803223 0.735840
vt 0.823242 0.746826
vt 0.837891 0.744141
vt 0.828125 0.760498
vt 0.817383 0.763062
vt 0.828613 0.787964
vt 0.804688 0.774658
vt 0.792969 0.750854
vt 0.792969 0.740723
vt 0.804199 0.758789
vt 0.793457 0.767822
vt 0.788574 0.773804
vt 0.783203 0.768433
vt 0.786133 0.761475
vt 0.782715 0.765137
vt 0.772949 0.756836
vt 0.770996 0.760986
vt 0.760254 0.757446
vt 0.785645 0.742920
vt 0.791504 0.737061
vt 0.784668 0.729980
vt 0.774902 0.734131
vt 0.773438 0.748535
vt 0.761719 0.745117
vt 0.764160 0.733643
vt 0.731445 0.734619
vt 0.760254 0.750610
vt 0.760742 0.753174
vt 0.759766 0.755005
vt 0.753906 0.753418
vt 0.497314 0.046387
vt 0.496582 0.031250
vt 0.482910 0.027344
vt 0.477539 0.035156
vt 0.477051 0.046387
vt 0.478271 0.086426
vt 0.454346 0.045410
vt 0.445801 0.025391
vt 0.441406 0.034668
vt 0.458984 0.066895
vt 0.434082 0.050293
vt 0.431885 0.036133
vt 0.447266 0.094238
vt 0.455322 0.125977
vt 0.437988 0.104004
vt 0.425781 0.078125
vt 0.406738 0.081543
vt 0.414307 0.063477
vt 0.401855 0.042969
vt 0.400391 0.034180
vt 0.397217 0.052246
vt 0.360596 0.043945
vt 0.495361 0.759766
vt 0.507812 0.767578
vt 0.505859 0.752075
vt 0.518066 0.749268
vt 0.516113 0.736572
vt 0.530762 0.772095
vt 0.541016 0.747803
vt 0.524414 0.738525
vt 0.529297 0.735840
vt 0.554199 0.772339
vt 0.546875 0.731934
vt 0.564941 0.738037
vt 0.536133 0.724365
vt 0.557129 0.757568
vt 0.576172 0.759277
vt 0.575684 0.775879
vt 0.543945 0.708984
vt 0.538086 0.710693
vt 0.542969 0.692627
vt 0.552246 0.707031
vt 0.557617 0.721191
vt 0.563477 0.710938
vt 0.572266 0.721191
vt 0.587891 0.770752
vt 0.585938 0.778198
vt 0.602051 0.766357
vt 0.591309 0.764038
vt 0.588379 0.757568
vt 0.600098 0.744873
vt 0.584961 0.740967
vt 0.598633 0.741211
vt 0.603027 0.736328
vt 0.595703 0.737061
vt 0.590332 0.728027
vt 0.583496 0.728027
vt 0.595215 0.714355
vt 0.589844 0.709229
vt 0.600098 0.703857
vt 0.595215 0.702637
vt 0.580078 0.694580
vt 0.592285 0.694092
vt 0.586426 0.676270
vt 0.577637 0.706299
vt 0.569336 0.700439
vt 0.572754 0.690430
vt 0.579590 0.677734
vt 0.575684 0.662842
vt 0.574219 0.677246
vt 0.232910 0.712646
vt 0.244507 0.722168
vt 0.255127 0.718750
vt 0.261963 0.705566
vt 0.240601 0.693604
vt 0.261475 0.689209
vt 0.233521 0.672852
vt 0.235596 0.662109
vt 0.305664 0.688477
vt 0.304199 0.700195
vt 0.240356 0.649170
vt 0.222412 0.635742
vt 0.234985 0.639648
vt 0.240601 0.626221
vt 0.296387 0.656494
vt 0.258789 0.625000
vt 0.310791 0.619141
vt 0.325928 0.641846
vt 0.329102 0.657715
vt 0.331787 0.618164
vt 0.334473 0.666992
vt 0.326416 0.615723
vt 0.344482 0.694336
vt 0.347412 0.716797
vt 0.343262 0.669189
vt 0.363770 0.705078
vt 0.234863 0.587891
vt 0.225586 0.589355
vt 0.225342 0.577637
vt 0.244019 0.581055
vt 0.264160 0.587646
vt 0.298584 0.580811
vt 0.248169 0.572510
vt 0.264404 0.570557
vt 0.245605 0.542725
vt 0.257080 0.541016
vt 0.355957 0.674805
vt 0.385010 0.665771
vt 0.380859 0.699219
vt 0.412598 0.688965
vt 0.397461 0.710693
vt 0.419189 0.715820
vt 0.441406 0.705566
vt 0.434570 0.682129
vt 0.351562 0.655273
vt 0.341309 0.653809
vt 0.343018 0.647217
vt 0.352539 0.643066
vt 0.363281 0.641846
vt 0.354980 0.631592
vt 0.369873 0.627441
vt 0.394775 0.635986
vt 0.393799 0.585449
vt 0.402832 0.597412
vt 0.430176 0.659424
vt 0.467773 0.640137
vt 0.433350 0.640137
vt 0.419189 0.643555
vt 0.432617 0.625977
vt 0.413818 0.615479
vt 0.462646 0.566895
vt 0.652832 0.710205
vt 0.662109 0.710449
vt 0.667969 0.721436
vt 0.654297 0.718506
vt 0.649414 0.716064
vt 0.646973 0.725830
vt 0.645020 0.719727
vt 0.662109 0.726807
vt 0.639648 0.725830
vt 0.639160 0.720947
vt 0.633789 0.725342
vt 0.638672 0.730713
vt 0.630371 0.731689
vt 0.628906 0.728516
vt 0.622070 0.732666
vt 0.651855 0.733154
vt 0.642578 0.736816
vt 0.658203 0.742920
vt 0.668457 0.738770
vt 0.647461 0.744873
vt 0.635742 0.739990
vt 0.631348 0.733643
vt 0.625488 0.736816
vt 0.624023 0.734863
vt 0.620117 0.736816
vt 0.614746 0.734131
vt 0.614746 0.737061
vt 0.614258 0.740234
vt 0.620605 0.739502
vt 0.615234 0.744141
vt 0.628418 0.744141
vt 0.625488 0.748779
vt 0.620605 0.753174
vt 0.633789 0.754272
vt 0.629883 0.761108
vt 0.636719 0.750000
vt 0.632812 0.760254
vt 0.637207 0.763062
vt 0.634277 0.758179
vt 0.638184 0.758545
vt 0.649902 0.763062
vt 0.637695 0.756470
vt 0.639160 0.755859
vt 0.641113 0.747314
vt 0.642578 0.754272
vt 0.648926 0.755737
vt 0.644043 0.750977
vt 0.649414 0.748291
vt 0.650879 0.747559
vt 0.660156 0.754028
vt 0.660156 0.761841
vt 0.683594 0.722656
vt 0.693359 0.725830
vt 0.030426 0.051758
vt 0.030411 0.055664
vt 0.034821 0.050293
vt 0.036957 0.054199
vt 0.041504 0.041504
vt 0.049194 0.043457
vt 0.046509 0.037109
vt 0.052612 0.036133
vt 0.037109 0.060059
vt 0.031342 0.067383
vt 0.026581 0.066406
vt 0.022263 0.075684
vt 0.044586 0.056152
vt 0.054199 0.055176
vt 0.059235 0.047363
vt 0.057404 0.036621
vt 0.063843 0.041504
vt 0.048828 0.061523
vt 0.061676 0.035645
vt 0.044250 0.067871
vt 0.068115 0.037598
vt 0.040314 0.064941
vt 0.036743 0.072754
vt 0.041046 0.076172
vt 0.033142 0.078613
vt 0.036957 0.082520
vt 0.029404 0.087891
vt 0.025665 0.078125
vt 0.027695 0.083984
vt 0.023941 0.082031
vt 0.020203 0.082520
vt 0.023010 0.084961
vt 0.021439 0.088379
vt 0.127686 0.137695
vt 0.130127 0.125000
vt 0.113647 0.124512
vt 0.112244 0.135254
vt 0.125977 0.142578
vt 0.090942 0.124512
vt 0.105408 0.141113
vt 0.088379 0.135742
vt 0.073608 0.124512
vt 0.089172 0.142578
vt 0.072144 0.136719
vt 0.053406 0.126953
vt 0.075500 0.146973
vt 0.055298 0.137695
vt 0.037537 0.131836
vt 0.068237 0.145996
vt 0.074463 0.153320
vt 0.067078 0.156250
vt 0.074341 0.160156
vt 0.068420 0.165527
vt 0.059418 0.166016
vt 0.055939 0.155273
vt 0.045319 0.163086
vt 0.042419 0.152832
vt 0.039581 0.165039
vt 0.035309 0.162598
vt 0.056946 0.145020
vt 0.044708 0.144531
vt 0.026825 0.151855
vt 0.023727 0.155762
vt 0.025864 0.146484
vt 0.026871 0.143066
vt 0.025833 0.135742
vt 0.015472 0.144043
vt 0.011787 0.143555
vt 0.013420 0.140137
vt 0.016541 0.142578
vt 0.663574 0.677734
vt 0.653320 0.671875
vt 0.653809 0.677490
vt 0.655273 0.686279
vt 0.642578 0.689209
vt 0.638184 0.674072
vt 0.636230 0.686768
vt 0.656738 0.692139
vt 0.650391 0.691650
vt 0.649902 0.695312
vt 0.641113 0.691650
vt 0.635254 0.689453
vt 0.626953 0.687256
vt 0.627441 0.684570
vt 0.618652 0.686279
vt 0.619629 0.682617
vt 0.611328 0.684326
vt 0.629883 0.672607
vt 0.611816 0.680908
vt 0.604492 0.683594
vt 0.621094 0.671631
vt 0.603516 0.678711
vt 0.611816 0.670654
vt 0.621094 0.663330
vt 0.598633 0.682129
vt 0.598633 0.683838
vt 0.597656 0.684082
vt 0.595215 0.683594
vt 0.594727 0.678467
vt 0.604004 0.669189
vt 0.595215 0.666992
vt 0.602051 0.657471
vt 0.598145 0.655762
vt 0.605957 0.651855
vt 0.608887 0.653564
vt 0.602539 0.649170
vt 0.608887 0.643555
vt 0.611328 0.647461
vt 0.614746 0.640137
vt 0.616699 0.645508
vt 0.607422 0.658447
vt 0.613281 0.650879
vt 0.624023 0.649902
vt 0.610352 0.661377
vt 0.615234 0.660400
vt 0.611328 0.657471
vt 0.620117 0.656250
vt 0.630371 0.662842
vt 0.614258 0.657715
vt 0.609375 0.656494
vt 0.613281 0.654297
vt 0.616699 0.652832
vt 0.617188 0.651855
vt 0.619141 0.651367
vt 0.620117 0.651123
vt 0.623535 0.653320
vt 0.626465 0.650391
vt 0.638184 0.664795
vt 0.643555 0.670166
vt 0.138916 0.034180
vt 0.131836 0.031250
vt 0.136963 0.037109
vt 0.135742 0.037109
vt 0.128662 0.039062
vt 0.132324 0.043457
vt 0.123230 0.035645
vt 0.112549 0.025391
vt 0.110657 0.040039
vt 0.123596 0.041992
vt 0.126099 0.047363
vt 0.117310 0.049316
vt 0.114502 0.043945
vt 0.106995 0.050781
vt 0.106018 0.044434
vt 0.096741 0.049805
vt 0.096924 0.043945
vt 0.090149 0.050293
vt 0.100830 0.029297
vt 0.100281 0.014648
vt 0.089905 0.020508
vt 0.088074 0.043457
vt 0.079041 0.049805
vt 0.093018 0.039062
vt 0.088196 0.024414
vt 0.074646 0.044434
vt 0.070435 0.047852
vt 0.075256 0.037109
vt 0.069519 0.028320
vt 0.068970 0.009277
vt 0.062347 0.023438
vt 0.053040 0.030762
vt 0.042603 0.001953
vt 0.045959 0.020996
vt 0.040863 0.029785
vt 0.029785 0.017090
vt 0.021164 0.010254
vt 0.015282 0.031250
vt 0.002989 0.021484
vt 0.007446 0.105469
vt 0.008469 0.104492
vt 0.005180 0.102051
vt 0.006050 0.105469
vt 0.004253 0.105469
vt 0.002359 0.104980
vt 0.006504 0.122559
vt 0.007488 0.122070
vt 0.005264 0.119629
vt 0.005516 0.122559
vt 0.004391 0.122559
vt 0.003193 0.122070
vt 0.005703 0.137207
vt 0.003986 0.139160
vt 0.004807 0.139648
vt 0.005547 0.139648
vt 0.006329 0.139160
vt 0.007263 0.139160
vt 0.015854 0.103027
vt 0.011749 0.109863
vt 0.013412 0.109863
vt 0.015228 0.110840
vt 0.017487 0.110840
vt 0.018875 0.110352
vt 0.022919 0.100098
vt 0.020767 0.105957
vt 0.021835 0.105957
vt 0.022934 0.105957
vt 0.024261 0.105957
vt 0.025467 0.105469
vt 0.028214 0.116699
vt 0.025543 0.119141
vt 0.026627 0.119629
vt 0.027924 0.120117
vt 0.029266 0.119629
vt 0.030258 0.119629
vt 0.006397 0.148926
vt 0.003815 0.149414
vt 0.004589 0.150879
vt 0.006405 0.151367
vt 0.008026 0.150879
vt 0.008949 0.149414
vt 0.022903 0.129395
vt 0.024216 0.128906
vt 0.022049 0.126465
vt 0.021500 0.129395
vt 0.020294 0.129395
vt 0.019150 0.128418
vt 0.013832 0.113281
vt 0.010773 0.114258
vt 0.012184 0.115723
vt 0.013420 0.116211
vt 0.015137 0.116211
vt 0.016159 0.115723
vt 0.002846 0.081543
vt 0.002876 0.088379
vt 0.005993 0.081543
vt 0.009201 0.084961
vt 0.009315 0.087402
vt 0.009377 0.090820
vt 0.002533 0.099121
vt 0.005661 0.092285
vt 0.003519 0.091309
vt 0.007133 0.093262
vt 0.009094 0.095703
vt 0.010468 0.097656
vt 0.014801 0.090332
vt 0.012642 0.084473
vt 0.011322 0.085449
vt 0.014519 0.084473
vt 0.016891 0.084961
vt 0.018646 0.085938
vt 0.021683 0.097168
vt 0.023331 0.093750
vt 0.020325 0.092773
vt 0.019745 0.095703
vt 0.017365 0.100586
vt 0.017532 0.095215
vt 0.017303 0.091797
vt 0.015045 0.095703
vt 0.013443 0.097168
vt 0.014519 0.091797
vt 0.011856 0.093262
vt 0.017288 0.078613
vt 0.016098 0.078125
vt 0.015594 0.080566
vt 0.014809 0.078125
vt 0.013725 0.079102
vt 0.012901 0.080078
vt 0.110962 0.213379
vt 0.115784 0.229492
vt 0.131836 0.225098
vt 0.128540 0.210938
vt 0.104614 0.201172
vt 0.146851 0.220215
vt 0.117432 0.190430
vt 0.142090 0.203125
vt 0.134766 0.194336
vt 0.117920 0.247070
vt 0.136108 0.242676
vt 0.155273 0.242188
vt 0.164917 0.222168
vt 0.176025 0.230469
vt 0.168091 0.247070
vt 0.178589 0.249023
vt 0.183350 0.235840
vt 0.194214 0.223145
vt 0.196045 0.210449
vt 0.220703 0.212402
vt 0.163818 0.209473
vt 0.185791 0.197266
vt 0.218628 0.202148
vt 0.156128 0.200195
vt 0.235596 0.198730
vt 0.250977 0.208984
vt 0.210327 0.185547
vt 0.171387 0.193359
vt 0.199463 0.171387
vt 0.155151 0.197754
vt 0.167969 0.187988
vt 0.140625 0.186035
vt 0.130371 0.187012
vt 0.185059 0.165527
vt 0.165649 0.184082
vt 0.128784 0.171875
vt 0.118042 0.172363
vt 0.152466 0.173828
vt 0.162964 0.159180
vt 0.201538 0.153320
vt 0.187012 0.152832
vt 0.215454 0.160156
vt 0.167603 0.147949
vt 0.145630 0.153320
vt 0.146484 0.141602
vt 0.143311 0.158691
vt 0.137817 0.166504
vt 0.227905 0.178711
vt 0.140625 0.147461
vt 0.135376 0.135254
vt 0.128174 0.144043
vt 0.141846 0.154297
vt 0.137939 0.156738
vt 0.121765 0.151367
vt 0.134399 0.162598
vt 0.127563 0.167969
vt 0.116943 0.160156
vt 0.111450 0.166504
vt 0.106140 0.182617
vt 0.096313 0.189453
vt 0.091858 0.179688
vt 0.099976 0.173828
vt 0.365723 0.384277
vt 0.394775 0.354980
vt 0.385010 0.344727
vt 0.348389 0.363281
vt 0.360107 0.317871
vt 0.343750 0.403809
vt 0.329590 0.334961
vt 0.338135 0.289062
vt 0.330322 0.377930
vt 0.361816 0.420410
vt 0.310303 0.307617
vt 0.322998 0.269043
vt 0.368652 0.439453
vt 0.378662 0.470703
vt 0.344971 0.456543
vt 0.376465 0.499023
vt 0.332275 0.439453
vt 0.320068 0.421875
vt 0.326660 0.474121
vt 0.361572 0.510986
vt 0.309570 0.458008
vt 0.310547 0.490234
vt 0.346924 0.525879
vt 0.292236 0.474609
vt 0.269531 0.455566
vt 0.291748 0.438965
vt 0.318604 0.396484
vt 0.271729 0.426270
vt 0.256836 0.447266
vt 0.292725 0.400879
vt 0.304932 0.380859
vt 0.251221 0.418457
vt 0.236694 0.437988
vt 0.270752 0.391602
vt 0.314697 0.346680
vt 0.285156 0.377441
vt 0.298584 0.321777
vt 0.289062 0.354004
vt 0.253662 0.367188
vt 0.215210 0.414551
vt 0.208740 0.423828
vt 0.176758 0.397949
vt 0.243896 0.381348
vt 0.183472 0.393555
vt 0.171143 0.391602
vt 0.230225 0.397949
vt 0.198608 0.374512
vt 0.182007 0.383789
vt 0.209473 0.357422
vt 0.175781 0.377441
vt 0.165405 0.385254
vt 0.154785 0.371094
vt 0.194214 0.370117
vt 0.188477 0.363770
vt 0.166626 0.360352
vt 0.140869 0.344727
vt 0.154175 0.336426
vt 0.130371 0.318359
vt 0.181885 0.348145
vt 0.196167 0.350586
vt 0.144409 0.312500
vt 0.123535 0.292969
vt 0.203125 0.354980
vt 0.203491 0.338379
vt 0.171997 0.325684
vt 0.211792 0.340332
vt 0.200928 0.328613
vt 0.220825 0.344238
vt 0.215698 0.332520
vt 0.261719 0.349121
vt 0.231079 0.333496
vt 0.212402 0.322266
vt 0.217407 0.320801
vt 0.189087 0.313477
vt 0.285156 0.329590
vt 0.199219 0.309570
vt 0.295166 0.315918
vt 0.298340 0.291016
vt 0.298340 0.253906
vt 0.284424 0.267090
vt 0.271484 0.254395
vt 0.281250 0.238770
vt 0.259766 0.229004
vt 0.255859 0.244629
vt 0.283936 0.325195
vt 0.226807 0.226562
vt 0.233032 0.239258
vt 0.212036 0.245605
vt 0.203491 0.236328
vt 0.194824 0.245605
vt 0.200562 0.260254
vt 0.188477 0.255859
vt 0.195557 0.274414
vt 0.175659 0.266602
vt 0.185791 0.270020
vt 0.188965 0.284180
vt 0.199585 0.290039
vt 0.177612 0.282227
vt 0.193970 0.295898
vt 0.208008 0.307617
vt 0.186890 0.297363
vt 0.164917 0.264160
vt 0.169189 0.284180
vt 0.152832 0.263184
vt 0.178467 0.299805
vt 0.156250 0.286621
vt 0.134521 0.265137
vt 0.119812 0.267578
vt 0.137207 0.289062
vt 0.162842 0.305176
vt 0.204346 0.309082
vt 0.219360 0.318359
vt 0.233887 0.325684
vt 0.232910 0.329590
vt 0.252686 0.327148
vt 0.251465 0.334961
vt 0.251465 0.330078
vt 0.264648 0.328125
vt 0.265381 0.326172
vt 0.265869 0.333984
vt 0.416504 0.369629
vt 0.473389 0.368652
vt 0.434570 0.327148
vt 0.451172 0.341797
vt 0.472656 0.327148
vt 0.495850 0.352051
vt 0.421875 0.314453
vt 0.458008 0.311523
vt 0.489502 0.315918
vt 0.528320 0.346191
vt 0.472168 0.291992
vt 0.508301 0.313965
vt 0.439697 0.292480
vt 0.457764 0.267578
vt 0.395752 0.288086
vt 0.530762 0.331055
vt 0.541992 0.342285
vt 0.529785 0.317383
vt 0.520996 0.310547
vt 0.414551 0.264160
vt 0.369873 0.262695
vt 0.436523 0.243164
vt 0.464600 0.248047
vt 0.461182 0.235352
vt 0.357666 0.242188
vt 0.389893 0.234863
vt 0.448242 0.223633
vt 0.467041 0.220215
vt 0.461426 0.208984
vt 0.317383 0.239746
vt 0.410889 0.212891
vt 0.449707 0.198242
vt 0.471436 0.191406
vt 0.459961 0.182129
vt 0.433838 0.204590
vt 0.438721 0.177734
vt 0.459961 0.174316
vt 0.297852 0.215820
vt 0.422119 0.187988
vt 0.272705 0.209961
vt 0.256836 0.196289
vt 0.278320 0.195312
vt 0.317627 0.194824
vt 0.247192 0.174805
vt 0.339600 0.219238
vt 0.268799 0.184082
vt 0.272705 0.164062
vt 0.239380 0.157227
vt 0.223511 0.147949
vt 0.250000 0.150879
vt 0.274414 0.137207
vt 0.240723 0.150879
vt 0.251709 0.126465
vt 0.228394 0.116699
vt 0.370361 0.221680
vt 0.389160 0.201172
vt 0.402344 0.198730
vt 0.397217 0.189453
vt 0.375244 0.196777
vt 0.353027 0.203125
vt 0.363770 0.205566
vt 0.343994 0.188477
vt 0.365234 0.196289
vt 0.375977 0.183105
vt 0.362793 0.183105
vt 0.347412 0.174316
vt 0.361572 0.171875
vt 0.329102 0.183105
vt 0.296387 0.176758
vt 0.328125 0.168945
vt 0.342773 0.163574
vt 0.304199 0.161133
vt 0.317139 0.156250
vt 0.288574 0.148438
vt 0.299805 0.127930
vt 0.307373 0.145996
vt 0.319336 0.152344
vt 0.338867 0.156250
vt 0.320068 0.134766
vt 0.307617 0.114746
vt 0.333984 0.141113
vt 0.285156 0.114258
vt 0.324951 0.124023
vt 0.349854 0.136719
vt 0.339355 0.125488
vt 0.322510 0.114746
vt 0.330811 0.114258
vt 0.336914 0.115723
vt 0.317383 0.110352
vt 0.353271 0.114746
vt 0.358643 0.093262
vt 0.360840 0.099121
vt 0.309814 0.100586
vt 0.319824 0.100586
vt 0.297363 0.094727
vt 0.317383 0.093262
vt 0.328857 0.093262
vt 0.321289 0.087402
vt 0.309082 0.085449
vt 0.326172 0.062988
vt 0.304443 0.077637
vt 0.291748 0.080078
vt 0.272217 0.079590
vt 0.272461 0.095703
vt 0.274658 0.118164
vt 0.265625 0.122559
vt 0.269531 0.115723
vt 0.252686 0.115234
vt 0.256836 0.108887
vt 0.243042 0.069824
vt 0.232910 0.102051
vt 0.264893 0.060547
vt 0.246582 0.055176
vt 0.281982 0.061035
vt 0.274414 0.047852
vt 0.285645 0.049805
vt 0.277100 0.033691
vt 0.263672 0.029785
vt 0.288818 0.036133
vt 0.291016 0.025879
vt 0.235840 0.095215
vt 0.238281 0.067383
vt 0.257324 0.040527
vt 0.280518 0.027832
vt 0.282959 0.021973
vt 0.278809 0.019531
vt 0.281250 0.008789
vt 0.272705 0.021484
vt 0.267578 0.017578
vt 0.265625 0.021484
vt 0.265869 0.016113
vt 0.261230 0.020996
vt 0.257568 0.027344
vt 0.253174 0.036133
vt 0.249878 0.037598
vt 0.248901 0.044922
vt 0.240234 0.040039
vt 0.236816 0.049316
vt 0.219482 0.055176
vt 0.242432 0.029297
vt 0.249878 0.027344
vt 0.252441 0.015625
vt 0.225586 0.044922
vt 0.244751 0.018555
vt 0.250732 0.015625
vt 0.249023 0.002930
vt 0.238525 0.015625
vt 0.233032 0.029785
vt 0.229858 0.035156
vt 0.227417 0.035645
vt 0.217773 0.037109
vt 0.226074 0.028809
vt 0.214722 0.046387
vt 0.197510 0.054199
vt 0.216064 0.066406
vt 0.219360 0.028320
vt 0.226196 0.021484
vt 0.222168 0.020020
vt 0.228027 0.011719
vt 0.217407 0.017578
vt 0.215698 0.027344
vt 0.210815 0.025391
vt 0.211182 0.034668
vt 0.207153 0.031738
vt 0.202148 0.037598
vt 0.204834 0.042480
vt 0.197144 0.044922
vt 0.185181 0.041016
vt 0.196045 0.038574
vt 0.197388 0.021973
vt 0.177124 0.035645
vt 0.169434 0.042480
vt 0.168457 0.038574
vt 0.161255 0.039551
vt 0.156860 0.041992
vt 0.160522 0.034668
vt 0.152954 0.039551
vt 0.169189 0.052246
vt 0.151611 0.050781
vt 0.148804 0.044434
vt 0.144775 0.040039
vt 0.142944 0.042969
vt 0.141968 0.039062
vt 0.135986 0.041016
vt 0.136963 0.050781
vt 0.136230 0.059082
vt 0.184082 0.053223
vt 0.167847 0.059570
vt 0.152710 0.059570
vt 0.152832 0.069336
vt 0.135132 0.066895
vt 0.136597 0.077148
vt 0.184570 0.063965
vt 0.178833 0.083008
vt 0.155029 0.079102
vt 0.152832 0.085449
vt 0.136475 0.082520
vt 0.176025 0.088867
vt 0.198486 0.064453
vt 0.192627 0.093262
vt 0.173340 0.106445
vt 0.192139 0.109863
vt 0.195068 0.087402
vt 0.211548 0.098633
vt 0.209351 0.112305
vt 0.215820 0.092285
vt 0.233032 0.094238
vt 0.166016 0.134766
vt 0.187988 0.142090
vt 0.207642 0.146973
vt 0.136963 0.104980
vt 0.153687 0.104492
vt 0.139771 0.125000
vt 0.152710 0.126953
vt 0.358398 0.163086
vt 0.372314 0.175293
vt 0.381348 0.166504
vt 0.389404 0.180176
vt 0.404053 0.159668
vt 0.411133 0.175781
vt 0.426025 0.168457
vt 0.420654 0.155762
vt 0.447998 0.164062
vt 0.438965 0.156250
vt 0.461670 0.151367
vt 0.468994 0.158203
vt 0.480957 0.148438
vt 0.475098 0.143066
vt 0.452881 0.143555
vt 0.466797 0.134766
vt 0.484863 0.129395
vt 0.432129 0.148438
vt 0.482178 0.123535
vt 0.497314 0.116699
vt 0.479248 0.119629
vt 0.463867 0.126953
vt 0.444824 0.135742
vt 0.421143 0.144531
vt 0.419678 0.138184
vt 0.400146 0.150391
vt 0.388916 0.151367
vt 0.428467 0.141602
vt 0.440430 0.135254
vt 0.446045 0.130859
vt 0.437988 0.132812
vt 0.365234 0.153320
vt 0.386230 0.139648
vt 0.350098 0.151367
vt 0.351318 0.161133
vt 0.372559 0.133301
vt 0.386963 0.125000
vt 0.395020 0.125488
vt 0.400879 0.117188
vt 0.387939 0.119629
vt 0.366699 0.118652
vt 0.378906 0.109863
vt 0.393555 0.105957
vt 0.360352 0.107910
vt 0.372559 0.100098
vt 0.369141 0.094238
vt 0.390381 0.101074
vt 0.399658 0.094727
vt 0.391357 0.091797
vt 0.383545 0.095703
vt 0.383545 0.088379
vt 0.378174 0.085449
vt 0.394043 0.070801
vt 0.396484 0.073242
vt 0.399170 0.075684
vt 0.407471 0.063965
vt 0.544434 0.205566
vt 0.532715 0.187988
vt 0.515137 0.178223
vt 0.496094 0.191406
vt 0.467773 0.242188
vt 0.478760 0.198730
vt 0.491211 0.179199
vt 0.507324 0.162109
vt 0.467041 0.183594
vt 0.491455 0.151855
vt 0.484619 0.171875
vt 0.006390 0.993397
vt 0.080566 0.993397
vt 0.007057 0.968292
vt 0.102966 0.919189
vt 0.025589 0.906311
vt 0.181885 0.993397
vt 0.187866 0.934631
vt 0.248169 0.993397
vt 0.251221 0.939178
vt 0.322021 0.993397
vt 0.326904 0.951355
vt 0.441406 0.993397
vt 0.441650 0.957611
vt 0.544434 0.993397
vt 0.538574 0.937439
vt 0.101746 0.751587
vt 0.077026 0.736328
vt 0.042145 0.755859
vt 0.087158 0.781250
vt 0.030807 0.785645
vt 0.023865 0.833862
vt 0.117554 0.761597
vt 0.120178 0.747314
vt 0.151978 0.781616
vt 0.116028 0.848633
vt 0.183960 0.815918
vt 0.187378 0.785400
vt 0.234619 0.826660
vt 0.258545 0.853882
vt 0.336426 0.889099
vt 0.445557 0.895203
vt 0.532715 0.889709
vt 0.221924 0.802734
vt 0.264648 0.826172
vt 0.236450 0.770142
vt 0.244385 0.808594
vt 0.278320 0.784058
vt 0.295166 0.842529
vt 0.293213 0.830200
vt 0.316406 0.798096
vt 0.313477 0.835938
vt 0.309326 0.848999
vt 0.359619 0.851440
vt 0.354248 0.828125
vt 0.371338 0.814209
vt 0.375244 0.840454
vt 0.389160 0.854858
vt 0.376221 0.837891
vt 0.404297 0.842529
vt 0.392090 0.850464
vt 0.425781 0.863403
vt 0.449707 0.855347
vt 0.439453 0.846558
vt 0.468506 0.863281
vt 0.458496 0.847168
vt 0.516113 0.845093
vt 0.488525 0.849121
vt 0.536133 0.849243
vt 0.510254 0.832031
vt 0.532715 0.825073
vt 0.435303 0.829590
vt 0.520020 0.775513
vt 0.541504 0.813965
vt 0.496094 0.812866
vt 0.494385 0.826416
vt 0.473877 0.845337
vt 0.470215 0.837280
vt 0.470459 0.823242
vt 0.458252 0.815674
vt 0.424805 0.817627
vt 0.457275 0.776611
vt 0.414307 0.800659
vt 0.419434 0.757568
vt 0.348145 0.795044
vt 0.351318 0.739990
vt 0.300781 0.781738
vt 0.287354 0.755371
vt 0.305664 0.766235
vt 0.317871 0.733398
vt 0.288574 0.748535
vt 0.287842 0.738037
vt 0.265137 0.755127
vt 0.248779 0.746582
vt 0.269287 0.705811
vt 0.217041 0.753174
vt 0.184448 0.759644
vt 0.158447 0.767944
vt 0.132812 0.731689
vt 0.193481 0.746338
vt 0.229980 0.683350
vt 0.172119 0.733398
vt 0.174316 0.627441
vt 0.101074 0.714355
vt 0.096619 0.737793
vt 0.095032 0.749268
vt 0.077942 0.733643
vt 0.083313 0.706787
vt 0.061890 0.714844
vt 0.799316 0.908813
vt 0.841309 0.890198
vt 0.792969 0.880676
vt 0.818848 0.921326
vt 0.070435 0.201172
vt 0.082581 0.176270
vt 0.036530 0.180176
vt 0.101013 0.218750
vt 0.228516 0.244629
vt 0.233032 0.285645
vt 0.238281 0.246582
vt 0.202515 0.282715
vt 0.231323 0.318359
vt 0.806641 0.831421
vt 0.807129 0.851685
vt 0.846191 0.841431
vt 0.808594 0.875854
vt 0.809570 0.060547
vt 0.823730 0.045410
vt 0.777832 0.051270
vt 0.804688 0.075195
vt 0.788574 0.042969
vt 0.796387 0.004395
vt 0.763672 0.036133
vt 0.798828 0.040527
vt 0.969727 0.210449
vt 0.919922 0.266602
vt 0.963867 0.271484
vt 0.982422 0.260254
vt 0.865234 0.042969
vt 0.880371 0.020996
vt 0.853027 0.020996
vt 0.884277 0.038086
vt 0.179321 0.619873
vt 0.195557 0.633301
vt 0.214722 0.577881
vt 0.216064 0.631836
vt 0.069336 0.117188
vt 0.057556 0.080566
vt 0.034363 0.102539
vt 0.095398 0.110352
vt 0.514160 0.778564
vt 0.493652 0.777710
vt 0.501465 0.794189
vt 0.490234 0.794678
vt 0.241089 0.318848
vt 0.270264 0.307129
vt 0.244019 0.288574
vt 0.277832 0.267578
vt 0.024460 0.210449
vt 0.011063 0.153809
vt 0.009064 0.218262
vt 0.042877 0.208496
vt 0.052917 0.199219
vt 0.921387 0.227051
vt 0.915527 0.235352
vt 0.982910 0.200195
vt 0.927734 0.195801
vt 0.938965 0.171387
vt 0.908203 0.989105
vt 0.953613 0.994415
vt 0.956055 0.939911
vt 0.910645 0.933044
vt 0.954590 0.871582
vt 0.878418 0.966156
vt 0.873535 0.977081
vt 0.875977 0.950073
vt 0.910645 0.871338
vt 0.952637 0.807129
vt 0.887695 0.903198
vt 0.879883 0.921875
vt 0.888184 0.888184
vt 0.853027 0.929443
vt 0.878418 0.905701
vt 0.840820 0.951294
vt 0.871582 0.965576
vt 0.813477 0.925110
vt 0.837402 0.963348
vt 0.849121 0.974304
vt 0.854004 0.899536
vt 0.863281 0.878357
vt 0.827148 0.873291
vt 0.849121 0.863525
vt 0.865234 0.839111
vt 0.887207 0.860840
vt 0.901367 0.805786
vt 0.916992 0.717529
vt 0.952637 0.718018
vt 0.888672 0.752808
vt 0.881348 0.795654
vt 0.958984 0.652100
vt 0.924805 0.646484
vt 0.935547 0.593994
vt 0.965332 0.597900
vt 0.968750 0.549316
vt 0.879395 0.839355
vt 0.872070 0.815186
vt 0.850098 0.834961
vt 0.854492 0.824707
vt 0.833008 0.819092
vt 0.868652 0.793701
vt 0.874512 0.781738
vt 0.848633 0.774170
vt 0.872559 0.765259
vt 0.879395 0.751709
vt 0.858887 0.755249
vt 0.877441 0.740479
vt 0.885742 0.719971
vt 0.856445 0.723389
vt 0.886230 0.703857
vt 0.896973 0.710938
vt 0.895020 0.677490
vt 0.876465 0.673340
vt 0.896484 0.657959
vt 0.902344 0.649414
vt 0.886230 0.649658
vt 0.899414 0.640381
vt 0.907227 0.629150
vt 0.887207 0.618896
vt 0.899414 0.619629
vt 0.911621 0.616211
vt 0.877441 0.586914
vt 0.919434 0.591553
vt 0.916504 0.588379
vt 0.906738 0.533203
vt 0.929688 0.560059
vt 0.928223 0.531250
vt 0.943848 0.546875
vt 0.933105 0.534668
vt 0.938965 0.512207
vt 0.927734 0.502197
vt 0.940918 0.493652
vt 0.952148 0.499023
vt 0.974121 0.499023
vt 0.953613 0.437988
vt 0.971680 0.442383
vt 0.970703 0.393555
vt 0.980957 0.398438
vt 0.984375 0.388672
vt 0.992188 0.993900
vt 0.993164 0.940643
vt 0.991699 0.869995
vt 0.989746 0.805054
vt 0.985352 0.717529
vt 0.983398 0.654785
vt 0.987305 0.601318
vt 0.988281 0.551025
vt 0.991211 0.500732
vt 0.994629 0.446777
vt 0.995605 0.399414
vt 0.745117 0.770020
vt 0.749512 0.799438
vt 0.763184 0.792480
vt 0.731934 0.809204
vt 0.795898 0.823975
vt 0.780273 0.786255
vt 0.775391 0.824951
vt 0.823730 0.819824
vt 0.742676 0.025879
vt 0.747070 0.004395
vt 0.725098 0.017090
vt 0.756836 0.030762
vt 0.535156 0.681152
vt 0.528809 0.661621
vt 0.515137 0.686279
vt 0.550293 0.675537
vt 0.502930 0.055664
vt 0.520508 0.057129
vt 0.505371 0.039062
vt 0.526367 0.038086
vt 0.511230 0.024902
vt 0.515137 0.021484
vt 0.532715 0.021973
vt 0.518555 0.015625
vt 0.520508 0.014160
vt 0.533203 0.020508
vt 0.549316 0.054688
vt 0.554688 0.032715
vt 0.551758 0.044434
vt 0.553711 0.034668
vt 0.562500 0.037598
vt 0.560547 0.040527
vt 0.562988 0.049805
vt 0.562012 0.055664
vt 0.564941 0.044434
vt 0.584473 0.053223
vt 0.352051 0.004883
vt 0.337158 0.007812
vt 0.339111 0.023926
vt 0.353271 0.021484
vt 0.343262 0.041992
vt 0.356934 0.039062
vt 0.379883 0.011719
vt 0.380371 0.020996
vt 0.380371 0.031250
vt 0.384766 0.026367
vt 0.387939 0.028320
vt 0.391357 0.022949
vt 0.392578 0.018555
vt 0.392334 0.014160
vt 0.411865 0.023438
vt 0.787598 0.079102
vt 0.782715 0.076660
vt 0.786133 0.080566
vt 0.777832 0.081543
vt 0.777832 0.072266
vt 0.763184 0.083008
vt 0.757324 0.068359
vt 0.735840 0.087402
vt 0.766113 0.061523
vt 0.779297 0.068359
vt 0.780273 0.072266
vt 0.746582 0.052246
vt 0.752930 0.048828
vt 0.747070 0.049316
vt 0.747559 0.045898
vt 0.752441 0.044434
vt 0.737793 0.049805
vt 0.741699 0.054199
vt 0.731445 0.062500
vt 0.733398 0.076660
vt 0.729492 0.069336
vt 0.720703 0.074707
vt 0.720703 0.080566
vt 0.714355 0.077637
vt 0.713867 0.086426
vt 0.712891 0.092285
vt 0.699219 0.090820
vt 0.655273 0.072266
vt 0.652832 0.068359
vt 0.651367 0.070312
vt 0.647949 0.054199
vt 0.628906 0.056641
vt 0.637207 0.047852
vt 0.622559 0.034668
vt 0.598633 0.036133
vt 0.638184 0.030273
vt 0.601562 0.028320
vt 0.578125 0.028809
vt 0.579102 0.024414
vt 0.563965 0.021973
vt 0.579590 0.020020
vt 0.597168 0.018066
vt 0.605469 0.018555
vt 0.596191 0.011230
vt 0.606445 0.014648
vt 0.624512 0.015137
vt 0.643555 0.013184
vt 0.649414 0.023926
vt 0.653809 0.037598
vt 0.665527 0.012695
vt 0.652344 0.010742
vt 0.665039 0.018555
vt 0.687500 0.021484
vt 0.682129 0.033203
vt 0.708008 0.040527
vt 0.713379 0.030762
vt 0.726562 0.041504
vt 0.728027 0.034668
vt 0.735840 0.038086
vt 0.732422 0.044922
vt 0.737305 0.039551
vt 0.719238 0.051758
vt 0.716309 0.048340
vt 0.702148 0.052734
vt 0.691895 0.048340
vt 0.694824 0.059570
vt 0.688477 0.060547
vt 0.690430 0.065430
vt 0.681152 0.062988
vt 0.684570 0.058105
vt 0.676758 0.048340
vt 0.675781 0.041016
vt 0.670410 0.031250
vt 0.668457 0.034180
vt 0.663086 0.029297
vt 0.668945 0.026855
vt 0.664062 0.020996
vt 0.651367 0.012695
vt 0.683105 0.078613
vt 0.685547 0.089844
vt 0.687500 0.080078
vt 0.658203 0.085938
vt 0.655762 0.106934
vt 0.676270 0.110840
vt 0.659668 0.129395
vt 0.623535 0.099121
vt 0.643066 0.122070
vt 0.625000 0.117676
vt 0.601074 0.104492
vt 0.601562 0.107422
vt 0.588379 0.112793
vt 0.602539 0.110352
vt 0.370117 0.071777
vt 0.355225 0.062500
vt 0.364746 0.074707
vt 0.346680 0.079590
vt 0.354980 0.089355
vt 0.337646 0.101074
vt 0.335205 0.059570
vt 0.340088 0.057129
vt 0.344482 0.053223
vt 0.337158 0.045410
vt 0.076294 0.377441
vt 0.053436 0.374512
vt 0.062561 0.391602
vt 0.048309 0.389160
vt 0.052002 0.396973
vt 0.021927 0.370117
vt 0.033478 0.384277
vt 0.026932 0.387695
vt 0.043823 0.403809
vt 0.033569 0.395020
vt 0.036865 0.412598
vt 0.026489 0.416992
vt 0.030396 0.416992
vt 0.225342 0.469727
vt 0.247681 0.486816
vt 0.246216 0.472168
vt 0.262451 0.476562
vt 0.273682 0.464844
vt 0.263428 0.484375
vt 0.268311 0.477539
vt 0.270508 0.501709
vt 0.273682 0.500732
vt 0.453125 0.458984
vt 0.447754 0.471680
vt 0.468262 0.478027
vt 0.471680 0.461914
vt 0.492920 0.477051
vt 0.487793 0.483887
vt 0.483643 0.456543
vt 0.481445 0.436035
vt 0.474121 0.435547
vt 0.474854 0.401855
vt 0.486328 0.744873
vt 0.491211 0.740723
vt 0.479492 0.739502
vt 0.494385 0.718750
vt 0.499268 0.733154
vt 0.479248 0.714600
vt 0.508789 0.724854
vt 0.484619 0.691406
vt 0.476318 0.693604
vt 0.472900 0.657227
vt 0.511719 0.707031
vt 0.520020 0.717773
vt 0.353027 0.785278
vt 0.363037 0.786865
vt 0.348389 0.779297
vt 0.365479 0.767822
vt 0.368164 0.781860
vt 0.382324 0.774170
vt 0.356934 0.764893
vt 0.389404 0.762695
vt 0.369385 0.750366
vt 0.363037 0.745117
vt 0.361816 0.738770
vt 0.376465 0.732178
vt 0.382568 0.748291
vt 0.402832 0.752930
vt 0.397705 0.737305
vt 0.417236 0.735840
vt 0.420654 0.742676
vt 0.392578 0.728271
vt 0.435059 0.734131
vt 0.407471 0.727539
vt 0.407227 0.723145
vt 0.412354 0.723877
vt 0.410645 0.728027
vt 0.416260 0.728516
vt 0.429932 0.724365
vt 0.431885 0.729492
vt 0.445557 0.720947
vt 0.437012 0.777222
vt 0.445557 0.780396
vt 0.433105 0.769897
vt 0.445068 0.764404
vt 0.435791 0.764526
vt 0.456055 0.770996
vt 0.458008 0.747070
vt 0.466309 0.765991
vt 0.437500 0.750610
vt 0.471680 0.757446
vt 0.446289 0.742188
vt 0.472168 0.743408
vt 0.460449 0.728027
vt 0.449951 0.727539
vt 0.470215 0.728760
vt 0.453857 0.709717
vt 0.468262 0.716553
vt 0.470215 0.715332
vt 0.468994 0.711914
vt 0.466309 0.715820
vt 0.458740 0.710205
vt 0.457520 0.695312
vt 0.463623 0.709473
vt 0.461182 0.696045
vt 0.464600 0.683350
vt 0.464111 0.696533
vt 0.401367 0.130371
vt 0.425781 0.130371
vt 0.405273 0.113770
vt 0.425781 0.117676
vt 0.445312 0.122070
vt 0.413086 0.096680
vt 0.408936 0.098145
vt 0.403809 0.099609
vt 0.400635 0.089355
vt 0.701660 0.149902
vt 0.732910 0.110352
vt 0.685059 0.133789
vt 0.754395 0.137695
vt 0.878418 0.259766
vt 0.865234 0.208984
vt 0.845215 0.246094
vt 0.908203 0.201660
vt 0.909180 0.258789
vt 0.972168 0.302734
vt 0.961914 0.281738
vt 0.940918 0.291504
vt 0.929688 0.315918
vt 0.965820 0.343262
vt 0.984863 0.322266
vt 0.995605 0.335449
vt 0.612793 0.166016
vt 0.617676 0.147461
vt 0.603516 0.135254
vt 0.579102 0.158691
vt 0.529785 0.173340
vt 0.570312 0.194824
vt 0.588867 0.121094
vt 0.564941 0.142578
vt 0.983887 0.366211
vt 0.646973 0.145508
vt 0.012390 0.437988
vt 0.012550 0.465820
vt 0.031799 0.439453
vt 0.030365 0.469238
vt 0.011627 0.488281
vt 0.029480 0.491699
vt 0.011414 0.499512
vt 0.028336 0.500244
vt 0.011848 0.508301
vt 0.027344 0.510254
vt 0.012383 0.528809
vt 0.045990 0.503662
vt 0.047180 0.495605
vt 0.050507 0.472656
vt 0.026840 0.529785
vt 0.011986 0.554688
vt 0.044922 0.514648
vt 0.052216 0.440918
vt 0.045502 0.432617
vt 0.055450 0.421875
vt 0.072388 0.430176
vt 0.065186 0.406250
vt 0.071411 0.444824
vt 0.077942 0.412109
vt 0.075867 0.392090
vt 0.091003 0.438965
vt 0.093018 0.414062
vt 0.091064 0.384766
vt 0.108521 0.416016
vt 0.112183 0.380859
vt 0.067322 0.477051
vt 0.088257 0.451660
vt 0.127686 0.417480
vt 0.138672 0.385742
vt 0.104675 0.442871
vt 0.146729 0.421387
vt 0.162476 0.399414
vt 0.123474 0.446777
vt 0.102417 0.455566
vt 0.162720 0.423828
vt 0.177856 0.413086
vt 0.193115 0.426270
vt 0.148193 0.447266
vt 0.169678 0.440918
vt 0.198730 0.447754
vt 0.194336 0.466309
vt 0.219116 0.475098
vt 0.081726 0.479492
vt 0.122070 0.458984
vt 0.166992 0.461914
vt 0.096191 0.482422
vt 0.078186 0.496582
vt 0.146240 0.461914
vt 0.128540 0.486328
vt 0.161011 0.487305
vt 0.184692 0.492188
vt 0.064270 0.496094
vt 0.062927 0.505127
vt 0.075867 0.505371
vt 0.092041 0.498047
vt 0.120728 0.505127
vt 0.149780 0.512695
vt 0.060638 0.515625
vt 0.071655 0.518311
vt 0.088989 0.508057
vt 0.172485 0.518555
vt 0.114685 0.517334
vt 0.139893 0.529053
vt 0.055389 0.532715
vt 0.067505 0.536133
vt 0.084106 0.521240
vt 0.106262 0.530273
vt 0.128906 0.542969
vt 0.042114 0.531250
vt 0.078369 0.539795
vt 0.096741 0.549072
vt 0.059082 0.566162
vt 0.046967 0.562256
vt 0.034332 0.559082
vt 0.115173 0.561279
vt 0.023300 0.557129
vt 0.009163 0.572998
vt 0.019623 0.574951
vt 0.028671 0.576172
vt 0.040192 0.579102
vt 0.050079 0.582520
vt 0.068176 0.569824
vt 0.060455 0.586670
vt 0.072449 0.593506
vt 0.082947 0.575439
vt 0.096313 0.582520
vt 0.090393 0.602539
vt 0.114624 0.591309
vt 0.107483 0.609375
vt 0.133057 0.600098
vt 0.118896 0.615234
vt 0.125000 0.621826
vt 0.132812 0.570312
vt 0.148804 0.552246
vt 0.161743 0.535889
vt 0.158691 0.568848
vt 0.169678 0.557129
vt 0.181519 0.543457
vt 0.159790 0.581055
vt 0.178711 0.565186
vt 0.192139 0.526123
vt 0.189453 0.550049
vt 0.168457 0.591064
vt 0.188477 0.572998
vt 0.199707 0.559814
vt 0.141968 0.609131
vt 0.149536 0.620117
vt 0.133545 0.631348
vt 0.177490 0.603760
vt 0.200073 0.583496
vt 0.209839 0.568848
vt 0.219727 0.551758
vt 0.210083 0.543213
vt 0.239624 0.529053
vt 0.201172 0.534912
vt 0.228516 0.518555
vt 0.257080 0.504395
vt 0.246460 0.496582
vt 0.217407 0.509277
vt 0.205566 0.500244
vt 0.229736 0.490234
vt 0.230591 0.485352
vt 0.216064 0.481934
vt 0.484131 0.559082
vt 0.471680 0.559570
vt 0.466553 0.575195
vt 0.480225 0.577393
vt 0.461182 0.591309
vt 0.493408 0.575928
vt 0.495117 0.556641
vt 0.471436 0.596924
vt 0.452148 0.606689
vt 0.506348 0.574463
vt 0.506348 0.553711
vt 0.488770 0.601807
vt 0.520996 0.574463
vt 0.520020 0.551514
vt 0.505371 0.599365
vt 0.539062 0.571777
vt 0.538086 0.549072
vt 0.555664 0.569092
vt 0.554199 0.547363
vt 0.565918 0.548096
vt 0.565918 0.567627
vt 0.560547 0.584717
vt 0.571289 0.583740
vt 0.548828 0.588867
vt 0.565430 0.596680
vt 0.572754 0.594727
vt 0.536621 0.594238
vt 0.523438 0.596191
vt 0.553223 0.604492
vt 0.570801 0.603516
vt 0.576172 0.601074
vt 0.561523 0.610596
vt 0.576660 0.610352
vt 0.581543 0.605957
vt 0.539551 0.610352
vt 0.585449 0.616699
vt 0.589844 0.613525
vt 0.600098 0.628418
vt 0.552734 0.618164
vt 0.570312 0.617920
vt 0.591797 0.627197
vt 0.579102 0.629639
vt 0.581055 0.623291
vt 0.569336 0.626709
vt 0.562012 0.627197
vt 0.543457 0.623291
vt 0.546875 0.638916
vt 0.561035 0.637695
vt 0.564941 0.648438
vt 0.530762 0.614502
vt 0.554199 0.652100
vt 0.567871 0.674561
vt 0.545898 0.659668
vt 0.535645 0.647949
vt 0.528809 0.640869
vt 0.535645 0.627686
vt 0.516113 0.619141
vt 0.527344 0.631836
vt 0.513672 0.634277
vt 0.521484 0.648682
vt 0.505371 0.619141
vt 0.504883 0.633301
vt 0.511719 0.646729
vt 0.512695 0.665771
vt 0.503418 0.645020
vt 0.505371 0.660400
vt 0.500000 0.680420
vt 0.496094 0.663086
vt 0.489746 0.664795
vt 0.484619 0.650879
vt 0.492920 0.645752
vt 0.481689 0.636475
vt 0.493652 0.635254
vt 0.481934 0.629395
vt 0.488525 0.619873
vt 0.471191 0.621338
vt 0.471924 0.613281
vt 0.461670 0.620605
vt 0.458252 0.611572
vt 0.450928 0.620850
vt 0.454590 0.627441
vt 0.445557 0.615967
vt 0.444580 0.634766
vt 0.418213 0.531494
vt 0.418701 0.514648
vt 0.408936 0.514404
vt 0.406982 0.531250
vt 0.416748 0.549316
vt 0.399414 0.510254
vt 0.407227 0.550293
vt 0.417236 0.567627
vt 0.392334 0.525146
vt 0.389404 0.503174
vt 0.388916 0.542480
vt 0.379883 0.518311
vt 0.384033 0.496582
vt 0.371826 0.512695
vt 0.372314 0.531982
vt 0.363770 0.526611
vt 0.363037 0.544434
vt 0.360107 0.536133
vt 0.355225 0.539551
vt 0.408203 0.567139
vt 0.416016 0.578857
vt 0.390381 0.554443
vt 0.409424 0.578369
vt 0.403320 0.593750
vt 0.401123 0.581543
vt 0.400879 0.571045
vt 0.393799 0.575195
vt 0.390137 0.565430
vt 0.373779 0.563721
vt 0.380371 0.576172
vt 0.361572 0.567627
vt 0.376709 0.581543
vt 0.365723 0.582031
vt 0.352051 0.572754
vt 0.358398 0.584717
vt 0.372559 0.594727
vt 0.363525 0.591553
vt 0.362549 0.606201
vt 0.368652 0.607910
vt 0.363770 0.627197
vt 0.350098 0.590332
vt 0.355225 0.555176
vt 0.343506 0.581787
vt 0.332031 0.600830
vt 0.336182 0.573730
vt 0.343018 0.564453
vt 0.348389 0.558350
vt 0.356201 0.546631
vt 0.348877 0.540039
vt 0.347412 0.548584
vt 0.343750 0.555176
vt 0.337402 0.545166
vt 0.338867 0.536865
vt 0.335449 0.551270
vt 0.321777 0.535889
vt 0.007965 0.608643
vt 0.014893 0.592041
vt 0.006069 0.595947
vt 0.017166 0.602295
vt 0.021210 0.612305
vt 0.041748 0.586914
vt 0.032806 0.624756
vt 0.007217 0.640381
vt 0.021194 0.642090
vt 0.024414 0.650146
vt 0.007988 0.679932
vt 0.226929 0.667236
vt 0.225098 0.658691
vt 0.217773 0.671875
vt 0.215698 0.661865
vt 0.197632 0.693848
vt 0.190918 0.666260
vt 0.210327 0.636963
vt 0.187134 0.684814
vt 0.180054 0.688721
vt 0.176025 0.719238
vt 0.271484 0.541504
vt 0.273193 0.516846
vt 0.280273 0.521484
vt 0.298096 0.491211
vt 0.292969 0.525146
vt 0.290039 0.542969
vt 0.286865 0.560791
vt 0.294189 0.551514
vt 0.301758 0.560547
vt 0.307617 0.530762
vt 0.311768 0.562012
vt 0.310547 0.581787
vt 0.313232 0.588623
vt 0.319336 0.596680
vt 0.332275 0.572754
vt 0.326660 0.601562
vt 0.954590 0.114258
vt 0.923828 0.113281
vt 0.944824 0.089355
vt 0.954102 0.141113
vt 0.904297 0.087402
vt 0.933105 0.163086
vt 0.885742 0.100098
vt 0.876953 0.059082
vt 0.862793 0.060059
vt 0.902344 0.141113
vt 0.848145 0.095215
vt 0.825195 0.067871
vt 0.802246 0.083496
vt 0.882324 0.171875
vt 0.820312 0.177246
vt 0.867188 0.118652
vt 0.854980 0.147949
vt 0.796387 0.117676
vt 0.011375 0.224121
vt 0.032410 0.223145
vt 0.045959 0.232422
vt 0.049774 0.211426
vt 0.059601 0.226562
vt 0.016678 0.250488
vt 0.104309 0.229980
vt 0.029144 0.264648
vt 0.003258 0.272949
vt 0.041962 0.287109
vt 0.013443 0.069824
vt 0.011581 0.063965
vt 0.014893 0.063477
vt 0.009430 0.067871
vt 0.004818 0.064453
vt 0.008904 0.060059
vt 0.011658 0.056152
vt 0.008904 0.054688
vt 0.006626 0.059570
vt 0.004467 0.059082
vt 0.005432 0.054688
vt 0.010269 0.042480
vt 0.001673 0.046875
vt 0.004616 0.039062
vt 0.009064 0.049805
vt 0.013466 0.033691
vt 0.018494 0.050781
vt 0.024658 0.042969
vt 0.028900 0.034668
vt 0.028915 0.049805
vt 0.040710 0.039551
vt 0.035736 0.045898
vt 0.156372 0.005371
vt 0.146240 0.014648
vt 0.126587 0.004883
vt 0.130371 0.026855
vt 0.154297 0.025391
vt 0.161377 0.008301
vt 0.180176 0.008789
vt 0.175659 0.016602
vt 0.183228 0.023438
vt 0.162476 0.025879
vt 0.000000 0.000000
s 1
usemtl Con1000_skin_61_march20228
f 1/1/1 2/2/2 3/3/3
f 4/2/4 5/1/5 6/3/6
f 7/4/7 8/5/8 9/6/9
f 10/7/10 11/8/11 12/9/12
f 13/5/13 14/4/14 15/6/15
f 16/8/16 17/7/17 18/9/18
f 19/10/19 20/11/20 21/12/21
f 22/13/22 23/14/23 24/15/24
f 25/16/25 26/17/26 27/18/27
f 28/19/28 27/18/27 26/17/26
f 28/19/28 29/20/29 27/18/27
f 26/17/26 30/21/30 28/19/28
f 31/22/31 29/20/29 28/19/28
f 30/21/30 32/23/32 28/19/28
f 33/24/33 32/23/32 30/21/30
f 33/24/33 34/25/34 32/23/32
f 28/19/28 32/23/32 35/26/35
f 35/26/35 32/23/32 34/25/34
f 35/26/35 31/22/31 28/19/28
f 36/27/36 35/26/35 34/25/34
f 31/22/31 35/26/35 37/28/37
f 35/26/35 36/27/36 37/28/37
f 37/28/37 38/29/38 31/22/31
f 39/30/39 37/28/37 36/27/36
f 38/29/38 37/28/37 39/30/39
f 36/27/36 40/31/40 39/30/39
f 41/32/41 38/29/38 39/30/39
f 41/32/41 42/33/42 38/29/38
f 42/33/42 41/32/41 43/34/43
f 42/33/42 43/34/43 44/35/44
f 45/36/45 44/35/44 43/34/43
f 46/37/46 39/30/39 40/31/40
f 40/31/40 47/38/47 46/37/46
f 46/37/46 47/38/47 48/39/48
f 49/40/49 41/32/41 39/30/39
f 39/30/39 46/37/46 49/40/49
f 48/39/48 50/41/50 46/37/46
f 50/41/50 49/40/49 46/37/46
f 51/42/51 50/41/50 48/39/48
f 50/41/50 51/42/51 52/43/52
f 52/43/52 51/42/51 53/44/53
f 41/32/41 54/45/54 43/34/43
f 41/32/41 49/40/49 54/45/54
f 54/45/54 49/40/49 55/46/55
f 54/45/54 55/46/55 43/34/43
f 49/40/49 50/41/50 56/47/56
f 56/47/56 50/41/50 52/43/52
f 55/46/55 49/40/49 56/47/56
f 57/48/57 45/36/45 43/34/43
f 58/49/58 45/36/45 57/48/57
f 59/50/59 57/48/57 43/34/43
f 55/46/55 59/50/59 43/34/43
f 59/50/59 58/49/58 57/48/57
f 59/50/59 55/46/55 60/51/60
f 61/52/61 52/43/52 53/44/53
f 61/52/61 53/44/53 62/53/62
f 63/54/63 61/52/61 62/53/62
f 64/55/64 55/46/55 56/47/56
f 56/47/56 65/56/65 64/55/64
f 52/43/52 65/56/65 56/47/56
f 64/55/64 66/57/66 55/46/55
f 55/46/55 66/57/66 60/51/60
f 64/55/64 65/56/65 66/57/66
f 67/58/67 58/49/58 59/50/59
f 59/50/59 68/59/68 67/58/67
f 68/59/68 59/50/59 60/51/60
f 58/49/58 67/58/67 69/60/69
f 67/58/67 68/59/68 69/60/69
f 70/61/70 58/49/58 69/60/69
f 69/60/69 71/62/71 70/61/70
f 69/60/69 68/59/68 72/63/72
f 72/63/72 68/59/68 60/51/60
f 69/60/69 73/64/73 71/62/71
f 72/63/72 73/64/73 69/60/69
f 73/64/73 74/65/74 71/62/71
f 75/66/75 71/62/71 74/65/74
f 74/65/74 76/67/76 75/66/75
f 75/66/75 76/67/76 77/68/77
f 77/68/77 78/69/78 75/66/75
f 79/70/79 74/65/74 73/64/73
f 72/63/72 79/70/79 73/64/73
f 80/71/80 74/65/74 79/70/79
f 60/51/60 81/72/81 72/63/72
f 79/70/79 72/63/72 81/72/81
f 79/70/79 82/73/82 80/71/80
f 83/74/83 80/71/80 82/73/82
f 79/70/79 84/75/84 82/73/82
f 81/72/81 84/75/84 79/70/79
f 84/75/84 85/76/85 82/73/82
f 84/75/84 86/77/86 85/76/85
f 86/77/86 84/75/84 87/78/87
f 88/79/88 87/78/87 84/75/84
f 88/79/88 84/75/84 81/72/81
f 81/72/81 89/80/89 88/79/88
f 81/72/81 60/51/60 90/81/90
f 81/72/81 90/81/90 89/80/89
f 91/82/91 90/81/90 60/51/60
f 91/82/91 60/51/60 66/57/66
f 90/81/90 91/82/91 92/83/92
f 91/82/91 66/57/66 92/83/92
f 92/83/92 89/80/89 90/81/90
f 66/57/66 65/56/65 92/83/92
f 93/84/93 92/83/92 65/56/65
f 89/80/89 92/83/92 93/84/93
f 93/84/93 65/56/65 94/85/94
f 89/80/89 93/84/93 94/85/94
f 65/56/65 52/43/52 94/85/94
f 95/86/95 94/85/94 52/43/52
f 94/85/94 95/86/95 89/80/89
f 52/43/52 61/52/61 95/86/95
f 89/80/89 95/86/95 96/87/96
f 89/80/89 96/87/96 88/79/88
f 95/86/95 61/52/61 97/88/97
f 95/86/95 97/88/97 96/87/96
f 61/52/61 98/89/98 97/88/97
f 98/89/98 96/87/96 97/88/97
f 98/89/98 88/79/88 96/87/96
f 61/52/61 63/54/63 98/89/98
f 99/90/99 88/79/88 98/89/98
f 98/89/98 63/54/63 99/90/99
f 99/90/99 87/78/87 88/79/88
f 99/90/99 100/91/100 87/78/87
f 101/92/101 100/91/100 99/90/99
f 99/90/99 102/93/102 101/92/101
f 99/90/99 63/54/63 102/93/102
f 102/93/102 63/54/63 103/94/103
f 63/54/63 104/95/104 103/94/103
f 103/94/103 104/95/104 105/96/105
f 103/94/103 105/96/105 106/97/106
f 63/54/63 107/98/107 104/95/104
f 105/96/105 104/95/104 107/98/107
f 62/53/62 107/98/107 63/54/63
f 107/98/107 62/53/62 105/96/105
f 106/97/106 105/96/105 108/99/108
f 108/99/108 105/96/105 62/53/62
f 108/99/108 109/100/109 106/97/106
f 108/99/108 62/53/62 110/101/110
f 108/99/108 111/102/111 109/100/109
f 111/102/111 108/99/108 110/101/110
f 112/103/112 113/104/113 114/105/114
f 114/105/114 115/106/115 112/103/112
f 114/105/114 116/107/116 115/106/115
f 117/108/117 112/103/112 115/106/115
f 115/106/115 118/109/118 117/108/117
f 119/110/119 115/106/115 116/107/116
f 118/109/118 115/106/115 119/110/119
f 119/110/119 120/111/120 118/109/118
f 118/109/118 121/112/121 117/108/117
f 118/109/118 120/111/120 122/113/122
f 122/113/122 123/114/123 118/109/118
f 120/111/120 124/115/124 122/113/122
f 122/113/122 124/115/124 125/116/125
f 124/115/124 126/117/126 125/116/125
f 125/116/125 126/117/126 127/118/127
f 125/116/125 127/118/127 128/119/128
f 129/120/129 122/113/122 125/116/125
f 125/116/125 128/119/128 129/120/129
f 123/114/123 122/113/122 129/120/129
f 130/121/130 129/120/129 128/119/128
f 129/120/129 130/121/130 131/122/131
f 129/120/129 131/122/131 123/114/123
f 131/122/131 130/121/130 132/123/132
f 133/124/133 132/123/132 130/121/130
f 134/125/134 121/112/121 118/109/118
f 118/109/118 123/114/123 134/125/134
f 132/123/132 135/126/135 131/122/131
f 131/122/131 135/126/135 123/114/123
f 136/127/136 132/123/132 133/124/133
f 133/124/133 137/128/137 136/127/136
f 138/129/138 135/126/135 132/123/132
f 132/123/132 136/127/136 138/129/138
f 136/127/136 137/128/137 139/130/139
f 140/131/140 139/130/139 137/128/137
f 140/131/140 141/132/141 139/130/139
f 139/130/139 141/132/141 142/133/142
f 143/134/143 139/130/139 142/133/142
f 139/130/139 143/134/143 136/127/136
f 144/135/144 136/127/136 143/134/143
f 138/129/138 136/127/136 144/135/144
f 145/136/145 138/129/138 144/135/144
f 138/129/138 145/136/145 146/137/146
f 138/129/138 146/137/146 147/138/147
f 147/138/147 135/126/135 138/129/138
f 148/139/148 135/126/135 147/138/147
f 148/139/148 147/138/147 149/140/149
f 123/114/123 135/126/135 148/139/148
f 148/139/148 149/140/149 150/141/150
f 150/141/150 149/140/149 151/142/151
f 152/143/152 150/141/150 151/142/151
f 150/141/150 152/143/152 153/144/153
f 150/141/150 153/144/153 148/139/148
f 154/145/154 153/144/153 152/143/152
f 148/139/148 155/146/155 123/114/123
f 148/139/148 153/144/153 155/146/155
f 134/125/134 123/114/123 155/146/155
f 156/147/156 134/125/134 155/146/155
f 155/146/155 153/144/153 156/147/156
f 156/147/156 121/112/121 134/125/134
f 153/144/153 154/145/154 157/148/157
f 156/147/156 153/144/153 157/148/157
f 154/145/154 158/149/158 157/148/157
f 158/149/158 159/150/159 157/148/157
f 156/147/156 160/151/160 121/112/121
f 160/151/160 156/147/156 157/148/157
f 160/151/160 157/148/157 159/150/159
f 161/152/161 121/112/121 160/151/160
f 160/151/160 159/150/159 162/153/162
f 161/152/161 160/151/160 162/153/162
f 163/154/163 164/155/164 165/156/165
f 165/156/165 164/155/164 166/157/166
f 166/157/166 164/155/164 167/158/167
f 164/155/164 168/159/168 167/158/167
f 167/158/167 169/160/169 166/157/166
f 169/160/169 170/161/170 166/157/166
f 171/162/171 170/161/170 169/160/169
f 168/159/168 172/163/172 167/158/167
f 169/160/169 167/158/167 172/163/172
f 173/164/173 172/163/172 168/159/168
f 171/162/171 169/160/169 174/165/174
f 174/165/174 169/160/169 172/163/172
f 174/165/174 175/166/175 171/162/171
f 172/163/172 173/164/173 176/167/176
f 177/168/177 176/167/176 173/164/173
f 178/169/178 176/167/176 177/168/177
f 172/163/172 176/167/176 179/170/179
f 178/169/178 179/170/179 176/167/176
f 179/170/179 174/165/174 172/163/172
f 180/171/180 179/170/179 178/169/178
f 180/171/180 181/172/181 179/170/179
f 181/172/181 174/165/174 179/170/179
f 182/173/182 175/166/175 174/165/174
f 181/172/181 182/173/182 174/165/174
f 182/173/182 183/174/183 175/166/175
f 184/175/184 182/173/182 181/172/181
f 182/173/182 185/176/185 183/174/183
f 182/173/182 184/175/184 185/176/185
f 186/177/186 187/178/187 188/179/188
f 189/180/189 187/178/187 186/177/186
f 190/181/190 187/178/187 189/180/189
f 191/182/191 192/183/192 193/184/193
f 193/184/193 192/183/192 194/185/194
f 195/186/195 196/187/196 197/188/197
f 198/189/198 195/186/195 197/188/197
f 199/190/199 200/191/200 201/192/201
f 200/191/200 202/193/202 201/192/201
f 203/194/203 204/195/204 205/196/205
f 204/195/204 206/197/206 205/196/205
f 207/198/207 208/199/208 209/200/209
f 210/201/210 209/200/209 208/199/208
f 211/202/211 212/203/212 213/204/213
f 213/204/213 214/205/214 211/202/211
f 215/206/215 211/202/211 214/205/214
f 211/202/211 215/206/215 216/207/216
f 215/206/215 217/208/217 216/207/216
f 218/209/218 217/208/217 215/206/215
f 218/209/218 215/206/215 214/205/214
f 219/210/219 218/209/218 214/205/214
f 220/211/220 218/209/218 219/210/219
f 219/210/219 221/212/221 220/211/220
f 220/211/220 221/212/221 222/213/222
f 222/213/222 221/212/221 223/214/223
f 223/214/223 221/212/221 224/215/224
f 225/216/225 223/214/223 224/215/224
f 221/212/221 219/210/219 226/217/226
f 224/215/224 221/212/221 226/217/226
f 227/218/227 219/210/219 214/205/214
f 227/218/227 226/217/226 219/210/219
f 228/219/228 214/205/214 213/204/213
f 214/205/214 228/219/228 227/218/227
f 229/220/229 228/219/228 213/204/213
f 224/215/224 230/221/230 225/216/225
f 231/222/231 225/216/225 230/221/230
f 232/223/232 231/222/231 230/221/230
f 224/215/224 232/223/232 230/221/230
f 232/223/232 224/215/224 233/224/233
f 233/224/233 224/215/224 226/217/226
f 226/217/226 234/225/234 233/224/233
f 234/225/234 226/217/226 235/226/235
f 226/217/226 227/218/227 235/226/235
f 227/218/227 236/227/236 235/226/235
f 236/227/236 227/218/227 237/228/237
f 227/218/227 228/219/228 237/228/237
f 238/229/238 237/228/237 228/219/228
f 228/219/228 229/220/229 238/229/238
f 238/229/238 229/220/229 239/230/239
f 240/231/240 239/230/239 229/220/229
f 229/220/229 241/232/241 240/231/240
f 240/231/240 241/232/241 242/233/242
f 243/234/243 241/232/241 229/220/229
f 229/220/229 244/235/244 243/234/243
f 213/204/213 244/235/244 229/220/229
f 213/204/213 245/236/245 244/235/244
f 245/236/245 213/204/213 246/237/246
f 247/238/247 241/232/241 243/234/243
f 248/239/248 241/232/241 247/238/247
f 241/232/241 249/240/249 242/233/242
f 241/232/241 248/239/248 249/240/249
f 249/240/249 250/241/250 242/233/242
f 251/242/251 242/233/242 250/241/250
f 252/243/252 251/242/251 250/241/250
f 253/244/253 249/240/249 248/239/248
f 253/244/253 250/241/250 249/240/249
f 250/241/250 254/245/254 252/243/252
f 254/245/254 250/241/250 253/244/253
f 255/246/255 252/243/252 254/245/254
f 256/247/256 255/246/255 254/245/254
f 257/248/257 253/244/253 248/239/248
f 253/244/253 257/248/257 254/245/254
f 256/247/256 254/245/254 257/248/257
f 248/239/248 258/249/258 257/248/257
f 256/247/256 257/248/257 259/250/259
f 259/250/259 257/248/257 258/249/258
f 260/251/260 259/250/259 258/249/258
f 261/252/261 262/253/262 263/254/263
f 263/254/263 262/253/262 264/255/264
f 265/256/265 264/255/264 262/253/262
f 263/254/263 264/255/264 266/257/266
f 266/257/266 267/258/267 263/254/263
f 266/257/266 268/259/268 267/258/267
f 268/259/268 266/257/266 269/260/269
f 266/257/266 264/255/264 269/260/269
f 270/261/270 268/259/268 269/260/269
f 271/262/271 264/255/264 265/256/265
f 271/262/271 265/256/265 272/263/272
f 273/264/273 270/261/270 269/260/269
f 273/264/273 274/265/274 270/261/270
f 275/266/275 273/264/273 269/260/269
f 273/264/273 275/266/275 276/267/276
f 273/264/273 277/268/277 274/265/274
f 273/264/273 276/267/276 277/268/277
f 278/269/278 277/268/277 276/267/276
f 269/260/269 264/255/264 279/270/279
f 269/260/269 279/270/279 275/266/275
f 275/266/275 279/270/279 280/271/280
f 281/272/281 279/270/279 264/255/264
f 281/272/281 264/255/264 271/262/271
f 279/270/279 281/272/281 280/271/280
f 281/272/281 271/262/271 282/273/282
f 281/272/281 282/273/282 280/271/280
f 272/263/272 283/274/283 271/262/271
f 283/274/283 282/273/282 271/262/271
f 284/275/284 283/274/283 272/263/272
f 272/263/272 285/276/285 284/275/284
f 276/267/276 286/277/286 278/269/278
f 278/269/278 286/277/286 287/278/287
f 286/277/286 288/279/288 287/278/287
f 288/279/288 286/277/286 289/280/289
f 276/267/276 289/280/289 286/277/286
f 288/279/288 289/280/289 290/281/290
f 291/282/291 288/279/288 290/281/290
f 291/282/291 290/281/290 292/283/292
f 276/267/276 293/284/293 289/280/289
f 290/281/290 289/280/289 293/284/293
f 283/274/283 294/285/294 282/273/282
f 283/274/283 284/275/284 294/285/294
f 295/286/295 284/275/284 285/276/285
f 285/276/285 296/287/296 295/286/295
f 297/288/297 293/284/293 276/267/276
f 275/266/275 297/288/297 276/267/276
f 298/289/298 294/285/294 284/275/284
f 298/289/298 284/275/284 295/286/295
f 296/287/296 299/290/299 295/286/295
f 299/290/299 296/287/296 300/291/300
f 300/291/300 301/292/301 299/290/299
f 302/293/302 299/290/299 301/292/301
f 301/292/301 303/294/303 302/293/302
f 299/290/299 302/293/302 304/295/304
f 299/290/299 304/295/304 295/286/295
f 304/295/304 302/293/302 305/296/305
f 304/295/304 305/296/305 306/297/306
f 307/298/307 304/295/304 306/297/306
f 308/299/308 304/295/304 307/298/307
f 295/286/295 304/295/304 308/299/308
f 295/286/295 308/299/308 298/289/298
f 309/300/309 298/289/298 308/299/308
f 310/301/310 306/297/306 305/296/305
f 311/302/311 306/297/306 310/301/310
f 310/301/310 312/303/312 311/302/311
f 306/297/306 311/302/311 313/304/313
f 313/304/313 314/305/314 306/297/306
f 315/306/315 306/297/306 314/305/314
f 307/298/307 306/297/306 315/306/315
f 307/298/307 315/306/315 316/307/316
f 317/308/317 307/298/307 316/307/316
f 317/308/317 318/309/318 307/298/307
f 319/310/319 308/299/308 307/298/307
f 308/299/308 319/310/319 309/300/309
f 320/311/320 307/298/307 318/309/318
f 320/311/320 319/310/319 307/298/307
f 321/312/321 320/311/320 318/309/318
f 309/300/309 319/310/319 322/313/322
f 319/310/319 320/311/320 322/313/322
f 322/313/322 323/314/323 309/300/309
f 320/311/320 321/312/321 324/315/324
f 325/316/325 324/315/324 321/312/321
f 324/315/324 325/316/325 326/317/326
f 327/318/327 324/315/324 326/317/326
f 324/315/324 327/318/327 328/319/328
f 320/311/320 324/315/324 329/320/329
f 328/319/328 329/320/329 324/315/324
f 329/320/329 322/313/322 320/311/320
f 329/320/329 328/319/328 330/321/330
f 330/321/330 322/313/322 329/320/329
f 328/319/328 331/322/331 330/321/330
f 322/313/322 330/321/330 332/323/332
f 323/314/323 322/313/322 332/323/332
f 333/324/333 330/321/330 331/322/331
f 333/324/333 332/323/332 330/321/330
f 334/325/334 333/324/333 331/322/331
f 334/325/334 335/326/335 333/324/333
f 333/324/333 335/326/335 336/327/336
f 332/323/332 333/324/333 336/327/336
f 336/327/336 337/328/337 332/323/332
f 332/323/332 337/328/337 338/329/338
f 323/314/323 332/323/332 338/329/338
f 338/329/338 337/328/337 339/330/339
f 339/330/339 340/331/340 338/329/338
f 340/331/340 339/330/339 341/332/341
f 342/333/342 340/331/340 341/332/341
f 341/332/341 343/334/343 342/333/342
f 344/335/344 342/333/342 343/334/343
f 338/329/338 345/336/345 323/314/323
f 338/329/338 340/331/340 345/336/345
f 344/335/344 346/337/346 342/333/342
f 346/337/346 344/335/344 347/338/347
f 347/338/347 348/339/348 346/337/346
f 349/340/349 346/337/346 348/339/348
f 342/333/342 346/337/346 349/340/349
f 349/340/349 350/341/350 342/333/342
f 342/333/342 350/341/350 351/342/351
f 342/333/342 351/342/351 340/331/340
f 352/343/352 351/342/351 350/341/350
f 340/331/340 351/342/351 353/344/353
f 351/342/351 352/343/352 353/344/353
f 345/336/345 340/331/340 353/344/353
f 354/345/354 353/344/353 352/343/352
f 354/345/354 355/346/355 353/344/353
f 353/344/353 355/346/355 345/336/345
f 356/347/356 355/346/355 354/345/354
f 356/347/356 357/348/357 355/346/355
f 358/349/358 345/336/345 355/346/355
f 358/349/358 355/346/355 357/348/357
f 359/350/359 345/336/345 358/349/358
f 323/314/323 345/336/345 359/350/359
f 358/349/358 357/348/357 360/351/360
f 358/349/358 360/351/360 359/350/359
f 361/352/361 360/351/360 357/348/357
f 360/351/360 361/352/361 362/353/362
f 362/353/362 359/350/359 360/351/360
f 359/350/359 362/353/362 363/354/363
f 359/350/359 363/354/363 323/314/323
f 363/354/363 362/353/362 364/355/364
f 363/354/363 365/356/365 323/314/323
f 309/300/309 323/314/323 365/356/365
f 363/354/363 364/355/364 366/357/366
f 364/355/364 367/358/367 366/357/366
f 366/357/366 367/358/367 368/359/368
f 366/357/366 368/359/368 369/360/369
f 363/354/363 366/357/366 370/361/370
f 370/361/370 366/357/366 369/360/369
f 370/361/370 365/356/365 363/354/363
f 369/360/369 371/362/371 370/361/370
f 371/362/371 365/356/365 370/361/370
f 371/362/371 369/360/369 372/363/372
f 371/362/371 372/363/372 373/364/373
f 365/356/365 371/362/371 373/364/373
f 374/365/374 309/300/309 365/356/365
f 373/364/373 374/365/374 365/356/365
f 375/366/375 309/300/309 374/365/374
f 298/289/298 309/300/309 375/366/375
f 294/285/294 298/289/298 375/366/375
f 374/365/374 373/364/373 376/367/376
f 377/368/377 376/367/376 373/364/373
f 376/367/376 377/368/377 378/369/378
f 379/370/379 376/367/376 378/369/378
f 376/367/376 380/371/380 374/365/374
f 380/371/380 376/367/376 379/370/379
f 374/365/374 380/371/380 375/366/375
f 380/371/380 379/370/379 381/372/381
f 381/372/381 375/366/375 380/371/380
f 381/372/381 294/285/294 375/366/375
f 381/372/381 282/273/282 294/285/294
f 381/372/381 382/373/382 282/273/282
f 282/273/282 382/373/382 280/271/280
f 280/271/280 382/373/382 383/374/383
f 383/374/383 384/375/384 280/271/280
f 280/271/280 384/375/384 385/376/385
f 280/271/280 385/376/385 275/266/275
f 385/376/385 386/377/386 275/266/275
f 386/377/386 387/378/387 275/266/275
f 387/378/387 386/377/386 388/379/388
f 387/378/387 388/379/388 389/380/389
f 387/378/387 297/288/297 275/266/275
f 389/380/389 297/288/297 387/378/387
f 297/288/297 389/380/389 390/381/390
f 391/382/391 297/288/297 390/381/390
f 391/382/391 293/284/293 297/288/297
f 293/284/293 391/382/391 392/383/392
f 392/383/392 393/384/393 293/284/293
f 293/284/293 393/384/393 290/281/290
f 393/384/393 392/383/392 394/385/394
f 290/281/290 393/384/393 395/386/395
f 395/386/395 292/283/292 290/281/290
f 394/385/394 396/387/396 393/384/393
f 395/386/395 393/384/393 396/387/396
f 397/388/397 396/387/396 394/385/394
f 396/387/396 397/388/397 398/389/398
f 396/387/396 398/389/398 395/386/395
f 399/390/399 292/283/292 395/386/395
f 398/389/398 399/390/399 395/386/395
f 292/283/292 399/390/399 400/391/400
f 401/392/401 399/390/399 398/389/398
f 400/391/400 399/390/399 402/393/402
f 401/392/401 402/393/402 399/390/399
f 403/394/403 404/395/261 405/396/404
f 403/394/403 405/396/404 406/397/405
f 406/397/405 405/396/404 407/398/406
f 408/399/407 403/394/403 406/397/405
f 407/398/406 409/400/408 406/397/405
f 406/397/405 410/401/409 408/399/407
f 411/402/410 408/399/407 410/401/409
f 409/400/408 412/403/411 406/397/405
f 406/397/405 412/403/411 410/401/409
f 412/403/411 413/404/412 410/401/409
f 412/403/411 409/400/408 414/405/413
f 414/405/413 415/406/414 412/403/411
f 412/403/411 415/406/414 413/404/412
f 415/406/414 414/405/413 416/407/415
f 411/402/410 410/401/409 417/408/416
f 411/402/410 417/408/416 418/409/417
f 413/404/412 419/410/418 410/401/409
f 410/401/409 419/410/418 417/408/416
f 419/410/418 420/411/419 417/408/416
f 417/408/416 420/411/419 421/412/420
f 417/408/416 421/412/420 418/409/417
f 421/412/420 422/413/421 418/409/417
f 423/414/422 418/409/417 422/413/421
f 423/414/422 422/413/421 424/415/423
f 419/410/418 413/404/412 425/416/424
f 426/417/425 425/416/424 413/404/412
f 413/404/412 427/418/426 426/417/425
f 426/417/425 427/418/426 428/419/427
f 428/419/427 427/418/426 429/420/428
f 427/418/426 413/404/412 430/421/429
f 430/421/429 413/404/412 415/406/414
f 431/422/430 429/420/428 427/418/426
f 430/421/429 431/422/430 427/418/426
f 432/423/431 429/420/428 431/422/430
f 433/424/432 432/423/431 431/422/430
f 433/424/432 434/425/433 432/423/431
f 434/425/433 433/424/432 435/426/434
f 435/426/434 433/424/432 431/422/430
f 435/426/434 431/422/430 436/427/435
f 436/427/435 431/422/430 430/421/429
f 436/427/435 430/421/429 437/428/436
f 437/428/436 430/421/429 415/406/414
f 415/406/414 438/429/437 437/428/436
f 438/429/437 439/430/438 437/428/436
f 416/407/415 438/429/437 415/406/414
f 416/407/415 439/430/438 438/429/437
f 440/431/439 441/432/440 442/433/441
f 442/433/441 441/432/440 443/434/442
f 444/435/443 445/436/444 446/437/445
f 446/437/445 445/436/444 447/438/446
f 106/97/106 102/93/102 103/94/103
f 101/92/101 102/93/102 106/97/106
f 106/97/106 109/100/109 101/92/101
f 109/100/109 448/439/447 101/92/101
f 101/92/101 448/439/447 449/440/448
f 101/92/101 449/440/448 100/91/100
f 100/91/100 449/440/448 87/78/87
f 448/439/447 109/100/109 450/441/449
f 109/100/109 451/442/450 450/441/449
f 109/100/109 111/102/111 451/442/450
f 449/440/448 452/443/451 87/78/87
f 453/444/452 452/443/451 449/440/448
f 448/439/447 453/444/452 449/440/448
f 452/443/451 454/445/453 87/78/87
f 454/445/453 452/443/451 453/444/452
f 454/445/453 455/446/454 87/78/87
f 453/444/452 455/446/454 454/445/453
f 87/78/87 455/446/454 86/77/86
f 456/447/455 455/446/454 453/444/452
f 455/446/454 457/448/456 86/77/86
f 457/448/456 455/446/454 456/447/455
f 457/448/456 458/449/457 86/77/86
f 456/447/455 458/449/457 457/448/456
f 458/449/457 85/76/85 86/77/86
f 459/450/458 85/76/85 458/449/457
f 459/450/458 460/451/459 85/76/85
f 459/450/458 458/449/457 461/452/460
f 459/450/458 461/452/460 460/451/459
f 461/452/460 458/449/457 456/447/455
f 453/444/452 462/453/461 456/447/455
f 448/439/447 462/453/461 453/444/452
f 461/452/460 463/454/462 460/451/459
f 460/451/459 463/454/462 464/455/463
f 464/455/463 463/454/462 465/456/464
f 466/457/465 461/452/460 456/447/455
f 461/452/460 466/457/465 463/454/462
f 462/453/461 466/457/465 456/447/455
f 465/456/464 463/454/462 467/458/466
f 466/457/465 467/458/466 463/454/462
f 467/458/466 468/459/467 465/456/464
f 465/456/464 468/459/467 469/460/468
f 468/459/467 470/461/469 469/460/468
f 470/461/469 471/462/470 469/460/468
f 448/439/447 472/463/471 462/453/461
f 462/453/461 473/464/472 466/457/465
f 473/464/472 462/453/461 472/463/471
f 472/463/471 448/439/447 474/465/473
f 474/465/473 473/464/472 472/463/471
f 450/441/449 474/465/473 448/439/447
f 475/466/474 474/465/473 450/441/449
f 451/442/450 475/466/474 450/441/449
f 476/467/475 467/458/466 466/457/465
f 473/464/472 476/467/475 466/457/465
f 477/468/476 476/467/475 473/464/472
f 474/465/473 478/469/477 473/464/472
f 478/469/477 474/465/473 475/466/474
f 473/464/472 478/469/477 477/468/476
f 476/467/475 479/470/478 467/458/466
f 476/467/475 477/468/476 480/471/479
f 480/471/479 479/470/478 476/467/475
f 479/470/478 481/472/480 467/458/466
f 479/470/478 482/473/481 481/472/480
f 467/458/466 481/472/480 468/459/467
f 451/442/450 483/474/482 475/466/474
f 484/475/483 483/474/482 451/442/450
f 483/474/482 484/475/483 485/476/484
f 484/475/483 451/442/450 111/102/111
f 111/102/111 486/477/485 484/475/483
f 111/102/111 110/101/110 486/477/485
f 486/477/485 110/101/110 487/478/486
f 484/475/483 486/477/485 488/479/487
f 488/479/487 485/476/484 484/475/483
f 489/480/488 486/477/485 487/478/486
f 488/479/487 486/477/485 489/480/488
f 490/481/489 489/480/488 487/478/486
f 491/482/490 489/480/488 490/481/489
f 492/483/491 475/466/474 483/474/482
f 492/483/491 483/474/482 493/484/492
f 483/474/482 485/476/484 493/484/492
f 475/466/474 492/483/491 494/485/493
f 494/485/493 492/483/491 493/484/492
f 494/485/493 478/469/477 475/466/474
f 494/485/493 493/484/492 495/486/494
f 495/486/494 493/484/492 485/476/484
f 478/469/477 494/485/493 496/487/495
f 495/486/494 496/487/495 494/485/493
f 478/469/477 496/487/495 497/488/496
f 497/488/496 496/487/495 495/486/494
f 497/488/496 477/468/476 478/469/477
f 498/489/497 488/479/487 489/480/488
f 499/490/498 489/480/488 491/482/490
f 499/490/498 498/489/497 489/480/488
f 488/479/487 500/491/499 485/476/484
f 488/479/487 498/489/497 500/491/499
f 491/482/490 501/492/500 499/490/498
f 502/493/501 501/492/500 491/482/490
f 503/494/502 501/492/500 502/493/501
f 501/492/500 503/494/502 504/495/503
f 499/490/498 501/492/500 504/495/503
f 504/495/503 505/496/504 499/490/498
f 505/496/504 506/497/505 499/490/498
f 506/497/505 498/489/497 499/490/498
f 506/497/505 505/496/504 507/498/506
f 507/498/506 498/489/497 506/497/505
f 498/489/497 507/498/506 508/499/507
f 500/491/499 498/489/497 508/499/507
f 509/500/508 500/491/499 508/499/507
f 509/500/508 485/476/484 500/491/499
f 510/501/509 509/500/508 508/499/507
f 509/500/508 510/501/509 511/502/510
f 485/476/484 509/500/508 512/503/511
f 485/476/484 512/503/511 495/486/494
f 509/500/508 511/502/510 513/504/512
f 512/503/511 509/500/508 513/504/512
f 514/505/513 512/503/511 513/504/512
f 511/502/510 515/506/514 513/504/512
f 514/505/513 513/504/512 515/506/514
f 512/503/511 516/507/515 495/486/494
f 516/507/515 512/503/511 514/505/513
f 516/507/515 497/488/496 495/486/494
f 497/488/496 516/507/515 517/508/516
f 517/508/516 477/468/476 497/488/496
f 518/509/517 517/508/516 516/507/515
f 518/509/517 477/468/476 517/508/516
f 514/505/513 519/510/518 516/507/515
f 518/509/517 516/507/515 519/510/518
f 518/509/517 520/511/519 477/468/476
f 520/511/519 480/471/479 477/468/476
f 480/471/479 520/511/519 521/512/520
f 521/512/520 522/513/521 480/471/479
f 480/471/479 522/513/521 479/470/478
f 479/470/478 522/513/521 523/514/522
f 521/512/520 523/514/522 522/513/521
f 479/470/478 523/514/522 482/473/481
f 524/515/523 520/511/519 518/509/517
f 519/510/518 524/515/523 518/509/517
f 525/516/524 520/511/519 524/515/523
f 525/516/524 524/515/523 519/510/518
f 520/511/519 525/516/524 521/512/520
f 526/517/525 525/516/524 519/510/518
f 526/517/525 519/510/518 514/505/513
f 527/518/526 482/473/481 523/514/522
f 527/518/526 523/514/522 521/512/520
f 528/519/527 521/512/520 525/516/524
f 525/516/524 526/517/525 528/519/527
f 529/520/528 521/512/520 528/519/527
f 528/519/527 526/517/525 529/520/528
f 530/521/529 526/517/525 514/505/513
f 530/521/529 529/520/528 526/517/525
f 521/512/520 529/520/528 531/522/530
f 521/512/520 531/522/530 527/518/526
f 514/505/513 532/523/531 530/521/529
f 515/506/514 532/523/531 514/505/513
f 533/524/532 531/522/530 529/520/528
f 529/520/528 530/521/529 533/524/532
f 533/524/532 530/521/529 534/525/533
f 534/525/533 531/522/530 533/524/532
f 535/526/534 532/523/531 515/506/514
f 515/506/514 536/527/535 535/526/534
f 537/528/536 535/526/534 536/527/535
f 536/527/535 538/529/537 537/528/536
f 538/529/537 539/530/538 537/528/536
f 540/531/539 534/525/533 530/521/529
f 530/521/529 532/523/531 540/531/539
f 539/530/538 541/532/540 537/528/536
f 539/530/538 542/533/541 541/532/540
f 542/533/541 543/534/542 541/532/540
f 543/534/542 544/535/543 541/532/540
f 541/532/540 544/535/543 537/528/536
f 543/534/542 545/536/544 544/535/543
f 544/535/543 545/536/544 546/537/545
f 546/537/545 547/538/546 544/535/543
f 546/537/545 471/462/470 547/538/546
f 537/528/536 544/535/543 548/539/547
f 544/535/543 547/538/546 548/539/547
f 549/540/548 547/538/546 471/462/470
f 470/461/469 549/540/548 471/462/470
f 537/528/536 548/539/547 550/541/549
f 535/526/534 537/528/536 550/541/549
f 535/526/534 550/541/549 551/542/550
f 551/542/550 532/523/531 535/526/534
f 551/542/550 552/543/551 532/523/531
f 552/543/551 540/531/539 532/523/531
f 552/543/551 553/544/552 540/531/539
f 553/544/552 534/525/533 540/531/539
f 534/525/533 553/544/552 554/545/553
f 554/545/553 531/522/530 534/525/533
f 555/546/554 554/545/553 553/544/552
f 555/546/554 553/544/552 556/547/555
f 553/544/552 552/543/551 556/547/555
f 557/548/556 555/546/554 556/547/555
f 556/547/555 552/543/551 557/548/556
f 557/548/556 552/543/551 551/542/550
f 531/522/530 554/545/553 558/549/557
f 558/549/557 527/518/526 531/522/530
f 559/550/558 557/548/556 551/542/550
f 559/550/558 555/546/554 557/548/556
f 560/551/559 559/550/558 551/542/550
f 560/551/559 555/546/554 559/550/558
f 550/541/549 560/551/559 551/542/550
f 561/552/560 558/549/557 554/545/553
f 555/546/554 561/552/560 554/545/553
f 558/549/557 562/553/561 527/518/526
f 561/552/560 562/553/561 558/549/557
f 562/553/561 563/554/562 527/518/526
f 563/554/562 482/473/481 527/518/526
f 564/555/563 560/551/559 550/541/549
f 564/555/563 550/541/549 565/556/564
f 565/556/564 550/541/549 548/539/547
f 560/551/559 564/555/563 566/557/565
f 565/556/564 566/557/565 564/555/563
f 566/557/565 565/556/564 548/539/547
f 566/557/565 555/546/554 560/551/559
f 548/539/547 547/538/546 566/557/565
f 567/558/566 566/557/565 547/538/546
f 566/557/565 567/558/566 555/546/554
f 547/538/546 549/540/548 567/558/566
f 555/546/554 567/558/566 568/559/567
f 561/552/560 555/546/554 568/559/567
f 549/540/548 569/560/568 567/558/566
f 567/558/566 569/560/568 568/559/567
f 470/461/469 569/560/568 549/540/548
f 568/559/567 570/561/569 561/552/560
f 568/559/567 569/560/568 570/561/569
f 569/560/568 470/461/469 571/562/570
f 468/459/467 571/562/570 470/461/469
f 561/552/560 570/561/569 572/563/571
f 562/553/561 561/552/560 572/563/571
f 573/564/572 570/561/569 569/560/568
f 573/564/572 569/560/568 571/562/570
f 572/563/571 570/561/569 573/564/572
f 468/459/467 574/565/573 571/562/570
f 574/565/573 468/459/467 481/472/480
f 572/563/571 575/566/574 562/553/561
f 562/553/561 575/566/574 576/567/575
f 572/563/571 577/568/576 575/566/574
f 576/567/575 563/554/562 562/553/561
f 563/554/562 576/567/575 578/569/577
f 579/570/578 577/568/576 572/563/571
f 573/564/572 579/570/578 572/563/571
f 578/569/577 482/473/481 563/554/562
f 482/473/481 578/569/577 580/571/579
f 579/570/578 573/564/572 581/572/580
f 571/562/570 581/572/580 573/564/572
f 581/572/580 582/573/581 579/570/578
f 583/574/582 581/572/580 571/562/570
f 583/574/582 582/573/581 581/572/580
f 571/562/570 574/565/573 583/574/582
f 584/575/583 582/573/581 583/574/582
f 585/576/584 584/575/583 583/574/582
f 586/577/585 583/574/582 574/565/573
f 583/574/582 586/577/585 585/576/584
f 580/571/579 585/576/584 586/577/585
f 586/577/585 574/565/573 481/472/480
f 580/571/579 587/578/586 482/473/481
f 482/473/481 587/578/586 481/472/480
f 586/577/585 587/578/586 580/571/579
f 481/472/480 587/578/586 586/577/585
f 588/579/587 589/580/588 590/581/589
f 590/581/589 589/580/588 591/582/590
f 590/581/589 591/582/590 592/583/591
f 590/581/589 592/583/591 593/584/592
f 594/585/593 592/583/591 591/582/590
f 591/582/590 595/586/594 594/585/593
f 594/585/593 595/586/594 596/587/595
f 592/583/591 597/588/596 593/584/592
f 597/588/596 598/589/597 593/584/592
f 597/588/596 599/590/598 598/589/597
f 600/591/599 599/590/598 597/588/596
f 601/592/600 599/590/598 600/591/599
f 602/593/601 597/588/596 592/583/591
f 592/583/591 594/585/593 602/593/601
f 596/587/595 603/594/602 594/585/593
f 604/595/603 603/594/602 596/587/595
f 603/594/602 604/595/603 605/596/604
f 594/585/593 603/594/602 606/597/605
f 606/597/605 602/593/601 594/585/593
f 605/596/604 606/597/605 603/594/602
f 597/588/596 602/593/601 607/598/606
f 607/598/606 600/591/599 597/588/596
f 608/599/607 602/593/601 606/597/605
f 608/599/607 607/598/606 602/593/601
f 606/597/605 605/596/604 609/600/608
f 606/597/605 609/600/608 608/599/607
f 605/596/604 610/601/609 609/600/608
f 611/602/610 610/601/609 605/596/604
f 610/601/609 611/602/610 612/603/611
f 612/603/611 613/604/612 610/601/609
f 610/601/609 614/605/613 609/600/608
f 610/601/609 613/604/612 614/605/613
f 609/600/608 614/605/613 608/599/607
f 615/606/614 614/605/613 613/604/612
f 613/604/612 616/607/615 615/606/614
f 615/606/614 616/607/615 617/608/616
f 615/606/614 617/608/616 618/609/617
f 615/606/614 618/609/617 619/610/618
f 615/606/614 619/610/618 614/605/613
f 614/605/613 619/610/618 620/611/619
f 608/599/607 614/605/613 620/611/619
f 621/612/620 608/599/607 620/611/619
f 622/613/621 621/612/620 620/611/619
f 621/612/620 622/613/621 623/614/622
f 621/612/620 623/614/622 624/615/623
f 621/612/620 607/598/606 608/599/607
f 621/612/620 624/615/623 607/598/606
f 624/615/623 625/616/624 607/598/606
f 607/598/606 625/616/624 600/591/599
f 626/617/625 600/591/599 625/616/624
f 627/618/626 626/617/625 625/616/624
f 628/619/627 626/617/625 627/618/626
f 626/617/625 628/619/627 600/591/599
f 629/620/628 600/591/599 628/619/627
f 630/621/629 600/591/599 629/620/628
f 629/620/628 631/622/630 630/621/629
f 600/591/599 630/621/629 601/592/600
f 631/622/630 632/623/631 630/621/629
f 632/623/631 633/624/632 630/621/629
f 632/623/631 634/625/633 633/624/632
f 633/624/632 634/625/633 635/626/634
f 630/621/629 636/627/635 601/592/600
f 630/621/629 633/624/632 636/627/635
f 636/627/635 637/628/636 601/592/600
f 638/629/637 637/628/636 636/627/635
f 639/630/638 638/629/637 636/627/635
f 636/627/635 633/624/632 639/630/638
f 638/629/637 639/630/638 640/631/639
f 639/630/638 641/632/640 640/631/639
f 633/624/632 635/626/634 642/633/641
f 635/626/634 643/634/642 642/633/641
f 644/635/643 639/630/638 633/624/632
f 639/630/638 644/635/643 641/632/640
f 642/633/641 644/635/643 633/624/632
f 645/636/644 641/632/640 644/635/643
f 641/632/640 645/636/644 646/637/645
f 647/638/646 646/637/645 645/636/644
f 648/639/647 645/636/644 644/635/643
f 645/636/644 648/639/647 647/638/646
f 644/635/643 642/633/641 648/639/647
f 648/639/647 649/640/648 647/638/646
f 650/641/649 649/640/648 648/639/647
f 649/640/648 650/641/649 651/642/650
f 652/643/651 651/642/650 650/641/649
f 643/634/642 653/644/652 642/633/641
f 653/644/652 643/634/642 654/645/653
f 654/645/653 655/646/654 653/644/652
f 653/644/652 655/646/654 656/647/655
f 657/648/656 648/639/647 642/633/641
f 653/644/652 657/648/656 642/633/641
f 653/644/652 656/647/655 657/648/656
f 650/641/649 648/639/647 657/648/656
f 658/649/657 657/648/656 656/647/655
f 659/650/658 658/649/657 656/647/655
f 658/649/657 659/650/658 660/651/659
f 661/652/660 658/649/657 660/651/659
f 657/648/656 658/649/657 661/652/660
f 650/641/649 657/648/656 661/652/660
f 661/652/660 662/653/661 650/641/649
f 663/654/662 652/643/651 650/641/649
f 663/654/662 650/641/649 662/653/661
f 663/654/662 664/655/663 652/643/651
f 663/654/662 662/653/661 664/655/663
f 665/656/664 666/657/665 667/658/165
f 665/656/664 667/658/165 668/659/666
f 665/656/664 668/659/666 669/660/667
f 670/661/668 665/656/664 669/660/667
f 671/662/669 669/660/667 668/659/666
f 672/663/170 671/662/669 668/659/666
f 672/663/170 673/664/670 671/662/669
f 674/665/671 670/661/668 669/660/667
f 669/660/667 671/662/669 674/665/671
f 671/662/669 673/664/670 675/666/672
f 671/662/669 675/666/672 674/665/671
f 673/664/670 676/667/673 675/666/672
f 670/661/668 674/665/671 677/668/674
f 677/668/674 678/669/675 670/661/668
f 677/668/674 679/670/676 678/669/675
f 677/668/674 674/665/671 680/671/677
f 680/671/677 679/670/676 677/668/674
f 675/666/672 680/671/677 674/665/671
f 680/671/677 681/672/180 679/670/676
f 682/673/678 681/672/180 680/671/677
f 675/666/672 682/673/678 680/671/677
f 683/674/679 675/666/672 676/667/673
f 683/674/679 682/673/678 675/666/672
f 676/667/673 684/675/183 683/674/679
f 683/674/679 685/676/680 682/673/678
f 686/677/681 683/674/679 684/675/183
f 685/676/680 683/674/679 686/677/681
f 687/678/682 688/679/312 689/680/683
f 690/681/684 689/680/683 688/679/312
f 691/682/685 689/680/683 690/681/684
f 688/679/312 692/683/686 690/681/684
f 690/681/684 692/683/686 693/684/687
f 690/681/684 694/685/688 691/682/685
f 694/685/688 690/681/684 693/684/687
f 693/684/687 695/686/689 694/685/688
f 693/684/687 692/683/686 696/687/690
f 695/686/689 693/684/687 697/688/691
f 698/689/692 697/688/691 693/684/687
f 697/688/691 699/690/693 695/686/689
f 696/687/690 700/691/694 693/684/687
f 698/689/692 693/684/687 700/691/694
f 701/692/695 700/691/694 696/687/690
f 698/689/692 700/691/694 701/692/695
f 702/693/302 701/692/695 696/687/690
f 703/694/696 699/690/693 697/688/691
f 703/694/696 704/695/697 699/690/693
f 704/695/697 703/694/696 705/696/127
f 705/696/127 703/694/696 706/697/698
f 697/688/691 707/698/699 703/694/696
f 707/698/699 706/697/698 703/694/696
f 698/689/692 707/698/699 697/688/691
f 707/698/699 708/699/700 706/697/698
f 708/699/700 707/698/699 709/700/701
f 709/700/701 707/698/699 698/689/692
f 701/692/695 702/693/302 710/701/702
f 710/701/702 702/693/302 711/702/303
f 711/702/303 712/703/703 710/701/702
f 713/704/704 710/701/702 712/703/703
f 713/704/704 714/705/705 710/701/702
f 714/705/705 701/692/695 710/701/702
f 714/705/705 713/704/704 715/706/706
f 701/692/695 716/707/707 698/689/692
f 714/705/705 716/707/707 701/692/695
f 714/705/705 715/706/706 717/708/708
f 714/705/705 717/708/708 716/707/707
f 717/708/708 715/706/706 718/709/709
f 719/710/710 717/708/708 718/709/709
f 716/707/707 717/708/708 719/710/710
f 716/707/707 719/710/710 720/711/711
f 721/712/712 698/689/692 716/707/707
f 720/711/711 721/712/712 716/707/707
f 721/712/712 709/700/701 698/689/692
f 722/713/713 721/712/712 720/711/711
f 721/712/712 722/713/713 723/714/714
f 723/714/714 709/700/701 721/712/712
f 724/715/715 723/714/714 722/713/713
f 723/714/714 724/715/715 725/716/716
f 723/714/714 725/716/716 726/717/717
f 727/718/718 726/717/717 725/716/716
f 728/719/142 726/717/717 727/718/718
f 723/714/714 729/720/719 709/700/701
f 729/720/719 723/714/714 726/717/717
f 708/699/700 709/700/701 729/720/719
f 729/720/719 730/721/720 708/699/700
f 729/720/719 726/717/717 730/721/720
f 726/717/717 731/722/721 730/721/720
f 732/723/722 726/717/717 728/719/142
f 732/723/722 731/722/721 726/717/717
f 733/724/723 732/723/722 728/719/142
f 734/725/724 731/722/721 732/723/722
f 733/724/723 734/725/724 732/723/722
f 735/726/725 736/727/726 737/728/727
f 735/726/725 737/728/727 738/729/728
f 738/729/728 739/730/729 735/726/725
f 740/731/730 739/730/729 738/729/728
f 740/731/730 741/732/731 739/730/729
f 742/733/732 741/732/731 740/731/730
f 743/734/733 740/731/730 738/729/728
f 738/729/728 744/735/734 743/734/733
f 745/736/735 742/733/732 740/731/730
f 745/736/735 746/737/736 742/733/732
f 745/736/735 747/738/737 746/737/736
f 748/739/738 747/738/737 745/736/735
f 745/736/735 740/731/730 749/740/739
f 743/734/733 749/740/739 740/731/730
f 745/736/735 750/741/740 748/739/738
f 750/741/740 745/736/735 749/740/739
f 751/742/741 750/741/740 749/740/739
f 752/743/742 751/742/741 749/740/739
f 753/744/743 752/743/742 749/740/739
f 753/744/743 749/740/739 743/734/733
f 751/742/741 752/743/742 754/745/744
f 743/734/733 755/746/745 753/744/743
f 756/747/746 751/742/741 754/745/744
f 755/746/745 743/734/733 757/748/747
f 743/734/733 744/735/734 757/748/747
f 758/749/748 757/748/747 744/735/734
f 757/748/747 759/750/749 755/746/745
f 760/751/750 757/748/747 758/749/748
f 748/739/738 750/741/740 761/752/751
f 761/752/751 762/753/752 748/739/738
f 763/754/753 762/753/752 761/752/751
f 761/752/751 764/755/754 763/754/753
f 765/756/755 761/752/751 750/741/740
f 765/756/755 764/755/754 761/752/751
f 751/742/741 765/756/755 750/741/740
f 765/756/755 751/742/741 766/757/756
f 767/758/757 764/755/754 765/756/755
f 765/756/755 768/759/758 767/758/757
f 768/759/758 765/756/755 766/757/756
f 768/759/758 769/760/759 767/758/757
f 769/760/759 768/759/758 770/761/760
f 771/762/761 757/748/747 760/751/750
f 772/763/762 771/762/761 760/751/750
f 759/750/749 757/748/747 771/762/761
f 773/764/763 772/763/762 760/751/750
f 774/765/764 772/763/762 773/764/763
f 774/765/764 773/764/763 775/766/765
f 774/765/764 775/766/765 776/767/766
f 774/765/764 776/767/766 777/768/767
f 778/769/768 774/765/764 777/768/767
f 759/750/749 771/762/761 779/770/769
f 771/762/761 772/763/762 779/770/769
f 779/770/769 780/771/770 759/750/749
f 780/771/770 779/770/769 781/772/771
f 781/772/771 779/770/769 782/773/772
f 782/773/772 779/770/769 783/774/773
f 772/763/762 783/774/773 779/770/769
f 784/775/774 782/773/772 783/774/773
f 783/774/773 785/776/775 784/775/774
f 786/777/776 785/776/775 783/774/773
f 783/774/773 772/763/762 786/777/776
f 785/776/775 786/777/776 787/778/777
f 787/778/777 786/777/776 788/779/778
f 778/769/768 789/780/779 774/765/764
f 789/780/779 778/769/768 790/781/780
f 790/781/780 791/782/781 789/780/779
f 772/763/762 774/765/764 792/783/782
f 792/783/782 774/765/764 789/780/779
f 791/782/781 792/783/782 789/780/779
f 786/777/776 772/763/762 792/783/782
f 792/783/782 791/782/781 793/784/783
f 786/777/776 794/785/784 788/779/778
f 794/785/784 786/777/776 792/783/782
f 794/785/784 792/783/782 793/784/783
f 794/785/784 795/786/785 788/779/778
f 794/785/784 793/784/783 795/786/785
f 796/787/786 75/66/75 78/69/78
f 796/787/786 797/788/787 75/66/75
f 75/66/75 797/788/787 71/62/71
f 797/788/787 798/789/788 71/62/71
f 71/62/71 798/789/788 70/61/70
f 796/787/786 799/790/789 797/788/787
f 797/788/787 799/790/789 798/789/788
f 796/787/786 800/791/790 799/790/789
f 801/792/791 799/790/789 800/791/790
f 800/791/790 802/793/792 801/792/791
f 803/794/793 798/789/788 799/790/789
f 803/794/793 799/790/789 801/792/791
f 802/793/792 804/795/794 801/792/791
f 805/796/795 804/795/794 802/793/792
f 805/796/795 806/797/796 804/795/794
f 804/795/794 806/797/796 807/798/797
f 801/792/791 804/795/794 807/798/797
f 808/799/798 807/798/797 806/797/796
f 809/800/799 808/799/798 806/797/796
f 809/800/799 810/801/800 808/799/798
f 801/792/791 811/802/801 803/794/793
f 801/792/791 807/798/797 812/803/802
f 812/803/802 811/802/801 801/792/791
f 803/794/793 811/802/801 813/804/803
f 798/789/788 803/794/793 814/805/804
f 813/804/803 814/805/804 803/794/793
f 811/802/801 812/803/802 815/806/805
f 815/806/805 813/804/803 811/802/801
f 812/803/802 807/798/797 816/807/806
f 807/798/797 808/799/798 817/808/807
f 816/807/806 807/798/797 817/808/807
f 818/809/808 817/808/807 808/799/798
f 816/807/806 817/808/807 818/809/808
f 810/801/800 819/810/809 808/799/798
f 808/799/798 819/810/809 818/809/808
f 810/801/800 820/811/810 819/810/809
f 820/811/810 810/801/800 821/812/811
f 821/812/811 822/813/812 820/811/810
f 820/811/810 822/813/812 823/814/813
f 819/810/809 820/811/810 824/815/814
f 824/815/814 820/811/810 823/814/813
f 818/809/808 819/810/809 824/815/814
f 823/814/813 825/816/815 824/815/814
f 826/817/816 818/809/808 824/815/814
f 826/817/816 816/807/806 818/809/808
f 824/815/814 825/816/815 827/818/817
f 827/818/817 826/817/816 824/815/814
f 825/816/815 828/819/818 827/818/817
f 829/820/819 827/818/817 828/819/818
f 828/819/818 830/821/820 829/820/819
f 831/822/821 826/817/816 827/818/817
f 816/807/806 826/817/816 831/822/821
f 827/818/817 829/820/819 831/822/821
f 829/820/819 830/821/820 832/823/822
f 833/824/823 832/823/822 830/821/820
f 834/825/824 832/823/822 833/824/823
f 834/825/824 829/820/819 832/823/822
f 835/826/825 834/825/824 833/824/823
f 836/827/826 835/826/825 833/824/823
f 837/828/827 829/820/819 834/825/824
f 837/828/827 834/825/824 835/826/825
f 837/828/827 838/829/828 829/820/819
f 838/829/828 831/822/821 829/820/819
f 835/826/825 838/829/828 837/828/827
f 831/822/821 839/830/829 816/807/806
f 839/830/829 812/803/802 816/807/806
f 815/806/805 812/803/802 839/830/829
f 840/831/830 831/822/821 838/829/828
f 840/831/830 838/829/828 835/826/825
f 839/830/829 831/822/821 840/831/830
f 836/827/826 841/832/831 835/826/825
f 835/826/825 841/832/831 840/831/830
f 842/833/832 839/830/829 840/831/830
f 841/832/831 842/833/832 840/831/830
f 843/834/833 839/830/829 842/833/832
f 815/806/805 839/830/829 843/834/833
f 843/834/833 842/833/832 841/832/831
f 844/835/834 815/806/805 843/834/833
f 841/832/831 844/835/834 843/834/833
f 815/806/805 844/835/834 813/804/803
f 845/836/835 841/832/831 836/827/826
f 845/836/835 844/835/834 841/832/831
f 813/804/803 844/835/834 845/836/835
f 836/827/826 846/837/836 845/836/835
f 846/837/836 25/16/25 845/836/835
f 25/16/25 27/18/27 845/836/835
f 845/836/835 27/18/27 813/804/803
f 27/18/27 814/805/804 813/804/803
f 27/18/27 29/20/29 814/805/804
f 814/805/804 29/20/29 798/789/788
f 847/838/837 798/789/788 29/20/29
f 31/22/31 847/838/837 29/20/29
f 847/838/837 70/61/70 798/789/788
f 847/838/837 31/22/31 848/839/838
f 848/839/838 31/22/31 38/29/38
f 42/33/42 848/839/838 38/29/38
f 42/33/42 44/35/44 848/839/838
f 44/35/44 847/838/837 848/839/838
f 847/838/837 44/35/44 70/61/70
f 44/35/44 45/36/45 70/61/70
f 70/61/70 45/36/45 58/49/58
f 849/840/839 850/841/840 851/842/841
f 852/843/842 851/842/841 850/841/840
f 853/844/843 851/842/841 852/843/842
f 853/844/843 852/843/842 854/845/844
f 854/845/844 855/846/845 853/844/843
f 856/847/846 855/846/845 854/845/844
f 857/848/847 852/843/842 850/841/840
f 858/849/848 857/848/847 850/841/840
f 850/841/840 859/850/849 858/849/848
f 859/850/849 860/851/850 858/849/848
f 852/843/842 861/852/851 854/845/844
f 857/848/847 861/852/851 852/843/842
f 854/845/844 862/853/790 856/847/846
f 861/852/851 862/853/790 854/845/844
f 856/847/846 862/853/790 863/854/786
f 856/847/846 863/854/786 864/855/852
f 865/856/853 864/855/852 863/854/786
f 866/857/854 862/853/790 861/852/851
f 867/858/855 864/855/852 865/856/853
f 866/857/854 861/852/851 868/859/856
f 865/856/853 869/860/857 867/858/855
f 870/861/858 861/852/851 857/848/847
f 861/852/851 870/861/858 868/859/856
f 858/849/848 870/861/858 857/848/847
f 870/861/858 871/862/859 868/859/856
f 870/861/858 858/849/848 871/862/859
f 868/859/856 871/862/859 872/863/860
f 871/862/859 873/864/861 872/863/860
f 873/864/861 871/862/859 858/849/848
f 872/863/860 873/864/861 874/865/862
f 874/865/862 873/864/861 875/866/863
f 876/867/864 873/864/861 858/849/848
f 858/849/848 860/851/850 876/867/864
f 873/864/861 877/868/865 875/866/863
f 873/864/861 876/867/864 877/868/865
f 860/851/850 878/869/866 876/867/864
f 876/867/864 878/869/866 877/868/865
f 879/870/867 878/869/866 860/851/850
f 877/868/865 880/871/868 875/866/863
f 877/868/865 878/869/866 880/871/868
f 878/869/866 879/870/867 880/871/868
f 880/871/868 881/872/869 875/866/863
f 880/871/868 879/870/867 881/872/869
f 882/873/870 883/874/871 884/875/872
f 882/873/870 884/875/872 885/876/873
f 886/877/874 882/873/870 885/876/873
f 885/876/873 884/875/872 887/878/875
f 888/879/876 886/877/874 885/876/873
f 889/880/877 885/876/873 887/878/875
f 889/880/877 888/879/876 885/876/873
f 887/878/875 890/881/878 889/880/877
f 889/880/877 891/882/879 888/879/876
f 890/881/878 892/883/880 889/880/877
f 891/882/879 889/880/877 892/883/880
f 890/881/878 893/884/881 892/883/880
f 894/885/882 891/882/879 892/883/880
f 893/884/881 895/886/883 892/883/880
f 893/884/881 896/887/884 895/886/883
f 897/888/885 894/885/882 892/883/880
f 892/883/880 895/886/883 897/888/885
f 898/889/886 894/885/882 897/888/885
f 899/890/887 898/889/886 897/888/885
f 898/889/886 899/890/887 900/891/888
f 900/891/888 899/890/887 901/892/889
f 899/890/887 902/893/890 901/892/889
f 899/890/887 903/894/891 902/893/890
f 903/894/891 899/890/887 897/888/885
f 903/894/891 904/895/892 902/893/890
f 903/894/891 905/896/893 904/895/892
f 904/895/892 905/896/893 906/897/894
f 905/896/893 907/898/895 906/897/894
f 897/888/885 908/899/896 903/894/891
f 895/886/883 908/899/896 897/888/885
f 908/899/896 905/896/893 903/894/891
f 908/899/896 895/886/883 909/900/897
f 909/900/897 905/896/893 908/899/896
f 895/886/883 896/887/884 909/900/897
f 905/896/893 910/901/898 907/898/895
f 907/898/895 910/901/898 911/902/899
f 905/896/893 909/900/897 912/903/900
f 905/896/893 912/903/900 910/901/898
f 909/900/897 896/887/884 913/904/901
f 909/900/897 913/904/901 912/903/900
f 896/887/884 914/905/902 913/904/901
f 910/901/898 915/906/903 911/902/899
f 912/903/900 915/906/903 910/901/898
f 911/902/899 915/906/903 916/907/904
f 917/908/905 916/907/904 915/906/903
f 912/903/900 913/904/901 918/909/906
f 913/904/901 914/905/902 918/909/906
f 918/909/906 915/906/903 912/903/900
f 915/906/903 918/909/906 917/908/905
f 918/909/906 914/905/902 917/908/905
f 83/74/83 82/73/82 85/76/85
f 85/76/85 919/910/907 83/74/83
f 460/451/459 919/910/907 85/76/85
f 464/455/463 919/910/907 460/451/459
f 919/910/907 464/455/463 465/456/464
f 919/910/907 465/456/464 920/911/908
f 921/912/909 919/910/907 920/911/908
f 922/913/910 83/74/83 919/910/907
f 919/910/907 921/912/909 922/913/910
f 80/71/80 83/74/83 922/913/910
f 922/913/910 921/912/909 923/914/911
f 921/912/909 924/915/912 923/914/911
f 923/914/911 924/915/912 925/916/913
f 926/917/914 80/71/80 922/913/910
f 80/71/80 926/917/914 74/65/74
f 74/65/74 926/917/914 76/67/76
f 926/917/914 922/913/910 927/918/915
f 76/67/76 926/917/914 927/918/915
f 927/918/915 922/913/910 923/914/911
f 927/918/915 928/919/916 76/67/76
f 928/919/916 927/918/915 923/914/911
f 928/919/916 923/914/911 929/920/917
f 929/920/917 923/914/911 925/916/913
f 925/916/913 930/921/918 929/920/917
f 931/922/919 930/921/918 925/916/913
f 925/916/913 932/923/920 931/922/919
f 933/924/921 931/922/919 932/923/920
f 932/923/920 925/916/913 924/915/912
f 932/923/920 934/925/922 933/924/921
f 935/926/923 933/924/921 934/925/922
f 924/915/912 936/927/924 932/923/920
f 934/925/922 932/923/920 936/927/924
f 937/928/925 935/926/923 934/925/922
f 935/926/923 937/928/925 938/929/926
f 936/927/924 939/930/927 934/925/922
f 937/928/925 934/925/922 939/930/927
f 940/931/928 938/929/926 937/928/925
f 939/930/927 941/932/929 937/928/925
f 941/932/929 940/931/928 937/928/925
f 942/933/930 939/930/927 936/927/924
f 942/933/930 941/932/929 939/930/927
f 943/934/931 938/929/926 940/931/928
f 944/935/932 938/929/926 943/934/931
f 945/936/933 944/935/932 943/934/931
f 945/936/933 943/934/931 946/937/934
f 946/937/934 943/934/931 947/938/935
f 947/938/935 943/934/931 940/931/928
f 948/939/936 947/938/935 940/931/928
f 948/939/936 940/931/928 941/932/929
f 949/940/937 947/938/935 948/939/936
f 949/940/937 948/939/936 950/941/938
f 951/942/939 949/940/937 950/941/938
f 951/942/939 950/941/938 952/943/940
f 953/944/941 952/943/940 950/941/938
f 952/943/940 954/945/942 951/942/939
f 955/946/943 954/945/942 952/943/940
f 952/943/940 956/947/944 955/946/943
f 956/947/944 952/943/940 953/944/941
f 956/947/944 957/948/945 955/946/943
f 958/949/946 957/948/945 956/947/944
f 957/948/945 958/949/946 542/533/541
f 542/533/541 958/949/946 543/534/542
f 959/950/947 950/941/938 948/939/936
f 950/941/938 959/950/947 953/944/941
f 953/944/941 960/951/948 956/947/944
f 956/947/944 960/951/948 958/949/946
f 958/949/946 961/952/949 543/534/542
f 545/536/544 543/534/542 961/952/949
f 959/950/947 948/939/936 962/953/950
f 962/953/950 948/939/936 941/932/929
f 963/954/951 962/953/950 941/932/929
f 942/933/930 963/954/951 941/932/929
f 962/953/950 964/955/952 959/950/947
f 963/954/951 964/955/952 962/953/950
f 963/954/951 942/933/930 965/956/953
f 965/956/953 942/933/930 966/957/954
f 965/956/953 967/958/955 963/954/951
f 963/954/951 967/958/955 964/955/952
f 936/927/924 966/957/954 942/933/930
f 959/950/947 964/955/952 968/959/956
f 968/959/956 953/944/941 959/950/947
f 968/959/956 964/955/952 953/944/941
f 969/960/957 953/944/941 964/955/952
f 967/958/955 969/960/957 964/955/952
f 960/951/948 953/944/941 969/960/957
f 969/960/957 967/958/955 970/961/958
f 970/961/958 960/951/948 969/960/957
f 965/956/953 970/961/958 967/958/955
f 970/961/958 971/962/959 960/951/948
f 971/962/959 970/961/958 965/956/953
f 958/949/946 960/951/948 971/962/959
f 958/949/946 971/962/959 972/963/960
f 972/963/960 971/962/959 965/956/953
f 973/964/961 958/949/946 972/963/960
f 965/956/953 973/964/961 972/963/960
f 958/949/946 973/964/961 961/952/949
f 974/965/962 973/964/961 965/956/953
f 961/952/949 973/964/961 974/965/962
f 965/956/953 546/537/545 974/965/962
f 966/957/954 546/537/545 965/956/953
f 961/952/949 974/965/962 975/966/963
f 974/965/962 546/537/545 975/966/963
f 975/966/963 545/536/544 961/952/949
f 546/537/545 545/536/544 975/966/963
f 546/537/545 966/957/954 471/462/470
f 471/462/470 966/957/954 976/967/964
f 976/967/964 966/957/954 936/927/924
f 471/462/470 976/967/964 469/460/468
f 936/927/924 924/915/912 976/967/964
f 976/967/964 977/968/965 469/460/468
f 977/968/965 976/967/964 924/915/912
f 465/456/464 469/460/468 977/968/965
f 921/912/909 977/968/965 924/915/912
f 920/911/908 465/456/464 977/968/965
f 920/911/908 977/968/965 921/912/909
f 978/969/966 979/970/967 980/971/968
f 979/970/967 981/972/969 980/971/968
f 982/973/970 981/972/969 979/970/967
f 982/973/970 983/974/971 981/972/969
f 979/970/967 984/975/972 982/973/970
f 985/976/973 984/975/972 979/970/967
f 985/976/973 986/977/974 984/975/972
f 983/974/971 982/973/970 987/978/975
f 982/973/970 984/975/972 987/978/975
f 984/975/972 986/977/974 987/978/975
f 987/978/975 988/979/923 983/974/971
f 988/979/923 987/978/975 989/980/976
f 990/981/977 989/980/976 987/978/975
f 987/978/975 986/977/974 990/981/977
f 989/980/976 990/981/977 991/982/978
f 992/983/979 991/982/978 990/981/977
f 990/981/977 986/977/974 992/983/979
f 991/982/978 992/983/979 993/984/980
f 994/985/981 993/984/980 992/983/979
f 994/985/981 992/983/979 986/977/974
f 995/986/982 993/984/980 994/985/981
f 996/987/983 986/977/974 985/976/973
f 997/988/984 996/987/983 985/976/973
f 997/988/984 998/989/985 996/987/983
f 994/985/981 999/990/986 995/986/982
f 995/986/982 999/990/986 1000/991/916
f 986/977/974 1001/992/987 994/985/981
f 996/987/983 1001/992/987 986/977/974
f 994/985/981 1001/992/987 999/990/986
f 998/989/985 1002/993/988 996/987/983
f 996/987/983 1002/993/988 1001/992/987
f 1003/994/989 1000/991/916 999/990/986
f 1003/994/989 1004/995/990 1000/991/916
f 869/860/857 1004/995/990 1003/994/989
f 1001/992/987 1005/996/991 999/990/986
f 999/990/986 1005/996/991 1003/994/989
f 1002/993/988 1005/996/991 1001/992/987
f 1005/996/991 869/860/857 1003/994/989
f 1006/997/992 1002/993/988 998/989/985
f 1002/993/988 1006/997/992 1005/996/991
f 869/860/857 1005/996/991 1006/997/992
f 1007/998/993 1006/997/992 998/989/985
f 869/860/857 1006/997/992 867/858/855
f 1006/997/992 1007/998/993 1008/999/994
f 1006/997/992 1008/999/994 867/858/855
f 867/858/855 1008/999/994 1009/1000/879
f 1007/998/993 1010/1001/995 1008/999/994
f 1011/1002/996 1009/1000/879 1008/999/994
f 1008/999/994 1010/1001/995 1011/1002/996
f 1011/1002/996 1012/1003/997 1009/1000/879
f 1011/1002/996 1010/1001/995 1013/1004/998
f 1012/1003/997 1011/1002/996 1013/1004/998
f 1013/1004/998 1010/1001/995 1014/1005/999
f 1013/1004/998 1015/1006/1000 1012/1003/997
f 1013/1004/998 1014/1005/999 1016/1007/1001
f 1016/1007/1001 1015/1006/1000 1013/1004/998
f 1017/1008/1002 1018/1009/1003 1019/1010/1004
f 1017/1008/1002 1019/1010/1004 1020/1011/1005
f 1019/1010/1004 1021/1012/1006 1020/1011/1005
f 1022/1013/1007 1021/1012/1006 1019/1010/1004
f 1023/1014/1008 1024/1015/1009 1025/1016/1010
f 1023/1014/1008 1025/1016/1010 1026/1017/1011
f 1025/1016/1010 1027/1018/1012 1026/1017/1011
f 1028/1019/1013 1027/1018/1012 1025/1016/1010
f 1029/1020/1014 1030/1021/1015 1031/1022/1016
f 1032/1023/1017 1029/1020/1014 1031/1022/1016
f 1032/1023/1017 1033/1024/1018 1029/1020/1014
f 1033/1024/1018 1034/1025/1019 1029/1020/1014
f 1035/1026/1020 1036/1027/1021 1037/1028/1022
f 1038/1029/1023 1035/1026/1020 1037/1028/1022
f 1039/1030/1024 1035/1026/1020 1038/1029/1023
f 1040/1031/1025 1035/1026/1020 1039/1030/1024
f 1041/1032/1026 1042/1033/1027 1043/1034/1028
f 1044/1035/1029 1041/1032/1026 1043/1034/1028
f 1045/1036/1030 1041/1032/1026 1044/1035/1029
f 1046/1037/1031 1041/1032/1026 1045/1036/1030
f 1047/1038/1032 1048/1039/1033 1049/1040/1034
f 1047/1038/1032 1049/1040/1034 1050/1041/1035
f 1050/1041/1035 1051/1042/1036 1047/1038/1032
f 1051/1042/1036 1052/1043/1033 1047/1038/1032
f 1053/1044/1037 1054/1045/1038 1055/1046/1039
f 1056/1047/1040 1053/1044/1037 1055/1046/1039
f 1056/1047/1040 1057/1048/1041 1053/1044/1037
f 1057/1048/1041 1058/1049/1042 1053/1044/1037
f 1059/1050/1043 1060/1051/1044 1061/1052/1045
f 1062/1053/1046 1059/1050/1043 1061/1052/1045
f 1061/1052/1045 1063/1054/1047 1062/1053/1046
f 1061/1052/1045 1064/1055/1048 1063/1054/1047
f 1065/1056/1049 1066/1057/1050 1067/1058/1051
f 1068/1059/1052 1065/1056/1049 1067/1058/1051
f 1068/1059/1052 1069/1060/1053 1065/1056/1049
f 1069/1060/1053 1070/1061/1054 1065/1056/1049
f 1071/1062/1055 1072/1063/1056 1073/1064/1057
f 1072/1063/1056 1074/1065/1058 1073/1064/1057
f 1075/1066/1059 1074/1065/1058 1072/1063/1056
f 1076/1067/1060 1075/1066/1059 1072/1063/1056
f 1077/1068/1061 1078/1069/1062 1079/1070/1063
f 1080/1071/1064 1078/1069/1062 1077/1068/1061
f 1081/1072/1065 1080/1071/1064 1077/1068/1061
f 1082/1073/1066 1081/1072/1065 1077/1068/1061
f 1083/1074/1067 1084/1075/1068 1085/1076/1069
f 1086/1077/1070 1084/1075/1068 1083/1074/1067
f 1087/1078/1071 1086/1077/1070 1083/1074/1067
f 1088/1079/1072 1087/1078/1071 1083/1074/1067
f 1089/1080/1073 1090/1081/1074 1091/1082/1075
f 1091/1082/1075 1092/1083/1076 1089/1080/1073
f 1089/1080/1073 1092/1083/1076 1093/1084/1077
f 1094/1085/1078 1092/1083/1076 1091/1082/1075
f 1092/1083/1076 1094/1085/1078 1093/1084/1077
f 1094/1085/1078 1091/1082/1075 1095/1086/1079
f 1093/1084/1077 1094/1085/1078 1096/1087/1080
f 1096/1087/1080 1094/1085/1078 1095/1086/1079
f 1093/1084/1077 1096/1087/1080 1097/1088/1081
f 1098/1089/1082 1096/1087/1080 1095/1086/1079
f 1097/1088/1081 1096/1087/1080 1099/1090/1083
f 1099/1090/1083 1096/1087/1080 1098/1089/1082
f 1100/1091/1084 1101/1092/1085 1102/1093/1086
f 1101/1092/1085 1103/1094/1087 1102/1093/1086
f 1102/1093/1086 1103/1094/1087 1104/1095/1088
f 1102/1093/1086 1104/1095/1088 1105/1096/1089
f 1106/1097/1090 1107/1098/1091 1108/1099/1092
f 1108/1099/1092 1109/1100/1093 1106/1097/1090
f 1110/1101/1094 1106/1097/1090 1109/1100/1093
f 1109/1100/1093 1108/1099/1092 1111/1102/1095
f 1109/1100/1093 1112/1103/1096 1110/1101/1094
f 1111/1102/1095 1113/1104/1097 1109/1100/1093
f 1112/1103/1096 1109/1100/1093 1114/1105/1098
f 1113/1104/1097 1114/1105/1098 1109/1100/1093
f 1107/1098/1091 1115/1106/1099 1116/1107/1100
f 1116/1107/1100 1108/1099/1092 1107/1098/1091
f 1116/1107/1100 1111/1102/1095 1108/1099/1092
f 1116/1107/1100 1117/1108/1101 1111/1102/1095
f 1118/1109/1102 1111/1102/1095 1117/1108/1101
f 1119/1110/1103 1118/1109/1102 1117/1108/1101
f 1117/1108/1101 1120/1111/1104 1119/1110/1103
f 1120/1111/1104 1121/1112/1105 1119/1110/1103
f 1122/1113/1106 1119/1110/1103 1121/1112/1105
f 1122/1113/1106 1123/1114/1107 1119/1110/1103
f 1119/1110/1103 1123/1114/1107 1124/1115/1108
f 1118/1109/1102 1119/1110/1103 1124/1115/1108
f 1123/1114/1107 1125/1116/1109 1124/1115/1108
f 1126/1117/1110 1111/1102/1095 1118/1109/1102
f 1124/1115/1108 1127/1118/1111 1118/1109/1102
f 1126/1117/1110 1118/1109/1102 1127/1118/1111
f 1124/1115/1108 1125/1116/1109 1128/1119/1112
f 1127/1118/1111 1124/1115/1108 1128/1119/1112
f 1111/1102/1095 1126/1117/1110 1129/1120/1113
f 1113/1104/1097 1111/1102/1095 1129/1120/1113
f 1130/1121/1114 1128/1119/1112 1125/1116/1109
f 1131/1122/1115 1130/1121/1114 1125/1116/1109
f 1128/1119/1112 1132/1123/1116 1127/1118/1111
f 1132/1123/1116 1128/1119/1112 1130/1121/1114
f 1133/1124/1117 1126/1117/1110 1127/1118/1111
f 1126/1117/1110 1133/1124/1117 1129/1120/1113
f 1132/1123/1116 1134/1125/1118 1127/1118/1111
f 1133/1124/1117 1127/1118/1111 1134/1125/1118
f 1113/1104/1097 1129/1120/1113 1135/1126/1119
f 1133/1124/1117 1136/1127/1120 1129/1120/1113
f 1135/1126/1119 1129/1120/1113 1136/1127/1120
f 1135/1126/1119 1137/1128/1121 1113/1104/1097
f 1137/1128/1121 1114/1105/1098 1113/1104/1097
f 1137/1128/1121 1138/1129/1122 1114/1105/1098
f 1133/1124/1117 1139/1130/1123 1136/1127/1120
f 1139/1130/1123 1133/1124/1117 1134/1125/1118
f 1136/1127/1120 1140/1131/1124 1135/1126/1119
f 1137/1128/1121 1135/1126/1119 1140/1131/1124
f 1139/1130/1123 1140/1131/1124 1136/1127/1120
f 1137/1128/1121 1141/1132/1125 1138/1129/1122
f 1138/1129/1122 1141/1132/1125 1142/1133/1126
f 1140/1131/1124 1143/1134/1127 1137/1128/1121
f 1141/1132/1125 1137/1128/1121 1143/1134/1127
f 1140/1131/1124 1139/1130/1123 1144/1135/1128
f 1144/1135/1128 1143/1134/1127 1140/1131/1124
f 1139/1130/1123 1134/1125/1118 1145/1136/1129
f 1146/1137/1130 1139/1130/1123 1145/1136/1129
f 1144/1135/1128 1139/1130/1123 1146/1137/1130
f 1145/1136/1129 1134/1125/1118 1147/1138/1131
f 1146/1137/1130 1148/1139/1132 1144/1135/1128
f 1132/1123/1116 1147/1138/1131 1134/1125/1118
f 1149/1140/1133 1144/1135/1128 1148/1139/1132
f 1150/1141/1134 1149/1140/1133 1148/1139/1132
f 1143/1134/1127 1144/1135/1128 1151/1142/1135
f 1149/1140/1133 1151/1142/1135 1144/1135/1128
f 1143/1134/1127 1152/1143/1136 1141/1132/1125
f 1151/1142/1135 1152/1143/1136 1143/1134/1127
f 1153/1144/1137 1147/1138/1131 1132/1123/1116
f 1130/1121/1114 1153/1144/1137 1132/1123/1116
f 1154/1145/1138 1149/1140/1133 1150/1141/1134
f 1155/1146/1139 1154/1145/1138 1150/1141/1134
f 1156/1147/1140 1154/1145/1138 1155/1146/1139
f 1149/1140/1133 1154/1145/1138 1157/1148/1141
f 1156/1147/1140 1157/1148/1141 1154/1145/1138
f 1149/1140/1133 1157/1148/1141 1151/1142/1135
f 1157/1148/1141 1156/1147/1140 1158/1149/1142
f 1158/1149/1142 1151/1142/1135 1157/1148/1141
f 1158/1149/1142 1156/1147/1140 1159/1150/1143
f 1151/1142/1135 1158/1149/1142 1160/1151/1144
f 1160/1151/1144 1152/1143/1136 1151/1142/1135
f 1158/1149/1142 1159/1150/1143 1160/1151/1144
f 1160/1151/1144 1161/1152/1145 1152/1143/1136
f 1161/1152/1145 1160/1151/1144 1159/1150/1143
f 1161/1152/1145 1141/1132/1125 1152/1143/1136
f 1159/1150/1143 1162/1153/1146 1161/1152/1145
f 1161/1152/1145 1142/1133/1126 1141/1132/1125
f 1142/1133/1126 1161/1152/1145 1162/1153/1146
f 1162/1153/1146 1163/1154/1147 1142/1133/1126
f 1112/1103/1096 1114/1105/1098 1138/1129/1122
f 1112/1103/1096 1138/1129/1122 1142/1133/1126
f 1142/1133/1126 1164/1155/1148 1112/1103/1096
f 1112/1103/1096 1164/1155/1148 1110/1101/1094
f 1165/1156/1149 1110/1101/1094 1164/1155/1148
f 1166/1157/1150 1165/1156/1149 1164/1155/1148
f 1164/1155/1148 1167/1158/1151 1166/1157/1150
f 1167/1158/1151 1164/1155/1148 1142/1133/1126
f 1142/1133/1126 1163/1154/1147 1167/1158/1151
f 1168/1159/1152 1169/1160/1153 1170/1161/1154
f 1170/1161/1154 1171/1162/1155 1168/1159/1152
f 1171/1162/1155 1170/1161/1154 1172/1163/1156
f 1173/1164/1157 1168/1159/1152 1171/1162/1155
f 1/1/1 1168/1159/1152 1173/1164/1157
f 1172/1163/1156 1174/1165/1158 1171/1162/1155
f 1172/1163/1156 1175/1166/1159 1174/1165/1158
f 1171/1162/1155 1176/1167/1160 1173/1164/1157
f 1176/1167/1160 1171/1162/1155 1174/1165/1158
f 1/1/1 1173/1164/1157 1177/1168/1161
f 1177/1168/1161 2/2/2 1/1/1
f 1174/1165/1158 1175/1166/1159 1178/1169/1162
f 1178/1169/1162 1175/1166/1159 1179/1170/1163
f 2/2/2 1177/1168/1161 1180/1171/1164
f 2/2/2 1180/1171/1164 1181/1172/1165
f 1180/1171/1164 1182/1173/1166 1181/1172/1165
f 1182/1173/1166 1183/1174/1167 1181/1172/1165
f 1184/1175/1168 1180/1171/1164 1177/1168/1161
f 1182/1173/1166 1180/1171/1164 1184/1175/1168
f 1177/1168/1161 1173/1164/1157 1185/1176/1169
f 1185/1176/1169 1184/1175/1168 1177/1168/1161
f 1182/1173/1166 1186/1177/1170 1183/1174/1167
f 1187/1178/1171 1183/1174/1167 1186/1177/1170
f 1182/1173/1166 1184/1175/1168 1188/1179/1172
f 1188/1179/1172 1186/1177/1170 1182/1173/1166
f 1187/1178/1171 1186/1177/1170 1189/1180/1173
f 1189/1180/1173 1190/1181/1174 1187/1178/1171
f 1191/1182/1175 1189/1180/1173 1186/1177/1170
f 1186/1177/1170 1188/1179/1172 1191/1182/1175
f 1192/1183/1176 1191/1182/1175 1188/1179/1172
f 1193/1184/1177 1188/1179/1172 1184/1175/1168
f 1188/1179/1172 1193/1184/1177 1192/1183/1176
f 1184/1175/1168 1185/1176/1169 1193/1184/1177
f 1173/1164/1157 1194/1185/1178 1185/1176/1169
f 1173/1164/1157 1176/1167/1160 1194/1185/1178
f 1192/1183/1176 1193/1184/1177 1195/1186/1179
f 1196/1187/1180 1192/1183/1176 1195/1186/1179
f 1197/1188/1181 1193/1184/1177 1185/1176/1169
f 1185/1176/1169 1194/1185/1178 1197/1188/1181
f 1195/1186/1179 1193/1184/1177 1197/1188/1181
f 1198/1189/1182 1194/1185/1178 1176/1167/1160
f 1198/1189/1182 1197/1188/1181 1194/1185/1178
f 1196/1187/1180 1195/1186/1179 1199/1190/1183
f 1200/1191/1184 1196/1187/1180 1199/1190/1183
f 1195/1186/1179 1197/1188/1181 1201/1192/1185
f 1199/1190/1183 1195/1186/1179 1201/1192/1185
f 1176/1167/1160 1202/1193/1186 1198/1189/1182
f 1174/1165/1158 1202/1193/1186 1176/1167/1160
f 1198/1189/1182 1203/1194/1187 1197/1188/1181
f 1201/1192/1185 1197/1188/1181 1203/1194/1187
f 1202/1193/1186 1174/1165/1158 1204/1195/1188
f 1178/1169/1162 1204/1195/1188 1174/1165/1158
f 1205/1196/1189 1198/1189/1182 1202/1193/1186
f 1203/1194/1187 1198/1189/1182 1205/1196/1189
f 1205/1196/1189 1202/1193/1186 1204/1195/1188
f 1206/1197/1190 1201/1192/1185 1203/1194/1187
f 1205/1196/1189 1206/1197/1190 1203/1194/1187
f 1199/1190/1183 1207/1198/1191 1200/1191/1184
f 1208/1199/1192 1200/1191/1184 1207/1198/1191
f 1209/1200/1193 1208/1199/1192 1207/1198/1191
f 1199/1190/1183 1201/1192/1185 1210/1201/1194
f 1210/1201/1194 1201/1192/1185 1206/1197/1190
f 1207/1198/1191 1211/1202/1195 1209/1200/1193
f 1212/1203/1196 1209/1200/1193 1211/1202/1195
f 1213/1204/1197 1207/1198/1191 1199/1190/1183
f 1199/1190/1183 1210/1201/1194 1213/1204/1197
f 1207/1198/1191 1213/1204/1197 1214/1205/1198
f 1214/1205/1198 1211/1202/1195 1207/1198/1191
f 1213/1204/1197 1210/1201/1194 1214/1205/1198
f 1212/1203/1196 1211/1202/1195 1215/1206/1199
f 1214/1205/1198 1215/1206/1199 1211/1202/1195
f 1210/1201/1194 1216/1207/1200 1214/1205/1198
f 1216/1207/1200 1210/1201/1194 1206/1197/1190
f 1212/1203/1196 1215/1206/1199 1217/1208/1201
f 1218/1209/1202 1212/1203/1196 1217/1208/1201
f 1219/1210/1203 1218/1209/1202 1217/1208/1201
f 1214/1205/1198 1220/1211/1204 1215/1206/1199
f 1216/1207/1200 1220/1211/1204 1214/1205/1198
f 1221/1212/1205 1217/1208/1201 1215/1206/1199
f 1215/1206/1199 1220/1211/1204 1221/1212/1205
f 1217/1208/1201 1222/1213/1206 1219/1210/1203
f 1217/1208/1201 1221/1212/1205 1222/1213/1206
f 1219/1210/1203 1222/1213/1206 1223/1214/1207
f 1223/1214/1207 1222/1213/1206 1224/1215/1208
f 1225/1216/1209 1223/1214/1207 1224/1215/1208
f 1221/1212/1205 1226/1217/1210 1222/1213/1206
f 1222/1213/1206 1226/1217/1210 1224/1215/1208
f 1227/1218/1211 1221/1212/1205 1220/1211/1204
f 1227/1218/1211 1226/1217/1210 1221/1212/1205
f 1224/1215/1208 1228/1219/1212 1225/1216/1209
f 1229/1220/1213 1225/1216/1209 1228/1219/1212
f 1220/1211/1204 1230/1221/1214 1227/1218/1211
f 1216/1207/1200 1230/1221/1214 1220/1211/1204
f 1227/1218/1211 1230/1221/1214 1231/1222/1215
f 1227/1218/1211 1231/1222/1215 1226/1217/1210
f 1224/1215/1208 1226/1217/1210 1232/1223/1216
f 1224/1215/1208 1232/1223/1216 1228/1219/1212
f 1230/1221/1214 1216/1207/1200 1233/1224/1217
f 1233/1224/1217 1231/1222/1215 1230/1221/1214
f 1234/1225/1218 1226/1217/1210 1231/1222/1215
f 1232/1223/1216 1226/1217/1210 1234/1225/1218
f 1235/1226/1219 1233/1224/1217 1216/1207/1200
f 1206/1197/1190 1235/1226/1219 1216/1207/1200
f 1231/1222/1215 1233/1224/1217 1236/1227/1220
f 1234/1225/1218 1231/1222/1215 1236/1227/1220
f 1233/1224/1217 1235/1226/1219 1236/1227/1220
f 1235/1226/1219 1206/1197/1190 1237/1228/1221
f 1237/1228/1221 1206/1197/1190 1205/1196/1189
f 1238/1229/1222 1236/1227/1220 1235/1226/1219
f 1237/1228/1221 1238/1229/1222 1235/1226/1219
f 1236/1227/1220 1239/1230/1223 1234/1225/1218
f 1238/1229/1222 1239/1230/1223 1236/1227/1220
f 1238/1229/1222 1240/1231/1224 1239/1230/1223
f 1241/1232/1225 1234/1225/1218 1239/1230/1223
f 1234/1225/1218 1241/1232/1225 1232/1223/1216
f 1237/1228/1221 1205/1196/1189 1242/1233/1226
f 1204/1195/1188 1242/1233/1226 1205/1196/1189
f 1243/1234/1227 1239/1230/1223 1240/1231/1224
f 1239/1230/1223 1243/1234/1227 1241/1232/1225
f 1242/1233/1226 1204/1195/1188 1244/1235/1228
f 1178/1169/1162 1244/1235/1228 1204/1195/1188
f 1178/1169/1162 1245/1236/1229 1244/1235/1228
f 1179/1170/1163 1245/1236/1229 1178/1169/1162
f 1245/1236/1229 1179/1170/1163 1246/1237/1230
f 1246/1237/1230 1247/1238/1231 1245/1236/1229
f 1248/1239/1232 1247/1238/1231 1246/1237/1230
f 1246/1237/1230 1249/1240/1233 1248/1239/1232
f 1250/1241/1234 1248/1239/1232 1249/1240/1233
f 1250/1241/1234 1251/1242/1235 1248/1239/1232
f 1244/1235/1228 1252/1243/1236 1242/1233/1226
f 1251/1242/1235 1250/1241/1234 1253/1244/1237
f 1253/1244/1237 1254/1245/1238 1251/1242/1235
f 1250/1241/1234 1131/1122/1115 1253/1244/1237
f 1125/1116/1109 1253/1244/1237 1131/1122/1115
f 1254/1245/1238 1253/1244/1237 1255/1246/1239
f 1253/1244/1237 1125/1116/1109 1256/1247/1240
f 1256/1247/1240 1255/1246/1239 1253/1244/1237
f 1123/1114/1107 1256/1247/1240 1125/1116/1109
f 1255/1246/1239 1256/1247/1240 1257/1248/1241
f 1257/1248/1241 1256/1247/1240 1123/1114/1107
f 1123/1114/1107 1122/1113/1106 1257/1248/1241
f 1257/1248/1241 1258/1249/1242 1255/1246/1239
f 1257/1248/1241 1122/1113/1106 1121/1112/1105
f 1258/1249/1242 1257/1248/1241 1259/1250/1243
f 1121/1112/1105 1259/1250/1243 1257/1248/1241
f 1260/1251/1244 1258/1249/1242 1259/1250/1243
f 1259/1250/1243 1121/1112/1105 1261/1252/1245
f 1121/1112/1105 1120/1111/1104 1261/1252/1245
f 1259/1250/1243 1262/1253/1246 1260/1251/1244
f 1261/1252/1245 1262/1253/1246 1259/1250/1243
f 1263/1254/1247 1260/1251/1244 1262/1253/1246
f 1260/1251/1244 1263/1254/1247 1264/1255/1248
f 1265/1256/1249 1262/1253/1246 1261/1252/1245
f 1265/1256/1249 1263/1254/1247 1262/1253/1246
f 1266/1257/1250 1264/1255/1248 1263/1254/1247
f 1267/1258/1251 1264/1255/1248 1266/1257/1250
f 1268/1259/1252 1263/1254/1247 1265/1256/1249
f 1268/1259/1252 1266/1257/1250 1263/1254/1247
f 1269/1260/1253 1261/1252/1245 1120/1111/1104
f 1270/1261/1254 1265/1256/1249 1261/1252/1245
f 1270/1261/1254 1261/1252/1245 1269/1260/1253
f 1271/1262/1255 1269/1260/1253 1120/1111/1104
f 1120/1111/1104 1117/1108/1101 1271/1262/1255
f 1271/1262/1255 1117/1108/1101 1116/1107/1100
f 1272/1263/1256 1268/1259/1252 1265/1256/1249
f 1265/1256/1249 1270/1261/1254 1272/1263/1256
f 1273/1264/1257 1270/1261/1254 1269/1260/1253
f 1271/1262/1255 1273/1264/1257 1269/1260/1253
f 1116/1107/1100 1274/1265/1258 1271/1262/1255
f 1115/1106/1099 1274/1265/1258 1116/1107/1100
f 1275/1266/1259 1274/1265/1258 1115/1106/1099
f 1276/1267/1260 1271/1262/1255 1274/1265/1258
f 1276/1267/1260 1274/1265/1258 1275/1266/1259
f 1276/1267/1260 1273/1264/1257 1271/1262/1255
f 1275/1266/1259 1229/1220/1213 1276/1267/1260
f 1228/1219/1212 1276/1267/1260 1229/1220/1213
f 1228/1219/1212 1273/1264/1257 1276/1267/1260
f 1277/1268/1261 1270/1261/1254 1273/1264/1257
f 1228/1219/1212 1277/1268/1261 1273/1264/1257
f 1277/1268/1261 1272/1263/1256 1270/1261/1254
f 1228/1219/1212 1232/1223/1216 1277/1268/1261
f 1272/1263/1256 1277/1268/1261 1232/1223/1216
f 1232/1223/1216 1241/1232/1225 1272/1263/1256
f 1241/1232/1225 1268/1259/1252 1272/1263/1256
f 1241/1232/1225 1243/1234/1227 1268/1259/1252
f 1243/1234/1227 1266/1257/1250 1268/1259/1252
f 1243/1234/1227 1278/1269/1262 1266/1257/1250
f 1266/1257/1250 1278/1269/1262 1267/1258/1251
f 1240/1231/1224 1278/1269/1262 1243/1234/1227
f 1267/1258/1251 1278/1269/1262 1240/1231/1224
f 1240/1231/1224 1279/1270/1263 1267/1258/1251
f 1280/1271/1264 1279/1270/1263 1240/1231/1224
f 1281/1272/1265 1280/1271/1264 1240/1231/1224
f 1238/1229/1222 1281/1272/1265 1240/1231/1224
f 1280/1271/1264 1281/1272/1265 1282/1273/1266
f 1281/1272/1265 1238/1229/1222 1283/1274/1267
f 1283/1274/1267 1238/1229/1222 1237/1228/1221
f 1284/1275/1268 1282/1273/1266 1281/1272/1265
f 1283/1274/1267 1284/1275/1268 1281/1272/1265
f 1282/1273/1266 1284/1275/1268 1285/1276/1269
f 1284/1275/1268 1283/1274/1267 1285/1276/1269
f 1285/1276/1269 1286/1277/1270 1282/1273/1266
f 1252/1243/1236 1286/1277/1270 1285/1276/1269
f 1287/1278/1271 1283/1274/1267 1237/1228/1221
f 1283/1274/1267 1287/1278/1271 1285/1276/1269
f 1285/1276/1269 1287/1278/1271 1252/1243/1236
f 1242/1233/1226 1287/1278/1271 1237/1228/1221
f 1287/1278/1271 1242/1233/1226 1252/1243/1236
f 1169/1160/1153 1168/1159/1152 1/1/1
f 1/1/1 1288/1279/1272 1169/1160/1153
f 1/1/1 3/3/3 1288/1279/1272
f 3/3/3 1289/1280/1273 1288/1279/1272
f 1290/1281/1274 1169/1160/1153 1288/1279/1272
f 1288/1279/1272 1289/1280/1273 1291/1282/1275
f 1288/1279/1272 1291/1282/1275 1290/1281/1274
f 1289/1280/1273 1292/1283/1276 1291/1282/1275
f 1293/1284/1277 1292/1283/1276 1289/1280/1273
f 1169/1160/1153 1290/1281/1274 1294/1285/1278
f 1294/1285/1278 1170/1161/1154 1169/1160/1153
f 1295/1286/1279 1290/1281/1274 1291/1282/1275
f 1291/1282/1275 1292/1283/1276 1295/1286/1279
f 1292/1283/1276 1293/1284/1277 1296/1287/1280
f 1297/1288/1281 1296/1287/1280 1293/1284/1277
f 1292/1283/1276 1296/1287/1280 1298/1289/1282
f 1298/1289/1282 1295/1286/1279 1292/1283/1276
f 1297/1288/1281 1299/1290/1283 1296/1287/1280
f 1290/1281/1274 1295/1286/1279 1300/1291/1284
f 1300/1291/1284 1295/1286/1279 1298/1289/1282
f 1300/1291/1284 1294/1285/1278 1290/1281/1274
f 1298/1289/1282 1301/1292/1285 1300/1291/1284
f 1170/1161/1154 1294/1285/1278 1302/1293/1286
f 1302/1293/1286 1294/1285/1278 1300/1291/1284
f 1302/1293/1286 1172/1163/1156 1170/1161/1154
f 1297/1288/1281 1303/1294/1287 1299/1290/1283
f 1303/1294/1287 1297/1288/1281 1304/1295/1288
f 1299/1290/1283 1303/1294/1287 1305/1296/1289
f 1305/1296/1289 1306/1297/1290 1299/1290/1283
f 1300/1291/1284 1301/1292/1285 1307/1298/1291
f 1300/1291/1284 1307/1298/1291 1302/1293/1286
f 1302/1293/1286 1308/1299/1292 1172/1163/1156
f 1302/1293/1286 1307/1298/1291 1308/1299/1292
f 1172/1163/1156 1308/1299/1292 1175/1166/1159
f 1301/1292/1285 1309/1300/1293 1307/1298/1291
f 1301/1292/1285 1310/1301/1294 1309/1300/1293
f 1311/1302/1295 1309/1300/1293 1310/1301/1294
f 1308/1299/1292 1312/1303/1296 1175/1166/1159
f 1179/1170/1163 1175/1166/1159 1312/1303/1296
f 1313/1304/1297 1308/1299/1292 1307/1298/1291
f 1307/1298/1291 1309/1300/1293 1313/1304/1297
f 1308/1299/1292 1313/1304/1297 1312/1303/1296
f 1311/1302/1295 1314/1305/1298 1309/1300/1293
f 1311/1302/1295 1315/1306/1299 1314/1305/1298
f 1315/1306/1299 1316/1307/1300 1314/1305/1298
f 1317/1308/1301 1179/1170/1163 1312/1303/1296
f 1317/1308/1301 1246/1237/1230 1179/1170/1163
f 1309/1300/1293 1318/1309/1302 1313/1304/1297
f 1318/1309/1302 1309/1300/1293 1314/1305/1298
f 1316/1307/1300 1319/1310/1303 1314/1305/1298
f 1316/1307/1300 1320/1311/1304 1319/1310/1303
f 1320/1311/1304 1321/1312/1305 1319/1310/1303
f 1314/1305/1298 1319/1310/1303 1322/1313/1306
f 1314/1305/1298 1322/1313/1306 1318/1309/1302
f 1319/1310/1303 1321/1312/1305 1323/1314/1307
f 1319/1310/1303 1323/1314/1307 1322/1313/1306
f 1323/1314/1307 1321/1312/1305 1324/1315/1308
f 1317/1308/1301 1325/1316/1309 1246/1237/1230
f 1325/1316/1309 1249/1240/1233 1246/1237/1230
f 1322/1313/1306 1326/1317/1310 1318/1309/1302
f 1322/1313/1306 1323/1314/1307 1326/1317/1310
f 1325/1316/1309 1327/1318/1311 1249/1240/1233
f 1327/1318/1311 1250/1241/1234 1249/1240/1233
f 1250/1241/1234 1327/1318/1311 1131/1122/1115
f 1131/1122/1115 1327/1318/1311 1328/1319/1312
f 1131/1122/1115 1328/1319/1312 1130/1121/1114
f 1327/1318/1311 1325/1316/1309 1329/1320/1313
f 1327/1318/1311 1329/1320/1313 1328/1319/1312
f 1317/1308/1301 1330/1321/1314 1325/1316/1309
f 1325/1316/1309 1330/1321/1314 1329/1320/1313
f 1130/1121/1114 1328/1319/1312 1331/1322/1315
f 1130/1121/1114 1331/1322/1315 1153/1144/1137
f 1332/1323/1316 1330/1321/1314 1317/1308/1301
f 1312/1303/1296 1332/1323/1316 1317/1308/1301
f 1333/1324/1317 1328/1319/1312 1329/1320/1313
f 1331/1322/1315 1328/1319/1312 1333/1324/1317
f 1334/1325/1318 1333/1324/1317 1329/1320/1313
f 1331/1322/1315 1333/1324/1317 1334/1325/1318
f 1153/1144/1137 1331/1322/1315 1335/1326/1319
f 1153/1144/1137 1335/1326/1319 1147/1138/1131
f 1147/1138/1131 1335/1326/1319 1336/1327/1320
f 1337/1328/1321 1335/1326/1319 1331/1322/1315
f 1331/1322/1315 1334/1325/1318 1337/1328/1321
f 1338/1329/1322 1337/1328/1321 1334/1325/1318
f 1339/1330/1323 1336/1327/1320 1335/1326/1319
f 1335/1326/1319 1337/1328/1321 1339/1330/1323
f 1336/1327/1320 1339/1330/1323 1340/1331/1324
f 1340/1331/1324 1339/1330/1323 1337/1328/1321
f 1338/1329/1322 1340/1331/1324 1337/1328/1321
f 1341/1332/1325 1336/1327/1320 1340/1331/1324
f 1312/1303/1296 1342/1333/1326 1332/1323/1316
f 1342/1333/1326 1312/1303/1296 1313/1304/1297
f 1313/1304/1297 1343/1334/1327 1342/1333/1326
f 1318/1309/1302 1343/1334/1327 1313/1304/1297
f 1343/1334/1327 1318/1309/1302 1344/1335/1328
f 1344/1335/1328 1318/1309/1302 1326/1317/1310
f 1344/1335/1328 1345/1336/1329 1343/1334/1327
f 1344/1335/1328 1326/1317/1310 1345/1336/1329
f 1343/1334/1327 1346/1337/1330 1342/1333/1326
f 1342/1333/1326 1347/1338/1331 1332/1323/1316
f 1347/1338/1331 1342/1333/1326 1348/1339/1332
f 1342/1333/1326 1346/1337/1330 1348/1339/1332
f 1332/1323/1316 1347/1338/1331 1349/1340/1333
f 1350/1341/1334 1348/1339/1332 1346/1337/1330
f 1350/1341/1334 1346/1337/1330 1351/1342/1335
f 1330/1321/1314 1332/1323/1316 1349/1340/1333
f 1351/1342/1335 1352/1343/1336 1350/1341/1334
f 1349/1340/1333 1350/1341/1334 1352/1343/1336
f 1353/1344/1337 1349/1340/1333 1352/1343/1336
f 1352/1343/1336 1354/1345/1338 1353/1344/1337
f 1349/1340/1333 1355/1346/1339 1330/1321/1314
f 1355/1346/1339 1349/1340/1333 1353/1344/1337
f 1356/1347/1340 1330/1321/1314 1355/1346/1339
f 1330/1321/1314 1356/1347/1340 1329/1320/1313
f 1329/1320/1313 1356/1347/1340 1334/1325/1318
f 1357/1348/1341 1355/1346/1339 1353/1344/1337
f 1358/1349/1342 1357/1348/1341 1353/1344/1337
f 1355/1346/1339 1359/1350/1343 1356/1347/1340
f 1355/1346/1339 1357/1348/1341 1359/1350/1343
f 1359/1350/1343 1334/1325/1318 1356/1347/1340
f 1360/1351/1344 1359/1350/1343 1357/1348/1341
f 1334/1325/1318 1359/1350/1343 1361/1352/1345
f 1361/1352/1345 1338/1329/1322 1334/1325/1318
f 1362/1353/1346 1338/1329/1322 1361/1352/1345
f 1361/1352/1345 1363/1354/1347 1362/1353/1346
f 1360/1351/1344 1364/1355/1348 1363/1354/1347
f 1360/1351/1344 1365/1356/1349 1364/1355/1348
f 1364/1355/1348 1366/1357/1350 1363/1354/1347
f 1362/1353/1346 1363/1354/1347 1366/1357/1350
f 1367/1358/1351 1362/1353/1346 1366/1357/1350
f 1368/1359/1352 1366/1357/1350 1364/1355/1348
f 1368/1359/1352 1364/1355/1348 1365/1356/1349
f 1369/1360/1353 1338/1329/1322 1362/1353/1346
f 1362/1353/1346 1367/1358/1351 1369/1360/1353
f 1370/1361/1354 1367/1358/1351 1366/1357/1350
f 1370/1361/1354 1366/1357/1350 1368/1359/1352
f 1365/1356/1349 1371/1362/1355 1368/1359/1352
f 1372/1363/1356 1370/1361/1354 1368/1359/1352
f 1368/1359/1352 1371/1362/1355 1372/1363/1356
f 1370/1361/1354 1373/1364/1357 1367/1358/1351
f 1374/1365/1358 1373/1364/1357 1370/1361/1354
f 1374/1365/1358 1370/1361/1354 1372/1363/1356
f 1372/1363/1356 1375/1366/1359 1374/1365/1358
f 1373/1364/1357 1376/1367/1360 1367/1358/1351
f 1377/1368/1361 1375/1366/1359 1372/1363/1356
f 1372/1363/1356 1371/1362/1355 1377/1368/1361
f 1375/1366/1359 1377/1368/1361 1378/1369/236
f 1379/1370/1362 1378/1369/236 1377/1368/1361
f 1367/1358/1351 1376/1367/1360 1380/1371/1363
f 1380/1371/1363 1376/1367/1360 1381/1372/1364
f 1367/1358/1351 1380/1371/1363 1382/1373/1365
f 1382/1373/1365 1369/1360/1353 1367/1358/1351
f 1380/1371/1363 1381/1372/1364 1383/1374/1366
f 1383/1374/1366 1381/1372/1364 1384/1375/251
f 1384/1375/251 1385/1376/252 1383/1374/1366
f 1380/1371/1363 1383/1374/1366 1386/1377/1367
f 1383/1374/1366 1385/1376/252 1386/1377/1367
f 1386/1377/1367 1382/1373/1365 1380/1371/1363
f 1387/1378/1368 1386/1377/1367 1385/1376/252
f 1388/1379/1369 1386/1377/1367 1387/1378/1368
f 1386/1377/1367 1388/1379/1369 1389/1380/1370
f 1389/1380/1370 1382/1373/1365 1386/1377/1367
f 1382/1373/1365 1389/1380/1370 1390/1381/1371
f 1391/1382/1372 1369/1360/1353 1382/1373/1365
f 1390/1381/1371 1391/1382/1372 1382/1373/1365
f 1369/1360/1353 1391/1382/1372 1392/1383/1373
f 1392/1383/1373 1338/1329/1322 1369/1360/1353
f 1393/1384/1374 1338/1329/1322 1392/1383/1373
f 1393/1384/1374 1340/1331/1324 1338/1329/1322
f 1392/1383/1373 1391/1382/1372 1394/1385/1375
f 1393/1384/1374 1392/1383/1373 1394/1385/1375
f 1395/1386/1376 1340/1331/1324 1393/1384/1374
f 1340/1331/1324 1395/1386/1376 1341/1332/1325
f 1394/1385/1375 1396/1387/1377 1393/1384/1374
f 1394/1385/1375 1391/1382/1372 1396/1387/1377
f 1396/1387/1377 1395/1386/1376 1393/1384/1374
f 1391/1382/1372 1390/1381/1371 1397/1388/1378
f 1396/1387/1377 1391/1382/1372 1397/1388/1378
f 1398/1389/1379 1341/1332/1325 1395/1386/1376
f 1398/1389/1379 1395/1386/1376 1396/1387/1377
f 1390/1381/1371 1399/1390/1380 1397/1388/1378
f 1400/1391/1381 1397/1388/1378 1399/1390/1380
f 1401/1392/1382 1399/1390/1380 1390/1381/1371
f 1399/1390/1380 1401/1392/1382 1402/1393/1383
f 1399/1390/1380 1402/1393/1383 1400/1391/1381
f 1402/1393/1383 1401/1392/1382 1403/1394/1384
f 1404/1395/1385 1402/1393/1383 1403/1394/1384
f 1402/1393/1383 1404/1395/1385 1405/1396/1386
f 1403/1394/1384 1406/1397/1387 1404/1395/1385
f 1406/1397/1387 1407/1398/1388 1404/1395/1385
f 1397/1388/1378 1408/1399/1389 1396/1387/1377
f 1396/1387/1377 1408/1399/1389 1398/1389/1379
f 1408/1399/1389 1397/1388/1378 1409/1400/1390
f 1397/1388/1378 1400/1391/1381 1409/1400/1390
f 1405/1396/1386 1410/1401/1391 1402/1393/1383
f 1410/1401/1391 1400/1391/1381 1402/1393/1383
f 1411/1402/1392 1404/1395/1385 1407/1398/1388
f 1412/1403/1393 1411/1402/1392 1407/1398/1388
f 1411/1402/1392 1412/1403/1393 1413/1404/1394
f 1413/1404/1394 1404/1395/1385 1411/1402/1392
f 1412/1403/1393 1414/1405/1395 1413/1404/1394
f 1415/1406/1396 1404/1395/1385 1413/1404/1394
f 1413/1404/1394 1414/1405/1395 1415/1406/1396
f 1415/1406/1396 1405/1396/1386 1404/1395/1385
f 1416/1407/1397 1415/1406/1396 1414/1405/1395
f 1415/1406/1396 1416/1407/1397 1417/1408/1398
f 1417/1408/1398 1405/1396/1386 1415/1406/1396
f 1416/1407/1397 1418/1409/1399 1417/1408/1398
f 1417/1408/1398 1418/1409/1399 1419/1410/1400
f 1405/1396/1386 1417/1408/1398 1419/1410/1400
f 1419/1410/1400 1420/1411/1401 1405/1396/1386
f 1420/1411/1401 1421/1412/1402 1405/1396/1386
f 1405/1396/1386 1421/1412/1402 1410/1401/1391
f 1410/1401/1391 1421/1412/1402 1422/1413/1403
f 1410/1401/1391 1422/1413/1403 1423/1414/1404
f 1423/1414/1404 1400/1391/1381 1410/1401/1391
f 1423/1414/1404 1422/1413/1403 1424/1415/1405
f 1425/1416/1406 1400/1391/1381 1423/1414/1404
f 1423/1414/1404 1424/1415/1405 1425/1416/1406
f 1426/1417/1407 1400/1391/1381 1425/1416/1406
f 1426/1417/1407 1409/1400/1390 1400/1391/1381
f 1427/1418/1408 1424/1415/1405 1422/1413/1403
f 1422/1413/1403 1428/1419/1409 1427/1418/1408
f 1427/1418/1408 1428/1419/1409 1429/1420/1410
f 1424/1415/1405 1430/1421/1411 1425/1416/1406
f 1425/1416/1406 1430/1421/1411 1426/1417/1407
f 1431/1422/1412 1427/1418/1408 1429/1420/1410
f 1432/1423/1413 1431/1422/1412 1429/1420/1410
f 1432/1423/1413 1433/1424/1414 1431/1422/1412
f 1434/1425/1415 1431/1422/1412 1433/1424/1414
f 1427/1418/1408 1431/1422/1412 1434/1425/1415
f 1434/1425/1415 1435/1426/1416 1427/1418/1408
f 1427/1418/1408 1435/1426/1416 1424/1415/1405
f 1436/1427/1417 1424/1415/1405 1435/1426/1416
f 1424/1415/1405 1436/1427/1417 1430/1421/1411
f 1436/1427/1417 1437/1428/1418 1430/1421/1411
f 1430/1421/1411 1437/1428/1418 1438/1429/1419
f 1438/1429/1419 1437/1428/1418 1439/1430/1420
f 1440/1431/1421 1426/1417/1407 1430/1421/1411
f 1438/1429/1419 1440/1431/1421 1430/1421/1411
f 1426/1417/1407 1440/1431/1421 1441/1432/1422
f 1441/1432/1422 1442/1433/1423 1426/1417/1407
f 1426/1417/1407 1442/1433/1423 1409/1400/1390
f 1438/1429/1419 1439/1430/1420 1443/1434/1424
f 1443/1434/1424 1439/1430/1420 1444/1435/1425
f 1443/1434/1424 1444/1435/1425 1445/1436/1426
f 1445/1436/1426 1444/1435/1425 1446/1437/1427
f 1446/1437/1427 1447/1438/1428 1445/1436/1426
f 1445/1436/1426 1448/1439/1429 1443/1434/1424
f 1445/1436/1426 1447/1438/1428 1448/1439/1429
f 1443/1434/1424 1448/1439/1429 1438/1429/1419
f 1449/1440/1430 1448/1439/1429 1447/1438/1428
f 1450/1441/1431 1438/1429/1419 1448/1439/1429
f 1448/1439/1429 1449/1440/1430 1450/1441/1431
f 1440/1431/1421 1438/1429/1419 1450/1441/1431
f 1449/1440/1430 1451/1442/1432 1450/1441/1431
f 1450/1441/1431 1451/1442/1432 1452/1443/1433
f 1450/1441/1431 1453/1444/1434 1440/1431/1421
f 1450/1441/1431 1452/1443/1433 1453/1444/1434
f 1453/1444/1434 1441/1432/1422 1440/1431/1421
f 1454/1445/1435 1453/1444/1434 1452/1443/1433
f 1454/1445/1435 1441/1432/1422 1453/1444/1434
f 1454/1445/1435 1455/1446/1436 1441/1432/1422
f 1452/1443/1433 1456/1447/1437 1454/1445/1435
f 1456/1447/1437 1455/1446/1436 1454/1445/1435
f 1456/1447/1437 1457/1448/1438 1455/1446/1436
f 1458/1449/1439 1455/1446/1436 1457/1448/1438
f 1455/1446/1436 1458/1449/1439 1459/1450/1440
f 1460/1451/1441 1459/1450/1440 1458/1449/1439
f 1461/1452/1442 1459/1450/1440 1460/1451/1441
f 1459/1450/1440 1461/1452/1442 1462/1453/1443
f 1461/1452/1442 1463/1454/1444 1462/1453/1443
f 1462/1453/1443 1463/1454/1444 1464/1455/1445
f 1465/1456/1446 1455/1446/1436 1459/1450/1440
f 1465/1456/1446 1459/1450/1440 1462/1453/1443
f 1465/1456/1446 1462/1453/1443 1466/1457/1447
f 1462/1453/1443 1464/1455/1445 1467/1458/1448
f 1467/1458/1448 1466/1457/1447 1462/1453/1443
f 1468/1459/1449 1467/1458/1448 1464/1455/1445
f 1467/1458/1448 1468/1459/1449 1469/1460/1450
f 1467/1458/1448 1469/1460/1450 1466/1457/1447
f 1468/1459/1449 1470/1461/1451 1469/1460/1450
f 1471/1462/502 1469/1460/1450 1470/1461/1451
f 1472/1463/1452 1469/1460/1450 1471/1462/502
f 1472/1463/1452 1466/1457/1447 1469/1460/1450
f 1472/1463/1452 1473/1464/490 1466/1457/1447
f 1455/1446/1436 1465/1456/1446 1474/1465/1453
f 1455/1446/1436 1474/1465/1453 1441/1432/1422
f 1466/1457/1447 1475/1466/1454 1465/1456/1446
f 1465/1456/1446 1475/1466/1454 1474/1465/1453
f 1476/1467/1455 1466/1457/1447 1473/1464/490
f 1466/1457/1447 1476/1467/1455 1475/1466/1454
f 1477/1468/1456 1476/1467/1455 1473/1464/490
f 1475/1466/1454 1476/1467/1455 1477/1468/1456
f 1473/1464/490 1478/1469/1457 1477/1468/1456
f 1477/1468/1456 1478/1469/1457 1479/1470/1458
f 1441/1432/1422 1474/1465/1453 1480/1471/1459
f 1480/1471/1459 1474/1465/1453 1475/1466/1454
f 1475/1466/1454 1477/1468/1456 1481/1472/1460
f 1480/1471/1459 1475/1466/1454 1481/1472/1460
f 1482/1473/1461 1477/1468/1456 1479/1470/1458
f 1481/1472/1460 1477/1468/1456 1482/1473/1461
f 1479/1470/1458 1483/1474/1462 1482/1473/1461
f 1483/1474/1462 1479/1470/1458 1484/1475/1463
f 1483/1474/1462 1485/1476/1464 1482/1473/1461
f 1482/1473/1461 1485/1476/1464 1481/1472/1460
f 1480/1471/1459 1486/1477/1465 1441/1432/1422
f 1441/1432/1422 1486/1477/1465 1442/1433/1423
f 1481/1472/1460 1485/1476/1464 1487/1478/1466
f 1487/1478/1466 1485/1476/1464 1488/1479/1467
f 1488/1479/1467 1489/1480/1468 1487/1478/1466
f 1480/1471/1459 1481/1472/1460 1490/1481/1469
f 1490/1481/1469 1486/1477/1465 1480/1471/1459
f 1481/1472/1460 1487/1478/1466 1490/1481/1469
f 1487/1478/1466 1489/1480/1468 1491/1482/1470
f 1490/1481/1469 1487/1478/1466 1491/1482/1470
f 1489/1480/1468 1492/1483/1471 1491/1482/1470
f 1492/1483/1471 1341/1332/1325 1491/1482/1470
f 1491/1482/1470 1341/1332/1325 1398/1389/1379
f 1486/1477/1465 1490/1481/1469 1493/1484/1472
f 1490/1481/1469 1491/1482/1470 1493/1484/1472
f 1493/1484/1472 1442/1433/1423 1486/1477/1465
f 1491/1482/1470 1398/1389/1379 1493/1484/1472
f 1442/1433/1423 1493/1484/1472 1494/1485/1473
f 1493/1484/1472 1398/1389/1379 1494/1485/1473
f 1494/1485/1473 1409/1400/1390 1442/1433/1423
f 1494/1485/1473 1398/1389/1379 1408/1399/1389
f 1409/1400/1390 1494/1485/1473 1408/1399/1389
f 1495/1486/1474 1489/1480/1468 1488/1479/1467
f 1489/1480/1468 1495/1486/1474 1496/1487/1475
f 1492/1483/1471 1489/1480/1468 1496/1487/1475
f 1496/1487/1475 1497/1488/1476 1492/1483/1471
f 1341/1332/1325 1492/1483/1471 1497/1488/1476
f 1497/1488/1476 1336/1327/1320 1341/1332/1325
f 1498/1489/1477 1483/1474/1462 1484/1475/1463
f 1498/1489/1477 1499/1490/1478 1483/1474/1462
f 1483/1474/1462 1499/1490/1478 1485/1476/1464
f 1500/1491/1479 1499/1490/1478 1498/1489/1477
f 1499/1490/1478 1488/1479/1467 1485/1476/1464
f 1500/1491/1479 1501/1492/1480 1499/1490/1478
f 1488/1479/1467 1499/1490/1478 1501/1492/1480
f 1501/1492/1480 1500/1491/1479 1155/1146/1139
f 1501/1492/1480 1495/1486/1474 1488/1479/1467
f 1155/1146/1139 1150/1141/1134 1501/1492/1480
f 1148/1139/1132 1495/1486/1474 1501/1492/1480
f 1150/1141/1134 1148/1139/1132 1501/1492/1480
f 1502/1493/1481 1354/1345/1482 1503/1494/1483
f 1503/1494/1483 1504/1495/1484 1502/1493/1481
f 1504/1495/1484 1503/1494/1483 1351/1342/1485
f 1351/1342/1485 1505/1496/1486 1504/1495/1484
f 1506/1497/1487 1504/1495/1484 1505/1496/1486
f 1351/1342/1485 1345/1336/1329 1505/1496/1486
f 1507/1498/1488 1505/1496/1486 1345/1336/1329
f 1505/1496/1486 1507/1498/1488 1506/1497/1487
f 1507/1498/1488 1345/1336/1329 1326/1317/1310
f 1508/1499/1489 1507/1498/1488 1326/1317/1310
f 1326/1317/1310 1323/1314/1307 1508/1499/1489
f 1509/1500/1490 1506/1497/1487 1507/1498/1488
f 1507/1498/1488 1508/1499/1489 1509/1500/1490
f 1508/1499/1489 1323/1314/1307 1510/1501/1491
f 1324/1315/1308 1510/1501/1491 1323/1314/1307
f 1508/1499/1489 1511/1502/1492 1509/1500/1490
f 1510/1501/1491 1511/1502/1492 1508/1499/1489
f 1512/1503/1493 1510/1501/1491 1324/1315/1308
f 1324/1315/1308 1513/1504/1494 1512/1503/1493
f 1513/1504/1494 1514/1505/1495 1512/1503/1493
f 1515/1506/1496 1512/1503/1493 1514/1505/1495
f 1516/1507/1497 1511/1502/1492 1510/1501/1491
f 1512/1503/1493 1516/1507/1497 1510/1501/1491
f 1515/1506/1496 1517/1508/1498 1512/1503/1493
f 1512/1503/1493 1517/1508/1498 1516/1507/1497
f 1517/1508/1498 1515/1506/1496 1518/1509/1499
f 1511/1502/1492 1519/1510/1500 1509/1500/1490
f 1519/1510/1500 1511/1502/1492 1516/1507/1497
f 1518/1509/1499 1520/1511/1501 1517/1508/1498
f 1520/1511/1501 1518/1509/1499 1521/1512/433
f 1520/1511/1501 1521/1512/433 1522/1513/434
f 1520/1511/1501 1522/1513/434 1523/1514/435
f 1520/1511/1501 1523/1514/435 1517/1508/1498
f 1517/1508/1498 1523/1514/435 1516/1507/1497
f 1524/1515/1502 1516/1507/1497 1523/1514/435
f 1516/1507/1497 1524/1515/1502 1519/1510/1500
f 1519/1510/1500 1525/1516/1503 1509/1500/1490
f 1509/1500/1490 1525/1516/1503 1506/1497/1487
f 1525/1516/1503 1526/1517/1504 1506/1497/1487
f 1506/1497/1487 1526/1517/1504 1527/1518/1505
f 1528/1519/1506 1506/1497/1487 1527/1518/1505
f 1519/1510/1500 1529/1520/1507 1525/1516/1503
f 1506/1497/1487 1528/1519/1506 1504/1495/1484
f 1530/1521/1508 1519/1510/1500 1524/1515/1502
f 1530/1521/1508 1529/1520/1507 1519/1510/1500
f 1530/1521/1508 1524/1515/1502 1531/1522/438
f 1532/1523/1509 1529/1520/1507 1530/1521/1508
f 1530/1521/1508 1531/1522/438 1532/1523/1509
f 1504/1495/1484 1528/1519/1506 1533/1524/1510
f 1533/1524/1510 1502/1493/1481 1504/1495/1484
f 1533/1524/1510 1528/1519/1506 1534/1525/1511
f 1533/1524/1510 1535/1526/1512 1502/1493/1481
f 1535/1526/1512 1536/1527/1513 1502/1493/1481
f 1534/1525/1511 1537/1528/1514 1533/1524/1510
f 1533/1524/1510 1537/1528/1514 1535/1526/1512
f 1365/1356/1349 1536/1527/1513 1535/1526/1512
f 1358/1349/1515 1536/1527/1513 1365/1356/1349
f 1365/1356/1349 1535/1526/1512 1371/1362/1355
f 1371/1362/1355 1535/1526/1512 1537/1528/1514
f 1534/1525/1511 1538/1529/1516 1537/1528/1514
f 1539/1530/1517 1538/1529/1516 1534/1525/1511
f 1538/1529/1516 1539/1530/1517 1540/1531/1518
f 1540/1531/1518 1541/1532/1519 1538/1529/1516
f 1542/1533/1520 1371/1362/1355 1537/1528/1514
f 1537/1528/1514 1538/1529/1516 1542/1533/1520
f 1541/1532/1519 1542/1533/1520 1538/1529/1516
f 1377/1368/1361 1371/1362/1355 1542/1533/1520
f 1543/1534/1521 1542/1533/1520 1541/1532/1519
f 1544/1535/1522 1543/1534/1521 1541/1532/1519
f 1542/1533/1520 1545/1536/1523 1377/1368/1361
f 1543/1534/1521 1545/1536/1523 1542/1533/1520
f 1377/1368/1361 1545/1536/1523 1379/1370/1362
f 1379/1370/1362 1545/1536/1523 1546/1537/1524
f 1543/1534/1521 1546/1537/1524 1545/1536/1523
f 1546/1537/1524 1547/1538/1525 1379/1370/1362
f 1544/1535/1522 1548/1539/1526 1543/1534/1521
f 1549/1540/1527 1548/1539/1526 1544/1535/1522
f 1548/1539/1526 1549/1540/1527 1550/1541/1528
f 1548/1539/1526 1551/1542/1529 1543/1534/1521
f 1546/1537/1524 1543/1534/1521 1551/1542/1529
f 1550/1541/1528 1551/1542/1529 1548/1539/1526
f 1552/1543/1530 1547/1538/1525 1546/1537/1524
f 1546/1537/1524 1551/1542/1529 1552/1543/1530
f 1552/1543/1530 1551/1542/1529 1550/1541/1528
f 1552/1543/1530 1553/1544/233 1547/1538/1525
f 1553/1544/233 1552/1543/1530 1554/1545/1531
f 1555/1546/1532 1552/1543/1530 1550/1541/1528
f 1555/1546/1532 1554/1545/1531 1552/1543/1530
f 1550/1541/1528 1556/1547/225 1555/1546/1532
f 1555/1546/1532 1557/1548/1533 1554/1545/1531
f 1556/1547/225 1557/1548/1533 1555/1546/1532
f 1147/1138/1131 1336/1327/1320 1145/1136/1129
f 1145/1136/1129 1336/1327/1320 1497/1488/1476
f 1496/1487/1475 1145/1136/1129 1497/1488/1476
f 1146/1137/1130 1145/1136/1129 1496/1487/1475
f 1148/1139/1132 1146/1137/1130 1496/1487/1475
f 1148/1139/1132 1496/1487/1475 1495/1486/1474
f 1558/1549/1534 1559/1550/1535 1560/1551/1536
f 1560/1551/1536 1561/1552/1537 1558/1549/1534
f 1562/1553/1538 1558/1549/1534 1561/1552/1537
f 1561/1552/1537 1563/1554/1539 1562/1553/1538
f 1560/1551/1536 1564/1555/1540 1561/1552/1537
f 1561/1552/1537 1564/1555/1540 1563/1554/1539
f 1564/1555/1540 1560/1551/1536 1565/1556/1541
f 1566/1557/1542 1563/1554/1539 1564/1555/1540
f 1567/1558/748 1564/1555/1540 1565/1556/1541
f 1564/1555/1540 1568/1559/1543 1566/1557/1542
f 1567/1558/748 1568/1559/1543 1564/1555/1540
f 26/17/26 25/16/25 1569/18/1544
f 1569/18/1544 1570/19/1545 26/17/26
f 1571/20/1546 1570/19/1545 1569/18/1544
f 30/21/30 26/17/26 1570/19/1545
f 1571/20/1546 1572/22/1547 1570/19/1545
f 1570/19/1545 1573/23/1548 30/21/30
f 1573/23/1548 33/24/33 30/21/30
f 1574/25/1549 33/24/33 1573/23/1548
f 1575/26/1550 1573/23/1548 1570/19/1545
f 1573/23/1548 1575/26/1550 1574/25/1549
f 1570/19/1545 1572/22/1547 1575/26/1550
f 1574/25/1549 1575/26/1550 1576/27/1551
f 1575/26/1550 1572/22/1547 1577/28/1552
f 1575/26/1550 1577/28/1552 1576/27/1551
f 1572/22/1547 1578/29/1553 1577/28/1552
f 1577/28/1552 1579/30/1554 1576/27/1551
f 1579/30/1554 1577/28/1552 1578/29/1553
f 1580/31/1555 1576/27/1551 1579/30/1554
f 1578/29/1553 1581/32/1556 1579/30/1554
f 1582/33/1557 1581/32/1556 1578/29/1553
f 1581/32/1556 1582/33/1557 1583/34/1558
f 1583/34/1558 1582/33/1557 1584/35/1559
f 1584/35/1559 1585/36/1560 1583/34/1558
f 1580/31/1555 1579/30/1554 1586/37/1561
f 1586/37/1561 1587/38/1562 1580/31/1555
f 1588/39/1563 1587/38/1562 1586/37/1561
f 1579/30/1554 1581/32/1556 1589/40/1564
f 1589/40/1564 1586/37/1561 1579/30/1554
f 1586/37/1561 1590/41/1565 1588/39/1563
f 1586/37/1561 1589/40/1564 1590/41/1565
f 1588/39/1563 1590/41/1565 1591/42/1566
f 1591/42/1566 1590/41/1565 1592/43/1567
f 1593/44/1568 1591/42/1566 1592/43/1567
f 1594/45/1569 1581/32/1556 1583/34/1558
f 1589/40/1564 1581/32/1556 1594/45/1569
f 1589/40/1564 1594/45/1569 1595/46/1570
f 1595/46/1570 1594/45/1569 1583/34/1558
f 1590/41/1565 1589/40/1564 1596/47/1571
f 1590/41/1565 1596/47/1571 1592/43/1567
f 1589/40/1564 1595/46/1570 1596/47/1571
f 1592/43/1567 1597/52/1572 1593/44/1568
f 1593/44/1568 1597/52/1572 1598/53/1573
f 1598/53/1573 1597/52/1572 1599/54/1574
f 1600/50/1575 1595/46/1570 1583/34/1558
f 1595/46/1570 1600/50/1575 1601/51/1576
f 1602/48/1577 1600/50/1575 1583/34/1558
f 1585/36/1560 1602/48/1577 1583/34/1558
f 1585/36/1560 1603/49/1578 1602/48/1577
f 1603/49/1578 1600/50/1575 1602/48/1577
f 1595/46/1570 1604/55/1579 1596/47/1571
f 1605/56/1580 1596/47/1571 1604/55/1579
f 1592/43/1567 1596/47/1571 1605/56/1580
f 1606/57/1581 1604/55/1579 1595/46/1570
f 1606/57/1581 1595/46/1570 1601/51/1576
f 1605/56/1580 1604/55/1579 1606/57/1581
f 1603/49/1578 1607/58/1582 1600/50/1575
f 1608/59/1583 1600/50/1575 1607/58/1582
f 1600/50/1575 1608/59/1583 1601/51/1576
f 1607/58/1582 1603/49/1578 1609/60/1584
f 1608/59/1583 1607/58/1582 1609/60/1584
f 1603/49/1578 1610/61/1585 1609/60/1584
f 1611/62/1586 1609/60/1584 1610/61/1585
f 1608/59/1583 1609/60/1584 1612/63/1587
f 1612/63/1587 1601/51/1576 1608/59/1583
f 1613/64/1588 1609/60/1584 1611/62/1586
f 1609/60/1584 1613/64/1588 1612/63/1587
f 1614/65/1589 1613/64/1588 1611/62/1586
f 1611/62/1586 1615/66/1590 1614/65/1589
f 1616/67/1591 1614/65/1589 1615/66/1590
f 1616/67/1591 1615/66/1590 1617/68/1592
f 1615/66/1590 1618/69/1593 1617/68/1592
f 1614/65/1589 1619/70/1594 1613/64/1588
f 1619/70/1594 1612/63/1587 1613/64/1588
f 1614/65/1589 1620/71/1595 1619/70/1594
f 1621/72/1596 1601/51/1576 1612/63/1587
f 1612/63/1587 1619/70/1594 1621/72/1596
f 1622/73/1597 1619/70/1594 1620/71/1595
f 1620/71/1595 1623/74/1598 1622/73/1597
f 1624/75/1599 1619/70/1594 1622/73/1597
f 1624/75/1599 1621/72/1596 1619/70/1594
f 1624/75/1599 1622/73/1597 1625/76/1600
f 1626/77/1601 1624/75/1599 1625/76/1600
f 1627/78/1602 1624/75/1599 1626/77/1601
f 1627/78/1602 1628/79/1603 1624/75/1599
f 1628/79/1603 1621/72/1596 1624/75/1599
f 1629/80/1604 1621/72/1596 1628/79/1603
f 1601/51/1576 1621/72/1596 1630/81/1605
f 1630/81/1605 1621/72/1596 1629/80/1604
f 1630/81/1605 1631/82/1606 1601/51/1576
f 1601/51/1576 1631/82/1606 1606/57/1581
f 1631/82/1606 1630/81/1605 1632/83/1607
f 1606/57/1581 1631/82/1606 1632/83/1607
f 1629/80/1604 1632/83/1607 1630/81/1605
f 1605/56/1580 1606/57/1581 1632/83/1607
f 1632/83/1607 1633/84/1608 1605/56/1580
f 1632/83/1607 1629/80/1604 1633/84/1608
f 1605/56/1580 1633/84/1608 1634/85/1609
f 1633/84/1608 1629/80/1604 1634/85/1609
f 1592/43/1567 1605/56/1580 1634/85/1609
f 1634/85/1609 1635/86/1610 1592/43/1567
f 1635/86/1610 1634/85/1609 1629/80/1604
f 1597/52/1572 1592/43/1567 1635/86/1610
f 1635/86/1610 1629/80/1604 1636/87/1611
f 1636/87/1611 1629/80/1604 1628/79/1603
f 1597/52/1572 1635/86/1610 1637/88/1612
f 1637/88/1612 1635/86/1610 1636/87/1611
f 1638/89/1613 1597/52/1572 1637/88/1612
f 1636/87/1611 1638/89/1613 1637/88/1612
f 1638/89/1613 1636/87/1611 1628/79/1603
f 1599/54/1574 1597/52/1572 1638/89/1613
f 1628/79/1603 1639/90/1614 1638/89/1613
f 1638/89/1613 1639/90/1614 1599/54/1574
f 1628/79/1603 1627/78/1602 1639/90/1614
f 1627/78/1602 1640/91/1615 1639/90/1614
f 1640/91/1615 1641/92/1616 1639/90/1614
f 1639/90/1614 1641/92/1616 1642/93/1617
f 1599/54/1574 1639/90/1614 1642/93/1617
f 1599/54/1574 1642/93/1617 1643/94/1618
f 1644/95/1619 1599/54/1574 1643/94/1618
f 1644/95/1619 1643/94/1618 1645/96/1620
f 1645/96/1620 1643/94/1618 1646/97/1621
f 1647/98/1622 1599/54/1574 1644/95/1619
f 1644/95/1619 1645/96/1620 1647/98/1622
f 1647/98/1622 1598/53/1573 1599/54/1574
f 1598/53/1573 1647/98/1622 1645/96/1620
f 1648/99/1623 1645/96/1620 1646/97/1621
f 1645/96/1620 1648/99/1623 1598/53/1573
f 1646/97/1621 1649/100/1624 1648/99/1623
f 1598/53/1573 1648/99/1623 1650/101/1625
f 1651/102/1626 1648/99/1623 1649/100/1624
f 1648/99/1623 1651/102/1626 1650/101/1625
f 1652/105/1627 1653/104/1628 1654/103/1629
f 1654/103/1629 1655/106/1630 1652/105/1627
f 1656/107/1631 1652/105/1627 1655/106/1630
f 1655/106/1630 1654/103/1629 1657/108/1632
f 1657/108/1632 1658/109/1633 1655/106/1630
f 1655/106/1630 1659/110/1634 1656/107/1631
f 1659/110/1634 1655/106/1630 1658/109/1633
f 1658/109/1633 1660/111/1635 1659/110/1634
f 1658/109/1633 1657/108/1632 1661/112/1636
f 1660/111/1635 1658/109/1633 1662/113/1637
f 1663/114/1638 1662/113/1637 1658/109/1633
f 1662/113/1637 1664/115/1639 1660/111/1635
f 1665/116/1640 1664/115/1639 1662/113/1637
f 1665/116/1640 1666/117/1641 1664/115/1639
f 1666/117/1641 1665/116/1640 1667/118/1642
f 1667/118/1642 1665/116/1640 1668/119/1643
f 1662/113/1637 1669/120/1644 1665/116/1640
f 1669/120/1644 1668/119/1643 1665/116/1640
f 1663/114/1638 1669/120/1644 1662/113/1637
f 1669/120/1644 1670/121/1645 1668/119/1643
f 1670/121/1645 1669/120/1644 1671/122/1646
f 1671/122/1646 1669/120/1644 1663/114/1638
f 1670/121/1645 1671/122/1646 1672/123/1647
f 1672/123/1647 1673/124/1648 1670/121/1645
f 1661/112/1636 1674/125/1649 1658/109/1633
f 1663/114/1638 1658/109/1633 1674/125/1649
f 1672/123/1647 1671/122/1646 1675/126/1650
f 1675/126/1650 1671/122/1646 1663/114/1638
f 1672/123/1647 1676/127/1651 1673/124/1648
f 1676/127/1651 1677/128/1652 1673/124/1648
f 1675/126/1650 1678/129/1653 1672/123/1647
f 1676/127/1651 1672/123/1647 1678/129/1653
f 1679/130/1654 1677/128/1652 1676/127/1651
f 1679/130/1654 1680/131/1655 1677/128/1652
f 1681/132/1656 1680/131/1655 1679/130/1654
f 1681/132/1656 1679/130/1654 1682/133/1657
f 1683/134/1658 1682/133/1657 1679/130/1654
f 1679/130/1654 1676/127/1651 1683/134/1658
f 1683/134/1658 1676/127/1651 1684/135/1659
f 1678/129/1653 1684/135/1659 1676/127/1651
f 1678/129/1653 1685/136/1660 1684/135/1659
f 1685/136/1660 1678/129/1653 1686/137/1661
f 1687/138/1662 1686/137/1661 1678/129/1653
f 1678/129/1653 1675/126/1650 1687/138/1662
f 1675/126/1650 1688/139/1663 1687/138/1662
f 1688/139/1663 1689/140/1664 1687/138/1662
f 1675/126/1650 1663/114/1638 1688/139/1663
f 1688/139/1663 1690/141/1665 1689/140/1664
f 1689/140/1664 1690/141/1665 1691/142/1666
f 1690/141/1665 1692/143/1667 1691/142/1666
f 1693/144/1668 1692/143/1667 1690/141/1665
f 1693/144/1668 1690/141/1665 1688/139/1663
f 1692/143/1667 1693/144/1668 1694/145/1669
f 1695/146/1670 1688/139/1663 1663/114/1638
f 1693/144/1668 1688/139/1663 1695/146/1670
f 1663/114/1638 1674/125/1649 1695/146/1670
f 1674/125/1649 1696/147/1671 1695/146/1670
f 1693/144/1668 1695/146/1670 1696/147/1671
f 1661/112/1636 1696/147/1671 1674/125/1649
f 1694/145/1669 1693/144/1668 1697/148/1672
f 1693/144/1668 1696/147/1671 1697/148/1672
f 1698/149/1673 1694/145/1669 1697/148/1672
f 1699/150/1674 1698/149/1673 1697/148/1672
f 1700/151/1675 1696/147/1671 1661/112/1636
f 1696/147/1671 1700/151/1675 1697/148/1672
f 1697/148/1672 1700/151/1675 1699/150/1674
f 1661/112/1636 1701/152/1676 1700/151/1675
f 1702/153/1677 1699/150/1674 1700/151/1675
f 1701/152/1676 1702/153/1677 1700/151/1675
f 1703/155/1678 1704/154/1679 1705/156/1680
f 1703/155/1678 1705/156/1680 1706/157/1681
f 1703/155/1678 1706/157/1681 1707/158/1682
f 1708/159/1683 1703/155/1678 1707/158/1682
f 1709/160/1684 1707/158/1682 1706/157/1681
f 1710/161/1685 1709/160/1684 1706/157/1681
f 1710/161/1685 1711/162/1686 1709/160/1684
f 1712/163/1687 1708/159/1683 1707/158/1682
f 1707/158/1682 1709/160/1684 1712/163/1687
f 1712/163/1687 1713/164/1688 1708/159/1683
f 1714/165/1689 1709/160/1684 1711/162/1686
f 1709/160/1684 1714/165/1689 1712/163/1687
f 1711/162/1686 1715/166/1690 1714/165/1689
f 1713/164/1688 1712/163/1687 1716/167/1691
f 1716/167/1691 1717/168/1692 1713/164/1688
f 1716/167/1691 1718/169/1693 1717/168/1692
f 1716/167/1691 1712/163/1687 1719/170/1694
f 1719/170/1694 1718/169/1693 1716/167/1691
f 1714/165/1689 1719/170/1694 1712/163/1687
f 1719/170/1694 1720/171/1695 1718/169/1693
f 1721/172/1696 1720/171/1695 1719/170/1694
f 1714/165/1689 1721/172/1696 1719/170/1694
f 1722/173/1697 1714/165/1689 1715/166/1690
f 1722/173/1697 1721/172/1696 1714/165/1689
f 1723/174/1698 1722/173/1697 1715/166/1690
f 1722/173/1697 1724/175/1699 1721/172/1696
f 1725/176/1700 1722/173/1697 1723/174/1698
f 1724/175/1699 1722/173/1697 1725/176/1700
f 1726/178/1701 1727/177/1702 1728/179/1703
f 1726/178/1701 1729/180/1704 1727/177/1702
f 1726/178/1701 1730/181/1705 1729/180/1704
f 1731/183/1706 1732/182/1707 1733/184/1708
f 1731/183/1706 1733/184/1708 1734/185/1709
f 1735/187/1710 1736/186/1711 1737/188/1712
f 1736/186/1711 1738/189/1705 1737/188/1712
f 1739/191/1713 1740/190/1714 1741/192/1715
f 1742/193/1716 1739/191/1713 1741/192/1715
f 1743/195/1717 1744/194/1718 1745/196/1719
f 1746/197/1720 1743/195/1717 1745/196/1719
f 1747/199/1721 1748/198/1722 1749/200/1723
f 1749/200/1723 1750/201/1724 1747/199/1721
f 1751/204/1725 1752/203/1726 1753/202/1727
f 1753/202/1727 1754/205/1728 1751/204/1725
f 1753/202/1727 1755/206/1729 1754/205/1728
f 1756/207/1730 1755/206/1729 1753/202/1727
f 1757/208/1731 1755/206/1729 1756/207/1730
f 1757/208/1731 1758/209/1732 1755/206/1729
f 1755/206/1729 1758/209/1732 1754/205/1728
f 1758/209/1732 1759/210/1733 1754/205/1728
f 1759/210/1733 1758/209/1732 1760/211/1734
f 1760/211/1734 1761/212/1735 1759/210/1733
f 1761/212/1735 1760/211/1734 1762/213/1736
f 1761/212/1735 1762/213/1736 1763/214/1737
f 1761/212/1735 1763/214/1737 1764/215/1738
f 1765/216/1739 1764/215/1738 1763/214/1737
f 1759/210/1733 1761/212/1735 1766/217/1740
f 1761/212/1735 1764/215/1738 1766/217/1740
f 1759/210/1733 1767/218/1741 1754/205/1728
f 1766/217/1740 1767/218/1741 1759/210/1733
f 1768/219/1742 1751/204/1725 1754/205/1728
f 1767/218/1741 1768/219/1742 1754/205/1728
f 1751/204/1725 1768/219/1742 1769/220/1743
f 1770/221/1744 1764/215/1738 1765/216/1739
f 1765/216/1739 1771/222/1745 1770/221/1744
f 1771/222/1745 1772/223/1746 1770/221/1744
f 1770/221/1744 1772/223/1746 1764/215/1738
f 1773/224/1747 1764/215/1738 1772/223/1746
f 1766/217/1740 1764/215/1738 1773/224/1747
f 1773/224/1747 1774/225/1748 1766/217/1740
f 1766/217/1740 1774/225/1748 1775/226/1749
f 1766/217/1740 1775/226/1749 1767/218/1741
f 1776/227/1750 1767/218/1741 1775/226/1749
f 1777/228/1751 1767/218/1741 1776/227/1750
f 1777/228/1751 1768/219/1742 1767/218/1741
f 1777/228/1751 1778/229/1752 1768/219/1742
f 1769/220/1743 1768/219/1742 1778/229/1752
f 1769/220/1743 1778/229/1752 1779/230/1753
f 1769/220/1743 1779/230/1753 1780/231/1754
f 1780/231/1754 1781/232/1755 1769/220/1743
f 1781/232/1755 1780/231/1754 1782/233/1756
f 1781/232/1755 1783/234/1757 1769/220/1743
f 1783/234/1757 1784/235/1758 1769/220/1743
f 1769/220/1743 1784/235/1758 1751/204/1725
f 1785/236/1759 1751/204/1725 1784/235/1758
f 1751/204/1725 1785/236/1759 1786/237/1760
f 1781/232/1755 1787/238/1761 1783/234/1757
f 1781/232/1755 1788/239/1762 1787/238/1761
f 1781/232/1755 1782/233/1756 1789/240/1763
f 1788/239/1762 1781/232/1755 1789/240/1763
f 1790/241/1764 1789/240/1763 1782/233/1756
f 1782/233/1756 1791/242/1765 1790/241/1764
f 1791/242/1765 1792/243/1766 1790/241/1764
f 1789/240/1763 1793/244/1767 1788/239/1762
f 1790/241/1764 1793/244/1767 1789/240/1763
f 1794/245/1768 1790/241/1764 1792/243/1766
f 1793/244/1767 1790/241/1764 1794/245/1768
f 1792/243/1766 1795/246/1769 1794/245/1768
f 1795/246/1769 1796/247/1770 1794/245/1768
f 1788/239/1762 1793/244/1767 1797/248/1771
f 1797/248/1771 1793/244/1767 1794/245/1768
f 1794/245/1768 1796/247/1770 1797/248/1771
f 1797/248/1771 1798/249/1772 1788/239/1762
f 1797/248/1771 1796/247/1770 1799/250/1773
f 1798/249/1772 1797/248/1771 1799/250/1773
f 1799/250/1773 1800/251/1774 1798/249/1772
f 1801/253/1775 1802/252/1776 1803/254/1777
f 1801/253/1775 1803/254/1777 1804/255/1778
f 1805/256/1779 1801/253/1775 1804/255/1778
f 1803/254/1777 1806/257/1780 1804/255/1778
f 1807/258/1781 1806/257/1780 1803/254/1777
f 268/259/268 1806/257/1780 1807/258/1781
f 1806/257/1780 268/259/268 1808/260/1782
f 1804/255/1778 1806/257/1780 1808/260/1782
f 270/261/270 1808/260/1782 268/259/268
f 1804/255/1778 1809/262/1783 1805/256/1779
f 1805/256/1779 1809/262/1783 1810/263/1784
f 1808/260/1782 270/261/270 1811/264/1785
f 274/265/274 1811/264/1785 270/261/270
f 1811/264/1785 1812/266/1786 1808/260/1782
f 1812/266/1786 1811/264/1785 1813/267/1787
f 277/268/277 1811/264/1785 274/265/274
f 1813/267/1787 1811/264/1785 277/268/277
f 1813/267/1787 277/268/277 278/269/278
f 1804/255/1778 1808/260/1782 1814/270/1788
f 1814/270/1788 1808/260/1782 1812/266/1786
f 1814/270/1788 1812/266/1786 1815/271/1789
f 1814/270/1788 1816/272/1790 1804/255/1778
f 1804/255/1778 1816/272/1790 1809/262/1783
f 1815/271/1789 1816/272/1790 1814/270/1788
f 1809/262/1783 1816/272/1790 1817/273/1791
f 1817/273/1791 1816/272/1790 1815/271/1789
f 1818/274/1792 1810/263/1784 1809/262/1783
f 1809/262/1783 1817/273/1791 1818/274/1792
f 1819/275/1793 1810/263/1784 1818/274/1792
f 1820/276/1794 1810/263/1784 1819/275/1793
f 278/269/278 1821/277/1795 1813/267/1787
f 1821/277/1795 278/269/278 287/278/287
f 288/279/288 1821/277/1795 287/278/287
f 1821/277/1795 288/279/288 1822/280/1796
f 1822/280/1796 1813/267/1787 1821/277/1795
f 1822/280/1796 288/279/288 1823/281/1797
f 288/279/288 291/282/291 1823/281/1797
f 1823/281/1797 291/282/291 292/283/292
f 1824/284/1798 1813/267/1787 1822/280/1796
f 1822/280/1796 1823/281/1797 1824/284/1798
f 1825/285/1799 1818/274/1792 1817/273/1791
f 1819/275/1793 1818/274/1792 1825/285/1799
f 1820/276/1794 1819/275/1793 1826/286/1800
f 1826/286/1800 1827/287/1801 1820/276/1794
f 1813/267/1787 1824/284/1798 1828/288/1802
f 1828/288/1802 1812/266/1786 1813/267/1787
f 1825/285/1799 1829/289/1803 1819/275/1793
f 1819/275/1793 1829/289/1803 1826/286/1800
f 1830/290/1804 1827/287/1801 1826/286/1800
f 1831/291/1805 1827/287/1801 1830/290/1804
f 1830/290/1804 1832/292/1806 1831/291/1805
f 1830/290/1804 1833/293/1807 1832/292/1806
f 1832/292/1806 1833/293/1807 1834/294/1808
f 1833/293/1807 1830/290/1804 1835/295/1809
f 1835/295/1809 1830/290/1804 1826/286/1800
f 1833/293/1807 1835/295/1809 1836/296/1810
f 1836/296/1810 1835/295/1809 1837/297/1811
f 1838/298/1812 1837/297/1811 1835/295/1809
f 1835/295/1809 1839/299/1813 1838/298/1812
f 1835/295/1809 1826/286/1800 1839/299/1813
f 1839/299/1813 1826/286/1800 1829/289/1803
f 1829/289/1803 1840/300/1814 1839/299/1813
f 1837/297/1811 1841/301/1815 1836/296/1810
f 1841/301/1815 1837/297/1811 1842/302/1816
f 1842/302/1816 1843/303/1817 1841/301/1815
f 313/304/313 1842/302/1816 1837/297/1811
f 1837/297/1811 314/305/314 313/304/313
f 1837/297/1811 315/306/315 314/305/314
f 1837/297/1811 1838/298/1812 315/306/315
f 315/306/315 1838/298/1812 316/307/316
f 1838/298/1812 317/308/317 316/307/316
f 318/309/318 317/308/317 1838/298/1812
f 1839/299/1813 1844/310/1818 1838/298/1812
f 1840/300/1814 1844/310/1818 1839/299/1813
f 1845/311/1819 318/309/318 1838/298/1812
f 1844/310/1818 1845/311/1819 1838/298/1812
f 1845/311/1819 321/312/321 318/309/318
f 1840/300/1814 1846/313/1820 1844/310/1818
f 1845/311/1819 1844/310/1818 1846/313/1820
f 1847/314/1821 1846/313/1820 1840/300/1814
f 1848/315/1822 321/312/321 1845/311/1819
f 1848/315/1822 325/316/325 321/312/321
f 325/316/325 1848/315/1822 326/317/326
f 1848/315/1822 327/318/327 326/317/326
f 327/318/327 1848/315/1822 328/319/328
f 1848/315/1822 1845/311/1819 1849/320/1823
f 1849/320/1823 328/319/328 1848/315/1822
f 1846/313/1820 1849/320/1823 1845/311/1819
f 328/319/328 1849/320/1823 1850/321/1824
f 1846/313/1820 1850/321/1824 1849/320/1823
f 331/322/331 328/319/328 1850/321/1824
f 1851/323/1825 1850/321/1824 1846/313/1820
f 1846/313/1820 1847/314/1821 1851/323/1825
f 1852/324/1826 331/322/331 1850/321/1824
f 1851/323/1825 1852/324/1826 1850/321/1824
f 1852/324/1826 334/325/334 331/322/331
f 335/326/335 334/325/334 1852/324/1826
f 335/326/335 1852/324/1826 336/327/336
f 336/327/336 1852/324/1826 1851/323/1825
f 1851/323/1825 337/328/337 336/327/336
f 1853/329/1827 337/328/337 1851/323/1825
f 1853/329/1827 1851/323/1825 1847/314/1821
f 337/328/337 1853/329/1827 339/330/339
f 1854/331/1828 339/330/339 1853/329/1827
f 339/330/339 1854/331/1828 341/332/341
f 1854/331/1828 1855/333/1829 341/332/341
f 1855/333/1829 343/334/343 341/332/341
f 344/335/344 343/334/343 1855/333/1829
f 1847/314/1821 1856/336/1830 1853/329/1827
f 1854/331/1828 1853/329/1827 1856/336/1830
f 1857/337/1831 344/335/344 1855/333/1829
f 344/335/344 1857/337/1831 347/338/347
f 348/339/348 347/338/347 1857/337/1831
f 1857/337/1831 349/340/349 348/339/348
f 1857/337/1831 1855/333/1829 349/340/349
f 350/341/350 349/340/349 1855/333/1829
f 350/341/350 1855/333/1829 1858/342/1832
f 1854/331/1828 1858/342/1832 1855/333/1829
f 1858/342/1832 352/343/352 350/341/350
f 1854/331/1828 1859/344/1833 1858/342/1832
f 352/343/352 1858/342/1832 1859/344/1833
f 1854/331/1828 1856/336/1830 1859/344/1833
f 1859/344/1833 354/345/354 352/343/352
f 1860/346/1834 354/345/354 1859/344/1833
f 1860/346/1834 1859/344/1833 1856/336/1830
f 354/345/354 1860/346/1834 356/347/356
f 357/348/357 356/347/356 1860/346/1834
f 1856/336/1830 1861/349/1835 1860/346/1834
f 1860/346/1834 1861/349/1835 357/348/357
f 1856/336/1830 1862/350/1836 1861/349/1835
f 1862/350/1836 1856/336/1830 1847/314/1821
f 357/348/357 1861/349/1835 1863/351/1837
f 1862/350/1836 1863/351/1837 1861/349/1835
f 357/348/357 1863/351/1837 361/352/361
f 362/353/362 361/352/361 1863/351/1837
f 1863/351/1837 1862/350/1836 362/353/362
f 1862/350/1836 1864/354/1838 362/353/362
f 1847/314/1821 1864/354/1838 1862/350/1836
f 362/353/362 1864/354/1838 364/355/364
f 1865/356/1839 1864/354/1838 1847/314/1821
f 1847/314/1821 1840/300/1814 1865/356/1839
f 1866/357/1840 364/355/364 1864/354/1838
f 1866/357/1840 367/358/367 364/355/364
f 367/358/367 1866/357/1840 368/359/368
f 368/359/368 1866/357/1840 369/360/369
f 1866/357/1840 1864/354/1838 1867/361/1841
f 1866/357/1840 1867/361/1841 369/360/369
f 1865/356/1839 1867/361/1841 1864/354/1838
f 1868/362/1842 369/360/369 1867/361/1841
f 1865/356/1839 1868/362/1842 1867/361/1841
f 369/360/369 1868/362/1842 372/363/372
f 372/363/372 1868/362/1842 373/364/373
f 1868/362/1842 1865/356/1839 373/364/373
f 1840/300/1814 1869/365/1843 1865/356/1839
f 1869/365/1843 373/364/373 1865/356/1839
f 1840/300/1814 1870/366/1844 1869/365/1843
f 1840/300/1814 1829/289/1803 1870/366/1844
f 1829/289/1803 1825/285/1799 1870/366/1844
f 1871/367/1845 373/364/373 1869/365/1843
f 1871/367/1845 377/368/377 373/364/373
f 377/368/377 1871/367/1845 378/369/378
f 1871/367/1845 379/370/379 378/369/378
f 1872/371/1846 1871/367/1845 1869/365/1843
f 1871/367/1845 1872/371/1846 379/370/379
f 1872/371/1846 1869/365/1843 1870/366/1844
f 381/372/381 379/370/379 1872/371/1846
f 1870/366/1844 381/372/381 1872/371/1846
f 1825/285/1799 381/372/381 1870/366/1844
f 1817/273/1791 381/372/381 1825/285/1799
f 1817/273/1791 382/373/382 381/372/381
f 382/373/382 1817/273/1791 1815/271/1789
f 382/373/382 1815/271/1789 383/374/383
f 384/375/384 383/374/383 1815/271/1789
f 385/376/385 384/375/384 1815/271/1789
f 1812/266/1786 385/376/385 1815/271/1789
f 386/377/386 385/376/385 1812/266/1786
f 1873/378/1847 386/377/386 1812/266/1786
f 386/377/386 1873/378/1847 388/379/388
f 388/379/388 1873/378/1847 389/380/389
f 1828/288/1802 1873/378/1847 1812/266/1786
f 1828/288/1802 389/380/389 1873/378/1847
f 389/380/389 1828/288/1802 390/381/390
f 1828/288/1802 391/382/391 390/381/390
f 1824/284/1798 391/382/391 1828/288/1802
f 392/383/392 391/382/391 1824/284/1798
f 1824/284/1798 1874/384/1848 392/383/392
f 394/385/394 392/383/392 1874/384/1848
f 1823/281/1797 1874/384/1848 1824/284/1798
f 1874/384/1848 1875/387/1849 394/385/394
f 1875/387/1849 397/388/397 394/385/394
f 397/388/397 1875/387/1849 398/389/398
f 1874/384/1848 1823/281/1797 1876/386/1850
f 1874/384/1848 1876/386/1850 1875/387/1849
f 398/389/398 1875/387/1849 1876/386/1850
f 292/283/292 1876/386/1850 1823/281/1797
f 1877/390/1851 398/389/398 1876/386/1850
f 292/283/292 1877/390/1851 1876/386/1850
f 1877/390/1851 401/392/401 398/389/398
f 400/391/400 1877/390/1851 292/283/292
f 402/393/402 401/392/401 1877/390/1851
f 1877/390/1851 400/391/400 402/393/402
f 1878/395/1852 1879/394/1853 1880/396/1854
f 1879/394/1853 1881/397/1855 1880/396/1854
f 1880/396/1854 1881/397/1855 1882/398/1856
f 1879/394/1853 1883/399/1857 1881/397/1855
f 1881/397/1855 1884/400/1858 1882/398/1856
f 1885/401/1859 1881/397/1855 1883/399/1857
f 1883/399/1857 1886/402/1860 1885/401/1859
f 1887/403/1861 1884/400/1858 1881/397/1855
f 1887/403/1861 1881/397/1855 1885/401/1859
f 1885/401/1859 1888/404/1862 1887/403/1861
f 1889/405/1863 1884/400/1858 1887/403/1861
f 1887/403/1861 1890/406/1864 1889/405/1863
f 1890/406/1864 1887/403/1861 1888/404/1862
f 1891/407/1865 1889/405/1863 1890/406/1864
f 1885/401/1859 1886/402/1860 1892/408/1866
f 1893/409/1867 1892/408/1866 1886/402/1860
f 1894/410/1868 1888/404/1862 1885/401/1859
f 1894/410/1868 1885/401/1859 1892/408/1866
f 1895/411/1869 1894/410/1868 1892/408/1866
f 1895/411/1869 1892/408/1866 1896/412/1870
f 1896/412/1870 1892/408/1866 1893/409/1867
f 1897/413/1871 1896/412/1870 1893/409/1867
f 1893/409/1867 1898/414/1801 1897/413/1871
f 1897/413/1871 1898/414/1801 1899/415/1872
f 1888/404/1862 1894/410/1868 1900/416/1873
f 1888/404/1862 1900/416/1873 1901/417/1874
f 1901/417/1874 1902/418/1875 1888/404/1862
f 1902/418/1875 1901/417/1874 1903/419/1876
f 1902/418/1875 1903/419/1876 1904/420/1877
f 1888/404/1862 1902/418/1875 1905/421/1878
f 1888/404/1862 1905/421/1878 1890/406/1864
f 1902/418/1875 1904/420/1877 1906/422/1879
f 1906/422/1879 1905/421/1878 1902/418/1875
f 1907/423/1880 1906/422/1879 1904/420/1877
f 1908/424/1881 1906/422/1879 1907/423/1880
f 1909/425/1882 1908/424/1881 1907/423/1880
f 1908/424/1881 1909/425/1882 1910/426/1883
f 1906/422/1879 1908/424/1881 1910/426/1883
f 1910/426/1883 1911/427/1884 1906/422/1879
f 1906/422/1879 1911/427/1884 1905/421/1878
f 1905/421/1878 1911/427/1884 1912/428/1885
f 1905/421/1878 1912/428/1885 1890/406/1864
f 1913/429/1886 1890/406/1864 1912/428/1885
f 1914/430/1887 1913/429/1886 1912/428/1885
f 1913/429/1886 1891/407/1865 1890/406/1864
f 1914/430/1887 1891/407/1865 1913/429/1886
f 1915/432/1888 1916/431/1889 1917/433/1706
f 1915/432/1888 1917/433/1706 1918/434/1890
f 1919/436/1891 1920/435/1892 1921/437/1893
f 1919/436/1891 1921/437/1893 1922/438/1894
f 1642/93/1617 1646/97/1621 1643/94/1618
f 1642/93/1617 1641/92/1616 1646/97/1621
f 1649/100/1624 1646/97/1621 1641/92/1616
f 1923/439/1895 1649/100/1624 1641/92/1616
f 1923/439/1895 1641/92/1616 1924/440/1896
f 1924/440/1896 1641/92/1616 1640/91/1615
f 1924/440/1896 1640/91/1615 1627/78/1602
f 1925/441/1897 1649/100/1624 1923/439/1895
f 1926/442/1898 1649/100/1624 1925/441/1897
f 1651/102/1626 1649/100/1624 1926/442/1898
f 1927/443/1899 1924/440/1896 1627/78/1602
f 1927/443/1899 1928/444/1900 1924/440/1896
f 1928/444/1900 1923/439/1895 1924/440/1896
f 1929/445/1901 1927/443/1899 1627/78/1602
f 1927/443/1899 1929/445/1901 1928/444/1900
f 1930/446/1902 1929/445/1901 1627/78/1602
f 1929/445/1901 1930/446/1902 1928/444/1900
f 1930/446/1902 1627/78/1602 1626/77/1601
f 1930/446/1902 1931/447/1903 1928/444/1900
f 1932/448/1904 1930/446/1902 1626/77/1601
f 1930/446/1902 1932/448/1904 1931/447/1903
f 1933/449/1905 1932/448/1904 1626/77/1601
f 1933/449/1905 1931/447/1903 1932/448/1904
f 1625/76/1600 1933/449/1905 1626/77/1601
f 1625/76/1600 1934/450/1906 1933/449/1905
f 1935/451/1907 1934/450/1906 1625/76/1600
f 1933/449/1905 1934/450/1906 1936/452/1908
f 1936/452/1908 1934/450/1906 1935/451/1907
f 1933/449/1905 1936/452/1908 1931/447/1903
f 1937/453/1909 1928/444/1900 1931/447/1903
f 1928/444/1900 1937/453/1909 1923/439/1895
f 1938/454/1910 1936/452/1908 1935/451/1907
f 1938/454/1910 1935/451/1907 1939/455/1911
f 1940/456/1912 1938/454/1910 1939/455/1911
f 1931/447/1903 1936/452/1908 1941/457/1913
f 1941/457/1913 1936/452/1908 1938/454/1910
f 1937/453/1909 1931/447/1903 1941/457/1913
f 1938/454/1910 1940/456/1912 1942/458/1914
f 1942/458/1914 1941/457/1913 1938/454/1910
f 1943/459/1915 1942/458/1914 1940/456/1912
f 1943/459/1915 1940/456/1912 1944/460/1916
f 1944/460/1916 1945/461/1917 1943/459/1915
f 1945/461/1917 1944/460/1916 1946/462/1918
f 1937/453/1909 1947/463/1919 1923/439/1895
f 1948/464/1920 1937/453/1909 1941/457/1913
f 1937/453/1909 1948/464/1920 1947/463/1919
f 1923/439/1895 1947/463/1919 1949/465/1921
f 1948/464/1920 1949/465/1921 1947/463/1919
f 1923/439/1895 1949/465/1921 1925/441/1897
f 1949/465/1921 1950/466/1922 1925/441/1897
f 1950/466/1922 1926/442/1898 1925/441/1897
f 1942/458/1914 1951/467/1923 1941/457/1913
f 1951/467/1923 1948/464/1920 1941/457/1913
f 1948/464/1920 1951/467/1923 1952/468/1924
f 1953/469/1925 1949/465/1921 1948/464/1920
f 1950/466/1922 1949/465/1921 1953/469/1925
f 1953/469/1925 1948/464/1920 1952/468/1924
f 1954/470/1926 1951/467/1923 1942/458/1914
f 1952/468/1924 1951/467/1923 1955/471/1927
f 1954/470/1926 1955/471/1927 1951/467/1923
f 1956/472/1928 1954/470/1926 1942/458/1914
f 1957/473/1929 1954/470/1926 1956/472/1928
f 1956/472/1928 1942/458/1914 1943/459/1915
f 1958/474/1930 1926/442/1898 1950/466/1922
f 1958/474/1930 1959/475/1931 1926/442/1898
f 1959/475/1931 1958/474/1930 1960/476/1932
f 1651/102/1626 1926/442/1898 1959/475/1931
f 1961/477/1933 1651/102/1626 1959/475/1931
f 1650/101/1625 1651/102/1626 1961/477/1933
f 1961/477/1933 1962/478/1934 1650/101/1625
f 1961/477/1933 1959/475/1931 1963/479/1935
f 1960/476/1932 1963/479/1935 1959/475/1931
f 1961/477/1933 1964/480/1936 1962/478/1934
f 1961/477/1933 1963/479/1935 1964/480/1936
f 1964/480/1936 1965/481/1937 1962/478/1934
f 1964/480/1936 1966/482/1938 1965/481/1937
f 1950/466/1922 1967/483/1939 1958/474/1930
f 1958/474/1930 1967/483/1939 1968/484/1940
f 1960/476/1932 1958/474/1930 1968/484/1940
f 1967/483/1939 1950/466/1922 1969/485/1941
f 1967/483/1939 1969/485/1941 1968/484/1940
f 1953/469/1925 1969/485/1941 1950/466/1922
f 1968/484/1940 1969/485/1941 1970/486/1942
f 1968/484/1940 1970/486/1942 1960/476/1932
f 1969/485/1941 1953/469/1925 1971/487/1943
f 1971/487/1943 1970/486/1942 1969/485/1941
f 1971/487/1943 1953/469/1925 1972/488/1944
f 1971/487/1943 1972/488/1944 1970/486/1942
f 1952/468/1924 1972/488/1944 1953/469/1925
f 1966/482/1938 1964/480/1936 1973/490/1945
f 1973/490/1945 1974/492/1946 1966/482/1938
f 1974/492/1946 1975/493/1947 1966/482/1938
f 1975/493/1947 1974/492/1946 503/494/502
f 504/495/503 503/494/502 1974/492/1946
f 1974/492/1946 1973/490/1945 504/495/503
f 1973/490/1945 505/496/504 504/495/503
f 1976/489/1948 1973/490/1945 1964/480/1936
f 1976/489/1948 1964/480/1936 1963/479/1935
f 1973/490/1945 1977/497/1949 505/496/504
f 1976/489/1948 1977/497/1949 1973/490/1945
f 505/496/504 1977/497/1949 507/498/506
f 1976/489/1948 507/498/506 1977/497/1949
f 507/498/506 1976/489/1948 508/499/507
f 1976/489/1948 1963/479/1935 1978/491/1950
f 1976/489/1948 1978/491/1950 508/499/507
f 1978/491/1950 1963/479/1935 1960/476/1932
f 1978/491/1950 1979/500/1951 508/499/507
f 1960/476/1932 1979/500/1951 1978/491/1950
f 1979/500/1951 510/501/509 508/499/507
f 510/501/509 1979/500/1951 511/502/510
f 1979/500/1951 1960/476/1932 1980/503/1952
f 1980/503/1952 1960/476/1932 1970/486/1942
f 1979/500/1951 1981/504/1953 511/502/510
f 1979/500/1951 1980/503/1952 1981/504/1953
f 1980/503/1952 1982/505/1954 1981/504/1953
f 515/506/514 511/502/510 1981/504/1953
f 515/506/514 1981/504/1953 1982/505/1954
f 1983/507/1955 1980/503/1952 1970/486/1942
f 1982/505/1954 1980/503/1952 1983/507/1955
f 1972/488/1944 1983/507/1955 1970/486/1942
f 1983/507/1955 1972/488/1944 1984/508/1956
f 1952/468/1924 1984/508/1956 1972/488/1944
f 1984/508/1956 1985/509/1957 1983/507/1955
f 1952/468/1924 1985/509/1957 1984/508/1956
f 1983/507/1955 1986/510/1958 1982/505/1954
f 1983/507/1955 1985/509/1957 1986/510/1958
f 1987/511/1959 1985/509/1957 1952/468/1924
f 1955/471/1927 1987/511/1959 1952/468/1924
f 1987/511/1959 1955/471/1927 1988/512/1960
f 1989/513/1961 1988/512/1960 1955/471/1927
f 1989/513/1961 1955/471/1927 1954/470/1926
f 1989/513/1961 1954/470/1926 1990/514/1962
f 1990/514/1962 1988/512/1960 1989/513/1961
f 1990/514/1962 1954/470/1926 1957/473/1929
f 1987/511/1959 1991/515/1963 1985/509/1957
f 1991/515/1963 1986/510/1958 1985/509/1957
f 1987/511/1959 1992/516/1964 1991/515/1963
f 1991/515/1963 1992/516/1964 1986/510/1958
f 1992/516/1964 1987/511/1959 1988/512/1960
f 1992/516/1964 1993/517/1965 1986/510/1958
f 1986/510/1958 1993/517/1965 1982/505/1954
f 1994/518/1966 1990/514/1962 1957/473/1929
f 1988/512/1960 1990/514/1962 1994/518/1966
f 1988/512/1960 1995/519/1967 1992/516/1964
f 1993/517/1965 1992/516/1964 1995/519/1967
f 1988/512/1960 1996/520/1968 1995/519/1967
f 1993/517/1965 1995/519/1967 1996/520/1968
f 1993/517/1965 1997/521/1969 1982/505/1954
f 1996/520/1968 1997/521/1969 1993/517/1965
f 1996/520/1968 1988/512/1960 1998/522/1970
f 1994/518/1966 1998/522/1970 1988/512/1960
f 1999/523/1971 1982/505/1954 1997/521/1969
f 1982/505/1954 1999/523/1971 515/506/514
f 1998/522/1970 2000/524/1972 1996/520/1968
f 1997/521/1969 1996/520/1968 2000/524/1972
f 1997/521/1969 2000/524/1972 2001/525/1973
f 1998/522/1970 2001/525/1973 2000/524/1972
f 1999/523/1971 2002/526/1974 515/506/514
f 2002/526/1974 536/527/535 515/506/514
f 536/527/535 2002/526/1974 2003/528/1975
f 2003/528/1975 538/529/537 536/527/535
f 539/530/538 538/529/537 2003/528/1975
f 2001/525/1973 2004/531/1976 1997/521/1969
f 1999/523/1971 1997/521/1969 2004/531/1976
f 2003/528/1975 2005/532/1977 539/530/538
f 542/533/541 539/530/538 2005/532/1977
f 2005/532/1977 2006/534/1978 542/533/541
f 2007/535/1979 2006/534/1978 2005/532/1977
f 2007/535/1979 2005/532/1977 2003/528/1975
f 2008/536/1980 2006/534/1978 2007/535/1979
f 2009/537/1981 2008/536/1980 2007/535/1979
f 2007/535/1979 2010/538/1982 2009/537/1981
f 2009/537/1981 2010/538/1982 1946/462/1918
f 2003/528/1975 2011/539/1983 2007/535/1979
f 2010/538/1982 2007/535/1979 2011/539/1983
f 2010/538/1982 2012/540/1984 1946/462/1918
f 2012/540/1984 1945/461/1917 1946/462/1918
f 2011/539/1983 2003/528/1975 2013/541/1985
f 2003/528/1975 2002/526/1974 2013/541/1985
f 1999/523/1971 2014/542/1986 2002/526/1974
f 2013/541/1985 2002/526/1974 2014/542/1986
f 2015/543/1987 2014/542/1986 1999/523/1971
f 2004/531/1976 2015/543/1987 1999/523/1971
f 2016/544/1988 2015/543/1987 2004/531/1976
f 2001/525/1973 2016/544/1988 2004/531/1976
f 2017/545/1989 2016/544/1988 2001/525/1973
f 2001/525/1973 1998/522/1970 2017/545/1989
f 2016/544/1988 2017/545/1989 2018/546/1990
f 2019/547/1991 2016/544/1988 2018/546/1990
f 2015/543/1987 2016/544/1988 2019/547/1991
f 2018/546/1990 2020/548/1992 2019/547/1991
f 2015/543/1987 2019/547/1991 2020/548/1992
f 2015/543/1987 2020/548/1992 2014/542/1986
f 2017/545/1989 1998/522/1970 2021/549/1993
f 2021/549/1993 1998/522/1970 1994/518/1966
f 2020/548/1992 2022/550/1994 2014/542/1986
f 2018/546/1990 2022/550/1994 2020/548/1992
f 2022/550/1994 2023/551/1995 2014/542/1986
f 2023/551/1995 2013/541/1985 2014/542/1986
f 2018/546/1990 2023/551/1995 2022/550/1994
f 2021/549/1993 2024/552/1996 2017/545/1989
f 2018/546/1990 2017/545/1989 2024/552/1996
f 1994/518/1966 2025/553/1997 2021/549/1993
f 2021/549/1993 2025/553/1997 2024/552/1996
f 1994/518/1966 2026/554/1998 2025/553/1997
f 1957/473/1929 2026/554/1998 1994/518/1966
f 2023/551/1995 2027/555/1999 2013/541/1985
f 2013/541/1985 2027/555/1999 2028/556/2000
f 2013/541/1985 2028/556/2000 2011/539/1983
f 2027/555/1999 2023/551/1995 2029/557/2001
f 2029/557/2001 2028/556/2000 2027/555/1999
f 2028/556/2000 2029/557/2001 2011/539/1983
f 2018/546/1990 2029/557/2001 2023/551/1995
f 2011/539/1983 2029/557/2001 2010/538/1982
f 2010/538/1982 2029/557/2001 2030/558/2002
f 2030/558/2002 2029/557/2001 2018/546/1990
f 2010/538/1982 2030/558/2002 2012/540/1984
f 2018/546/1990 2031/559/2003 2030/558/2002
f 2018/546/1990 2024/552/1996 2031/559/2003
f 2032/560/2004 2012/540/1984 2030/558/2002
f 2032/560/2004 2030/558/2002 2031/559/2003
f 2032/560/2004 1945/461/1917 2012/540/1984
f 2033/561/2005 2031/559/2003 2024/552/1996
f 2032/560/2004 2031/559/2003 2033/561/2005
f 2034/562/2006 1945/461/1917 2032/560/2004
f 1945/461/1917 2034/562/2006 1943/459/1915
f 2033/561/2005 2024/552/1996 2035/563/2007
f 2035/563/2007 2024/552/1996 2025/553/1997
f 2033/561/2005 2036/564/2008 2032/560/2004
f 2032/560/2004 2036/564/2008 2034/562/2006
f 2035/563/2007 2036/564/2008 2033/561/2005
f 2034/562/2006 2037/565/2009 1943/459/1915
f 1956/472/1928 1943/459/1915 2037/565/2009
f 2025/553/1997 2038/566/2010 2035/563/2007
f 2038/566/2010 2039/568/2011 2035/563/2007
f 2038/566/2010 2025/553/1997 2040/567/2012
f 2025/553/1997 2026/554/1998 2040/567/2012
f 2041/569/2013 2040/567/2012 2026/554/1998
f 2035/563/2007 2039/568/2011 2042/570/2014
f 2042/570/2014 2036/564/2008 2035/563/2007
f 2026/554/1998 1957/473/1929 2041/569/2013
f 2043/571/2015 2041/569/2013 1957/473/1929
f 2036/564/2008 2042/570/2014 2044/572/2016
f 2034/562/2006 2036/564/2008 2044/572/2016
f 2045/573/2017 2044/572/2016 2042/570/2014
f 2034/562/2006 2044/572/2016 2046/574/2018
f 2046/574/2018 2044/572/2016 2045/573/2017
f 2045/573/2017 2047/575/2019 2046/574/2018
f 2046/574/2018 2037/565/2009 2034/562/2006
f 2046/574/2018 2047/575/2019 2048/576/2020
f 2046/574/2018 2049/577/2021 2037/565/2009
f 2048/576/2020 2049/577/2021 2046/574/2018
f 2048/576/2020 2043/571/2015 2049/577/2021
f 1956/472/1928 2037/565/2009 2049/577/2021
f 1957/473/1929 2050/578/2022 2043/571/2015
f 2049/577/2021 2043/571/2015 2050/578/2022
f 2049/577/2021 2050/578/2022 1956/472/1928
f 1956/472/1928 2050/578/2022 1957/473/1929
f 589/580/588 588/579/587 2051/581/2023
f 589/580/588 2051/581/2023 591/582/590
f 591/582/590 2051/581/2023 2052/583/2024
f 2052/583/2024 2051/581/2023 2053/584/2025
f 2052/583/2024 2054/585/2026 591/582/590
f 591/582/590 2054/585/2026 595/586/594
f 596/587/595 595/586/594 2054/585/2026
f 2055/588/2027 2052/583/2024 2053/584/2025
f 2053/584/2025 2056/589/2028 2055/588/2027
f 2057/590/2029 2055/588/2027 2056/589/2028
f 2057/590/2029 2058/591/2030 2055/588/2027
f 2057/590/2029 2059/592/2031 2058/591/2030
f 2055/588/2027 2060/593/2032 2052/583/2024
f 2052/583/2024 2060/593/2032 2054/585/2026
f 2054/585/2026 2061/594/2033 596/587/595
f 2061/594/2033 604/595/603 596/587/595
f 604/595/603 2061/594/2033 605/596/604
f 2061/594/2033 2054/585/2026 2062/597/2034
f 2060/593/2032 2062/597/2034 2054/585/2026
f 2062/597/2034 605/596/604 2061/594/2033
f 2063/598/2035 2060/593/2032 2055/588/2027
f 2055/588/2027 2058/591/2030 2063/598/2035
f 2060/593/2032 2064/599/2036 2062/597/2034
f 2064/599/2036 2060/593/2032 2063/598/2035
f 605/596/604 2062/597/2034 2065/600/2037
f 2065/600/2037 2062/597/2034 2064/599/2036
f 2066/601/2038 605/596/604 2065/600/2037
f 605/596/604 2066/601/2038 611/602/610
f 611/602/610 2066/601/2038 612/603/611
f 613/604/612 612/603/611 2066/601/2038
f 2067/605/2039 2066/601/2038 2065/600/2037
f 613/604/612 2066/601/2038 2067/605/2039
f 2067/605/2039 2065/600/2037 2064/599/2036
f 2068/606/2040 613/604/612 2067/605/2039
f 2068/606/2040 616/607/615 613/604/612
f 616/607/615 2068/606/2040 617/608/616
f 617/608/616 2068/606/2040 618/609/617
f 619/610/618 618/609/617 2068/606/2040
f 2068/606/2040 2067/605/2039 619/610/618
f 619/610/618 2067/605/2039 620/611/619
f 2064/599/2036 620/611/619 2067/605/2039
f 2064/599/2036 2069/612/2041 620/611/619
f 2069/612/2041 622/613/621 620/611/619
f 622/613/621 2069/612/2041 623/614/622
f 624/615/623 623/614/622 2069/612/2041
f 2063/598/2035 2069/612/2041 2064/599/2036
f 2069/612/2041 2063/598/2035 624/615/623
f 625/616/624 624/615/623 2063/598/2035
f 2058/591/2030 625/616/624 2063/598/2035
f 2058/591/2030 2070/617/2042 625/616/624
f 2070/617/2042 627/618/626 625/616/624
f 2070/617/2042 628/619/627 627/618/626
f 628/619/627 2070/617/2042 2058/591/2030
f 2058/591/2030 629/620/628 628/619/627
f 2058/591/2030 2071/621/2043 629/620/628
f 2071/621/2043 631/622/630 629/620/628
f 2059/592/2031 2071/621/2043 2058/591/2030
f 632/623/631 631/622/630 2071/621/2043
f 2072/624/2044 632/623/631 2071/621/2043
f 634/625/633 632/623/631 2072/624/2044
f 634/625/633 2072/624/2044 635/626/634
f 2073/627/2045 2071/621/2043 2059/592/2031
f 2072/624/2044 2071/621/2043 2073/627/2045
f 2074/628/2046 2073/627/2045 2059/592/2031
f 2074/628/2046 2075/629/2047 2073/627/2045
f 2075/629/2047 2076/630/2048 2073/627/2045
f 2072/624/2044 2073/627/2045 2076/630/2048
f 2077/631/2049 2076/630/2048 2075/629/2047
f 2078/632/2050 2076/630/2048 2077/631/2049
f 635/626/634 2072/624/2044 2079/633/2051
f 643/634/642 635/626/634 2079/633/2051
f 2076/630/2048 2080/635/2052 2072/624/2044
f 2080/635/2052 2076/630/2048 2078/632/2050
f 2080/635/2052 2079/633/2051 2072/624/2044
f 2078/632/2050 2081/636/2053 2080/635/2052
f 2081/636/2053 2078/632/2050 646/637/645
f 646/637/645 647/638/646 2081/636/2053
f 2080/635/2052 2081/636/2053 2082/639/2054
f 2081/636/2053 647/638/646 2082/639/2054
f 2082/639/2054 2079/633/2051 2080/635/2052
f 647/638/646 649/640/648 2082/639/2054
f 2083/641/2055 2082/639/2054 649/640/648
f 649/640/648 651/642/650 2083/641/2055
f 652/643/651 2083/641/2055 651/642/650
f 2084/644/2056 643/634/642 2079/633/2051
f 643/634/642 2084/644/2056 654/645/653
f 655/646/654 654/645/653 2084/644/2056
f 655/646/654 2084/644/2056 656/647/655
f 2082/639/2054 2085/648/2057 2079/633/2051
f 2085/648/2057 2084/644/2056 2079/633/2051
f 656/647/655 2084/644/2056 2085/648/2057
f 2082/639/2054 2083/641/2055 2085/648/2057
f 656/647/655 2085/648/2057 2086/649/2058
f 2086/649/2058 659/650/658 656/647/655
f 659/650/658 2086/649/2058 660/651/659
f 661/652/660 660/651/659 2086/649/2058
f 2086/649/2058 2085/648/2057 661/652/660
f 2085/648/2057 2083/641/2055 661/652/660
f 662/653/661 661/652/660 2083/641/2055
f 2083/641/2055 652/643/651 2087/654/2059
f 2083/641/2055 2087/654/2059 662/653/661
f 664/655/663 2087/654/2059 652/643/651
f 662/653/661 2087/654/2059 664/655/663
f 2088/657/2060 2089/656/2061 2090/658/1680
f 2090/658/1680 2089/656/2061 2091/659/2062
f 2091/659/2062 2089/656/2061 2092/660/2063
f 2089/656/2061 2093/661/2064 2092/660/2063
f 2094/662/2065 2091/659/2062 2092/660/2063
f 2095/663/2066 2091/659/2062 2094/662/2065
f 2096/664/2067 2095/663/2066 2094/662/2065
f 2093/661/2064 2097/665/2068 2092/660/2063
f 2094/662/2065 2092/660/2063 2097/665/2068
f 2096/664/2067 2094/662/2065 2098/666/2069
f 2098/666/2069 2094/662/2065 2097/665/2068
f 2098/666/2069 2099/667/2070 2096/664/2067
f 2097/665/2068 2093/661/2064 2100/668/2071
f 2101/669/2072 2100/668/2071 2093/661/2064
f 2102/670/2073 2100/668/2071 2101/669/2072
f 2097/665/2068 2100/668/2071 2103/671/2074
f 2102/670/2073 2103/671/2074 2100/668/2071
f 2103/671/2074 2098/666/2069 2097/665/2068
f 2104/672/2075 2103/671/2074 2102/670/2073
f 2104/672/2075 2105/673/1696 2103/671/2074
f 2105/673/1696 2098/666/2069 2103/671/2074
f 2106/674/2076 2099/667/2070 2098/666/2069
f 2105/673/1696 2106/674/2076 2098/666/2069
f 2106/674/2076 2107/675/1698 2099/667/2070
f 2108/676/2077 2106/674/2076 2105/673/1696
f 2106/674/2076 2109/677/2078 2107/675/1698
f 2106/674/2076 2108/676/2077 2109/677/2078
f 2110/680/2079 2111/679/1817 2112/678/2080
f 2111/679/1817 2110/680/2079 2113/681/2081
f 2110/680/2079 2114/682/2082 2113/681/2081
f 2115/683/2083 2111/679/1817 2113/681/2081
f 2115/683/2083 2113/681/2081 2116/684/2084
f 2117/685/2085 2113/681/2081 2114/682/2082
f 2116/684/2084 2113/681/2081 2117/685/2085
f 2117/685/2085 2118/686/2086 2116/684/2084
f 2115/683/2083 2116/684/2084 2119/687/2087
f 2120/688/2088 2116/684/2084 2118/686/2086
f 2120/688/2088 2121/689/2089 2116/684/2084
f 2118/686/2086 2122/690/1639 2120/688/2088
f 2116/684/2084 2123/691/2090 2119/687/2087
f 2121/689/2089 2123/691/2090 2116/684/2084
f 2119/687/2087 2123/691/2090 2124/692/2091
f 2123/691/2090 2121/689/2089 2124/692/2091
f 2124/692/2091 2125/693/2092 2119/687/2087
f 2120/688/2088 2122/690/1639 2126/694/2093
f 2122/690/1639 2127/695/1641 2126/694/2093
f 2126/694/2093 2127/695/1641 2128/696/2094
f 2126/694/2093 2128/696/2094 2129/697/2095
f 2130/698/2096 2120/688/2088 2126/694/2093
f 2126/694/2093 2129/697/2095 2130/698/2096
f 2130/698/2096 2121/689/2089 2120/688/2088
f 2131/699/2097 2130/698/2096 2129/697/2095
f 2130/698/2096 2131/699/2097 2132/700/2098
f 2130/698/2096 2132/700/2098 2121/689/2089
f 2125/693/2092 2124/692/2091 2133/701/2099
f 2125/693/2092 2133/701/2099 2134/702/1808
f 2135/703/2100 2134/702/1808 2133/701/2099
f 2133/701/2099 2136/704/2101 2135/703/2100
f 2137/705/2102 2136/704/2101 2133/701/2099
f 2124/692/2091 2137/705/2102 2133/701/2099
f 2136/704/2101 2137/705/2102 2138/706/2103
f 2139/707/2104 2124/692/2091 2121/689/2089
f 2139/707/2104 2137/705/2102 2124/692/2091
f 2140/708/2105 2138/706/2103 2137/705/2102
f 2140/708/2105 2137/705/2102 2139/707/2104
f 2138/706/2103 2140/708/2105 2141/709/2106
f 2140/708/2105 2142/710/2107 2141/709/2106
f 2139/707/2104 2142/710/2107 2140/708/2105
f 2142/710/2107 2139/707/2104 2143/711/2108
f 2121/689/2089 2144/712/2109 2139/707/2104
f 2144/712/2109 2143/711/2108 2139/707/2104
f 2143/711/2108 2144/712/2109 2145/713/2110
f 2132/700/2098 2144/712/2109 2121/689/2089
f 2146/714/2111 2145/713/2110 2144/712/2109
f 2132/700/2098 2146/714/2111 2144/712/2109
f 2146/714/2111 2147/715/2112 2145/713/2110
f 2147/715/2112 2146/714/2111 2148/716/2113
f 2149/717/2114 2148/716/2113 2146/714/2111
f 2149/717/2114 2150/718/2115 2148/716/2113
f 2149/717/2114 2151/719/2116 2150/718/2115
f 2152/720/2117 2146/714/2111 2132/700/2098
f 2146/714/2111 2152/720/2117 2149/717/2114
f 2152/720/2117 2132/700/2098 2131/699/2097
f 2131/699/2097 2153/721/2118 2152/720/2117
f 2149/717/2114 2152/720/2117 2153/721/2118
f 2153/721/2118 2154/722/2119 2149/717/2114
f 2149/717/2114 2155/723/2120 2151/719/2116
f 2155/723/2120 2149/717/2114 2154/722/2119
f 2155/723/2120 2156/724/2121 2151/719/2116
f 2154/722/2119 2157/725/2122 2155/723/2120
f 2157/725/2122 2156/724/2121 2155/723/2120
f 2158/728/2123 2159/727/2124 2160/726/2125
f 2161/729/2126 2158/728/2123 2160/726/2125
f 2162/730/2127 2161/729/2126 2160/726/2125
f 2162/730/2127 2163/731/2128 2161/729/2126
f 741/732/731 2163/731/2128 2162/730/2127
f 2163/731/2128 741/732/731 742/733/732
f 2161/729/2126 2163/731/2128 2164/734/2129
f 2164/734/2129 2165/735/2130 2161/729/2126
f 742/733/732 2166/736/2131 2163/731/2128
f 2166/736/2131 742/733/732 746/737/736
f 747/738/737 2166/736/2131 746/737/736
f 2166/736/2131 747/738/737 748/739/738
f 2163/731/2128 2166/736/2131 2167/740/2132
f 2163/731/2128 2167/740/2132 2164/734/2129
f 2168/741/2133 2166/736/2131 748/739/738
f 2166/736/2131 2168/741/2133 2167/740/2132
f 2168/741/2133 2169/742/2134 2167/740/2132
f 2169/742/2134 752/743/742 2167/740/2132
f 752/743/742 753/744/743 2167/740/2132
f 2164/734/2129 2167/740/2132 753/744/743
f 752/743/742 2169/742/2134 754/745/744
f 753/744/743 755/746/745 2164/734/2129
f 756/747/746 754/745/744 2169/742/2134
f 2170/748/2135 2165/735/2130 2164/734/2129
f 2170/748/2135 2164/734/2129 755/746/745
f 2170/748/2135 2171/749/2072 2165/735/2130
f 755/746/745 759/750/749 2170/748/2135
f 2170/748/2135 2172/751/2136 2171/749/2072
f 2173/752/2137 2168/741/2133 748/739/738
f 748/739/738 762/753/752 2173/752/2137
f 762/753/752 763/754/753 2173/752/2137
f 764/755/754 2173/752/2137 763/754/753
f 2173/752/2137 2174/756/2138 2168/741/2133
f 764/755/754 2174/756/2138 2173/752/2137
f 2174/756/2138 764/755/754 767/758/757
f 2168/741/2133 2174/756/2138 2169/742/2134
f 2169/742/2134 2174/756/2138 2175/757/2139
f 767/758/757 2176/759/2140 2174/756/2138
f 2175/757/2139 2174/756/2138 2176/759/2140
f 769/760/759 2176/759/2140 767/758/757
f 2176/759/2140 769/760/759 770/761/760
f 2170/748/2135 2177/762/2141 2172/751/2136
f 2177/762/2141 2178/763/2142 2172/751/2136
f 2170/748/2135 759/750/749 2177/762/2141
f 2178/763/2142 2179/764/2143 2172/751/2136
f 2178/763/2142 2180/765/2144 2179/764/2143
f 2179/764/2143 2180/765/2144 2181/766/2145
f 2181/766/2145 2180/765/2144 776/767/766
f 776/767/766 2180/765/2144 777/768/767
f 2180/765/2144 778/769/768 777/768/767
f 2177/762/2141 759/750/749 2182/770/2146
f 2178/763/2142 2177/762/2141 2182/770/2146
f 759/750/749 780/771/770 2182/770/2146
f 2182/770/2146 780/771/770 781/772/771
f 2182/770/2146 781/772/771 782/773/772
f 2182/770/2146 782/773/772 2183/774/2147
f 2178/763/2142 2182/770/2146 2183/774/2147
f 782/773/772 784/775/774 2183/774/2147
f 785/776/775 2183/774/2147 784/775/774
f 785/776/775 2184/777/2148 2183/774/2147
f 2178/763/2142 2183/774/2147 2184/777/2148
f 785/776/775 787/778/777 2184/777/2148
f 2184/777/2148 787/778/777 788/779/778
f 2185/780/2149 778/769/768 2180/765/2144
f 2185/780/2149 790/781/780 778/769/768
f 791/782/781 790/781/780 2185/780/2149
f 2180/765/2144 2178/763/2142 2186/783/2150
f 2180/765/2144 2186/783/2150 2185/780/2149
f 2186/783/2150 791/782/781 2185/780/2149
f 2178/763/2142 2184/777/2148 2186/783/2150
f 2186/783/2150 793/784/783 791/782/781
f 2187/785/2151 2184/777/2148 788/779/778
f 2184/777/2148 2187/785/2151 2186/783/2150
f 2186/783/2150 2187/785/2151 793/784/783
f 795/786/785 2187/785/2151 788/779/778
f 793/784/783 2187/785/2151 795/786/785
f 1615/66/1590 2188/787/2152 1618/69/1593
f 2189/788/2153 2188/787/2152 1615/66/1590
f 2189/788/2153 1615/66/1590 1611/62/1586
f 2190/789/2154 2189/788/2153 1611/62/1586
f 2190/789/2154 1611/62/1586 1610/61/1585
f 2189/788/2153 2191/790/2155 2188/787/2152
f 2191/790/2155 2189/788/2153 2190/789/2154
f 2192/791/2156 2188/787/2152 2191/790/2155
f 2193/792/2157 2192/791/2156 2191/790/2155
f 2194/793/2158 2192/791/2156 2193/792/2157
f 2190/789/2154 2195/794/2159 2191/790/2155
f 2193/792/2157 2191/790/2155 2195/794/2159
f 2196/795/2160 2194/793/2158 2193/792/2157
f 2196/795/2160 2197/796/2161 2194/793/2158
f 2198/797/2162 2197/796/2161 2196/795/2160
f 2198/797/2162 2196/795/2160 2199/798/2163
f 2196/795/2160 2193/792/2157 2199/798/2163
f 2199/798/2163 2200/799/2164 2198/797/2162
f 2200/799/2164 2201/800/2165 2198/797/2162
f 2202/801/2166 2201/800/2165 2200/799/2164
f 2195/794/2159 2203/802/2167 2193/792/2157
f 2193/792/2157 2204/803/2168 2199/798/2163
f 2203/802/2167 2204/803/2168 2193/792/2157
f 2205/804/2169 2203/802/2167 2195/794/2159
f 2195/794/2159 2190/789/2154 2206/805/2170
f 2195/794/2159 2206/805/2170 2205/804/2169
f 2204/803/2168 2203/802/2167 2207/806/2171
f 2205/804/2169 2207/806/2171 2203/802/2167
f 2199/798/2163 2204/803/2168 2208/807/2172
f 2200/799/2164 2199/798/2163 2209/808/2173
f 2208/807/2172 2209/808/2173 2199/798/2163
f 2210/809/2174 2200/799/2164 2209/808/2173
f 2208/807/2172 2210/809/2174 2209/808/2173
f 2211/810/2175 2202/801/2166 2200/799/2164
f 2200/799/2164 2210/809/2174 2211/810/2175
f 2212/811/2176 2202/801/2166 2211/810/2175
f 2202/801/2166 2212/811/2176 821/812/811
f 2212/811/2176 822/813/812 821/812/811
f 822/813/812 2212/811/2176 823/814/813
f 2213/815/2177 2212/811/2176 2211/810/2175
f 2212/811/2176 2213/815/2177 823/814/813
f 2213/815/2177 2211/810/2175 2210/809/2174
f 825/816/815 823/814/813 2213/815/2177
f 2210/809/2174 2214/817/2178 2213/815/2177
f 2208/807/2172 2214/817/2178 2210/809/2174
f 825/816/815 2213/815/2177 2215/818/2179
f 2214/817/2178 2215/818/2179 2213/815/2177
f 828/819/818 825/816/815 2215/818/2179
f 828/819/818 2215/818/2179 2216/820/2180
f 2216/820/2180 830/821/820 828/819/818
f 2215/818/2179 2214/817/2178 2217/822/2181
f 2214/817/2178 2208/807/2172 2217/822/2181
f 2217/822/2181 2216/820/2180 2215/818/2179
f 830/821/820 2216/820/2180 2218/823/2182
f 2218/823/2182 833/824/823 830/821/820
f 2218/823/2182 2219/825/2183 833/824/823
f 2216/820/2180 2219/825/2183 2218/823/2182
f 2219/825/2183 2220/826/2184 833/824/823
f 833/824/823 2220/826/2184 836/827/826
f 2216/820/2180 2221/828/2185 2219/825/2183
f 2219/825/2183 2221/828/2185 2220/826/2184
f 2222/829/2186 2221/828/2185 2216/820/2180
f 2217/822/2181 2222/829/2186 2216/820/2180
f 2222/829/2186 2220/826/2184 2221/828/2185
f 2208/807/2172 2223/830/2187 2217/822/2181
f 2223/830/2187 2208/807/2172 2204/803/2168
f 2204/803/2168 2207/806/2171 2223/830/2187
f 2217/822/2181 2224/831/2188 2222/829/2186
f 2222/829/2186 2224/831/2188 2220/826/2184
f 2217/822/2181 2223/830/2187 2224/831/2188
f 2225/832/2189 836/827/826 2220/826/2184
f 2225/832/2189 2220/826/2184 2224/831/2188
f 2223/830/2187 2226/833/2190 2224/831/2188
f 2226/833/2190 2225/832/2189 2224/831/2188
f 2223/830/2187 2227/834/2191 2226/833/2190
f 2223/830/2187 2207/806/2171 2227/834/2191
f 2226/833/2190 2227/834/2191 2225/832/2189
f 2207/806/2171 2228/835/2192 2227/834/2191
f 2228/835/2192 2225/832/2189 2227/834/2191
f 2228/835/2192 2207/806/2171 2205/804/2169
f 2225/832/2189 2229/836/2193 836/827/826
f 2228/835/2192 2229/836/2193 2225/832/2189
f 2228/835/2192 2205/804/2169 2229/836/2193
f 2229/836/2193 846/837/836 836/827/826
f 25/16/25 846/837/836 2229/836/2193
f 2229/836/2193 1569/18/1544 25/16/25
f 1569/18/1544 2229/836/2193 2205/804/2169
f 2206/805/2170 1569/18/1544 2205/804/2169
f 1571/20/1546 1569/18/1544 2206/805/2170
f 1571/20/1546 2206/805/2170 2190/789/2154
f 2190/789/2154 2230/838/2194 1571/20/1546
f 2230/838/2194 1572/22/1547 1571/20/1546
f 1610/61/1585 2230/838/2194 2190/789/2154
f 1572/22/1547 2230/838/2194 2231/839/2195
f 1572/22/1547 2231/839/2195 1578/29/1553
f 2231/839/2195 1582/33/1557 1578/29/1553
f 1584/35/1559 1582/33/1557 2231/839/2195
f 2230/838/2194 1584/35/1559 2231/839/2195
f 1584/35/1559 2230/838/2194 1610/61/1585
f 1585/36/1560 1584/35/1559 1610/61/1585
f 1585/36/1560 1610/61/1585 1603/49/1578
f 850/841/840 849/840/839 2232/842/2196
f 2232/842/2196 2233/843/2197 850/841/840
f 2232/842/2196 2234/844/2198 2233/843/2197
f 2233/843/2197 2234/844/2198 2235/845/2199
f 2236/846/2200 2235/845/2199 2234/844/2198
f 2236/846/2200 2237/847/2201 2235/845/2199
f 2233/843/2197 2238/848/2202 850/841/840
f 2239/849/2203 850/841/840 2238/848/2202
f 2239/849/2203 859/850/849 850/841/840
f 860/851/850 859/850/849 2239/849/2203
f 2240/852/2204 2233/843/2197 2235/845/2199
f 2240/852/2204 2238/848/2202 2233/843/2197
f 2241/853/2156 2235/845/2199 2237/847/2201
f 2241/853/2156 2240/852/2204 2235/845/2199
f 2241/853/2156 2237/847/2201 2242/854/2205
f 2242/854/2205 2237/847/2201 2243/855/2206
f 2243/855/2206 2244/856/2207 2242/854/2205
f 2241/853/2156 2245/857/2208 2240/852/2204
f 2243/855/2206 2246/858/2209 2244/856/2207
f 2240/852/2204 2245/857/2208 2247/859/2210
f 2248/860/2211 2244/856/2207 2246/858/2209
f 2240/852/2204 2249/861/2212 2238/848/2202
f 2249/861/2212 2240/852/2204 2247/859/2210
f 2239/849/2203 2238/848/2202 2249/861/2212
f 2250/862/2213 2249/861/2212 2247/859/2210
f 2250/862/2213 2239/849/2203 2249/861/2212
f 2247/859/2210 2251/863/2214 2250/862/2213
f 2252/864/2215 2250/862/2213 2251/863/2214
f 2252/864/2215 2239/849/2203 2250/862/2213
f 2251/863/2214 2253/865/2216 2252/864/2215
f 2252/864/2215 2253/865/2216 2254/866/2217
f 2255/867/2218 2239/849/2203 2252/864/2215
f 860/851/850 2239/849/2203 2255/867/2218
f 2256/868/2219 2252/864/2215 2254/866/2217
f 2255/867/2218 2252/864/2215 2256/868/2219
f 2257/869/2220 860/851/850 2255/867/2218
f 2257/869/2220 2255/867/2218 2256/868/2219
f 2257/869/2220 879/870/867 860/851/850
f 2258/871/2221 2256/868/2219 2254/866/2217
f 2257/869/2220 2256/868/2219 2258/871/2221
f 879/870/867 2257/869/2220 2258/871/2221
f 881/872/869 2258/871/2221 2254/866/2217
f 879/870/867 2258/871/2221 881/872/869
f 883/874/871 2259/873/2222 884/875/872
f 2259/873/2222 2260/876/2223 884/875/872
f 2259/873/2222 2261/877/2224 2260/876/2223
f 884/875/872 2260/876/2223 887/878/875
f 2261/877/2224 2262/879/2225 2260/876/2223
f 2260/876/2223 2263/880/2226 887/878/875
f 2260/876/2223 2262/879/2225 2263/880/2226
f 890/881/878 887/878/875 2263/880/2226
f 2262/879/2225 2264/882/2227 2263/880/2226
f 2263/880/2226 2265/883/2228 890/881/878
f 2263/880/2226 2264/882/2227 2265/883/2228
f 893/884/881 890/881/878 2265/883/2228
f 2264/882/2227 2266/885/2229 2265/883/2228
f 2265/883/2228 2267/886/2230 893/884/881
f 896/887/884 893/884/881 2267/886/2230
f 2266/885/2229 2268/888/2231 2265/883/2228
f 2267/886/2230 2265/883/2228 2268/888/2231
f 2268/888/2231 2266/885/2229 2269/889/2232
f 2269/889/2232 2270/890/2233 2268/888/2231
f 2270/890/2233 2269/889/2232 2271/891/2234
f 2270/890/2233 2271/891/2234 2272/892/2235
f 2273/893/2236 2270/890/2233 2272/892/2235
f 2274/894/2237 2270/890/2233 2273/893/2236
f 2268/888/2231 2270/890/2233 2274/894/2237
f 2275/895/2238 2274/894/2237 2273/893/2236
f 2276/896/2239 2274/894/2237 2275/895/2238
f 2276/896/2239 2275/895/2238 906/897/894
f 907/898/895 2276/896/2239 906/897/894
f 2274/894/2237 2277/899/2240 2268/888/2231
f 2268/888/2231 2277/899/2240 2267/886/2230
f 2276/896/2239 2277/899/2240 2274/894/2237
f 2267/886/2230 2277/899/2240 2278/900/2241
f 2276/896/2239 2278/900/2241 2277/899/2240
f 896/887/884 2267/886/2230 2278/900/2241
f 2279/901/2242 2276/896/2239 907/898/895
f 907/898/895 911/902/899 2279/901/2242
f 2278/900/2241 2276/896/2239 2280/903/2243
f 2280/903/2243 2276/896/2239 2279/901/2242
f 896/887/884 2278/900/2241 2281/904/2244
f 2281/904/2244 2278/900/2241 2280/903/2243
f 914/905/902 896/887/884 2281/904/2244
f 2282/906/2245 2279/901/2242 911/902/899
f 2282/906/2245 2280/903/2243 2279/901/2242
f 911/902/899 916/907/904 2282/906/2245
f 2282/906/2245 916/907/904 917/908/905
f 2281/904/2244 2280/903/2243 2283/909/2246
f 914/905/902 2281/904/2244 2283/909/2246
f 914/905/902 2283/909/2246 917/908/905
f 2283/909/2246 2282/906/2245 917/908/905
f 2282/906/2245 2283/909/2246 2280/903/2243
f 1625/76/1600 1622/73/1597 1623/74/1598
f 1623/74/1598 2284/910/2247 1625/76/1600
f 2284/910/2247 1935/451/1907 1625/76/1600
f 2284/910/2247 1939/455/1911 1935/451/1907
f 1939/455/1911 2284/910/2247 1940/456/1912
f 1940/456/1912 2284/910/2247 2285/911/2248
f 2284/910/2247 2286/912/2249 2285/911/2248
f 2284/910/2247 1623/74/1598 2287/913/2250
f 2287/913/2250 2286/912/2249 2284/910/2247
f 2287/913/2250 1623/74/1598 1620/71/1595
f 2286/912/2249 2287/913/2250 2288/914/2251
f 2289/915/2252 2286/912/2249 2288/914/2251
f 2289/915/2252 2288/914/2251 2290/916/2253
f 1620/71/1595 2291/917/2254 2287/913/2250
f 2291/917/2254 1620/71/1595 1614/65/1589
f 2291/917/2254 1614/65/1589 1616/67/1591
f 2287/913/2250 2291/917/2254 2292/918/2255
f 2291/917/2254 1616/67/1591 2292/918/2255
f 2287/913/2250 2292/918/2255 2288/914/2251
f 2293/919/2256 2292/918/2255 1616/67/1591
f 2292/918/2255 2293/919/2256 2288/914/2251
f 2294/920/2257 2288/914/2251 2293/919/2256
f 2288/914/2251 2294/920/2257 2290/916/2253
f 2295/921/2258 2290/916/2253 2294/920/2257
f 2290/916/2253 2295/921/2258 2296/922/2259
f 2290/916/2253 2296/922/2259 2297/923/2260
f 2297/923/2260 2296/922/2259 2298/924/2261
f 2290/916/2253 2297/923/2260 2289/915/2252
f 2298/924/2261 2299/925/2262 2297/923/2260
f 2298/924/2261 2300/926/2263 2299/925/2262
f 2289/915/2252 2297/923/2260 2301/927/2264
f 2297/923/2260 2299/925/2262 2301/927/2264
f 2300/926/2263 2302/928/2265 2299/925/2262
f 2302/928/2265 2300/926/2263 2303/929/2266
f 2301/927/2264 2299/925/2262 2304/930/2267
f 2299/925/2262 2302/928/2265 2304/930/2267
f 2302/928/2265 2303/929/2266 2305/931/2268
f 2306/932/2269 2304/930/2267 2302/928/2265
f 2305/931/2268 2306/932/2269 2302/928/2265
f 2301/927/2264 2304/930/2267 2307/933/2270
f 2306/932/2269 2307/933/2270 2304/930/2267
f 2303/929/2266 2308/934/2271 2305/931/2268
f 2303/929/2266 2309/935/2272 2308/934/2271
f 2309/935/2272 2310/936/2273 2308/934/2271
f 2308/934/2271 2310/936/2273 946/937/934
f 2308/934/2271 946/937/934 947/938/935
f 2308/934/2271 947/938/935 2305/931/2268
f 947/938/935 2311/939/2274 2305/931/2268
f 2305/931/2268 2311/939/2274 2306/932/2269
f 947/938/935 949/940/937 2311/939/2274
f 2311/939/2274 949/940/937 2312/941/2275
f 949/940/937 951/942/939 2312/941/2275
f 2313/943/2276 2312/941/2275 951/942/939
f 2312/941/2275 2313/943/2276 2314/944/2277
f 951/942/939 954/945/942 2313/943/2276
f 2313/943/2276 954/945/942 955/946/943
f 2315/947/2278 2313/943/2276 955/946/943
f 2314/944/2277 2313/943/2276 2315/947/2278
f 957/948/945 2315/947/2278 955/946/943
f 957/948/945 2316/949/2279 2315/947/2278
f 2316/949/2279 957/948/945 542/533/541
f 2316/949/2279 542/533/541 2006/534/1978
f 2312/941/2275 2317/950/2280 2311/939/2274
f 2314/944/2277 2317/950/2280 2312/941/2275
f 2318/951/2281 2314/944/2277 2315/947/2278
f 2318/951/2281 2315/947/2278 2316/949/2279
f 2316/949/2279 2006/534/1978 2319/952/2282
f 2006/534/1978 2008/536/1980 2319/952/2282
f 2311/939/2274 2317/950/2280 2320/953/2283
f 2311/939/2274 2320/953/2283 2306/932/2269
f 2320/953/2283 2321/954/2284 2306/932/2269
f 2321/954/2284 2307/933/2270 2306/932/2269
f 2322/955/2285 2320/953/2283 2317/950/2280
f 2322/955/2285 2321/954/2284 2320/953/2283
f 2307/933/2270 2321/954/2284 2323/956/2286
f 2324/957/2287 2307/933/2270 2323/956/2286
f 2325/958/2288 2323/956/2286 2321/954/2284
f 2325/958/2288 2321/954/2284 2322/955/2285
f 2307/933/2270 2324/957/2287 2301/927/2264
f 2322/955/2285 2317/950/2280 2326/959/2289
f 2314/944/2277 2326/959/2289 2317/950/2280
f 2322/955/2285 2326/959/2289 2314/944/2277
f 2314/944/2277 2327/960/2290 2322/955/2285
f 2327/960/2290 2325/958/2288 2322/955/2285
f 2314/944/2277 2318/951/2281 2327/960/2290
f 2325/958/2288 2327/960/2290 2328/961/2291
f 2318/951/2281 2328/961/2291 2327/960/2290
f 2328/961/2291 2323/956/2286 2325/958/2288
f 2329/962/2292 2328/961/2291 2318/951/2281
f 2328/961/2291 2329/962/2292 2323/956/2286
f 2316/949/2279 2329/962/2292 2318/951/2281
f 2316/949/2279 2330/963/2293 2329/962/2292
f 2329/962/2292 2330/963/2293 2323/956/2286
f 2316/949/2279 2331/964/2294 2330/963/2293
f 2331/964/2294 2323/956/2286 2330/963/2293
f 2319/952/2282 2331/964/2294 2316/949/2279
f 2331/964/2294 2332/965/2295 2323/956/2286
f 2331/964/2294 2319/952/2282 2332/965/2295
f 2009/537/1981 2323/956/2286 2332/965/2295
f 2009/537/1981 2324/957/2287 2323/956/2286
f 2332/965/2295 2319/952/2282 2333/966/2296
f 2009/537/1981 2332/965/2295 2333/966/2296
f 2008/536/1980 2333/966/2296 2319/952/2282
f 2008/536/1980 2009/537/1981 2333/966/2296
f 2324/957/2287 2009/537/1981 1946/462/1918
f 2324/957/2287 1946/462/1918 2334/967/2297
f 2301/927/2264 2324/957/2287 2334/967/2297
f 2334/967/2297 1946/462/1918 1944/460/1916
f 2334/967/2297 2289/915/2252 2301/927/2264
f 2335/968/2298 2334/967/2297 1944/460/1916
f 2334/967/2297 2335/968/2298 2289/915/2252
f 1944/460/1916 1940/456/1912 2335/968/2298
f 2335/968/2298 2286/912/2249 2289/915/2252
f 1940/456/1912 2285/911/2248 2335/968/2298
f 2335/968/2298 2285/911/2248 2286/912/2249
f 979/970/967 978/969/966 2336/971/2299
f 2337/972/2300 979/970/967 2336/971/2299
f 2337/972/2300 2338/973/2301 979/970/967
f 2339/974/2302 2338/973/2301 2337/972/2300
f 2340/975/2303 979/970/967 2338/973/2301
f 2340/975/2303 985/976/973 979/970/967
f 2341/977/2304 985/976/973 2340/975/2303
f 2342/978/2305 2338/973/2301 2339/974/2302
f 2340/975/2303 2338/973/2301 2342/978/2305
f 2341/977/2304 2340/975/2303 2342/978/2305
f 2339/974/2302 2343/979/2306 2342/978/2305
f 2342/978/2305 2343/979/2306 2344/980/2307
f 2344/980/2307 2345/981/2308 2342/978/2305
f 2341/977/2304 2342/978/2305 2345/981/2308
f 2345/981/2308 2344/980/2307 2346/982/2309
f 2346/982/2309 2347/983/2310 2345/981/2308
f 2341/977/2304 2345/981/2308 2347/983/2310
f 2347/983/2310 2346/982/2309 2348/984/2311
f 2348/984/2311 2349/985/2312 2347/983/2310
f 2341/977/2304 2347/983/2310 2349/985/2312
f 2349/985/2312 2348/984/2311 2350/986/2313
f 2341/977/2304 2351/987/2314 985/976/973
f 2351/987/2314 997/988/984 985/976/973
f 998/989/985 997/988/984 2351/987/2314
f 2350/986/2313 2352/990/2315 2349/985/2312
f 2352/990/2315 2350/986/2313 2353/991/2256
f 2349/985/2312 2354/992/2316 2341/977/2304
f 2354/992/2316 2351/987/2314 2341/977/2304
f 2354/992/2316 2349/985/2312 2352/990/2315
f 2355/993/2317 998/989/985 2351/987/2314
f 2355/993/2317 2351/987/2314 2354/992/2316
f 2352/990/2315 2353/991/2256 2356/994/2318
f 2357/995/2319 2356/994/2318 2353/991/2256
f 2357/995/2319 2248/860/2211 2356/994/2318
f 2358/996/2320 2354/992/2316 2352/990/2315
f 2358/996/2320 2352/990/2315 2356/994/2318
f 2358/996/2320 2355/993/2317 2354/992/2316
f 2248/860/2211 2358/996/2320 2356/994/2318
f 2359/997/2321 998/989/985 2355/993/2317
f 2359/997/2321 2355/993/2317 2358/996/2320
f 2358/996/2320 2248/860/2211 2359/997/2321
f 998/989/985 2359/997/2321 1007/998/993
f 2359/997/2321 2248/860/2211 2246/858/2209
f 1007/998/993 2359/997/2321 2360/999/2322
f 2360/999/2322 2359/997/2321 2246/858/2209
f 2360/999/2322 2246/858/2209 2361/1000/2227
f 1010/1001/995 1007/998/993 2360/999/2322
f 2360/999/2322 2361/1000/2227 2362/1002/2323
f 1010/1001/995 2360/999/2322 2362/1002/2323
f 2363/1003/2324 2362/1002/2323 2361/1000/2227
f 1010/1001/995 2362/1002/2323 2364/1004/2325
f 2362/1002/2323 2363/1003/2324 2364/1004/2325
f 1010/1001/995 2364/1004/2325 1014/1005/999
f 2365/1006/2326 2364/1004/2325 2363/1003/2324
f 1016/1007/1001 1014/1005/999 2364/1004/2325
f 2364/1004/2325 2365/1006/2326 1016/1007/1001
f 2366/1009/2327 2367/1008/2328 2368/1010/2329
f 2368/1010/2329 2367/1008/2328 2369/1011/2330
f 2370/1012/2331 2368/1010/2329 2369/1011/2330
f 2370/1012/2331 2371/1013/2332 2368/1010/2329
f 2372/1015/2333 2373/1014/2334 2374/1016/2335
f 2374/1016/2335 2373/1014/2334 2375/1017/2336
f 2376/1018/2337 2374/1016/2335 2375/1017/2336
f 2376/1018/2337 2377/1019/2338 2374/1016/2335
f 2378/1021/2339 2379/1020/2340 2380/1022/2341
f 2379/1020/2340 2381/1023/2342 2380/1022/2341
f 2382/1024/2343 2381/1023/2342 2379/1020/2340
f 2383/1025/2344 2382/1024/2343 2379/1020/2340
f 2384/1027/2345 2385/1026/2346 2386/1028/2347
f 2385/1026/2346 2387/1029/2348 2386/1028/2347
f 2385/1026/2346 2388/1030/2349 2387/1029/2348
f 2385/1026/2346 2389/1031/2350 2388/1030/2349
f 2390/1033/2351 2391/1032/2352 2392/1034/2353
f 2391/1032/2352 2393/1035/2354 2392/1034/2353
f 2391/1032/2352 2394/1036/2355 2393/1035/2354
f 2391/1032/2352 2395/1037/2356 2394/1036/2355
f 2396/1039/2357 2397/1038/2358 2398/1040/2359
f 2398/1040/2359 2397/1038/2358 2399/1041/2360
f 2400/1042/2361 2399/1041/2360 2397/1038/2358
f 2401/1043/2362 2400/1042/2361 2397/1038/2358
f 2402/1045/2363 2403/1044/2364 2404/1046/2365
f 2403/1044/2364 2405/1047/2366 2404/1046/2365
f 2406/1048/2367 2405/1047/2366 2403/1044/2364
f 2407/1049/2368 2406/1048/2367 2403/1044/2364
f 2408/1051/2369 2409/1050/2370 2410/1052/2371
f 2409/1050/2370 2411/1053/2372 2410/1052/2371
f 2412/1054/2373 2410/1052/2371 2411/1053/2372
f 2413/1055/2369 2410/1052/2371 2412/1054/2373
f 2414/1057/2374 2415/1056/2375 2416/1058/2376
f 2415/1056/2375 2417/1059/2377 2416/1058/2376
f 2418/1060/2378 2417/1059/2377 2415/1056/2375
f 2419/1061/2379 2418/1060/2378 2415/1056/2375
f 2420/1063/2380 2421/1062/2381 2422/1064/2382
f 2423/1065/2383 2420/1063/2380 2422/1064/2382
f 2423/1065/2383 2424/1066/2384 2420/1063/2380
f 2424/1066/2384 2425/1067/2385 2420/1063/2380
f 2426/1069/2386 2427/1068/2387 2428/1070/2388
f 2426/1069/2386 2429/1071/2389 2427/1068/2387
f 2429/1071/2389 2430/1072/2390 2427/1068/2387
f 2430/1072/2390 2431/1073/2391 2427/1068/2387
f 2432/1075/2392 2433/1074/2393 2434/1076/2394
f 2432/1075/2392 2435/1077/2395 2433/1074/2393
f 2435/1077/2395 2436/1078/2396 2433/1074/2393
f 2436/1078/2396 2437/1079/2397 2433/1074/2393
f 2438/1081/2398 2439/1080/2399 2440/1082/2400
f 2439/1080/2399 2441/1083/2401 2440/1082/2400
f 2441/1083/2401 2439/1080/2399 2442/1084/2402
f 2441/1083/2401 2443/1085/2403 2440/1082/2400
f 2443/1085/2403 2441/1083/2401 2442/1084/2402
f 2444/1086/2404 2440/1082/2400 2443/1085/2403
f 2443/1085/2403 2442/1084/2402 2445/1087/2405
f 2444/1086/2404 2443/1085/2403 2445/1087/2405
f 2445/1087/2405 2442/1084/2402 2446/1088/2406
f 2445/1087/2405 2447/1089/2407 2444/1086/2404
f 2445/1087/2405 2446/1088/2406 2448/1090/2408
f 2445/1087/2405 2448/1090/2408 2447/1089/2407
f 2449/1092/2409 2450/1091/2410 2451/1093/2411
f 2452/1094/2412 2449/1092/2409 2451/1093/2411
f 2452/1094/2412 2451/1093/2411 2453/1095/2413
f 2453/1095/2413 2451/1093/2411 2454/1096/2414
f 2455/1099/2415 1107/1098/1091 1106/1097/1090
f 1106/1097/1090 2456/1100/2416 2455/1099/2415
f 2457/1102/2417 2455/1099/2415 2456/1100/2416
f 2456/1100/2416 1106/1097/1090 1110/1101/1094
f 2458/1104/2418 2457/1102/2417 2456/1100/2416
f 1110/1101/1094 2459/1103/2419 2456/1100/2416
f 2460/1105/2420 2458/1104/2418 2456/1100/2416
f 2456/1100/2416 2459/1103/2419 2460/1105/2420
f 2461/1107/2421 1115/1106/1099 1107/1098/1091
f 1107/1098/1091 2455/1099/2415 2461/1107/2421
f 2457/1102/2417 2461/1107/2421 2455/1099/2415
f 2462/1108/2422 2461/1107/2421 2457/1102/2417
f 2457/1102/2417 2463/1109/2423 2462/1108/2422
f 2462/1108/2422 2463/1109/2423 2464/1110/2424
f 2464/1110/2424 2465/1111/2425 2462/1108/2422
f 2466/1112/2426 2465/1111/2425 2464/1110/2424
f 2464/1110/2424 2467/1113/2427 2466/1112/2426
f 2468/1114/2428 2467/1113/2427 2464/1110/2424
f 2468/1114/2428 2464/1110/2424 2469/1115/2429
f 2469/1115/2429 2464/1110/2424 2463/1109/2423
f 2470/1116/2430 2468/1114/2428 2469/1115/2429
f 2457/1102/2417 2471/1117/2431 2463/1109/2423
f 2463/1109/2423 2472/1118/2432 2469/1115/2429
f 2463/1109/2423 2471/1117/2431 2472/1118/2432
f 2470/1116/2430 2469/1115/2429 2473/1119/2433
f 2473/1119/2433 2469/1115/2429 2472/1118/2432
f 2471/1117/2431 2457/1102/2417 2474/1120/2434
f 2457/1102/2417 2458/1104/2418 2474/1120/2434
f 2473/1119/2433 2475/1121/2435 2470/1116/2430
f 2475/1121/2435 2476/1122/2436 2470/1116/2430
f 2472/1118/2432 2477/1123/2437 2473/1119/2433
f 2475/1121/2435 2473/1119/2433 2477/1123/2437
f 2471/1117/2431 2478/1124/2438 2472/1118/2432
f 2478/1124/2438 2471/1117/2431 2474/1120/2434
f 2479/1125/2439 2477/1123/2437 2472/1118/2432
f 2472/1118/2432 2478/1124/2438 2479/1125/2439
f 2474/1120/2434 2458/1104/2418 2480/1126/2440
f 2481/1127/2441 2478/1124/2438 2474/1120/2434
f 2481/1127/2441 2474/1120/2434 2480/1126/2440
f 2482/1128/2442 2480/1126/2440 2458/1104/2418
f 2460/1105/2420 2482/1128/2442 2458/1104/2418
f 2483/1129/2443 2482/1128/2442 2460/1105/2420
f 2484/1130/2444 2478/1124/2438 2481/1127/2441
f 2478/1124/2438 2484/1130/2444 2479/1125/2439
f 2480/1126/2440 2485/1131/2445 2481/1127/2441
f 2485/1131/2445 2480/1126/2440 2482/1128/2442
f 2485/1131/2445 2484/1130/2444 2481/1127/2441
f 2486/1132/2446 2482/1128/2442 2483/1129/2443
f 2483/1129/2443 2487/1133/2447 2486/1132/2446
f 2482/1128/2442 2488/1134/2448 2485/1131/2445
f 2486/1132/2446 2488/1134/2448 2482/1128/2442
f 2489/1135/2449 2484/1130/2444 2485/1131/2445
f 2485/1131/2445 2488/1134/2448 2489/1135/2449
f 2479/1125/2439 2484/1130/2444 2490/1136/2450
f 2484/1130/2444 2491/1137/2451 2490/1136/2450
f 2491/1137/2451 2484/1130/2444 2489/1135/2449
f 2479/1125/2439 2490/1136/2450 2492/1138/2452
f 2489/1135/2449 2493/1139/2453 2491/1137/2451
f 2477/1123/2437 2479/1125/2439 2492/1138/2452
f 2494/1140/2454 2493/1139/2453 2489/1135/2449
f 2493/1139/2453 2494/1140/2454 2495/1141/2455
f 2489/1135/2449 2488/1134/2448 2496/1142/2456
f 2496/1142/2456 2494/1140/2454 2489/1135/2449
f 2486/1132/2446 2497/1143/2457 2488/1134/2448
f 2497/1143/2457 2496/1142/2456 2488/1134/2448
f 2492/1138/2452 2498/1144/2458 2477/1123/2437
f 2477/1123/2437 2498/1144/2458 2475/1121/2435
f 2494/1140/2454 2499/1145/2459 2495/1141/2455
f 2499/1145/2459 2500/1146/1566 2495/1141/2455
f 2499/1145/2459 2501/1147/2460 2500/1146/1566
f 2499/1145/2459 2494/1140/2454 2502/1148/2461
f 2502/1148/2461 2501/1147/2460 2499/1145/2459
f 2502/1148/2461 2494/1140/2454 2496/1142/2456
f 2501/1147/2460 2502/1148/2461 2503/1149/2462
f 2496/1142/2456 2503/1149/2462 2502/1148/2461
f 2501/1147/2460 2503/1149/2462 2504/1150/2463
f 2505/1151/2464 2503/1149/2462 2496/1142/2456
f 2496/1142/2456 2497/1143/2457 2505/1151/2464
f 2504/1150/2463 2503/1149/2462 2505/1151/2464
f 2506/1152/2465 2505/1151/2464 2497/1143/2457
f 2505/1151/2464 2506/1152/2465 2504/1150/2463
f 2497/1143/2457 2486/1132/2446 2506/1152/2465
f 2506/1152/2465 2507/1153/2466 2504/1150/2463
f 2487/1133/2447 2506/1152/2465 2486/1132/2446
f 2506/1152/2465 2487/1133/2447 2507/1153/2466
f 2508/1154/2467 2507/1153/2466 2487/1133/2447
f 2460/1105/2420 2459/1103/2419 2483/1129/2443
f 2483/1129/2443 2459/1103/2419 2487/1133/2447
f 2459/1103/2419 2509/1155/2468 2487/1133/2447
f 2509/1155/2468 2459/1103/2419 1110/1101/1094
f 1110/1101/1094 1165/1156/1149 2509/1155/2468
f 2509/1155/2468 1165/1156/1149 1166/1157/1150
f 1166/1157/1150 2510/1158/2469 2509/1155/2468
f 2487/1133/2447 2509/1155/2468 2510/1158/2469
f 2510/1158/2469 2508/1154/2467 2487/1133/2447
f 2511/1161/2470 2512/1160/2471 2513/1159/2472
f 2511/1161/2470 2513/1159/2472 2514/1162/2473
f 2511/1161/2470 2514/1162/2473 2515/1163/2474
f 2514/1162/2473 2513/1159/2472 2516/1164/2475
f 2513/1159/2472 5/1/5 2516/1164/2475
f 2517/1165/2476 2515/1163/2474 2514/1162/2473
f 2518/1166/2477 2515/1163/2474 2517/1165/2476
f 2516/1164/2475 2519/1167/2478 2514/1162/2473
f 2517/1165/2476 2514/1162/2473 2519/1167/2478
f 2516/1164/2475 5/1/5 2520/1168/2479
f 2520/1168/2479 5/1/5 4/2/4
f 2518/1166/2477 2517/1165/2476 2521/1169/2480
f 2518/1166/2477 2521/1169/2480 2522/1170/2481
f 2520/1168/2479 4/2/4 2523/1171/2482
f 2523/1171/2482 4/2/4 2524/1172/2483
f 2525/1173/2484 2523/1171/2482 2524/1172/2483
f 2526/1174/2485 2525/1173/2484 2524/1172/2483
f 2523/1171/2482 2527/1175/2486 2520/1168/2479
f 2523/1171/2482 2525/1173/2484 2527/1175/2486
f 2528/1176/2487 2516/1164/2475 2520/1168/2479
f 2520/1168/2479 2527/1175/2486 2528/1176/2487
f 2526/1174/2485 2529/1177/2488 2525/1173/2484
f 2526/1174/2485 2530/1178/2489 2529/1177/2488
f 2531/1179/2490 2527/1175/2486 2525/1173/2484
f 2525/1173/2484 2529/1177/2488 2531/1179/2490
f 1189/1180/1173 2529/1177/2488 2530/1178/2489
f 2530/1178/2489 1190/1181/1174 1189/1180/1173
f 2529/1177/2488 1189/1180/1173 1191/1182/1175
f 1191/1182/1175 2531/1179/2490 2529/1177/2488
f 2531/1179/2490 1191/1182/1175 1192/1183/1176
f 2527/1175/2486 2531/1179/2490 2532/1184/2491
f 1192/1183/1176 2532/1184/2491 2531/1179/2490
f 2532/1184/2491 2528/1176/2487 2527/1175/2486
f 2533/1185/2492 2516/1164/2475 2528/1176/2487
f 2519/1167/2478 2516/1164/2475 2533/1185/2492
f 2534/1186/2493 2532/1184/2491 1192/1183/1176
f 1192/1183/1176 1196/1187/1180 2534/1186/2493
f 2532/1184/2491 2535/1188/2494 2528/1176/2487
f 2533/1185/2492 2528/1176/2487 2535/1188/2494
f 2535/1188/2494 2532/1184/2491 2534/1186/2493
f 2536/1189/2495 2519/1167/2478 2533/1185/2492
f 2535/1188/2494 2536/1189/2495 2533/1185/2492
f 2537/1190/2496 2534/1186/2493 1196/1187/1180
f 1196/1187/1180 1200/1191/1184 2537/1190/2496
f 2534/1186/2493 2538/1192/2497 2535/1188/2494
f 2538/1192/2497 2534/1186/2493 2537/1190/2496
f 2539/1193/2498 2519/1167/2478 2536/1189/2495
f 2519/1167/2478 2539/1193/2498 2517/1165/2476
f 2536/1189/2495 2535/1188/2494 2540/1194/2499
f 2538/1192/2497 2540/1194/2499 2535/1188/2494
f 2517/1165/2476 2539/1193/2498 2541/1195/2500
f 2541/1195/2500 2521/1169/2480 2517/1165/2476
f 2536/1189/2495 2542/1196/2501 2539/1193/2498
f 2536/1189/2495 2540/1194/2499 2542/1196/2501
f 2539/1193/2498 2542/1196/2501 2541/1195/2500
f 2543/1197/2502 2540/1194/2499 2538/1192/2497
f 2543/1197/2502 2542/1196/2501 2540/1194/2499
f 2544/1198/2503 2537/1190/2496 1200/1191/1184
f 1200/1191/1184 1208/1199/1192 2544/1198/2503
f 2544/1198/2503 1208/1199/1192 1209/1200/1193
f 2538/1192/2497 2537/1190/2496 2545/1201/2504
f 2538/1192/2497 2545/1201/2504 2543/1197/2502
f 1209/1200/1193 2546/1202/2505 2544/1198/2503
f 2546/1202/2505 1209/1200/1193 1212/1203/1196
f 2544/1198/2503 2547/1204/2506 2537/1190/2496
f 2537/1190/2496 2547/1204/2506 2545/1201/2504
f 2548/1205/2507 2547/1204/2506 2544/1198/2503
f 2544/1198/2503 2546/1202/2505 2548/1205/2507
f 2545/1201/2504 2547/1204/2506 2548/1205/2507
f 2549/1206/2508 2546/1202/2505 1212/1203/1196
f 2546/1202/2505 2549/1206/2508 2548/1205/2507
f 2548/1205/2507 2550/1207/2509 2545/1201/2504
f 2550/1207/2509 2543/1197/2502 2545/1201/2504
f 2551/1208/2510 2549/1206/2508 1212/1203/1196
f 1212/1203/1196 1218/1209/1202 2551/1208/2510
f 2551/1208/2510 1218/1209/1202 1219/1210/1203
f 2552/1211/2511 2548/1205/2507 2549/1206/2508
f 2550/1207/2509 2548/1205/2507 2552/1211/2511
f 2553/1213/2512 2551/1208/2510 1219/1210/1203
f 2553/1213/2512 1219/1210/1203 1223/1214/1207
f 2549/1206/2508 2551/1208/2510 2554/1212/2513
f 2554/1212/2513 2552/1211/2511 2549/1206/2508
f 2554/1212/2513 2551/1208/2510 2553/1213/2512
f 2553/1213/2512 1223/1214/1207 2555/1215/2514
f 2555/1215/2514 1223/1214/1207 1225/1216/1209
f 2556/1217/2515 2554/1212/2513 2553/1213/2512
f 2556/1217/2515 2553/1213/2512 2555/1215/2514
f 2552/1211/2511 2554/1212/2513 2557/1218/2516
f 2556/1217/2515 2557/1218/2516 2554/1212/2513
f 2558/1219/2517 2555/1215/2514 1225/1216/1209
f 2558/1219/2517 1225/1216/1209 1229/1220/1213
f 2557/1218/2516 2559/1221/2518 2552/1211/2511
f 2552/1211/2511 2559/1221/2518 2550/1207/2509
f 2559/1221/2518 2557/1218/2516 2560/1222/2519
f 2560/1222/2519 2557/1218/2516 2556/1217/2515
f 2556/1217/2515 2555/1215/2514 2561/1223/2520
f 2561/1223/2520 2555/1215/2514 2558/1219/2517
f 2562/1224/2521 2550/1207/2509 2559/1221/2518
f 2560/1222/2519 2562/1224/2521 2559/1221/2518
f 2556/1217/2515 2563/1225/2522 2560/1222/2519
f 2563/1225/2522 2556/1217/2515 2561/1223/2520
f 2562/1224/2521 2564/1226/2523 2550/1207/2509
f 2550/1207/2509 2564/1226/2523 2543/1197/2502
f 2565/1227/2524 2562/1224/2521 2560/1222/2519
f 2565/1227/2524 2560/1222/2519 2563/1225/2522
f 2564/1226/2523 2562/1224/2521 2565/1227/2524
f 2564/1226/2523 2566/1228/2525 2543/1197/2502
f 2543/1197/2502 2566/1228/2525 2542/1196/2501
f 2565/1227/2524 2567/1229/2526 2564/1226/2523
f 2567/1229/2526 2566/1228/2525 2564/1226/2523
f 2568/1230/2527 2565/1227/2524 2563/1225/2522
f 2568/1230/2527 2567/1229/2526 2565/1227/2524
f 2568/1230/2527 2569/1231/2528 2567/1229/2526
f 2568/1230/2527 2563/1225/2522 2570/1232/2529
f 2570/1232/2529 2563/1225/2522 2561/1223/2520
f 2571/1233/2530 2542/1196/2501 2566/1228/2525
f 2571/1233/2530 2541/1195/2500 2542/1196/2501
f 2569/1231/2528 2568/1230/2527 2572/1234/2531
f 2570/1232/2529 2572/1234/2531 2568/1230/2527
f 2573/1235/2532 2541/1195/2500 2571/1233/2530
f 2541/1195/2500 2573/1235/2532 2521/1169/2480
f 2574/1236/2533 2521/1169/2480 2573/1235/2532
f 2574/1236/2533 2522/1170/2481 2521/1169/2480
f 2575/1237/2534 2522/1170/2481 2574/1236/2533
f 2574/1236/2533 2576/1238/2535 2575/1237/2534
f 2575/1237/2534 2576/1238/2535 2577/1239/2536
f 2577/1239/2536 2578/1240/2537 2575/1237/2534
f 2577/1239/2536 2579/1241/2538 2578/1240/2537
f 2580/1242/2539 2579/1241/2538 2577/1239/2536
f 2571/1233/2530 2581/1243/2540 2573/1235/2532
f 2582/1244/2541 2579/1241/2538 2580/1242/2539
f 2580/1242/2539 2583/1245/2542 2582/1244/2541
f 2582/1244/2541 2476/1122/2436 2579/1241/2538
f 2582/1244/2541 2470/1116/2430 2476/1122/2436
f 2582/1244/2541 2583/1245/2542 2584/1246/2543
f 2470/1116/2430 2582/1244/2541 2585/1247/2544
f 2584/1246/2543 2585/1247/2544 2582/1244/2541
f 2585/1247/2544 2468/1114/2428 2470/1116/2430
f 2586/1248/2545 2585/1247/2544 2584/1246/2543
f 2468/1114/2428 2585/1247/2544 2586/1248/2545
f 2586/1248/2545 2467/1113/2427 2468/1114/2428
f 2584/1246/2543 2587/1249/2546 2586/1248/2545
f 2466/1112/2426 2467/1113/2427 2586/1248/2545
f 2586/1248/2545 2587/1249/2546 2588/1250/2547
f 2588/1250/2547 2466/1112/2426 2586/1248/2545
f 2588/1250/2547 2587/1249/2546 2589/1251/2548
f 2590/1252/2549 2466/1112/2426 2588/1250/2547
f 2465/1111/2425 2466/1112/2426 2590/1252/2549
f 2589/1251/2548 2591/1253/2550 2588/1250/2547
f 2588/1250/2547 2591/1253/2550 2590/1252/2549
f 2589/1251/2548 2592/1254/2551 2591/1253/2550
f 2593/1255/2552 2592/1254/2551 2589/1251/2548
f 2591/1253/2550 2594/1256/2553 2590/1252/2549
f 2592/1254/2551 2594/1256/2553 2591/1253/2550
f 2595/1257/2554 2592/1254/2551 2593/1255/2552
f 2595/1257/2554 2593/1255/2552 2596/1258/2555
f 2592/1254/2551 2597/1259/2556 2594/1256/2553
f 2595/1257/2554 2597/1259/2556 2592/1254/2551
f 2590/1252/2549 2598/1260/2557 2465/1111/2425
f 2594/1256/2553 2599/1261/2558 2590/1252/2549
f 2590/1252/2549 2599/1261/2558 2598/1260/2557
f 2465/1111/2425 2598/1260/2557 2600/1262/2559
f 2600/1262/2559 2462/1108/2422 2465/1111/2425
f 2462/1108/2422 2600/1262/2559 2461/1107/2421
f 2597/1259/2556 2601/1263/2560 2594/1256/2553
f 2599/1261/2558 2594/1256/2553 2601/1263/2560
f 2598/1260/2557 2599/1261/2558 2602/1264/2561
f 2602/1264/2561 2600/1262/2559 2598/1260/2557
f 2600/1262/2559 2603/1265/2562 2461/1107/2421
f 2603/1265/2562 1115/1106/1099 2461/1107/2421
f 2603/1265/2562 1275/1266/1259 1115/1106/1099
f 2600/1262/2559 2604/1267/2563 2603/1265/2562
f 2603/1265/2562 2604/1267/2563 1275/1266/1259
f 2602/1264/2561 2604/1267/2563 2600/1262/2559
f 2604/1267/2563 1229/1220/1213 1275/1266/1259
f 2604/1267/2563 2558/1219/2517 1229/1220/1213
f 2602/1264/2561 2558/1219/2517 2604/1267/2563
f 2599/1261/2558 2605/1268/2564 2602/1264/2561
f 2605/1268/2564 2558/1219/2517 2602/1264/2561
f 2601/1263/2560 2605/1268/2564 2599/1261/2558
f 2561/1223/2520 2558/1219/2517 2605/1268/2564
f 2561/1223/2520 2605/1268/2564 2601/1263/2560
f 2601/1263/2560 2570/1232/2529 2561/1223/2520
f 2601/1263/2560 2597/1259/2556 2570/1232/2529
f 2572/1234/2531 2570/1232/2529 2597/1259/2556
f 2597/1259/2556 2595/1257/2554 2572/1234/2531
f 2606/1269/2565 2572/1234/2531 2595/1257/2554
f 2596/1258/2555 2606/1269/2565 2595/1257/2554
f 2572/1234/2531 2606/1269/2565 2569/1231/2528
f 2569/1231/2528 2606/1269/2565 2596/1258/2555
f 2596/1258/2555 2607/1270/2566 2569/1231/2528
f 2608/1271/2567 2569/1231/2528 2607/1270/2566
f 2608/1271/2567 2609/1272/2568 2569/1231/2528
f 2609/1272/2568 2567/1229/2526 2569/1231/2528
f 2610/1273/2569 2609/1272/2568 2608/1271/2567
f 2611/1274/2570 2567/1229/2526 2609/1272/2568
f 2567/1229/2526 2611/1274/2570 2566/1228/2525
f 2610/1273/2569 2612/1275/2571 2609/1272/2568
f 2609/1272/2568 2612/1275/2571 2611/1274/2570
f 2612/1275/2571 2610/1273/2569 2613/1276/2572
f 2613/1276/2572 2611/1274/2570 2612/1275/2571
f 2614/1277/2573 2613/1276/2572 2610/1273/2569
f 2614/1277/2573 2581/1243/2540 2613/1276/2572
f 2611/1274/2570 2615/1278/2574 2566/1228/2525
f 2611/1274/2570 2613/1276/2572 2615/1278/2574
f 2581/1243/2540 2615/1278/2574 2613/1276/2572
f 2566/1228/2525 2615/1278/2574 2571/1233/2530
f 2615/1278/2574 2581/1243/2540 2571/1233/2530
f 2513/1159/2472 2512/1160/2471 5/1/5
f 2616/1279/2575 5/1/5 2512/1160/2471
f 5/1/5 2616/1279/2575 6/3/6
f 6/3/6 2616/1279/2575 2617/1280/2576
f 2618/1281/2577 2616/1279/2575 2512/1160/2471
f 2617/1280/2576 2616/1279/2575 2619/1282/2578
f 2618/1281/2577 2619/1282/2578 2616/1279/2575
f 2620/1283/2579 2617/1280/2576 2619/1282/2578
f 2620/1283/2579 2621/1284/2580 2617/1280/2576
f 2618/1281/2577 2512/1160/2471 2622/1285/2581
f 2622/1285/2581 2512/1160/2471 2511/1161/2470
f 2618/1281/2577 2623/1286/2582 2619/1282/2578
f 2620/1283/2579 2619/1282/2578 2623/1286/2582
f 2621/1284/2580 2620/1283/2579 2624/1287/2583
f 2624/1287/2583 2625/1288/2584 2621/1284/2580
f 2626/1289/2585 2624/1287/2583 2620/1283/2579
f 2620/1283/2579 2623/1286/2582 2626/1289/2585
f 2624/1287/2583 2627/1290/2586 2625/1288/2584
f 2623/1286/2582 2618/1281/2577 2628/1291/2587
f 2628/1291/2587 2626/1289/2585 2623/1286/2582
f 2618/1281/2577 2622/1285/2581 2628/1291/2587
f 2629/1292/2588 2626/1289/2585 2628/1291/2587
f 2630/1293/2589 2622/1285/2581 2511/1161/2470
f 2630/1293/2589 2628/1291/2587 2622/1285/2581
f 2515/1163/2474 2630/1293/2589 2511/1161/2470
f 2627/1290/2586 2631/1294/2590 2625/1288/2584
f 2625/1288/2584 2631/1294/2590 2632/1295/2591
f 2633/1296/2592 2631/1294/2590 2627/1290/2586
f 2627/1290/2586 2634/1297/2080 2633/1296/2592
f 2629/1292/2588 2628/1291/2587 2635/1298/2593
f 2635/1298/2593 2628/1291/2587 2630/1293/2589
f 2636/1299/2594 2630/1293/2589 2515/1163/2474
f 2635/1298/2593 2630/1293/2589 2636/1299/2594
f 2636/1299/2594 2515/1163/2474 2518/1166/2477
f 2635/1298/2593 2637/1300/2595 2629/1292/2588
f 2638/1301/2596 2629/1292/2588 2637/1300/2595
f 2637/1300/2595 2639/1302/2597 2638/1301/2596
f 2640/1303/2598 2636/1299/2594 2518/1166/2477
f 2640/1303/2598 2518/1166/2477 2522/1170/2481
f 2636/1299/2594 2641/1304/2599 2635/1298/2593
f 2637/1300/2595 2635/1298/2593 2641/1304/2599
f 2641/1304/2599 2636/1299/2594 2640/1303/2598
f 2642/1305/2600 2639/1302/2597 2637/1300/2595
f 2643/1306/2601 2639/1302/2597 2642/1305/2600
f 2644/1307/2602 2643/1306/2601 2642/1305/2600
f 2640/1303/2598 2522/1170/2481 2645/1308/2603
f 2575/1237/2534 2645/1308/2603 2522/1170/2481
f 2641/1304/2599 2646/1309/2604 2637/1300/2595
f 2642/1305/2600 2637/1300/2595 2646/1309/2604
f 2647/1310/2605 2644/1307/2602 2642/1305/2600
f 2648/1311/2606 2644/1307/2602 2647/1310/2605
f 2649/1312/2607 2648/1311/2606 2647/1310/2605
f 2642/1305/2600 2650/1313/2608 2647/1310/2605
f 2646/1309/2604 2650/1313/2608 2642/1305/2600
f 2649/1312/2607 2647/1310/2605 2651/1314/2609
f 2651/1314/2609 2647/1310/2605 2650/1313/2608
f 2652/1315/1873 2649/1312/2607 2651/1314/2609
f 2653/1316/2610 2645/1308/2603 2575/1237/2534
f 2653/1316/2610 2575/1237/2534 2578/1240/2537
f 2654/1317/2611 2650/1313/2608 2646/1309/2604
f 2651/1314/2609 2650/1313/2608 2654/1317/2611
f 2655/1318/2612 2653/1316/2610 2578/1240/2537
f 2655/1318/2612 2578/1240/2537 2579/1241/2538
f 2655/1318/2612 2579/1241/2538 2476/1122/2436
f 2655/1318/2612 2476/1122/2436 2656/1319/2613
f 2656/1319/2613 2476/1122/2436 2475/1121/2435
f 2653/1316/2610 2655/1318/2612 2657/1320/2614
f 2657/1320/2614 2655/1318/2612 2656/1319/2613
f 2658/1321/2615 2645/1308/2603 2653/1316/2610
f 2658/1321/2615 2653/1316/2610 2657/1320/2614
f 2656/1319/2613 2475/1121/2435 2659/1322/2616
f 2659/1322/2616 2475/1121/2435 2498/1144/2458
f 2658/1321/2615 2660/1323/2617 2645/1308/2603
f 2645/1308/2603 2660/1323/2617 2640/1303/2598
f 2656/1319/2613 2661/1324/2618 2657/1320/2614
f 2656/1319/2613 2659/1322/2616 2661/1324/2618
f 2657/1320/2614 2661/1324/2618 2662/1325/2619
f 2661/1324/2618 2659/1322/2616 2662/1325/2619
f 2659/1322/2616 2498/1144/2458 2663/1326/2620
f 2663/1326/2620 2498/1144/2458 2492/1138/2452
f 2663/1326/2620 2492/1138/2452 2664/1327/2621
f 2663/1326/2620 2665/1328/2622 2659/1322/2616
f 2662/1325/2619 2659/1322/2616 2665/1328/2622
f 2665/1328/2622 2666/1329/2623 2662/1325/2619
f 2664/1327/2621 2667/1330/2624 2663/1326/2620
f 2665/1328/2622 2663/1326/2620 2667/1330/2624
f 2668/1331/2625 2667/1330/2624 2664/1327/2621
f 2667/1330/2624 2668/1331/2625 2665/1328/2622
f 2668/1331/2625 2666/1329/2623 2665/1328/2622
f 2664/1327/2621 2669/1332/2626 2668/1331/2625
f 2662/1325/2619 2670/1347/2627 2657/1320/2614
f 2657/1320/2614 2670/1347/2627 2658/1321/2615
f 2662/1325/2619 2671/1350/2628 2670/1347/2627
f 2670/1347/2627 2672/1346/2629 2658/1321/2615
f 2671/1350/2628 2672/1346/2629 2670/1347/2627
f 2671/1350/2628 2662/1325/2619 2673/1352/2630
f 2666/1329/2623 2673/1352/2630 2662/1325/2619
f 2658/1321/2615 2672/1346/2629 2674/1340/2631
f 2674/1340/2631 2660/1323/2617 2658/1321/2615
f 2675/1348/2632 2672/1346/2629 2671/1350/2628
f 2671/1350/2628 2676/1351/2633 2675/1348/2632
f 2672/1346/2629 2675/1348/2632 2677/1344/2634
f 2674/1340/2631 2672/1346/2629 2677/1344/2634
f 2675/1348/2632 2678/1349/2635 2677/1344/2634
f 2674/1340/2631 2677/1344/2634 2679/1343/2636
f 2680/1345/2637 2679/1343/2636 2677/1344/2634
f 2681/1341/2638 2674/1340/2631 2679/1343/2636
f 2674/1340/2631 2682/1338/2639 2660/1323/2617
f 2679/1343/2636 2683/1342/2640 2681/1341/2638
f 2660/1323/2617 2682/1338/2639 2684/1333/2641
f 2684/1333/2641 2640/1303/2598 2660/1323/2617
f 2684/1333/2641 2682/1338/2639 2685/1339/2642
f 2640/1303/2598 2684/1333/2641 2641/1304/2599
f 2685/1339/2642 2681/1341/2638 2686/1337/2643
f 2684/1333/2641 2685/1339/2642 2686/1337/2643
f 2686/1337/2643 2681/1341/2638 2683/1342/2640
f 2684/1333/2641 2686/1337/2643 2687/1334/2644
f 2687/1334/2644 2641/1304/2599 2684/1333/2641
f 2641/1304/2599 2687/1334/2644 2646/1309/2604
f 2646/1309/2604 2687/1334/2644 2688/1335/2645
f 2689/1336/2646 2688/1335/2645 2687/1334/2644
f 2646/1309/2604 2688/1335/2645 2654/1317/2611
f 2654/1317/2611 2688/1335/2645 2689/1336/2646
f 2689/1336/2646 2683/1342/2647 2690/1496/2648
f 2689/1336/2646 2691/1498/2649 2654/1317/2611
f 2690/1496/2648 2691/1498/2649 2689/1336/2646
f 2691/1498/2649 2690/1496/2648 2692/1497/2650
f 2693/1495/2651 2690/1496/2648 2683/1342/2647
f 2692/1497/2650 2690/1496/2648 2693/1495/2651
f 2683/1342/2647 2694/1494/2652 2693/1495/2651
f 2691/1498/2649 2695/1499/2653 2654/1317/2611
f 2651/1314/2609 2654/1317/2611 2695/1499/2653
f 2696/1500/2654 2691/1498/2649 2692/1497/2650
f 2695/1499/2653 2691/1498/2649 2696/1500/2654
f 2697/1501/2655 2651/1314/2609 2695/1499/2653
f 2697/1501/2655 2652/1315/1873 2651/1314/2609
f 2693/1495/2651 2694/1494/2652 2698/1493/2656
f 2680/1345/2657 2698/1493/2656 2694/1494/2652
f 2699/1502/2658 2695/1499/2653 2696/1500/2654
f 2695/1499/2653 2699/1502/2658 2697/1501/2655
f 2652/1315/1873 2697/1501/2655 2700/1503/2659
f 2700/1503/2659 2701/1504/2660 2652/1315/1873
f 2702/1505/2661 2701/1504/2660 2700/1503/2659
f 2700/1503/2659 2703/1506/2662 2702/1505/2661
f 2704/1507/2663 2697/1501/2655 2699/1502/2658
f 2704/1507/2663 2700/1503/2659 2697/1501/2655
f 2705/1508/2664 2703/1506/2662 2700/1503/2659
f 2705/1508/2664 2700/1503/2659 2704/1507/2663
f 2703/1506/2662 2705/1508/2664 2706/1509/2665
f 2696/1500/2654 2707/1510/2666 2699/1502/2658
f 2704/1507/2663 2699/1502/2658 2707/1510/2666
f 2708/1511/2667 2706/1509/2665 2705/1508/2664
f 2706/1509/2665 2708/1511/2667 2709/1512/1882
f 2709/1512/1882 2708/1511/2667 2710/1513/1883
f 2710/1513/1883 2708/1511/2667 2711/1514/1884
f 2705/1508/2664 2711/1514/1884 2708/1511/2667
f 2711/1514/1884 2705/1508/2664 2704/1507/2663
f 2711/1514/1884 2704/1507/2663 2712/1515/2668
f 2707/1510/2666 2712/1515/2668 2704/1507/2663
f 2713/1516/2669 2707/1510/2666 2696/1500/2654
f 2713/1516/2669 2696/1500/2654 2692/1497/2650
f 2714/1517/2670 2713/1516/2669 2692/1497/2650
f 2714/1517/2670 2692/1497/2650 2715/1518/2671
f 2715/1518/2671 2692/1497/2650 2716/1519/2672
f 2717/1520/2673 2707/1510/2666 2713/1516/2669
f 2692/1497/2650 2693/1495/2651 2716/1519/2672
f 2707/1510/2666 2718/1521/2674 2712/1515/2668
f 2718/1521/2674 2707/1510/2666 2717/1520/2673
f 2712/1515/2668 2718/1521/2674 2719/1522/1887
f 2717/1520/2673 2720/1523/2675 2718/1521/2674
f 2719/1522/1887 2718/1521/2674 2720/1523/2675
f 2716/1519/2672 2693/1495/2651 2721/1524/2676
f 2698/1493/2656 2721/1524/2676 2693/1495/2651
f 2722/1525/2677 2716/1519/2672 2721/1524/2676
f 2723/1526/2678 2721/1524/2676 2698/1493/2656
f 2698/1493/2656 2724/1527/2679 2723/1526/2678
f 2721/1524/2676 2725/1528/2680 2722/1525/2677
f 2725/1528/2680 2721/1524/2676 2723/1526/2678
f 2724/1527/2679 2726/1356/2681 2723/1526/2678
f 2724/1527/2679 2678/1349/1705 2726/1356/2681
f 2727/1529/2682 2722/1525/2677 2725/1528/2680
f 2722/1525/2677 2727/1529/2682 2728/1530/2683
f 2728/1530/2683 2727/1529/2682 2729/1531/1731
f 2730/1532/2684 2729/1531/1731 2727/1529/2682
f 2723/1526/2678 2731/1362/2685 2725/1528/2680
f 2723/1526/2678 2726/1356/2681 2731/1362/2685
f 2727/1529/2682 2725/1528/2680 2732/1533/2686
f 2732/1533/2686 2730/1532/2684 2727/1529/2682
f 2731/1362/2685 2732/1533/2686 2725/1528/2680
f 2732/1533/2686 2733/1534/2687 2730/1532/2684
f 2734/1535/2688 2730/1532/2684 2733/1534/2687
f 2733/1534/2687 2735/1539/2689 2734/1535/2688
f 2735/1539/2689 2736/1540/2690 2734/1535/2688
f 2736/1540/2690 2735/1539/2689 2737/1541/2691
f 2738/1542/2692 2735/1539/2689 2733/1534/2687
f 2738/1542/2692 2737/1541/2691 2735/1539/2689
f 2739/1536/2693 2733/1534/2687 2732/1533/2686
f 2733/1534/2687 2740/1537/2694 2738/1542/2692
f 2740/1537/2694 2733/1534/2687 2739/1536/2693
f 2738/1542/2692 2741/1543/2695 2737/1541/2691
f 2738/1542/2692 2740/1537/2694 2741/1543/2695
f 2739/1536/2693 2732/1533/2686 2742/1368/2696
f 2731/1362/2685 2742/1368/2696 2732/1533/2686
f 2739/1536/2693 2743/1370/2697 2740/1537/2694
f 2743/1370/2697 2739/1536/2693 2742/1368/2696
f 2743/1370/2697 2744/1538/2698 2740/1537/2694
f 2741/1543/2695 2740/1537/2694 2744/1538/2698
f 2742/1368/2696 2745/1369/1750 2743/1370/2697
f 2744/1538/2698 2746/1544/2699 2741/1543/2695
f 2745/1369/1750 2742/1368/2696 2747/1366/2700
f 2748/1545/2701 2741/1543/2695 2746/1544/2699
f 2737/1541/2691 2741/1543/2695 2749/1546/2702
f 2748/1545/2701 2749/1546/2702 2741/1543/2695
f 2749/1546/2702 2750/1547/2703 2737/1541/2691
f 2751/1548/2704 2749/1546/2702 2748/1545/2701
f 2751/1548/2704 2750/1547/2703 2749/1546/2702
f 2742/1368/2696 2752/1363/2705 2747/1366/2700
f 2731/1362/2685 2752/1363/2705 2742/1368/2696
f 2747/1366/2700 2752/1363/2705 2753/1365/2706
f 2731/1362/2685 2754/1359/2707 2752/1363/2705
f 2731/1362/2685 2726/1356/2681 2754/1359/2707
f 2755/1361/2708 2753/1365/2706 2752/1363/2705
f 2755/1361/2708 2752/1363/2705 2754/1359/2707
f 2756/1364/2709 2753/1365/2706 2755/1361/2708
f 2757/1358/2710 2756/1364/2709 2755/1361/2708
f 2757/1358/2710 2758/1367/2711 2756/1364/2709
f 2759/1355/2712 2754/1359/2707 2726/1356/2681
f 2726/1356/2681 2676/1351/2633 2759/1355/2712
f 2759/1355/2712 2676/1351/2633 2760/1354/2713
f 2754/1359/2707 2761/1357/2714 2755/1361/2708
f 2759/1355/2712 2761/1357/2714 2754/1359/2707
f 2761/1357/2714 2759/1355/2712 2760/1354/2713
f 2757/1358/2710 2755/1361/2708 2761/1357/2714
f 2760/1354/2713 2762/1353/2715 2761/1357/2714
f 2761/1357/2714 2762/1353/2715 2757/1358/2710
f 2760/1354/2713 2673/1352/2630 2762/1353/2715
f 2762/1353/2715 2673/1352/2630 2666/1329/2623
f 2758/1367/2711 2757/1358/2710 2763/1371/2716
f 2758/1367/2711 2763/1371/2716 2764/1372/2717
f 2757/1358/2710 2762/1353/2715 2765/1360/2718
f 2666/1329/2623 2765/1360/2718 2762/1353/2715
f 2764/1372/2717 2763/1371/2716 2766/1374/2719
f 2764/1372/2717 2766/1374/2719 2767/1375/1765
f 2768/1376/1766 2767/1375/1765 2766/1374/2719
f 2768/1376/1766 2766/1374/2719 2769/1377/2720
f 2769/1377/2720 2766/1374/2719 2763/1371/2716
f 2769/1377/2720 2770/1378/2721 2768/1376/1766
f 2769/1377/2720 2771/1379/2722 2770/1378/2721
f 2772/1380/1773 2771/1379/2722 2769/1377/2720
f 2757/1358/2710 2773/1373/2723 2763/1371/2716
f 2763/1371/2716 2773/1373/2723 2769/1377/2720
f 2769/1377/2720 2773/1373/2723 2772/1380/1773
f 2765/1360/2718 2773/1373/2723 2757/1358/2710
f 2774/1381/2724 2772/1380/1773 2773/1373/2723
f 2765/1360/2718 2775/1382/2725 2773/1373/2723
f 2773/1373/2723 2775/1382/2725 2774/1381/2724
f 2666/1329/2623 2776/1383/2726 2765/1360/2718
f 2775/1382/2725 2765/1360/2718 2776/1383/2726
f 2666/1329/2623 2777/1384/2727 2776/1383/2726
f 2668/1331/2625 2777/1384/2727 2666/1329/2623
f 2775/1382/2725 2776/1383/2726 2778/1385/2728
f 2776/1383/2726 2777/1384/2727 2778/1385/2728
f 2668/1331/2625 2779/1386/2729 2777/1384/2727
f 2669/1332/2626 2779/1386/2729 2668/1331/2625
f 2778/1385/2728 2777/1384/2727 2780/1387/2730
f 2775/1382/2725 2778/1385/2728 2780/1387/2730
f 2777/1384/2727 2779/1386/2729 2780/1387/2730
f 2781/1388/2731 2774/1381/2724 2775/1382/2725
f 2781/1388/2731 2775/1382/2725 2780/1387/2730
f 2669/1332/2626 2782/1389/2732 2779/1386/2729
f 2780/1387/2730 2779/1386/2729 2782/1389/2732
f 2781/1388/2731 2783/1390/2733 2774/1381/2724
f 2781/1388/2731 2784/1391/2734 2783/1390/2733
f 2783/1390/2733 2785/1392/2735 2774/1381/2724
f 2785/1392/2735 2783/1390/2733 2786/1393/2736
f 2786/1393/2736 2783/1390/2733 2784/1391/2734
f 2785/1392/2735 2786/1393/2736 1403/1394/1384
f 1403/1394/1384 2786/1393/2736 2787/1395/2737
f 2788/1396/2738 2787/1395/2737 2786/1393/2736
f 2787/1395/2737 1406/1397/1387 1403/1394/1384
f 1406/1397/1387 2787/1395/2737 1407/1398/1388
f 2780/1387/2730 2789/1399/2739 2781/1388/2731
f 2782/1389/2732 2789/1399/2739 2780/1387/2730
f 2790/1400/2740 2781/1388/2731 2789/1399/2739
f 2784/1391/2734 2781/1388/2731 2790/1400/2740
f 2786/1393/2736 2791/1401/2741 2788/1396/2738
f 2784/1391/2734 2791/1401/2741 2786/1393/2736
f 2787/1395/2737 2792/1402/2742 1407/1398/1388
f 2792/1402/2742 1412/1403/1393 1407/1398/1388
f 1412/1403/1393 2792/1402/2742 2793/1404/2743
f 2787/1395/2737 2793/1404/2743 2792/1402/2742
f 1414/1405/1395 1412/1403/1393 2793/1404/2743
f 2787/1395/2737 2794/1406/2744 2793/1404/2743
f 1414/1405/1395 2793/1404/2743 2794/1406/2744
f 2788/1396/2738 2794/1406/2744 2787/1395/2737
f 2794/1406/2744 1416/1407/1397 1414/1405/1395
f 1416/1407/1397 2794/1406/2744 2795/1408/2745
f 2788/1396/2738 2795/1408/2745 2794/1406/2744
f 1418/1409/1399 1416/1407/1397 2795/1408/2745
f 1418/1409/1399 2795/1408/2745 1419/1410/1400
f 2788/1396/2738 1419/1410/1400 2795/1408/2745
f 1419/1410/1400 2788/1396/2738 1420/1411/1401
f 1421/1412/1402 1420/1411/1401 2788/1396/2738
f 2788/1396/2738 2791/1401/2741 1421/1412/1402
f 1421/1412/1402 2791/1401/2741 1422/1413/1403
f 2791/1401/2741 2796/1414/2746 1422/1413/1403
f 2784/1391/2734 2796/1414/2746 2791/1401/2741
f 1422/1413/1403 2796/1414/2746 2797/1415/2747
f 2784/1391/2734 2798/1416/2748 2796/1414/2746
f 2797/1415/2747 2796/1414/2746 2798/1416/2748
f 2784/1391/2734 2799/1417/2749 2798/1416/2748
f 2799/1417/2749 2784/1391/2734 2790/1400/2740
f 2797/1415/2747 2800/1418/2750 1422/1413/1403
f 1422/1413/1403 2800/1418/2750 1428/1419/1409
f 1428/1419/1409 2800/1418/2750 1429/1420/1410
f 2801/1421/2751 2797/1415/2747 2798/1416/2748
f 2801/1421/2751 2798/1416/2748 2799/1417/2749
f 2800/1418/2750 2802/1422/2752 1429/1420/1410
f 2802/1422/2752 1432/1423/1413 1429/1420/1410
f 1433/1424/1414 1432/1423/1413 2802/1422/2752
f 2802/1422/2752 1434/1425/1415 1433/1424/1414
f 1434/1425/1415 2802/1422/2752 2800/1418/2750
f 2800/1418/2750 1435/1426/1416 1434/1425/1415
f 1435/1426/1416 2800/1418/2750 2797/1415/2747
f 2797/1415/2747 1436/1427/1417 1435/1426/1416
f 2797/1415/2747 2801/1421/2751 1436/1427/1417
f 2801/1421/2751 1437/1428/1418 1436/1427/1417
f 1437/1428/1418 2801/1421/2751 2803/1429/2753
f 1437/1428/1418 2803/1429/2753 1439/1430/1420
f 2799/1417/2749 2804/1431/2754 2801/1421/2751
f 2804/1431/2754 2803/1429/2753 2801/1421/2751
f 2804/1431/2754 2799/1417/2749 2805/1432/2755
f 2799/1417/2749 2806/1433/2756 2805/1432/2755
f 2790/1400/2740 2806/1433/2756 2799/1417/2749
f 2803/1429/2753 2807/1434/2757 1439/1430/1420
f 1439/1430/1420 2807/1434/2757 1444/1435/1425
f 2807/1434/2757 2808/1436/2758 1444/1435/1425
f 1444/1435/1425 2808/1436/2758 1446/1437/1427
f 1447/1438/1428 1446/1437/1427 2808/1436/2758
f 2809/1439/2759 2808/1436/2758 2807/1434/2757
f 1447/1438/1428 2808/1436/2758 2809/1439/2759
f 2809/1439/2759 2807/1434/2757 2803/1429/2753
f 2809/1439/2759 1449/1440/1430 1447/1438/1428
f 2803/1429/2753 2810/1441/2760 2809/1439/2759
f 1449/1440/1430 2809/1439/2759 2810/1441/2760
f 2804/1431/2754 2810/1441/2760 2803/1429/2753
f 2810/1441/2760 1451/1442/1432 1449/1440/1430
f 1451/1442/1432 2810/1441/2760 1452/1443/1433
f 2811/1444/2761 2810/1441/2760 2804/1431/2754
f 2811/1444/2761 1452/1443/1433 2810/1441/2760
f 2805/1432/2755 2811/1444/2761 2804/1431/2754
f 2811/1444/2761 2812/1445/2762 1452/1443/1433
f 2805/1432/2755 2812/1445/2762 2811/1444/2761
f 2813/1446/2763 2812/1445/2762 2805/1432/2755
f 1452/1443/1433 2812/1445/2762 1456/1447/1437
f 2813/1446/2763 1456/1447/1437 2812/1445/2762
f 1457/1448/1438 1456/1447/1437 2813/1446/2763
f 2813/1446/2763 1458/1449/1439 1457/1448/1438
f 2814/1450/2764 1458/1449/1439 2813/1446/2763
f 2814/1450/2764 1460/1451/1441 1458/1449/1439
f 1461/1452/1442 1460/1451/1441 2814/1450/2764
f 2815/1453/2765 1461/1452/1442 2814/1450/2764
f 1463/1454/1444 1461/1452/1442 2815/1453/2765
f 1463/1454/1444 2815/1453/2765 1464/1455/1445
f 2813/1446/2763 2816/1456/2766 2814/1450/2764
f 2814/1450/2764 2816/1456/2766 2815/1453/2765
f 2815/1453/2765 2816/1456/2766 2817/1457/2767
f 1464/1455/1445 2815/1453/2765 2818/1458/2768
f 2817/1457/2767 2818/1458/2768 2815/1453/2765
f 2818/1458/2768 1468/1459/1449 1464/1455/1445
f 1468/1459/1449 2818/1458/2768 2819/1460/2769
f 2819/1460/2769 2818/1458/2768 2817/1457/2767
f 1470/1461/1451 1468/1459/1449 2819/1460/2769
f 1471/1462/502 1470/1461/1451 2819/1460/2769
f 2819/1460/2769 2820/1463/2770 1471/1462/502
f 2817/1457/2767 2820/1463/2770 2819/1460/2769
f 2821/1464/2771 2820/1463/2770 2817/1457/2767
f 2816/1456/2766 2813/1446/2763 2822/1465/2772
f 2805/1432/2755 2822/1465/2772 2813/1446/2763
f 2816/1456/2766 2823/1466/2773 2817/1457/2767
f 2823/1466/2773 2816/1456/2766 2822/1465/2772
f 2821/1464/2771 2817/1457/2767 2824/1467/2774
f 2824/1467/2774 2817/1457/2767 2823/1466/2773
f 2821/1464/2771 2824/1467/2774 2825/1468/2775
f 2824/1467/2774 2823/1466/2773 2825/1468/2775
f 2825/1468/2775 2826/1469/2776 2821/1464/2771
f 2826/1469/2776 2825/1468/2775 2827/1470/2777
f 2828/1471/2778 2822/1465/2772 2805/1432/2755
f 2823/1466/2773 2822/1465/2772 2828/1471/2778
f 2825/1468/2775 2823/1466/2773 2829/1472/2779
f 2823/1466/2773 2828/1471/2778 2829/1472/2779
f 2825/1468/2775 2830/1473/2780 2827/1470/2777
f 2825/1468/2775 2829/1472/2779 2830/1473/2780
f 2827/1470/2777 2830/1473/2780 2831/1474/2781
f 2831/1474/2781 2832/1475/2782 2827/1470/2777
f 2833/1476/2783 2831/1474/2781 2830/1473/2780
f 2830/1473/2780 2829/1472/2779 2833/1476/2783
f 2805/1432/2755 2834/1477/2784 2828/1471/2778
f 2834/1477/2784 2805/1432/2755 2806/1433/2756
f 2833/1476/2783 2829/1472/2779 2835/1478/2785
f 2836/1479/2786 2833/1476/2783 2835/1478/2785
f 2835/1478/2785 2837/1480/2787 2836/1479/2786
f 2838/1481/2788 2829/1472/2779 2828/1471/2778
f 2828/1471/2778 2834/1477/2784 2838/1481/2788
f 2838/1481/2788 2835/1478/2785 2829/1472/2779
f 2839/1482/2789 2837/1480/2787 2835/1478/2785
f 2835/1478/2785 2838/1481/2788 2839/1482/2789
f 2837/1480/2787 2839/1482/2789 2840/1483/2790
f 2669/1332/2626 2840/1483/2790 2839/1482/2789
f 2839/1482/2789 2782/1389/2732 2669/1332/2626
f 2841/1484/2791 2838/1481/2788 2834/1477/2784
f 2841/1484/2791 2839/1482/2789 2838/1481/2788
f 2834/1477/2784 2806/1433/2756 2841/1484/2791
f 2782/1389/2732 2839/1482/2789 2841/1484/2791
f 2842/1485/2792 2841/1484/2791 2806/1433/2756
f 2841/1484/2791 2842/1485/2792 2782/1389/2732
f 2806/1433/2756 2790/1400/2740 2842/1485/2792
f 2782/1389/2732 2842/1485/2792 2789/1399/2739
f 2790/1400/2740 2789/1399/2739 2842/1485/2792
f 2843/1486/2793 2836/1479/2786 2837/1480/2787
f 2844/1487/2794 2843/1486/2793 2837/1480/2787
f 2844/1487/2794 2837/1480/2787 2840/1483/2790
f 2840/1483/2790 2845/1488/2795 2844/1487/2794
f 2845/1488/2795 2840/1483/2790 2669/1332/2626
f 2669/1332/2626 2664/1327/2621 2845/1488/2795
f 2831/1474/2781 2846/1489/2796 2832/1475/2782
f 2847/1490/2797 2846/1489/2796 2831/1474/2781
f 2847/1490/2797 2831/1474/2781 2833/1476/2783
f 2847/1490/2797 2848/1491/2798 2846/1489/2796
f 2833/1476/2783 2836/1479/2786 2847/1490/2797
f 2849/1492/2799 2848/1491/2798 2847/1490/2797
f 2849/1492/2799 2847/1490/2797 2836/1479/2786
f 2500/1146/1566 2848/1491/2798 2849/1492/2799
f 2836/1479/2786 2843/1486/2793 2849/1492/2799
f 2849/1492/2799 2495/1141/2455 2500/1146/1566
f 2843/1486/2793 2493/1139/2453 2849/1492/2799
f 2493/1139/2453 2495/1141/2455 2849/1492/2799
f 2664/1327/2621 2492/1138/2452 2490/1136/2450
f 2664/1327/2621 2490/1136/2450 2845/1488/2795
f 2844/1487/2794 2845/1488/2795 2490/1136/2450
f 2490/1136/2450 2491/1137/2451 2844/1487/2794
f 2491/1137/2451 2493/1139/2453 2844/1487/2794
f 2844/1487/2794 2493/1139/2453 2843/1486/2793
f 2850/1551/2800 2851/1550/2801 2852/1549/2802
f 2852/1549/2802 2853/1552/2803 2850/1551/2800
f 2852/1549/2802 2854/1553/2804 2853/1552/2803
f 2855/1554/2805 2853/1552/2803 2854/1553/2804
f 2853/1552/2803 2856/1555/2806 2850/1551/2800
f 2856/1555/2806 2853/1552/2803 2855/1554/2805
f 2856/1555/2806 2857/1556/2807 2850/1551/2800
f 2855/1554/2805 2858/1557/2808 2856/1555/2806
f 2856/1555/2806 2859/1558/2809 2857/1556/2807
f 2860/1559/2810 2856/1555/2806 2858/1557/2808
f 2860/1559/2810 2859/1558/2809 2856/1555/2806
f 2861/1560/2811 2862/1561/2812 2863/1562/2813
f 2864/1563/2814 2863/1562/2813 2862/1561/2812
f 2865/1564/2815 2863/1562/2813 2864/1563/2814
f 2864/1563/2814 2862/1561/2812 2866/1565/2816
f 2866/1565/2816 2867/1566/2817 2864/1563/2814
f 2866/1565/2816 2868/1567/2818 2867/1566/2817
f 2868/1567/2818 2869/1568/2819 2867/1566/2817
f 2868/1567/2818 2870/1569/2820 2869/1568/2819
f 2870/1569/2820 2871/1570/2821 2869/1568/2819
f 2872/1571/2822 2871/1570/2821 2870/1569/2820
f 2872/1571/2822 2873/1572/2823 2871/1570/2821
f 2874/1573/2824 2873/1572/2823 2872/1571/2822
f 2874/1573/2824 2875/1574/2825 2873/1572/2823
f 2876/1575/2826 2877/1576/2827 2878/1577/2828
f 2878/1577/2828 2879/1578/2829 2876/1575/2826
f 2879/1578/2829 2878/1577/2828 2880/1579/2830
f 2879/1578/2829 2880/1579/2830 2881/1580/2831
f 2876/1575/2826 2879/1578/2829 2882/1581/2832
f 2883/1582/2833 2876/1575/2826 2882/1581/2832
f 2882/1581/2832 2879/1578/2829 2884/1583/2834
f 2881/1580/2831 2885/1584/2835 2879/1578/2829
f 2881/1580/2831 2865/1564/2815 2885/1584/2835
f 2865/1564/2815 2864/1563/2814 2885/1584/2835
f 2864/1563/2814 2867/1566/2817 2885/1584/2835
f 2884/1583/2834 2879/1578/2829 2886/1585/2836
f 2886/1585/2836 2879/1578/2829 2885/1584/2835
f 2885/1584/2835 2867/1566/2817 2886/1585/2836
f 2887/1586/2837 2884/1583/2834 2886/1585/2836
f 2886/1585/2836 2867/1566/2817 2888/1587/2838
f 2867/1566/2817 2889/1588/2839 2888/1587/2838
f 2867/1566/2817 2869/1568/2819 2889/1588/2839
f 2889/1588/2839 2869/1568/2819 2890/1589/2840
f 2869/1568/2819 2871/1570/2821 2890/1589/2840
f 2890/1589/2840 2871/1570/2821 2873/1572/2823
f 2890/1589/2840 2873/1572/2823 2891/1590/2841
f 2873/1572/2823 2875/1574/2825 2891/1590/2841
f 2891/1590/2841 2875/1574/2825 2892/1591/2842
f 2893/1592/2843 2886/1585/2836 2888/1587/2838
f 2886/1585/2836 2893/1592/2843 2887/1586/2837
f 2888/1587/2838 2889/1588/2839 2894/1593/2844
f 2887/1586/2837 2893/1592/2843 2895/1594/2845
f 2893/1592/2843 2896/1595/2846 2895/1594/2845
f 2896/1595/2846 2894/1593/2847 2897/1596/2848
f 2895/1594/2845 2896/1595/2846 2897/1596/2848
f 2898/1597/2849 2894/1593/2844 2889/1588/2839
f 2894/1593/2847 2899/1598/2850 2897/1596/2848
f 2897/1596/2848 2899/1598/2850 2900/1599/2851
f 2899/1598/2850 2901/1600/2852 2900/1599/2851
f 2902/1601/2853 2898/1597/2849 2889/1588/2839
f 2901/1600/2854 2898/1597/2849 2902/1601/2853
f 2902/1601/2853 2889/1588/2839 2890/1589/2840
f 2890/1589/2840 2903/1602/2855 2902/1601/2853
f 2900/1599/2851 2901/1600/2852 2904/1603/2856
f 2904/1603/2856 2905/1604/2857 2900/1599/2851
f 2904/1603/2856 2906/1605/2858 2905/1604/2857
f 2890/1589/2840 2907/1606/2859 2903/1602/2855
f 2903/1602/2855 2907/1606/2859 2908/1607/2860
f 2905/1604/2857 2906/1605/2858 2909/1608/2861
f 2906/1605/2858 2910/1609/2862 2909/1608/2861
f 2891/1590/2841 2910/1609/2862 2890/1589/2840
f 2909/1608/2861 2910/1609/2862 2911/1610/2863
f 2891/1590/2841 2911/1610/2863 2910/1609/2862
f 2911/1610/2863 2891/1590/2841 2912/1611/2864
f 2913/1612/2865 2911/1610/2863 2912/1611/2864
f 2912/1611/2864 2891/1590/2841 2914/1613/2866
f 2891/1590/2841 2892/1591/2842 2914/1613/2866
f 2915/1614/2867 2913/1612/2865 2912/1611/2864
f 2892/1591/2842 2916/1615/2868 2914/1613/2866
f 2914/1613/2866 2916/1615/2868 2917/1616/2869
f 2918/1617/2870 2916/1615/2868 2892/1591/2842
f 2916/1615/2868 2918/1617/2870 2919/1618/2871
f 2919/1618/2871 2918/1617/2870 2920/1619/2872
f 2921/1620/2873 2909/1608/2861 2913/1612/2865
f 2915/1614/2867 2921/1620/2873 2913/1612/2865
f 2919/1618/2871 2920/1619/2872 2922/1621/2874
f 2920/1619/2872 2923/1622/2875 2922/1621/2874
f 2922/1621/2874 2924/1623/2876 2919/1618/2871
f 2919/1618/2871 2925/1624/2877 2917/1616/2878
f 2924/1623/2876 2925/1624/2877 2919/1618/2871
f 2925/1624/2877 2926/1625/2879 2917/1616/2878
f 2926/1625/2879 2927/1626/2880 2915/1614/2867
f 2927/1626/2880 2926/1625/2879 2925/1624/2877
f 2927/1626/2880 2921/1620/2873 2915/1614/2867
f 2925/1624/2877 2924/1623/2876 2928/1627/2881
f 2924/1623/2876 2929/1628/2882 2928/1627/2881
f 2929/1628/2882 2921/1620/2873 2928/1627/2881
f 2930/1629/2883 2909/1608/2861 2921/1620/2873
f 2921/1620/2873 2929/1628/2882 2930/1629/2883
f 2930/1629/2883 2929/1628/2882 2931/1630/2884
f 2932/1631/2885 2930/1629/2883 2931/1630/2884
f 2905/1604/2857 2909/1608/2861 2930/1629/2883
f 2930/1629/2883 2932/1631/2885 2905/1604/2857
f 2905/1604/2857 2932/1631/2885 2933/1632/2886
f 2933/1632/2886 2934/1633/2887 2905/1604/2857
f 2934/1633/2887 2900/1599/2851 2905/1604/2857
f 2900/1599/2851 2934/1633/2887 2935/1634/2888
f 2936/1635/2889 2900/1599/2851 2935/1634/2888
f 2936/1635/2889 2897/1596/2848 2900/1599/2851
f 2937/1636/2890 2897/1596/2848 2936/1635/2889
f 2936/1635/2889 2938/1637/2891 2937/1636/2890
f 2937/1636/2890 2938/1637/2891 2939/1638/2892
f 2940/1639/2893 2937/1636/2890 2939/1638/2892
f 2940/1639/2893 2941/1640/2894 2937/1636/2890
f 2942/1641/2895 2937/1636/2890 2941/1640/2894
f 2937/1636/2890 2942/1641/2895 2897/1596/2848
f 2943/1642/2896 2897/1596/2848 2942/1641/2895
f 2943/1642/2896 2942/1641/2895 2944/1643/2897
f 2895/1594/2845 2897/1596/2848 2943/1642/2896
f 2944/1643/2897 2945/1644/2898 2943/1642/2896
f 2943/1642/2896 2945/1644/2898 2895/1594/2845
f 2887/1586/2837 2895/1594/2845 2945/1644/2898
f 2887/1586/2837 2945/1644/2898 2946/1645/2899
f 2947/1646/2900 2887/1586/2837 2946/1645/2899
f 2946/1645/2899 2948/1647/2901 2947/1646/2900
f 2883/1582/2902 2947/1646/2900 2948/1647/2901
f 2946/1645/2899 2945/1644/2898 2949/1648/2903
f 2946/1645/2899 2949/1648/2903 2948/1647/2901
f 2949/1648/2903 2945/1644/2898 2950/1649/2904
f 2949/1648/2903 2950/1649/2904 2951/1650/2905
f 2948/1647/2901 2949/1648/2903 2951/1650/2905
f 2951/1650/2905 2952/1651/2906 2948/1647/2901
f 2953/1652/2907 2948/1647/2901 2952/1651/2906
f 2883/1582/2902 2948/1647/2901 2954/1653/2908
f 2954/1653/2908 2948/1647/2901 2953/1652/2907
f 2954/1653/2908 2955/1654/2909 2883/1582/2902
f 2954/1653/2908 2956/1655/2910 2955/1654/2909
f 2956/1655/2910 2954/1653/2908 2953/1652/2907
f 2957/1656/2911 2956/1655/2910 2953/1652/2907
f 2957/1656/2911 2958/1657/2912 2956/1655/2910
f 2959/1658/2913 2960/1659/2914 2961/1660/2915
f 2960/1659/2914 2959/1658/2913 2962/1661/2847
f 2963/1662/2834 2964/1663/2916 2965/1664/2917
f 2963/1662/2834 2966/1665/2918 2964/1663/2916
f 2967/1666/2919 2968/1667/2920 2969/1668/2921
f 2970/1669/2922 2968/1667/2920 2967/1666/2919
f 2971/1670/2837 2968/1667/2920 2970/1669/2922
f 2972/1671/2923 2973/1672/2924 2974/1673/2914
f 2973/1672/2924 2975/1674/2925 2974/1673/2914
f 2976/1675/2926 2977/1676/2923 2978/1677/2927
f 2976/1675/2926 2978/1677/2927 2979/1678/2928
f 2980/1679/2929 2981/1680/2930 2982/1681/2931
f 2980/1679/2929 2983/1682/2932 2981/1680/2930
f 2984/1683/2933 2985/1684/2934 2986/1685/2935
f 2986/1685/2935 2987/1686/2936 2984/1683/2933
f 2988/1687/2937 2989/1688/2938 2990/1689/11
f 2991/1690/2939 2989/1688/2938 2988/1687/2937
f 2992/1691/2940 2993/1692/2941 2994/1693/2942
f 2993/1692/2941 2995/1694/2943 2994/1693/2942
f 2996/1695/2944 2997/1696/2945 2998/1697/2946
f 2996/1695/2944 2999/1698/2947 2997/1696/2945
f 3000/1699/7 3001/1700/2948 3002/1701/2949
f 3003/1702/2950 3002/1701/2949 3001/1700/2948
f 3004/1703/2951 3005/1704/2952 3006/1705/2880
f 3006/1705/2880 3005/1704/2952 3007/1706/2953
f 3008/1707/2954 3009/1708/2955 3010/1709/7
f 3009/1708/2955 3008/1707/2954 3011/1710/2956
f 3009/1708/2955 3011/1710/2956 3012/1711/2957
f 3013/1712/2958 3014/1713/2959 3015/1714/2960
f 3015/1714/2960 3016/1715/2961 3013/1712/2958
f 3017/1716/2962 3016/1715/2961 3015/1714/2960
f 3018/1717/2842 3019/1718/2963 3020/1719/2964
f 3020/1719/2964 3021/1720/2965 3018/1717/2842
f 3020/1719/2964 3022/1721/2966 3021/1720/2965
f 3021/1720/2965 3023/1722/2967 3018/1717/2842
f 3024/1723/2968 3018/1717/2842 3023/1722/2967
f 3023/1722/2967 3021/1720/2965 3025/1724/2969
f 3021/1720/2965 3022/1721/2966 3026/1725/2970
f 3022/1721/2966 3027/1726/2971 3026/1725/2970
f 3028/1727/2972 3021/1720/2965 3026/1725/2970
f 3029/1728/2973 3021/1720/2965 3028/1727/2972
f 3029/1728/2973 3025/1724/2969 3021/1720/2965
f 3030/1729/2974 3028/1727/2972 3026/1725/2970
f 3025/1724/2969 3029/1728/2973 3031/1730/2975
f 3031/1730/2975 3029/1728/2973 3032/1731/2976
f 3031/1730/2975 3033/1732/2977 3025/1724/2969
f 3025/1724/2969 3033/1732/2977 3034/1733/2978
f 3031/1730/2975 3035/1734/2979 3033/1732/2977
f 3034/1733/2978 3033/1732/2977 3036/1735/2980
f 3036/1735/2980 3037/1736/2981 3034/1733/2978
f 3034/1733/2978 3037/1736/2981 3024/1723/2982
f 3031/1730/2975 3038/1737/2983 3035/1734/2979
f 3032/1731/2976 3038/1737/2983 3031/1730/2975
f 3038/1737/2983 3032/1731/2976 3039/1738/2984
f 3032/1731/2976 3030/1729/2974 3039/1738/2984
f 3038/1737/2983 3039/1738/2984 3040/1739/2985
f 3041/1740/2986 3040/1739/2985 3039/1738/2984
f 3041/1740/2986 3039/1738/2984 3042/1741/2987
f 3043/1742/2988 3039/1738/2984 3030/1729/2974
f 3042/1741/2987 3039/1738/2984 3043/1742/2988
f 3030/1729/2974 3026/1725/2970 3043/1742/2988
f 3026/1725/2970 3044/1743/2989 3043/1742/2988
f 3026/1725/2970 3027/1726/2971 3044/1743/2989
f 3044/1743/2989 3027/1726/2971 3045/1744/2990
f 3027/1726/2971 3046/1745/2991 3045/1744/2990
f 3047/1746/2992 3044/1743/2989 3045/1744/2990
f 3044/1743/2989 3047/1746/2992 3048/1747/2993
f 3045/1744/2990 3046/1745/2991 3049/1748/2994
f 3049/1748/2994 3050/1749/2995 3045/1744/2990
f 3051/1750/2996 3050/1749/2995 3049/1748/2994
f 3049/1748/2994 3052/1751/2997 3051/1750/2996
f 3051/1750/2996 3052/1751/2997 3053/1752/2998
f 3054/1753/2999 3043/1742/2988 3044/1743/2989
f 3043/1742/2988 3054/1753/2999 3042/1741/2987
f 3044/1743/2989 3048/1747/2993 3054/1753/2999
f 3054/1753/2999 3055/1754/3000 3042/1741/2987
f 3055/1754/3000 3054/1753/2999 3048/1747/2993
f 3042/1741/2987 3055/1754/3000 3056/1755/3001
f 3056/1755/3001 3055/1754/3000 3057/1756/3002
f 3058/1757/3003 3057/1756/3002 3055/1754/3000
f 3059/1758/3004 3058/1757/3003 3055/1754/3000
f 3055/1754/3000 3048/1747/2993 3060/1759/3005
f 3059/1758/3004 3055/1754/3000 3060/1759/3005
f 3060/1759/3005 3061/1760/3006 3059/1758/3004
f 3060/1759/3005 3048/1747/2993 3047/1746/2992
f 3061/1760/3006 3060/1759/3005 3062/1761/3007
f 3062/1761/3007 3060/1759/3005 3047/1746/2992
f 3047/1746/2992 3063/1762/3008 3062/1761/3007
f 3062/1761/3007 3063/1762/3008 3064/1763/3009
f 3064/1763/3009 3063/1762/3008 3065/1764/3010
f 3063/1762/3008 3047/1746/2992 3065/1764/3010
f 3047/1746/2992 3066/1765/3011 3065/1764/3010
f 3066/1765/3011 3067/1766/3012 3065/1764/3010
f 3066/1765/3011 3068/1767/3013 3067/1766/3012
f 3047/1746/2992 3069/1768/3014 3066/1765/3011
f 3066/1765/3011 3069/1768/3014 3068/1767/3013
f 3069/1768/3014 3047/1746/2992 3045/1744/2990
f 3069/1768/3014 3070/1769/3015 3068/1767/3013
f 3045/1744/2990 3070/1769/3015 3069/1768/3014
f 3068/1767/3013 3070/1769/3015 3071/1770/3016
f 3045/1744/2990 3050/1749/2995 3070/1769/3015
f 3070/1769/3015 3072/1771/3017 3071/1770/3016
f 3070/1769/3015 3050/1749/2995 3072/1771/3017
f 3072/1771/3017 3050/1749/2995 3073/1772/3018
f 3072/1771/3017 3073/1772/3018 3074/1773/3019
f 3073/1772/3018 3075/1774/3020 3074/1773/3019
f 3076/1775/3021 3075/1774/3020 3073/1772/3018
f 3076/1775/3021 3073/1772/3018 3050/1749/2995
f 3077/1776/3022 3075/1774/3020 3076/1775/3021
f 3076/1775/3021 3078/1777/3023 3077/1776/3022
f 3076/1775/3021 3050/1749/2995 3079/1778/3024
f 3079/1778/3024 3078/1777/3023 3076/1775/3021
f 3078/1777/3023 3079/1778/3024 3080/1779/3025
f 3050/1749/2995 3051/1750/2996 3079/1778/3024
f 3079/1778/3024 3081/1780/3026 3080/1779/3025
f 3051/1750/2996 3081/1780/3026 3079/1778/3024
f 3081/1780/3026 3082/1781/3027 3080/1779/3025
f 3083/1782/3028 3082/1781/3027 3081/1780/3026
f 3084/1783/3029 3083/1782/3028 3081/1780/3026
f 3084/1783/3029 3081/1780/3026 3051/1750/2996
f 3085/1784/3030 3083/1782/3028 3084/1783/3029
f 3086/1785/3031 3084/1783/3029 3051/1750/2996
f 3053/1752/2998 3086/1785/3031 3051/1750/2996
f 3087/1786/3032 3085/1784/3030 3084/1783/3029
f 3086/1785/3031 3087/1786/3032 3084/1783/3029
f 3085/1784/3030 3087/1786/3032 3088/1787/3033
f 3088/1787/3033 3087/1786/3032 3086/1785/3031
f 3088/1787/3033 3089/1788/3034 3085/1784/3030
f 3088/1787/3033 3090/1789/3035 3089/1788/3034
f 3086/1785/3031 3053/1752/2998 3091/1790/3036
f 3086/1785/3031 3091/1790/3036 3088/1787/3033
f 3091/1790/3036 3090/1789/3035 3088/1787/3033
f 3053/1752/2998 3092/1791/3037 3091/1790/3036
f 3090/1789/3035 3091/1790/3036 3093/1792/3038
f 3092/1791/3037 3094/1793/3039 3091/1790/3036
f 3093/1792/3038 3091/1790/3036 3094/1793/3039
f 3095/1794/3040 3093/1792/3038 3094/1793/3039
f 3094/1793/3039 3096/1795/3041 3095/1794/3040
f 3095/1794/3040 3096/1795/3041 3097/1796/3042
f 3098/1797/3043 3099/1798/3044 3019/1718/2963
f 3099/1798/3044 3020/1719/2964 3019/1718/2963
f 3100/1799/3045 3020/1719/2964 3099/1798/3044
f 3100/1799/3045 3022/1721/2966 3020/1719/2964
f 3022/1721/2966 3100/1799/3045 3101/1800/3046
f 3101/1800/3046 3027/1726/2971 3022/1721/2966
f 3046/1745/2991 3027/1726/2971 3101/1800/3046
f 3101/1800/3046 3102/1801/3047 3046/1745/2991
f 3103/1802/3048 3046/1745/2991 3102/1801/3047
f 3103/1802/3048 3049/1748/2994 3046/1745/2991
f 3104/1803/3049 3049/1748/2994 3103/1802/3048
f 3104/1803/3049 3052/1751/2997 3049/1748/2994
f 3105/1804/3050 3052/1751/2997 3104/1803/3049
f 3052/1751/2997 3105/1804/3050 3053/1752/2998
f 3053/1752/2998 3105/1804/3050 3106/1805/3051
f 3106/1805/3051 3092/1791/3037 3053/1752/2998
f 3106/1805/3051 3107/1806/3052 3092/1791/3037
f 3107/1806/3052 3094/1793/3039 3092/1791/3037
f 3094/1793/3039 3107/1806/3052 3108/1807/3053
f 3108/1807/3053 3096/1795/3041 3094/1793/3039
f 3108/1807/3053 3097/1796/3042 3096/1795/3041
f 3109/1808/3054 3110/1809/3055 3111/1810/2982
f 3109/1808/3054 3112/1811/3056 3110/1809/3055
f 3113/1812/3057 3114/1813/3058 3115/1814/2982
f 3113/1812/3057 3116/1815/3059 3114/1813/3058
f 3117/1816/3060 3118/1817/3061 3119/1818/3062
f 3118/1817/3061 3117/1816/3060 3120/1819/3063
f 3121/1820/3064 3122/1821/3061 3123/1822/3065
f 3121/1820/3064 3124/1823/3066 3122/1821/3061
f 2862/1561/2812 2861/1560/2811 3125/1562/3067
f 3125/1562/3067 3126/1563/3068 2862/1561/2812
f 3125/1562/3067 3127/1564/3069 3126/1563/3068
f 2866/1565/2816 2862/1561/2812 3126/1563/3068
f 3126/1563/3068 3128/1566/3070 2866/1565/2816
f 3128/1566/3070 2868/1567/2818 2866/1565/2816
f 2868/1567/2818 3128/1566/3070 3129/1568/3071
f 2870/1569/2820 2868/1567/2818 3129/1568/3071
f 3130/1570/3072 2870/1569/2820 3129/1568/3071
f 2872/1571/2822 2870/1569/2820 3130/1570/3072
f 3130/1570/3072 3131/1572/3073 2872/1571/2822
f 2872/1571/2822 3131/1572/3073 2874/1573/2824
f 3132/1574/3074 2874/1573/2824 3131/1572/3073
f 3133/1576/3075 3134/1575/3076 3135/1577/3077
f 3136/1578/3078 3135/1577/3077 3134/1575/3076
f 3135/1577/3077 3136/1578/3078 3137/1579/3079
f 3138/1580/3080 3137/1579/3079 3136/1578/3078
f 3136/1578/3078 3134/1575/3076 3139/1581/3081
f 3134/1575/3076 3140/1582/3082 3139/1581/3081
f 3136/1578/3078 3139/1581/3081 3141/1583/3083
f 3142/1584/3084 3138/1580/3080 3136/1578/3078
f 3127/1564/3069 3138/1580/3080 3142/1584/3084
f 3126/1563/3068 3127/1564/3069 3142/1584/3084
f 3128/1566/3070 3126/1563/3068 3142/1584/3084
f 3136/1578/3078 3141/1583/3083 3143/1585/3085
f 3136/1578/3078 3143/1585/3085 3142/1584/3084
f 3128/1566/3070 3142/1584/3084 3143/1585/3085
f 3141/1583/3083 3144/1586/3086 3143/1585/3085
f 3128/1566/3070 3143/1585/3085 3145/1587/3087
f 3145/1587/3087 3146/1588/3088 3128/1566/3070
f 3146/1588/3088 3129/1568/3071 3128/1566/3070
f 3129/1568/3071 3146/1588/3088 3147/1589/3089
f 3130/1570/3072 3129/1568/3071 3147/1589/3089
f 3130/1570/3072 3147/1589/3089 3131/1572/3073
f 3148/1590/3090 3131/1572/3073 3147/1589/3089
f 3132/1574/3074 3131/1572/3073 3148/1590/3090
f 3148/1590/3090 3149/1591/3091 3132/1574/3074
f 3143/1585/3085 3150/1592/3092 3145/1587/3087
f 3150/1592/3092 3143/1585/3085 3144/1586/3086
f 3146/1588/3088 3145/1587/3087 3151/1593/3093
f 3152/1594/3094 3150/1592/3092 3144/1586/3086
f 3153/1595/3095 3150/1592/3092 3152/1594/3094
f 3151/1593/3096 3153/1595/3095 3154/1596/3097
f 3153/1595/3095 3152/1594/3094 3154/1596/3097
f 3151/1593/3093 3155/1597/3098 3146/1588/3088
f 3156/1598/3099 3151/1593/3096 3154/1596/3097
f 3156/1598/3099 3154/1596/3097 3157/1599/3100
f 3158/1600/3101 3156/1598/3099 3157/1599/3100
f 3155/1597/3098 3159/1601/3102 3146/1588/3088
f 3155/1597/3098 3158/1600/3103 3159/1601/3102
f 3146/1588/3088 3159/1601/3102 3147/1589/3089
f 3160/1602/3104 3147/1589/3089 3159/1601/3102
f 3161/1603/3105 3158/1600/3101 3157/1599/3100
f 3157/1599/3100 3162/1604/3106 3161/1603/3105
f 3163/1605/3107 3161/1603/3105 3162/1604/3106
f 3164/1606/3108 3147/1589/3089 3160/1602/3104
f 3164/1606/3108 3160/1602/3104 3165/1607/3109
f 3163/1605/3107 3162/1604/3106 3166/1608/3110
f 3167/1609/3111 3163/1605/3107 3166/1608/3110
f 3147/1589/3089 3167/1609/3111 3148/1590/3090
f 3167/1609/3111 3166/1608/3110 3168/1610/3112
f 3167/1609/3111 3168/1610/3112 3148/1590/3090
f 3148/1590/3090 3168/1610/3112 3169/1611/3113
f 3168/1610/3112 3170/1612/3114 3169/1611/3113
f 3148/1590/3090 3169/1611/3113 3171/1613/3115
f 3149/1591/3091 3148/1590/3090 3171/1613/3115
f 3170/1612/3114 3172/1614/3116 3169/1611/3113
f 3173/1615/3117 3149/1591/3091 3171/1613/3115
f 3173/1615/3117 3171/1613/3115 3174/1616/3118
f 3173/1615/3117 3175/1617/3119 3149/1591/3091
f 3175/1617/3119 3173/1615/3117 3176/1618/3120
f 3175/1617/3119 3176/1618/3120 3177/1619/3121
f 3166/1608/3110 3178/1620/3122 3170/1612/3114
f 3178/1620/3122 3172/1614/3116 3170/1612/3114
f 3177/1619/3121 3176/1618/3120 2922/1621/2874
f 2923/1622/2875 3177/1619/3121 2922/1621/2874
f 3176/1618/3120 2924/1623/2876 2922/1621/2874
f 3179/1624/3123 3176/1618/3120 3174/1616/3124
f 3176/1618/3120 3179/1624/3123 2924/1623/2876
f 3180/1625/3125 3179/1624/3123 3174/1616/3124
f 3181/1626/3126 3180/1625/3125 3172/1614/3116
f 3180/1625/3125 3181/1626/3126 3179/1624/3123
f 3178/1620/3122 3181/1626/3126 3172/1614/3116
f 2924/1623/2876 3179/1624/3123 3182/1627/3127
f 2929/1628/2882 2924/1623/2876 3182/1627/3127
f 3178/1620/3122 2929/1628/2882 3182/1627/3127
f 3166/1608/3110 3183/1629/3128 3178/1620/3122
f 2929/1628/2882 3178/1620/3122 3183/1629/3128
f 2929/1628/2882 3183/1629/3128 2931/1630/2884
f 3183/1629/3128 2932/1631/2885 2931/1630/2884
f 3166/1608/3110 3162/1604/3106 3183/1629/3128
f 2932/1631/2885 3183/1629/3128 3162/1604/3106
f 2932/1631/2885 3162/1604/3106 2933/1632/2886
f 2934/1633/2887 2933/1632/2886 3162/1604/3106
f 3157/1599/3100 2934/1633/2887 3162/1604/3106
f 2934/1633/2887 3157/1599/3100 2935/1634/2888
f 3157/1599/3100 2936/1635/2889 2935/1634/2888
f 3154/1596/3097 2936/1635/2889 3157/1599/3100
f 2936/1635/2889 3154/1596/3097 3184/1636/3129
f 3184/1636/3129 2938/1637/2891 2936/1635/2889
f 2938/1637/2891 3184/1636/3129 2939/1638/2892
f 3184/1636/3129 2940/1639/2893 2939/1638/2892
f 2941/1640/2894 2940/1639/2893 3184/1636/3129
f 3184/1636/3129 2942/1641/2895 2941/1640/2894
f 2942/1641/2895 3184/1636/3129 3154/1596/3097
f 3154/1596/3097 3185/1642/3130 2942/1641/2895
f 2942/1641/2895 3185/1642/3130 2944/1643/2897
f 3154/1596/3097 3152/1594/3094 3185/1642/3130
f 2945/1644/2898 2944/1643/2897 3185/1642/3130
f 2945/1644/2898 3185/1642/3130 3152/1594/3094
f 2945/1644/2898 3152/1594/3094 3144/1586/3086
f 2945/1644/2898 3144/1586/3086 3186/1645/3131
f 3144/1586/3086 3187/1646/3132 3186/1645/3131
f 3188/1647/3133 3186/1645/3131 3187/1646/3132
f 3187/1646/3132 3140/1582/3134 3188/1647/3133
f 2945/1644/2898 3186/1645/3131 3189/1648/3135
f 3189/1648/3135 3186/1645/3131 3188/1647/3133
f 2945/1644/2898 3189/1648/3135 2950/1649/2904
f 2950/1649/2904 3189/1648/3135 2951/1650/2905
f 3189/1648/3135 3188/1647/3133 2951/1650/2905
f 2952/1651/2906 2951/1650/2905 3188/1647/3133
f 3188/1647/3133 2953/1652/2907 2952/1651/2906
f 3188/1647/3133 3140/1582/3134 3190/1653/3136
f 3188/1647/3133 3190/1653/3136 2953/1652/2907
f 3191/1654/3137 3190/1653/3136 3140/1582/3134
f 3192/1655/3138 3190/1653/3136 3191/1654/3137
f 3190/1653/3136 3192/1655/3138 2953/1652/2907
f 3192/1655/3138 2957/1656/2911 2953/1652/2907
f 3193/1657/3139 2957/1656/2911 3192/1655/3138
f 3194/1659/3140 3195/1658/3141 3196/1660/3142
f 3195/1658/3141 3194/1659/3140 3197/1661/3143
f 3198/1663/3144 3199/1662/3083 3200/1664/3145
f 3201/1665/3146 3199/1662/3083 3198/1663/3144
f 3202/1667/3147 3203/1666/3148 3204/1668/3149
f 3202/1667/3147 3205/1669/3150 3203/1666/3148
f 3202/1667/3147 3206/1670/3151 3205/1669/3150
f 3207/1672/3152 3208/1671/3153 3209/1673/3154
f 3210/1674/3155 3207/1672/3152 3209/1673/3154
f 3211/1676/3143 3212/1675/3156 3213/1677/3157
f 3213/1677/3157 3212/1675/3156 3214/1678/3158
f 3215/1680/3159 3216/1679/3160 3217/1681/3161
f 3218/1682/3162 3216/1679/3160 3215/1680/3159
f 3219/1684/3163 3220/1683/3164 3221/1685/3165
f 3222/1686/3166 3221/1685/3165 3220/1683/3164
f 3223/1688/3167 3224/1687/3168 3225/1689/3110
f 3223/1688/3167 3226/1690/3169 3224/1687/3168
f 3227/1692/3170 3228/1691/3171 3229/1693/3172
f 3230/1694/3173 3227/1692/3170 3229/1693/3172
f 3231/1696/3174 3232/1695/3175 3233/1697/3176
f 3234/1698/3177 3232/1695/3175 3231/1696/3174
f 3235/1700/3178 3236/1699/3179 3237/1701/3180
f 3237/1701/3180 3238/1702/3181 3235/1700/3178
f 3239/1704/3182 3240/1703/3183 3241/1705/3126
f 3239/1704/3182 3241/1705/3126 3242/1706/3184
f 3243/1708/3185 3244/1707/3186 3245/1709/3179
f 3246/1710/3187 3244/1707/3186 3243/1708/3185
f 3247/1711/3188 3246/1710/3187 3243/1708/3185
f 3248/1713/3189 3249/1712/3190 3250/1714/3191
f 3251/1715/3192 3250/1714/3191 3249/1712/3190
f 3251/1715/3192 3252/1716/3193 3250/1714/3191
f 3253/1718/3194 3254/1717/3091 3255/1719/3195
f 3256/1720/3196 3255/1719/3195 3254/1717/3091
f 3257/1721/3197 3255/1719/3195 3256/1720/3196
f 3258/1722/3198 3256/1720/3196 3254/1717/3091
f 3254/1717/3091 3259/1723/3199 3258/1722/3198
f 3256/1720/3196 3258/1722/3198 3260/1724/3200
f 3256/1720/3196 3261/1725/3201 3257/1721/3197
f 3262/1726/3202 3257/1721/3197 3261/1725/3201
f 3256/1720/3196 3263/1727/3203 3261/1725/3201
f 3256/1720/3196 3264/1728/3204 3263/1727/3203
f 3260/1724/3200 3264/1728/3204 3256/1720/3196
f 3263/1727/3203 3265/1729/3205 3261/1725/3201
f 3264/1728/3204 3260/1724/3200 3266/1730/3206
f 3267/1731/3207 3264/1728/3204 3266/1730/3206
f 3266/1730/3206 3260/1724/3200 3033/1732/2977
f 3268/1733/3208 3033/1732/2977 3260/1724/3200
f 3035/1734/2979 3266/1730/3206 3033/1732/2977
f 3036/1735/2980 3033/1732/2977 3268/1733/3208
f 3268/1733/3208 3269/1736/3209 3036/1735/2980
f 3269/1736/3209 3268/1733/3208 3259/1723/3210
f 3038/1737/2983 3266/1730/3206 3035/1734/2979
f 3266/1730/3206 3038/1737/2983 3267/1731/3207
f 3267/1731/3207 3038/1737/2983 3270/1738/3211
f 3265/1729/3205 3267/1731/3207 3270/1738/3211
f 3270/1738/3211 3038/1737/2983 3040/1739/2985
f 3040/1739/2985 3041/1740/2986 3270/1738/3211
f 3270/1738/3211 3041/1740/2986 3042/1741/2987
f 3270/1738/3211 3271/1742/3212 3265/1729/3205
f 3271/1742/3212 3270/1738/3211 3042/1741/2987
f 3261/1725/3201 3265/1729/3205 3271/1742/3212
f 3272/1743/3213 3261/1725/3201 3271/1742/3212
f 3262/1726/3202 3261/1725/3201 3272/1743/3213
f 3262/1726/3202 3272/1743/3213 3273/1744/3214
f 3273/1744/3214 3274/1745/3215 3262/1726/3202
f 3272/1743/3213 3275/1746/3216 3273/1744/3214
f 3275/1746/3216 3272/1743/3213 3276/1747/3217
f 3277/1748/3218 3274/1745/3215 3273/1744/3214
f 3273/1744/3214 3278/1749/3219 3277/1748/3218
f 3277/1748/3218 3278/1749/3219 3279/1750/3220
f 3279/1750/3220 3280/1751/3221 3277/1748/3218
f 3281/1752/3222 3280/1751/3221 3279/1750/3220
f 3271/1742/3212 3282/1753/3223 3272/1743/3213
f 3282/1753/3223 3276/1747/3217 3272/1743/3213
f 3282/1753/3223 3283/1754/3224 3276/1747/3217
f 3042/1741/2987 3282/1753/3223 3271/1742/3212
f 3283/1754/3224 3282/1753/3223 3042/1741/2987
f 3283/1754/3224 3042/1741/2987 3056/1755/3001
f 3283/1754/3224 3056/1755/3001 3057/1756/3002
f 3057/1756/3002 3058/1757/3003 3283/1754/3224
f 3058/1757/3003 3059/1758/3004 3283/1754/3224
f 3276/1747/3217 3283/1754/3224 3284/1759/3225
f 3283/1754/3224 3059/1758/3004 3284/1759/3225
f 3061/1760/3006 3284/1759/3225 3059/1758/3004
f 3276/1747/3217 3284/1759/3225 3275/1746/3216
f 3284/1759/3225 3061/1760/3006 3062/1761/3007
f 3284/1759/3225 3062/1761/3007 3275/1746/3216
f 3285/1762/3226 3275/1746/3216 3062/1761/3007
f 3285/1762/3226 3062/1761/3007 3064/1763/3009
f 3285/1762/3226 3064/1763/3009 3065/1764/3010
f 3275/1746/3216 3285/1762/3226 3065/1764/3010
f 3286/1765/3227 3275/1746/3216 3065/1764/3010
f 3067/1766/3012 3286/1765/3227 3065/1764/3010
f 3068/1767/3013 3286/1765/3227 3067/1766/3012
f 3287/1768/3228 3275/1746/3216 3286/1765/3227
f 3287/1768/3228 3286/1765/3227 3068/1767/3013
f 3275/1746/3216 3287/1768/3228 3273/1744/3214
f 3288/1769/3229 3287/1768/3228 3068/1767/3013
f 3288/1769/3229 3273/1744/3214 3287/1768/3228
f 3288/1769/3229 3068/1767/3013 3071/1770/3016
f 3278/1749/3219 3273/1744/3214 3288/1769/3229
f 3072/1771/3017 3288/1769/3229 3071/1770/3016
f 3278/1749/3219 3288/1769/3229 3072/1771/3017
f 3278/1749/3219 3072/1771/3017 3289/1772/3230
f 3289/1772/3230 3072/1771/3017 3074/1773/3019
f 3075/1774/3020 3289/1772/3230 3074/1773/3019
f 3075/1774/3020 3290/1775/3231 3289/1772/3230
f 3289/1772/3230 3290/1775/3231 3278/1749/3219
f 3075/1774/3020 3077/1776/3022 3290/1775/3231
f 3078/1777/3023 3290/1775/3231 3077/1776/3022
f 3278/1749/3219 3290/1775/3231 3291/1778/3232
f 3078/1777/3023 3291/1778/3232 3290/1775/3231
f 3291/1778/3232 3078/1777/3023 3080/1779/3025
f 3279/1750/3220 3278/1749/3219 3291/1778/3232
f 3292/1780/3233 3291/1778/3232 3080/1779/3025
f 3292/1780/3233 3279/1750/3220 3291/1778/3232
f 3082/1781/3027 3292/1780/3233 3080/1779/3025
f 3082/1781/3027 3083/1782/3028 3292/1780/3233
f 3083/1782/3028 3293/1783/3234 3292/1780/3233
f 3292/1780/3233 3293/1783/3234 3279/1750/3220
f 3083/1782/3028 3085/1784/3030 3293/1783/3234
f 3293/1783/3234 3294/1785/3235 3279/1750/3220
f 3279/1750/3220 3294/1785/3235 3281/1752/3222
f 3085/1784/3030 3295/1786/3236 3293/1783/3234
f 3295/1786/3236 3294/1785/3235 3293/1783/3234
f 3295/1786/3236 3085/1784/3030 3296/1787/3237
f 3295/1786/3236 3296/1787/3237 3294/1785/3235
f 3089/1788/3034 3296/1787/3237 3085/1784/3030
f 3090/1789/3035 3296/1787/3237 3089/1788/3034
f 3297/1790/3238 3281/1752/3222 3294/1785/3235
f 3297/1790/3238 3294/1785/3235 3296/1787/3237
f 3090/1789/3035 3297/1790/3238 3296/1787/3237
f 3281/1752/3222 3297/1790/3238 3298/1791/3239
f 3297/1790/3238 3090/1789/3035 3093/1792/3038
f 3299/1793/3240 3298/1791/3239 3297/1790/3238
f 3297/1790/3238 3093/1792/3038 3299/1793/3240
f 3299/1793/3240 3093/1792/3038 3095/1794/3040
f 3095/1794/3040 3300/1795/3241 3299/1793/3240
f 3300/1795/3241 3095/1794/3040 3097/1796/3042
f 3099/1798/3044 3098/1797/3043 3253/1718/3194
f 3253/1718/3194 3255/1719/3195 3099/1798/3044
f 3100/1799/3045 3099/1798/3044 3255/1719/3195
f 3255/1719/3195 3257/1721/3197 3100/1799/3045
f 3101/1800/3046 3100/1799/3045 3257/1721/3197
f 3257/1721/3197 3262/1726/3202 3101/1800/3046
f 3101/1800/3046 3262/1726/3202 3274/1745/3215
f 3274/1745/3215 3102/1801/3047 3101/1800/3046
f 3103/1802/3048 3102/1801/3047 3274/1745/3215
f 3274/1745/3215 3277/1748/3218 3103/1802/3048
f 3104/1803/3049 3103/1802/3048 3277/1748/3218
f 3277/1748/3218 3280/1751/3221 3104/1803/3049
f 3105/1804/3050 3104/1803/3049 3280/1751/3221
f 3281/1752/3222 3105/1804/3050 3280/1751/3221
f 3106/1805/3051 3105/1804/3050 3281/1752/3222
f 3298/1791/3239 3106/1805/3051 3281/1752/3222
f 3107/1806/3052 3106/1805/3051 3298/1791/3239
f 3299/1793/3240 3107/1806/3052 3298/1791/3239
f 3108/1807/3053 3107/1806/3052 3299/1793/3240
f 3300/1795/3241 3108/1807/3053 3299/1793/3240
f 3097/1796/3042 3108/1807/3053 3300/1795/3241
f 3301/1809/3242 3302/1808/3243 3303/1810/3210
f 3304/1811/3200 3302/1808/3243 3301/1809/3242
f 3305/1813/3244 3306/1812/3245 3307/1814/3246
f 3308/1815/3200 3306/1812/3245 3305/1813/3244
f 3309/1817/3247 3310/1816/3248 3311/1818/3249
f 3310/1816/3248 3309/1817/3247 3312/1819/3250
f 3313/1821/3251 3314/1820/3252 3315/1822/3205
f 3316/1823/3253 3314/1820/3252 3313/1821/3251
f 3317/1824/3254 3318/1825/3255 3319/1826/3256
f 3319/1826/3256 3318/1825/3255 3320/1827/3257
f 3321/1828/3258 3319/1826/3256 3320/1827/3257
f 3320/1827/3257 3322/1829/3259 3321/1828/3258
f 3322/1829/3259 3320/1827/3257 3323/1830/3260
f 3324/1831/3261 3322/1829/3259 3323/1830/3260
f 3323/1830/3260 3325/1832/3262 3324/1831/3261
f 3323/1830/3260 3326/1833/3263 3325/1832/3262
f 3318/1825/3255 3327/1834/3264 3320/1827/3257
f 3326/1833/3263 3323/1830/3260 3328/1835/3265
f 3327/1834/3264 3329/1836/3266 3320/1827/3257
f 3323/1830/3260 3320/1827/3257 3329/1836/3266
f 3330/1837/3267 3328/1835/3265 3323/1830/3260
f 3329/1836/3266 3330/1837/3267 3323/1830/3260
f 3330/1837/3267 3331/1838/3268 3328/1835/3265
f 3332/1839/3269 3331/1838/3268 3330/1837/3267
f 3329/1836/3266 3332/1839/3269 3330/1837/3267
f 3327/1834/3264 3333/1840/3270 3329/1836/3266
f 3332/1839/3269 3329/1836/3266 3333/1840/3270
f 3334/1841/3271 3333/1840/3270 3327/1834/3264
f 3333/1840/3270 3335/1842/3272 3332/1839/3269
f 3336/1843/3273 3333/1840/3270 3334/1841/3271
f 3336/1843/3273 3335/1842/3272 3333/1840/3270
f 3337/1844/3274 3338/1845/3275 3339/1846/3276
f 3339/1846/3276 3340/1847/3277 3337/1844/3274
f 3340/1847/3277 3339/1846/3276 3341/1848/3278
f 3341/1848/3278 3342/1849/3279 3340/1847/3277
f 3343/1850/3280 3337/1844/3274 3340/1847/3277
f 3344/1851/3281 3340/1847/3277 3342/1849/3279
f 3340/1847/3277 3344/1851/3281 3343/1850/3280
f 3342/1849/3279 3345/1852/3282 3344/1851/3281
f 3346/1853/3283 3344/1851/3281 3345/1852/3282
f 3347/1854/3284 3346/1853/3283 3345/1852/3282
f 3348/1855/3285 3344/1851/3281 3346/1853/3283
f 3344/1851/3281 3349/1856/3286 3343/1850/3280
f 3344/1851/3281 3348/1855/3285 3349/1856/3286
f 3349/1856/3286 3350/1857/3287 3343/1850/3280
f 3348/1855/3285 3351/1858/3273 3349/1856/3286
f 3351/1858/3273 3350/1857/3287 3349/1856/3286
f 3352/1859/3288 3353/1860/3289 3354/1861/3290
f 3354/1861/3290 3353/1860/3289 3355/1862/3291
f 3356/1863/3292 3355/1862/3291 3353/1860/3289
f 3357/1864/3293 3355/1862/3291 3356/1863/3292
f 3358/1865/3294 3357/1864/3293 3356/1863/3292
f 3359/1866/3295 3357/1864/3293 3358/1865/3294
f 3356/1863/3292 3360/1867/3296 3358/1865/3294
f 3360/1867/3296 3356/1863/3292 3361/1868/3297
f 3356/1863/3292 3362/1869/3298 3361/1868/3297
f 3360/1867/3296 3363/1870/3299 3358/1865/3294
f 3364/1871/3300 3363/1870/3299 3360/1867/3296
f 3363/1870/3299 3364/1871/3300 3365/1872/3301
f 3365/1872/3301 3364/1871/3300 3366/1873/3302
f 3364/1871/3300 3367/1874/3303 3366/1873/3302
f 3363/1870/3299 3365/1872/3301 3368/1875/3304
f 3369/1876/3305 3363/1870/3299 3368/1875/3304
f 3363/1870/3299 3369/1876/3305 3358/1865/3294
f 3358/1865/3294 3369/1876/3305 3370/1877/3306
f 3371/1878/3307 3358/1865/3294 3370/1877/3306
f 3358/1865/3294 3371/1878/3307 3359/1866/3295
f 3372/1879/3308 3371/1878/3307 3370/1877/3306
f 3373/1880/3309 3371/1878/3307 3372/1879/3308
f 3374/1881/3310 3371/1878/3307 3373/1880/3309
f 3374/1881/3310 3373/1880/3309 3375/1882/3311
f 3374/1881/3310 3376/1883/3312 3371/1878/3307
f 3376/1883/3312 3359/1866/3295 3371/1878/3307
f 3359/1866/3295 3376/1883/3312 3377/1884/3313
f 3377/1884/3313 3376/1883/3312 3378/1885/3314
f 3379/1886/3315 3380/1887/3316 3381/1888/3317
f 3381/1888/3317 3380/1887/3316 3382/1889/3318
f 3381/1888/3317 3382/1889/3318 3383/1890/3319
f 3384/1891/3320 3383/1890/3319 3382/1889/3318
f 24/15/24 3384/1891/3320 3382/1889/3318
f 3385/1892/3321 3383/1890/3319 3384/1891/3320
f 3383/1890/3319 3385/1892/3321 3386/1893/3322
f 3387/1894/3323 3384/1891/3320 24/15/24
f 3385/1892/3321 3384/1891/3320 3387/1894/3323
f 23/14/23 3387/1894/3323 24/15/24
f 3385/1892/3321 3388/1895/3324 3386/1893/3322
f 3389/1896/3325 3386/1893/3322 3388/1895/3324
f 3388/1895/3324 3390/1897/3326 3389/1896/3325
f 3391/1898/3327 3389/1896/3325 3390/1897/3326
f 3392/1899/3328 3391/1898/3327 3390/1897/3326
f 3393/1900/3329 3392/1899/3328 3390/1897/3326
f 3390/1897/3326 3388/1895/3324 3393/1900/3329
f 3388/1895/3324 3394/1901/3330 3393/1900/3329
f 3394/1901/3330 3388/1895/3324 3385/1892/3321
f 3395/1902/3331 3393/1900/3329 3394/1901/3330
f 3396/1903/3332 3395/1902/3331 3394/1901/3330
f 3396/1903/3332 3394/1901/3330 3397/1904/3333
f 3394/1901/3330 3385/1892/3321 3397/1904/3333
f 3397/1904/3333 3385/1892/3321 3387/1894/3323
f 3398/1905/3334 3397/1904/3333 3387/1894/3323
f 3399/1906/3335 3398/1905/3334 3387/1894/3323
f 3399/1906/3335 3387/1894/3323 3400/1907/3336
f 3401/1908/3337 3402/1909/3338 3403/1910/3339
f 3401/1908/3337 3403/1910/3339 3404/1911/3340
f 3403/1910/3339 3405/1912/3341 3404/1911/3340
f 3405/1912/3341 3406/1913/3342 3404/1911/3340
f 3406/1913/3342 3407/1914/3343 3404/1911/3340
f 3407/1914/3343 3406/1913/3342 3408/1915/3344
f 3408/1915/3344 3409/1916/3345 3407/1914/3343
f 3410/1917/3346 3409/1916/3345 3408/1915/3344
f 3410/1917/3346 3408/1915/3344 3411/1918/3347
f 3412/1919/3348 3410/1917/3346 3411/1918/3347
f 3411/1918/3347 3408/1915/3344 3413/1920/3349
f 3408/1915/3344 3414/1921/3350 3413/1920/3349
f 3406/1913/3342 3414/1921/3350 3408/1915/3344
f 3415/1922/3351 3414/1921/3350 3406/1913/3342
f 3415/1922/3351 3406/1913/3342 3416/1923/3352
f 3416/1923/3352 3406/1913/3342 3405/1912/3341
f 3417/1924/24 3415/1922/3351 3416/1923/3352
f 3417/1924/24 3416/1923/3352 3418/1925/3353
f 3418/1925/3353 3419/1926/3354 3417/1924/24
f 3420/1927/3355 3419/1926/3354 3418/1925/3353
f 3418/1925/3353 3421/1928/3356 3420/1927/3355
f 3418/1925/3353 3416/1923/3352 3421/1928/3356
f 3421/1928/3356 3416/1923/3352 3422/1929/3357
f 3416/1923/3352 3405/1912/3341 3422/1929/3357
f 3405/1912/3341 3423/1930/3358 3422/1929/3357
f 3424/1931/3359 3423/1930/3358 3405/1912/3341
f 3425/1932/3360 3423/1930/3358 3424/1931/3359
f 3425/1932/3360 3424/1931/3359 3426/1933/3361
f 3427/1934/3362 3426/1933/3361 3424/1931/3359
f 3427/1934/3362 3424/1931/3359 3405/1912/3341
f 3403/1910/3339 3427/1934/3362 3405/1912/3341
f 3428/1935/3363 3427/1934/3362 3403/1910/3339
f 3428/1935/3363 3403/1910/3339 3429/1936/3364
f 3430/1937/3365 3431/1938/3366 3432/1939/3367
f 3433/1940/3368 3431/1938/3366 3430/1937/3365
f 3434/1941/3369 3431/1938/3366 3433/1940/3368
f 3435/1942/3370 3431/1938/3366 3434/1941/3369
f 3435/1942/3370 3434/1941/3369 3436/1943/3334
f 3434/1941/3369 3433/1940/3368 3437/1944/3371
f 3438/1945/3372 3436/1943/3334 3434/1941/3369
f 3437/1944/3371 21/12/21 3434/1941/3369
f 3438/1945/3372 3434/1941/3369 21/12/21
f 21/12/21 3439/1946/3373 3438/1945/3372
f 20/11/20 3439/1946/3373 21/12/21
f 21/12/21 3437/1944/3371 3440/1947/3374
f 3440/1947/3374 3441/1948/3375 21/12/21
f 19/10/19 21/12/21 3441/1948/3375
f 3440/1947/3374 3442/1949/3376 3441/1948/3375
f 3441/1948/3375 3443/1950/3377 19/10/19
f 3442/1949/3376 3443/1950/3377 3441/1948/3375
f 3444/1951/3378 3445/1952/3379 3446/1953/3380
f 3446/1953/3380 3445/1952/3379 3447/1954/3381
f 3447/1954/3381 3448/1955/3382 3446/1953/3380
f 3449/1956/3383 3448/1955/3382 3447/1954/3381
f 3447/1954/3381 3450/1957/3384 3449/1956/3383
f 3447/1954/3381 3445/1952/3379 3451/1958/3385
f 3451/1958/3385 3450/1957/3384 3447/1954/3381
f 3451/1958/3385 3445/1952/3379 3452/1959/3386
f 3453/1960/3387 3450/1957/3384 3451/1958/3385
f 3452/1959/3386 3453/1960/3387 3451/1958/3385
f 3454/1961/3388 3455/1962/3389 3456/1963/3390
f 3455/1962/3389 3457/1964/3391 3456/1963/3390
f 3457/1964/3391 3458/1965/3392 3456/1963/3390
f 3459/1966/3393 3457/1964/3391 3455/1962/3389
f 3460/1967/3394 3457/1964/3391 3459/1966/3393
f 3461/1968/3395 3457/1964/3391 3460/1967/3394
f 3458/1965/3392 3457/1964/3391 3462/1969/3396
f 3463/1970/3397 3457/1964/3391 3461/1968/3395
f 3462/1969/3396 3457/1964/3391 3463/1970/3397
f 3464/1971/3398 3462/1969/3396 3463/1970/3397
f 3463/1970/3397 3465/1972/3399 3464/1971/3398
f 3466/1973/3400 3464/1971/3398 3465/1972/3399
f 3467/1974/3401 3468/1975/3402 3469/1976/3403
f 3468/1975/3402 3470/1977/3404 3469/1976/3403
f 3469/1976/3403 3470/1977/3404 3471/1978/3405
f 3470/1977/3404 3468/1975/3402 3472/1979/3406
f 3473/1980/3407 3470/1977/3404 3472/1979/3406
f 3472/1979/3406 3468/1975/3402 3474/1981/3408
f 3472/1979/3406 3474/1981/3408 3475/1982/3409
f 3476/1983/3410 3477/1984/3411 3478/1985/3412
f 3476/1983/3410 3478/1985/3412 3479/1986/3413
f 3478/1985/3412 3480/1987/3414 3479/1986/3413
f 3481/1988/3415 3480/1987/3414 3478/1985/3412
f 3479/1986/3413 3480/1987/3414 3482/1989/3416
f 3479/1986/3413 3482/1989/3416 3483/1990/3417
f 3476/1983/3410 3479/1986/3413 3484/1991/3418
f 3483/1990/3417 3484/1991/3418 3479/1986/3413
f 3485/1992/3419 3476/1983/3410 3484/1991/3418
f 3485/1992/3419 3484/1991/3418 3483/1990/3417
f 3486/1993/3420 3487/1994/3421 3488/1995/3422
f 3488/1995/3422 3487/1994/3421 3489/1996/3423
f 3487/1994/3421 3490/1997/3424 3489/1996/3423
f 3489/1996/3423 3491/1998/3425 3488/1995/3422
f 3489/1996/3423 3490/1997/3424 3492/1999/3426
f 3493/2000/3427 3491/1998/3425 3489/1996/3423
f 3493/2000/3427 3494/2001/3417 3491/1998/3425
f 3495/2002/3428 3494/2001/3417 3493/2000/3427
f 3495/2002/3428 3493/2000/3427 3496/2003/3429
f 3493/2000/3427 3489/1996/3423 3496/2003/3429
f 3492/1999/3426 3496/2003/3429 3489/1996/3423
f 3497/2004/3430 3496/2003/3429 3492/1999/3426
f 3498/2005/3431 3499/2006/3432 3500/2007/3433
f 3500/2007/3433 3499/2006/3432 3501/2008/3434
f 3499/2006/3432 3502/2009/3435 3501/2008/3434
f 3503/2010/3436 3501/2008/3434 3502/2009/3435
f 3500/2007/3433 3501/2008/3434 3504/2011/3437
f 3501/2008/3434 3503/2010/3436 3505/2012/3438
f 3504/2011/3437 3501/2008/3434 3506/2013/3439
f 3504/2011/3437 3506/2013/3439 3507/2014/3440
f 3507/2014/3440 3506/2013/3439 3508/2015/3441
f 3506/2013/3439 3509/2016/3442 3508/2015/3441
f 3501/2008/3434 3505/2012/3438 3510/2017/3443
f 3510/2017/3443 3506/2013/3439 3501/2008/3434
f 3510/2017/3443 3509/2016/3442 3506/2013/3439
f 3511/2018/3444 3510/2017/3443 3505/2012/3438
f 3510/2017/3443 3512/2019/3445 3509/2016/3442
f 3512/2019/3445 3510/2017/3443 3511/2018/3444
f 3511/2018/3444 3513/2020/3446 3512/2019/3445
f 3514/2021/3447 3513/2020/3446 3511/2018/3444
f 3512/2019/3445 3515/2022/3448 3509/2016/3442
f 3513/2020/3446 3514/2021/3447 3516/2023/3449
f 3517/2024/3450 3515/2022/3448 3512/2019/3445
f 3517/2024/3450 3518/2025/3451 3515/2022/3448
f 3517/2024/3450 3519/2026/3452 3518/2025/3451
f 3519/2026/3452 3517/2024/3450 3520/2027/3453
f 3520/2027/3453 3517/2024/3450 3512/2019/3445
f 3520/2027/3453 3512/2019/3445 3513/2020/3446
f 3513/2020/3446 3521/2028/3454 3520/2027/3453
f 3522/2029/3455 3521/2028/3454 3513/2020/3446
f 3516/2023/3449 3523/2030/3456 3513/2020/3446
f 3513/2020/3446 3523/2030/3456 3522/2029/3455
f 3524/2031/3457 3523/2030/3456 3516/2023/3449
f 3524/2031/3457 3522/2029/3455 3523/2030/3456
f 3525/2032/3458 3526/2033/3459 3527/2034/3460
f 3526/2033/3459 3528/2035/3461 3527/2034/3460
f 3527/2034/3460 3528/2035/3461 3529/2036/3462
f 3528/2035/3461 3526/2033/3459 3530/2037/3463
f 3528/2035/3461 3530/2037/3463 3531/2038/3464
f 3531/2038/3464 3530/2037/3463 3532/2039/3465
f 3528/2035/3461 3533/2040/3466 3529/2036/3462
f 3533/2040/3466 3528/2035/3461 3531/2038/3464
f 3531/2038/3464 3532/2039/3465 3534/2041/3467
f 3535/2042/3468 3533/2040/3466 3531/2038/3464
f 3536/2043/3442 3531/2038/3464 3534/2041/3467
f 3531/2038/3464 3536/2043/3442 3537/2044/3469
f 3538/2045/3470 3535/2042/3468 3531/2038/3464
f 3531/2038/3464 3537/2044/3469 3538/2045/3470
f 3537/2044/3469 3536/2043/3442 3539/2046/3471
f 3540/2047/3472 3538/2045/3470 3537/2044/3469
f 3537/2044/3469 3539/2046/3471 3541/2048/3473
f 3542/2049/3474 3541/2048/3473 3539/2046/3471
f 3543/2050/3475 3541/2048/3473 3542/2049/3474
f 3544/2051/3476 3541/2048/3473 3543/2050/3475
f 3544/2051/3476 3537/2044/3469 3541/2048/3473
f 3537/2044/3469 3545/2052/3477 3540/2047/3472
f 3545/2052/3477 3537/2044/3469 3544/2051/3476
f 3546/2053/3478 3540/2047/3472 3545/2052/3477
f 3547/2054/3479 3545/2052/3477 3544/2051/3476
f 3545/2052/3477 3548/2055/3480 3546/2053/3478
f 3548/2055/3480 3545/2052/3477 3547/2054/3479
f 3548/2055/3480 3549/2056/3481 3546/2053/3478
f 3547/2054/3479 3550/2057/3482 3548/2055/3480
f 3550/2057/3482 3549/2056/3481 3548/2055/3480
f 3551/2058/3483 3552/2059/3484 3553/2060/3485
f 3553/2060/3485 3552/2059/3484 3554/2061/3486
f 3554/2061/3486 3552/2059/3484 3555/2062/3487
f 3554/2061/3486 3555/2062/3487 3556/2063/3488
f 3554/2061/3486 3557/2064/3489 3553/2060/3485
f 3557/2064/3489 3554/2061/3486 3556/2063/3488
f 3557/2064/3489 3558/2065/3490 3553/2060/3485
f 3557/2064/3489 3556/2063/3488 3559/2066/3491
f 3557/2064/3489 3559/2066/3491 3558/2065/3490
f 3560/2067/3492 3561/2068/3493 3562/2069/3494
f 3561/2068/3493 3560/2067/3492 3563/2070/3495
f 3567/2071/3496 3565/2072/3497 3566/2073/3498
f 3568/2074/3499 3565/2072/3500 3567/2071/3501
f 3569/2075/3502 3568/2074/3499 3567/2071/3501
f 3570/2076/3503 3571/2077/3504 3572/2078/3505
f 3572/2078/3505 3573/2079/3506 3570/2076/3503
f 3570/2076/3503 3573/2079/3506 3574/2080/3507
f 3569/2075/3502 3573/2079/3506 3572/2078/3505
f 3574/2080/3507 3575/2081/3508 3570/2076/3503
f 3576/2082/3509 3575/2081/3508 3574/2080/3507
f 3567/2071/3501 3573/2079/3506 3569/2075/3502
f 3580/2083/3510 3581/2084/3511 3582/2085/3512
f 3582/2085/3512 3583/2086/3513 3580/2083/3510
f 3583/2086/3513 3584/2087/3514 3578/2088/3515
f 3583/2086/3513 3582/2085/3512 3585/2089/3516
f 3586/2090/3517 3584/2087/3514 3583/2086/3513
f 3585/2089/3516 3586/2090/3517 3583/2086/3513
f 3590/2072/3518 3592/2074/3080 3591/2071/3519
f 3592/2074/3080 3593/2075/3520 3591/2071/3519
f 3594/2078/3521 3571/2077/3504 3570/2076/3503
f 3570/2076/3503 3595/2079/3522 3594/2078/3521
f 3596/2080/3523 3595/2079/3522 3570/2076/3503
f 3595/2079/3522 3593/2075/3520 3594/2078/3521
f 3570/2076/3503 3575/2081/3508 3596/2080/3523
f 3596/2080/3523 3575/2081/3508 3576/2082/3509
f 3597/2091/3524 3596/2080/3523 3576/2082/3509
f 3595/2079/3522 3591/2071/3519 3593/2075/3520
f 3599/2092/3525 3600/2083/3526 3601/2084/3527
f 3602/2085/3528 3601/2084/3527 3600/2083/3526
f 3600/2083/3526 3603/2086/3529 3602/2085/3528
f 3584/2087/3514 3603/2086/3529 3598/2088/3530
f 3602/2085/3528 3603/2086/3529 3585/2089/3516
f 3584/2087/3514 3586/2090/3517 3603/2086/3529
f 3603/2086/3529 3586/2090/3517 3585/2089/3516
f 3604/2093/1266 3605/2094/3531 3606/2095/3532
f 3605/2094/3531 3607/2096/3533 3606/2095/3532
f 3608/2097/3534 3607/2096/3533 3605/2094/3531
f 3608/2097/3534 3609/2098/3535 3607/2096/3533
f 3608/2097/3534 3610/2099/3536 3609/2098/3535
f 3611/2100/3537 3609/2098/3535 3610/2099/3536
f 3612/2101/3538 3611/2100/3537 3610/2099/3536
f 3613/2102/3539 3611/2100/3537 3612/2101/3538
f 3614/2103/3540 3613/2102/3539 3612/2101/3538
f 3609/2098/3535 3611/2100/3537 3615/2104/3541
f 3613/2102/3539 3615/2104/3541 3611/2100/3537
f 3607/2096/3533 3609/2098/3535 3616/2105/3542
f 3615/2104/3541 3616/2105/3542 3609/2098/3535
f 3606/2095/3532 3607/2096/3533 3617/2106/3543
f 3616/2105/3542 3617/2106/3543 3607/2096/3533
f 3613/2102/3539 3614/2103/3540 3618/2107/3544
f 3618/2107/3544 3614/2103/3540 3619/2108/3545
f 3620/2109/3546 3615/2104/3541 3613/2102/3539
f 3620/2109/3546 3613/2102/3539 3618/2107/3544
f 3617/2106/3543 3621/2110/3547 3606/2095/3532
f 3621/2110/3547 3622/2111/3548 3606/2095/3532
f 3621/2110/3547 3623/2112/3549 3622/2111/3548
f 3621/2110/3547 3624/2113/3550 3623/2112/3549
f 3625/2114/3551 3623/2112/3549 3624/2113/3550
f 3626/2115/3552 3621/2110/3547 3617/2106/3543
f 3624/2113/3550 3621/2110/3547 3626/2115/3552
f 3625/2114/3551 3624/2113/3550 3627/2116/3553
f 3627/2116/3553 3628/2117/3554 3625/2114/3551
f 3627/2116/3553 3624/2113/3550 3629/2118/3555
f 3624/2113/3550 3626/2115/3552 3629/2118/3555
f 3628/2117/3554 3627/2116/3553 3630/2119/3556
f 3629/2118/3555 3630/2119/3556 3627/2116/3553
f 3630/2119/3556 3631/2120/3557 3628/2117/3554
f 3631/2120/3557 3630/2119/3556 3632/2121/3558
f 3632/2121/3558 3630/2119/3556 3629/2118/3555
f 3632/2121/3558 3633/2122/3559 3631/2120/3557
f 3617/2106/3543 3634/2123/3560 3626/2115/3552
f 3616/2105/3542 3634/2123/3560 3617/2106/3543
f 3635/2124/3561 3629/2118/3555 3626/2115/3552
f 3634/2123/3560 3635/2124/3561 3626/2115/3552
f 3633/2122/3559 3632/2121/3558 3636/2125/3562
f 3636/2125/3562 3637/2126/3563 3633/2122/3559
f 3629/2118/3555 3638/2127/3564 3632/2121/3558
f 3629/2118/3555 3635/2124/3561 3638/2127/3564
f 3637/2126/3563 3636/2125/3562 3639/2128/3565
f 3639/2128/3565 3640/2129/1235 3637/2126/3563
f 3641/2130/3566 3636/2125/3562 3632/2121/3558
f 3632/2121/3558 3638/2127/3564 3641/2130/3566
f 3636/2125/3562 3641/2130/3566 3639/2128/3565
f 3642/2131/3567 3638/2127/3564 3635/2124/3561
f 3638/2127/3564 3642/2131/3567 3641/2130/3566
f 3639/2128/3565 3643/2132/3568 3640/2129/1235
f 3643/2132/3568 3644/2133/1232 3640/2129/1235
f 3645/2134/3569 3644/2133/1232 3643/2132/3568
f 3646/2135/3570 3639/2128/3565 3641/2130/3566
f 3643/2132/3568 3639/2128/3565 3646/2135/3570
f 3643/2132/3568 3647/2136/3571 3645/2134/3569
f 3646/2135/3570 3647/2136/3571 3643/2132/3568
f 3645/2134/3569 3647/2136/3571 3648/2137/3572
f 3649/2138/3573 3648/2137/3572 3647/2136/3571
f 3650/2139/3574 3648/2137/3572 3649/2138/3573
f 3651/2140/3575 3642/2131/3567 3635/2124/3561
f 3651/2140/3575 3635/2124/3561 3634/2123/3560
f 3652/2141/3576 3641/2130/3566 3642/2131/3567
f 3646/2135/3570 3641/2130/3566 3652/2141/3576
f 3653/2142/3577 3647/2136/3571 3646/2135/3570
f 3647/2136/3571 3653/2142/3577 3649/2138/3573
f 3654/2143/3578 3642/2131/3567 3651/2140/3575
f 3654/2143/3578 3652/2141/3576 3642/2131/3567
f 3655/2144/3579 3651/2140/3575 3634/2123/3560
f 3654/2143/3578 3651/2140/3575 3655/2144/3579
f 3652/2141/3576 3656/2145/3580 3646/2135/3570
f 3656/2145/3580 3653/2142/3577 3646/2135/3570
f 3656/2145/3580 3652/2141/3576 3657/2146/3581
f 3657/2146/3581 3652/2141/3576 3654/2143/3578
f 3658/2147/3582 3653/2142/3577 3656/2145/3580
f 3656/2145/3580 3657/2146/3581 3658/2147/3582
f 3649/2138/3573 3653/2142/3577 3659/2148/3583
f 3653/2142/3577 3658/2147/3582 3659/2148/3583
f 3634/2123/3560 3660/2149/3584 3655/2144/3579
f 3660/2149/3584 3634/2123/3560 3616/2105/3542
f 3661/2150/3585 3660/2149/3584 3616/2105/3542
f 3616/2105/3542 3615/2104/3541 3661/2150/3585
f 3655/2144/3579 3660/2149/3584 3662/2151/3586
f 3662/2151/3586 3660/2149/3584 3661/2150/3585
f 3655/2144/3579 3663/2152/3587 3654/2143/3578
f 3663/2152/3587 3655/2144/3579 3662/2151/3586
f 3654/2143/3578 3664/2153/3588 3657/2146/3581
f 3663/2152/3587 3664/2153/3588 3654/2143/3578
f 3657/2146/3581 3665/2154/3589 3658/2147/3582
f 3664/2153/3588 3665/2154/3589 3657/2146/3581
f 3661/2150/3585 3615/2104/3541 3666/2155/3590
f 3666/2155/3590 3615/2104/3541 3620/2109/3546
f 3662/2151/3586 3661/2150/3585 3667/2156/3591
f 3666/2155/3590 3667/2156/3591 3661/2150/3585
f 3662/2151/3586 3668/2157/3592 3663/2152/3587
f 3668/2157/3592 3662/2151/3586 3667/2156/3591
f 3658/2147/3582 3665/2154/3589 3669/2158/3593
f 3659/2148/3583 3658/2147/3582 3669/2158/3593
f 3663/2152/3587 3670/2159/3594 3664/2153/3588
f 3670/2159/3594 3663/2152/3587 3668/2157/3592
f 3664/2153/3588 3671/2160/3595 3665/2154/3589
f 3669/2158/3593 3665/2154/3589 3671/2160/3595
f 3664/2153/3588 3670/2159/3594 3671/2160/3595
f 3666/2155/3590 3620/2109/3546 3672/2161/3596
f 3673/2162/3597 3667/2156/3591 3666/2155/3590
f 3666/2155/3590 3672/2161/3596 3673/2162/3597
f 3667/2156/3591 3674/2163/3598 3668/2157/3592
f 3674/2163/3598 3667/2156/3591 3673/2162/3597
f 3670/2159/3594 3668/2157/3592 3675/2164/3599
f 3675/2164/3599 3668/2157/3592 3674/2163/3598
f 3671/2160/3595 3670/2159/3594 3676/2165/3600
f 3670/2159/3594 3675/2164/3599 3676/2165/3600
f 3677/2166/3601 3672/2161/3596 3620/2109/3546
f 3618/2107/3544 3677/2166/3601 3620/2109/3546
f 3673/2162/3597 3678/2167/3602 3674/2163/3598
f 3674/2163/3598 3679/2168/3603 3675/2164/3599
f 3674/2163/3598 3678/2167/3602 3679/2168/3603
f 3680/2169/3604 3673/2162/3597 3672/2161/3596
f 3678/2167/3602 3673/2162/3597 3680/2169/3604
f 3681/2170/3605 3672/2161/3596 3677/2166/3601
f 3681/2170/3605 3680/2169/3604 3672/2161/3596
f 3682/2171/3606 3677/2166/3601 3618/2107/3544
f 3677/2166/3601 3682/2171/3606 3681/2170/3605
f 3683/2172/3607 3676/2165/3600 3675/2164/3599
f 3675/2164/3599 3679/2168/3603 3683/2172/3607
f 3618/2107/3544 3684/2173/3608 3682/2171/3606
f 3619/2108/3545 3684/2173/3608 3618/2107/3544
f 3684/2173/3608 3619/2108/3545 3685/2174/3609
f 3685/2174/3609 3686/2175/3610 3684/2173/3608
f 3684/2173/3608 3686/2175/3610 3687/2176/3611
f 3687/2176/3611 3682/2171/3606 3684/2173/3608
f 3682/2171/3606 3687/2176/3611 3688/2177/3612
f 3688/2177/3612 3681/2170/3605 3682/2171/3606
f 3688/2177/3612 3689/2178/3613 3681/2170/3605
f 3681/2170/3605 3689/2178/3613 3680/2169/3604
f 3690/2179/3614 3680/2169/3604 3689/2178/3613
f 3689/2178/3613 3691/2180/3615 3690/2179/3614
f 3680/2169/3604 3690/2179/3614 3678/2167/3602
f 3690/2179/3614 3691/2180/3615 3692/2181/3616
f 3678/2167/3602 3690/2179/3614 3693/2182/3617
f 3693/2182/3617 3690/2179/3614 3692/2181/3616
f 3679/2168/3603 3678/2167/3602 3693/2182/3617
f 3692/2181/3616 3694/2183/3618 3693/2182/3617
f 3679/2168/3603 3693/2182/3617 3694/2183/3618
f 3695/2184/3619 3694/2183/3618 3692/2181/3616
f 3683/2172/3607 3679/2168/3603 3694/2183/3618
f 3695/2184/3619 3696/2185/3620 3694/2183/3618
f 3683/2172/3607 3694/2183/3618 3696/2185/3620
f 3695/2184/3619 3697/2186/3621 3696/2185/3620
f 3698/2187/3622 3696/2185/3620 3697/2186/3621
f 3697/2186/3621 3699/2188/3623 3698/2187/3622
f 3698/2187/3622 3699/2188/3623 3700/2189/3624
f 3696/2185/3620 3701/2190/3625 3683/2172/3607
f 3696/2185/3620 3698/2187/3622 3701/2190/3625
f 3676/2165/3600 3683/2172/3607 3701/2190/3625
f 3701/2190/3625 3702/2191/3626 3676/2165/3600
f 3671/2160/3595 3676/2165/3600 3702/2191/3626
f 3671/2160/3595 3702/2191/3626 3703/2192/3627
f 3671/2160/3595 3703/2192/3627 3669/2158/3593
f 3701/2190/3625 3704/2193/3628 3702/2191/3626
f 3703/2192/3627 3702/2191/3626 3705/2194/3629
f 3704/2193/3628 3705/2194/3629 3702/2191/3626
f 3703/2192/3627 3706/2195/3630 3669/2158/3593
f 3703/2192/3627 3705/2194/3629 3706/2195/3630
f 3707/2196/3631 3704/2193/3628 3701/2190/3625
f 3698/2187/3622 3707/2196/3631 3701/2190/3625
f 3708/2197/3632 3705/2194/3629 3704/2193/3628
f 3706/2195/3630 3705/2194/3629 3708/2197/3632
f 3704/2193/3628 3707/2196/3631 3708/2197/3632
f 3709/2198/3633 3669/2158/3593 3706/2195/3630
f 3659/2148/3583 3669/2158/3593 3709/2198/3633
f 3708/2197/3632 3710/2199/3634 3706/2195/3630
f 3709/2198/3633 3706/2195/3630 3710/2199/3634
f 3711/2200/3635 3707/2196/3631 3698/2187/3622
f 3707/2196/3631 3712/2201/3636 3708/2197/3632
f 3711/2200/3635 3712/2201/3636 3707/2196/3631
f 3713/2202/3637 3710/2199/3634 3708/2197/3632
f 3708/2197/3632 3712/2201/3636 3713/2202/3637
f 3698/2187/3622 3714/2203/3638 3711/2200/3635
f 3700/2189/3624 3714/2203/3638 3698/2187/3622
f 3715/2204/3639 3714/2203/3638 3700/2189/3624
f 3700/2189/3624 3716/2205/3640 3715/2204/3639
f 3715/2204/3639 3717/2206/3641 3714/2203/3638
f 3714/2203/3638 3717/2206/3641 3711/2200/3635
f 3711/2200/3635 3717/2206/3641 3718/2207/3642
f 3711/2200/3635 3718/2207/3642 3712/2201/3636
f 3718/2207/3642 3719/2208/3643 3712/2201/3636
f 3712/2201/3636 3719/2208/3643 3713/2202/3637
f 3719/2208/3643 3720/2209/3644 3713/2202/3637
f 3713/2202/3637 3720/2209/3644 3721/2210/3645
f 3713/2202/3637 3721/2210/3645 3710/2199/3634
f 3721/2210/3645 3720/2209/3644 3722/2211/3646
f 3710/2199/3634 3721/2210/3645 3723/2212/3647
f 3710/2199/3634 3723/2212/3647 3709/2198/3633
f 3722/2211/3646 3724/2213/3648 3721/2210/3645
f 3723/2212/3647 3721/2210/3645 3724/2213/3648
f 3724/2213/3648 3722/2211/3646 3725/2214/3649
f 3724/2213/3648 3725/2214/3649 3726/2215/3650
f 3723/2212/3647 3724/2213/3648 3727/2216/3651
f 3723/2212/3647 3727/2216/3651 3709/2198/3633
f 3727/2216/3651 3724/2213/3648 3726/2215/3650
f 3709/2198/3633 3727/2216/3651 3728/2217/3652
f 3659/2148/3583 3709/2198/3633 3728/2217/3652
f 3726/2215/3650 3729/2218/3653 3727/2216/3651
f 3728/2217/3652 3727/2216/3651 3729/2218/3653
f 3729/2218/3653 3726/2215/3650 3730/2219/3654
f 3729/2218/3653 3730/2219/3654 3650/2139/3574
f 3659/2148/3583 3728/2217/3652 3731/2220/3655
f 3729/2218/3653 3731/2220/3655 3728/2217/3652
f 3650/2139/3574 3731/2220/3655 3729/2218/3653
f 3731/2220/3655 3649/2138/3573 3659/2148/3583
f 3649/2138/3573 3731/2220/3655 3650/2139/3574
f 3732/2221/3656 3733/2222/3657 3734/2223/3658
f 3734/2223/3658 3735/2224/3659 3732/2221/3656
f 3735/2224/3659 3734/2223/3658 3736/2225/3660
f 3735/2224/3659 3737/2226/3661 3732/2221/3656
f 3738/2227/3613 3732/2221/3656 3737/2226/3661
f 3736/2225/3660 3739/2228/3662 3735/2224/3659
f 3739/2228/3662 3736/2225/3660 3740/2229/3663
f 3738/2227/3613 3737/2226/3661 3741/2230/3664
f 3741/2230/3664 3742/2231/3665 3738/2227/3613
f 3743/2232/3666 3737/2226/3661 3735/2224/3659
f 3735/2224/3659 3739/2228/3662 3743/2232/3666
f 3742/2231/3665 3741/2230/3664 3744/2233/3667
f 3745/2234/3616 3742/2231/3665 3744/2233/3667
f 3746/2235/3668 3741/2230/3664 3737/2226/3661
f 3737/2226/3661 3743/2232/3666 3746/2235/3668
f 3744/2233/3667 3741/2230/3664 3746/2235/3668
f 3745/2234/3616 3744/2233/3667 3747/2236/3669
f 3748/2237/3619 3745/2234/3616 3747/2236/3669
f 3748/2237/3619 3747/2236/3669 3749/2238/3670
f 3750/2239/3671 3748/2237/3619 3749/2238/3670
f 3751/2240/3672 3750/2239/3671 3749/2238/3670
f 3749/2238/3670 3752/2241/3673 3751/2240/3672
f 3753/2242/3674 3752/2241/3673 3749/2238/3670
f 3753/2242/3674 3754/2243/3675 3752/2241/3673
f 3755/2244/3676 3749/2238/3670 3747/2236/3669
f 3753/2242/3674 3749/2238/3670 3755/2244/3676
f 3756/2245/3677 3754/2243/3675 3753/2242/3674
f 3755/2244/3676 3756/2245/3677 3753/2242/3674
f 3756/2245/3677 3757/2246/3678 3754/2243/3675
f 3758/2247/3679 3747/2236/3669 3744/2233/3667
f 3747/2236/3669 3758/2247/3679 3755/2244/3676
f 3746/2235/3668 3759/2248/3680 3744/2233/3667
f 3759/2248/3680 3758/2247/3679 3744/2233/3667
f 3758/2247/3679 3760/2249/3681 3755/2244/3676
f 3760/2249/3681 3756/2245/3677 3755/2244/3676
f 3756/2245/3677 3761/2250/3682 3757/2246/3678
f 3762/2251/3683 3757/2246/3678 3761/2250/3682
f 3763/2252/3684 3761/2250/3682 3756/2245/3677
f 3760/2249/3681 3763/2252/3684 3756/2245/3677
f 3764/2253/3685 3762/2251/3683 3761/2250/3682
f 3764/2253/3685 3761/2250/3682 3763/2252/3684
f 3765/2254/3686 3762/2251/3683 3764/2253/3685
f 3758/2247/3679 3766/2255/3687 3760/2249/3681
f 3766/2255/3687 3758/2247/3679 3759/2248/3680
f 3767/2256/3688 3765/2254/3686 3764/2253/3685
f 3768/2257/3689 3765/2254/3686 3767/2256/3688
f 3768/2257/3689 3767/2256/3688 3769/2258/3690
f 3770/2259/3691 3763/2252/3684 3760/2249/3681
f 3766/2255/3687 3770/2259/3691 3760/2249/3681
f 3763/2252/3684 3771/2260/3692 3764/2253/3685
f 3767/2256/3688 3764/2253/3685 3771/2260/3692
f 3772/2261/3693 3769/2258/3690 3767/2256/3688
f 3769/2258/3690 3772/2261/3693 3773/2262/3694
f 3774/2263/3695 3772/2261/3693 3767/2256/3688
f 3772/2261/3693 3774/2263/3695 3773/2262/3694
f 3771/2260/3692 3774/2263/3695 3767/2256/3688
f 3775/2264/3696 3773/2262/3694 3774/2263/3695
f 3771/2260/3692 3775/2264/3696 3774/2263/3695
f 3776/2265/3697 3775/2264/3696 3771/2260/3692
f 3776/2265/3697 3771/2260/3692 3763/2252/3684
f 3776/2265/3697 3763/2252/3684 3770/2259/3691
f 3777/2266/3698 3770/2259/3691 3766/2255/3687
f 3776/2265/3697 3770/2259/3691 3777/2266/3698
f 3777/2266/3698 3778/2267/3699 3776/2265/3697
f 3778/2267/3699 3779/2268/3700 3776/2265/3697
f 3780/2269/3701 3779/2268/3700 3778/2267/3699
f 3766/2255/3687 3781/2270/3702 3777/2266/3698
f 3759/2248/3680 3781/2270/3702 3766/2255/3687
f 3778/2267/3699 3782/2271/3703 3780/2269/3701
f 3782/2271/3703 3783/2272/3704 3780/2269/3701
f 3783/2272/3704 3782/2271/3703 3784/2273/3705
f 3785/2274/3706 3784/2273/3705 3782/2271/3703
f 3778/2267/3699 3785/2274/3706 3782/2271/3703
f 3786/2275/3707 3785/2274/3706 3778/2267/3699
f 3778/2267/3699 3777/2266/3698 3787/2276/3708
f 3787/2276/3708 3777/2266/3698 3781/2270/3702
f 3787/2276/3708 3786/2275/3707 3778/2267/3699
f 3788/2277/3709 3781/2270/3702 3759/2248/3680
f 3746/2235/3668 3788/2277/3709 3759/2248/3680
f 3789/2278/3710 3787/2276/3708 3781/2270/3702
f 3789/2278/3710 3786/2275/3707 3787/2276/3708
f 3788/2277/3709 3789/2278/3710 3781/2270/3702
f 3790/2279/3711 3786/2275/3707 3789/2278/3710
f 3790/2279/3711 3789/2278/3710 3788/2277/3709
f 3791/2280/3712 3786/2275/3707 3790/2279/3711
f 3792/2281/3713 3788/2277/3709 3746/2235/3668
f 3743/2232/3666 3792/2281/3713 3746/2235/3668
f 3793/2282/3714 3790/2279/3711 3788/2277/3709
f 3788/2277/3709 3792/2281/3713 3793/2282/3714
f 3794/2283/3715 3791/2280/3712 3790/2279/3711
f 3794/2283/3715 3795/2284/3716 3791/2280/3712
f 3790/2279/3711 3793/2282/3714 3796/2285/3717
f 3796/2285/3717 3794/2283/3715 3790/2279/3711
f 3797/2286/3718 3795/2284/3716 3794/2283/3715
f 3796/2285/3717 3797/2286/3718 3794/2283/3715
f 3797/2286/3718 3798/2287/3719 3795/2284/3716
f 3799/2288/3720 3798/2287/3719 3797/2286/3718
f 3799/2288/3720 3797/2286/3718 3796/2285/3717
f 3798/2287/3719 3799/2288/3720 3800/2289/3721
f 3800/2289/3721 3799/2288/3720 3801/2290/3722
f 3802/2291/3723 3801/2290/3722 3799/2288/3720
f 3802/2291/3723 3799/2288/3720 3796/2285/3717
f 3801/2290/3722 3802/2291/3723 3803/2292/3724
f 3804/2293/3725 3796/2285/3717 3793/2282/3714
f 3802/2291/3723 3796/2285/3717 3804/2293/3725
f 3802/2291/3723 3804/2293/3725 3803/2292/3724
f 3804/2293/3725 3793/2282/3714 3792/2281/3713
f 3804/2293/3725 3805/2294/3726 3803/2292/3724
f 3806/2295/3727 3804/2293/3725 3792/2281/3713
f 3806/2295/3727 3805/2294/3726 3804/2293/3725
f 3806/2295/3727 3792/2281/3713 3743/2232/3666
f 3807/2296/3728 3805/2294/3726 3806/2295/3727
f 3808/2297/3729 3806/2295/3727 3743/2232/3666
f 3808/2297/3729 3807/2296/3728 3806/2295/3727
f 3739/2228/3662 3808/2297/3729 3743/2232/3666
f 3808/2297/3729 3809/2298/3730 3807/2296/3728
f 3810/2299/3731 3808/2297/3729 3739/2228/3662
f 3810/2299/3731 3809/2298/3730 3808/2297/3729
f 3740/2229/3663 3810/2299/3731 3739/2228/3662
f 3811/2300/3732 3809/2298/3730 3810/2299/3731
f 3811/2300/3732 3810/2299/3731 3740/2229/3663
f 3812/2301/3733 3809/2298/3730 3811/2300/3732
f 3740/2229/3663 3813/2302/3734 3811/2300/3732
f 3812/2301/3733 3811/2300/3732 3814/2303/3735
f 3813/2302/3734 3814/2303/3735 3811/2300/3732
f 3815/2304/3658 3816/2305/3736 3817/2306/3737
f 3817/2306/3737 3818/2307/3738 3815/2304/3658
f 3819/2308/3660 3815/2304/3658 3818/2307/3738
f 3818/2307/3738 3817/2306/3737 3820/2309/3739
f 3818/2307/3738 3821/2310/3740 3819/2308/3660
f 3819/2308/3660 3821/2310/3740 3822/2311/3741
f 3820/2309/3739 3823/2312/3742 3818/2307/3738
f 3823/2312/3742 3820/2309/3739 3824/2313/3743
f 3823/2312/3742 3825/2314/3744 3818/2307/3738
f 3821/2310/3740 3818/2307/3738 3825/2314/3744
f 3824/2313/3743 3826/2315/3745 3823/2312/3742
f 3825/2314/3744 3823/2312/3742 3826/2315/3745
f 3826/2315/3745 3824/2313/3743 3827/2316/3746
f 3827/2316/3746 3828/2317/3747 3826/2315/3745
f 3829/2318/3748 3826/2315/3745 3828/2317/3747
f 3829/2318/3748 3825/2314/3744 3826/2315/3745
f 3828/2317/3747 3830/2319/3749 3829/2318/3748
f 3829/2318/3748 3831/2320/3750 3825/2314/3744
f 3832/2321/3751 3831/2320/3750 3829/2318/3748
f 3829/2318/3748 3830/2319/3749 3832/2321/3751
f 3832/2321/3751 3833/2322/3752 3831/2320/3750
f 3834/2323/3753 3822/2311/3741 3821/2310/3740
f 3822/2311/3741 3834/2323/3753 3835/2324/3754
f 3821/2310/3740 3825/2314/3744 3836/2325/3755
f 3831/2320/3750 3836/2325/3755 3825/2314/3744
f 3837/2326/3756 3835/2324/3754 3834/2323/3753
f 3838/2327/3757 3835/2324/3754 3837/2326/3756
f 3839/2328/3758 3838/2327/3757 3837/2326/3756
f 3840/2329/3759 3834/2323/3753 3821/2310/3740
f 3834/2323/3753 3840/2329/3759 3837/2326/3756
f 3837/2326/3756 3840/2329/3759 3839/2328/3758
f 3821/2310/3740 3836/2325/3755 3840/2329/3759
f 3840/2329/3759 3841/2330/3760 3839/2328/3758
f 3842/2331/3761 3841/2330/3760 3840/2329/3759
f 3836/2325/3755 3842/2331/3761 3840/2329/3759
f 3843/2332/3762 3842/2331/3761 3836/2325/3755
f 3843/2332/3762 3836/2325/3755 3831/2320/3750
f 3843/2332/3762 3844/2333/3763 3842/2331/3761
f 3845/2334/3764 3844/2333/3763 3843/2332/3762
f 3845/2334/3764 3843/2332/3762 3831/2320/3750
f 3845/2334/3764 3846/2335/3765 3844/2333/3763
f 3845/2334/3764 3847/2336/3766 3846/2335/3765
f 3847/2336/3766 3845/2334/3764 3848/2337/3767
f 3848/2337/3767 3849/2338/3768 3847/2336/3766
f 3846/2335/3765 3847/2336/3766 3850/2339/3769
f 3850/2339/3769 3847/2336/3766 3851/2340/3712
f 3852/2341/3770 3850/2339/3769 3851/2340/3712
f 3853/2342/3771 3850/2339/3769 3852/2341/3770
f 3853/2342/3771 3852/2341/3770 3854/2343/3772
f 3855/2344/3773 3849/2338/3768 3848/2337/3767
f 3856/2345/3774 3845/2334/3764 3831/2320/3750
f 3845/2334/3764 3856/2345/3774 3848/2337/3767
f 3848/2337/3767 3857/2346/3775 3855/2344/3773
f 3857/2346/3775 3858/2347/3776 3855/2344/3773
f 3857/2346/3775 3859/2348/3777 3858/2347/3776
f 3857/2346/3775 3848/2337/3767 3859/2348/3777
f 3848/2337/3767 3860/2349/3778 3859/2348/3777
f 3860/2349/3778 3848/2337/3767 3861/2350/3779
f 3856/2345/3774 3861/2350/3779 3848/2337/3767
f 3862/2351/3780 3856/2345/3774 3831/2320/3750
f 3862/2351/3780 3831/2320/3750 3833/2322/3752
f 3833/2322/3752 3863/2352/3781 3862/2351/3780
f 3856/2345/3774 3864/2353/3782 3861/2350/3779
f 3856/2345/3774 3862/2351/3780 3864/2353/3782
f 3864/2353/3782 3862/2351/3780 3863/2352/3781
f 3864/2353/3782 3865/2354/3783 3861/2350/3779
f 3864/2353/3782 3863/2352/3781 3866/2355/3784
f 3865/2354/3783 3864/2353/3782 3866/2355/3784
f 3867/2356/3785 3866/2355/3784 3863/2352/3781
f 3866/2355/3784 3868/2357/3786 3865/2354/3783
f 3866/2355/3784 3867/2356/3785 3869/2358/3787
f 3868/2357/3786 3866/2355/3784 3869/2358/3787
f 3870/2094/3788 3871/2093/2569 3872/2095/2567
f 3872/2095/2567 3873/2096/3789 3870/2094/3788
f 3873/2096/3789 3874/2097/3790 3870/2094/3788
f 3875/2098/3791 3874/2097/3790 3873/2096/3789
f 3876/2099/3792 3874/2097/3790 3875/2098/3791
f 3875/2098/3791 3877/2100/3793 3876/2099/3792
f 3877/2100/3793 3878/2101/3794 3876/2099/3792
f 3877/2100/3793 3879/2102/3795 3878/2101/3794
f 3878/2101/3794 3879/2102/3795 3880/2103/3796
f 3881/2104/3797 3877/2100/3793 3875/2098/3791
f 3881/2104/3797 3879/2102/3795 3877/2100/3793
f 3882/2105/3798 3875/2098/3791 3873/2096/3789
f 3875/2098/3791 3882/2105/3798 3881/2104/3797
f 3883/2106/3799 3873/2096/3789 3872/2095/2567
f 3873/2096/3789 3883/2106/3799 3882/2105/3798
f 3879/2102/3795 3884/2107/3800 3880/2103/3796
f 3885/2108/3801 3880/2103/3796 3884/2107/3800
f 3881/2104/3797 3886/2109/3802 3879/2102/3795
f 3879/2102/3795 3886/2109/3802 3884/2107/3800
f 3887/2110/3803 3883/2106/3799 3872/2095/2567
f 3888/2111/3804 3887/2110/3803 3872/2095/2567
f 3889/2112/3805 3887/2110/3803 3888/2111/3804
f 3890/2113/3806 3887/2110/3803 3889/2112/3805
f 3889/2112/3805 3891/2114/3807 3890/2113/3806
f 3887/2110/3803 3892/2115/3808 3883/2106/3799
f 3887/2110/3803 3890/2113/3806 3892/2115/3808
f 3890/2113/3806 3891/2114/3807 3893/2116/3809
f 3894/2117/3810 3893/2116/3809 3891/2114/3807
f 3895/2118/3811 3890/2113/3806 3893/2116/3809
f 3892/2115/3808 3890/2113/3806 3895/2118/3811
f 3894/2117/3810 3896/2119/3812 3893/2116/3809
f 3893/2116/3809 3896/2119/3812 3895/2118/3811
f 3897/2120/3813 3896/2119/3812 3894/2117/3810
f 3897/2120/3813 3898/2121/3814 3896/2119/3812
f 3896/2119/3812 3898/2121/3814 3895/2118/3811
f 3898/2121/3814 3897/2120/3813 3899/2122/3815
f 3892/2115/3808 3900/2123/3816 3883/2106/3799
f 3900/2123/3816 3882/2105/3798 3883/2106/3799
f 3895/2118/3811 3901/2124/3817 3892/2115/3808
f 3900/2123/3816 3892/2115/3808 3901/2124/3817
f 3902/2125/3818 3898/2121/3814 3899/2122/3815
f 3899/2122/3815 3903/2126/3819 3902/2125/3818
f 3904/2127/3820 3895/2118/3811 3898/2121/3814
f 3901/2124/3817 3895/2118/3811 3904/2127/3820
f 3902/2125/3818 3903/2126/3819 3905/2128/3821
f 3905/2128/3821 3903/2126/3819 3906/2129/2539
f 3898/2121/3814 3902/2125/3818 3907/2130/3822
f 3907/2130/3822 3904/2127/3820 3898/2121/3814
f 3907/2130/3822 3902/2125/3818 3905/2128/3821
f 3904/2127/3820 3908/2131/3823 3901/2124/3817
f 3908/2131/3823 3904/2127/3820 3907/2130/3822
f 3909/2132/3824 3905/2128/3821 3906/2129/2539
f 3906/2129/2539 3910/2133/2536 3909/2132/3824
f 3909/2132/3824 3910/2133/2536 3911/2134/3825
f 3905/2128/3821 3912/2135/3826 3907/2130/3822
f 3912/2135/3826 3905/2128/3821 3909/2132/3824
f 3911/2134/3825 3913/2136/3827 3909/2132/3824
f 3909/2132/3824 3913/2136/3827 3912/2135/3826
f 3913/2136/3827 3911/2134/3825 3914/2137/3828
f 3913/2136/3827 3914/2137/3828 3915/2138/3829
f 3914/2137/3828 3916/2139/3830 3915/2138/3829
f 3917/2140/3831 3901/2124/3817 3908/2131/3823
f 3901/2124/3817 3917/2140/3831 3900/2123/3816
f 3907/2130/3822 3918/2141/3832 3908/2131/3823
f 3912/2135/3826 3918/2141/3832 3907/2130/3822
f 3919/2142/3833 3912/2135/3826 3913/2136/3827
f 3915/2138/3829 3919/2142/3833 3913/2136/3827
f 3908/2131/3823 3920/2143/3834 3917/2140/3831
f 3920/2143/3834 3908/2131/3823 3918/2141/3832
f 3917/2140/3831 3921/2144/3835 3900/2123/3816
f 3921/2144/3835 3917/2140/3831 3920/2143/3834
f 3922/2145/3836 3918/2141/3832 3912/2135/3826
f 3919/2142/3833 3922/2145/3836 3912/2135/3826
f 3918/2141/3832 3922/2145/3836 3923/2146/3837
f 3918/2141/3832 3923/2146/3837 3920/2143/3834
f 3919/2142/3833 3924/2147/3838 3922/2145/3836
f 3923/2146/3837 3922/2145/3836 3924/2147/3838
f 3919/2142/3833 3915/2138/3829 3925/2148/3839
f 3925/2148/3839 3924/2147/3838 3919/2142/3833
f 3900/2123/3816 3921/2144/3835 3926/2149/3840
f 3900/2123/3816 3926/2149/3840 3882/2105/3798
f 3882/2105/3798 3926/2149/3840 3927/2150/3841
f 3927/2150/3841 3881/2104/3797 3882/2105/3798
f 3926/2149/3840 3921/2144/3835 3928/2151/3842
f 3928/2151/3842 3927/2150/3841 3926/2149/3840
f 3920/2143/3834 3929/2152/3843 3921/2144/3835
f 3928/2151/3842 3921/2144/3835 3929/2152/3843
f 3930/2153/3844 3920/2143/3834 3923/2146/3837
f 3930/2153/3844 3929/2152/3843 3920/2143/3834
f 3931/2154/3845 3923/2146/3837 3924/2147/3838
f 3931/2154/3845 3930/2153/3844 3923/2146/3837
f 3881/2104/3797 3927/2150/3841 3932/2155/3846
f 3932/2155/3846 3886/2109/3802 3881/2104/3797
f 3927/2150/3841 3928/2151/3842 3933/2156/3847
f 3933/2156/3847 3932/2155/3846 3927/2150/3841
f 3929/2152/3843 3934/2157/3848 3928/2151/3842
f 3933/2156/3847 3928/2151/3842 3934/2157/3848
f 3924/2147/3838 3935/2158/3849 3931/2154/3845
f 3935/2158/3849 3924/2147/3838 3925/2148/3839
f 3929/2152/3843 3930/2153/3844 3936/2159/3850
f 3936/2159/3850 3934/2157/3848 3929/2152/3843
f 3931/2154/3845 3937/2160/3851 3930/2153/3844
f 3937/2160/3851 3931/2154/3845 3935/2158/3849
f 3936/2159/3850 3930/2153/3844 3937/2160/3851
f 3886/2109/3802 3932/2155/3846 3938/2161/3852
f 3932/2155/3846 3933/2156/3847 3939/2162/3853
f 3939/2162/3853 3938/2161/3852 3932/2155/3846
f 3934/2157/3848 3940/2163/3854 3933/2156/3847
f 3939/2162/3853 3933/2156/3847 3940/2163/3854
f 3934/2157/3848 3936/2159/3850 3941/2164/3855
f 3941/2164/3855 3940/2163/3854 3934/2157/3848
f 3936/2159/3850 3937/2160/3851 3942/2165/3856
f 3942/2165/3856 3941/2164/3855 3936/2159/3850
f 3886/2109/3802 3938/2161/3852 3943/2166/3857
f 3886/2109/3802 3943/2166/3857 3884/2107/3800
f 3940/2163/3854 3944/2167/3858 3939/2162/3853
f 3945/2168/3859 3940/2163/3854 3941/2164/3855
f 3944/2167/3858 3940/2163/3854 3945/2168/3859
f 3938/2161/3852 3939/2162/3853 3946/2169/3860
f 3946/2169/3860 3939/2162/3853 3944/2167/3858
f 3938/2161/3852 3947/2170/3861 3943/2166/3857
f 3946/2169/3860 3947/2170/3861 3938/2161/3852
f 3884/2107/3800 3943/2166/3857 3948/2171/3862
f 3943/2166/3857 3947/2170/3861 3948/2171/3862
f 3941/2164/3855 3942/2165/3856 3949/2172/3863
f 3949/2172/3863 3945/2168/3859 3941/2164/3855
f 3948/2171/3862 3950/2173/3864 3884/2107/3800
f 3884/2107/3800 3950/2173/3864 3885/2108/3801
f 3885/2108/3801 3950/2173/3864 3951/2174/3865
f 3950/2173/3864 3952/2175/3866 3951/2174/3865
f 3950/2173/3864 3953/2176/3867 3952/2175/3866
f 3948/2171/3862 3953/2176/3867 3950/2173/3864
f 3948/2171/3862 3954/2177/3868 3953/2176/3867
f 3947/2170/3861 3954/2177/3868 3948/2171/3862
f 3947/2170/3861 3955/2178/3869 3954/2177/3868
f 3955/2178/3869 3947/2170/3861 3946/2169/3860
f 3955/2178/3869 3946/2169/3860 3956/2179/3870
f 3956/2179/3870 3957/2180/3871 3955/2178/3869
f 3944/2167/3858 3956/2179/3870 3946/2169/3860
f 3956/2179/3870 3958/2181/3872 3957/2180/3871
f 3959/2182/3873 3956/2179/3870 3944/2167/3858
f 3958/2181/3872 3956/2179/3870 3959/2182/3873
f 3944/2167/3858 3945/2168/3859 3959/2182/3873
f 3960/2183/3874 3958/2181/3872 3959/2182/3873
f 3945/2168/3859 3960/2183/3874 3959/2182/3873
f 3960/2183/3874 3961/2184/3875 3958/2181/3872
f 3945/2168/3859 3949/2172/3863 3960/2183/3874
f 3962/2185/3876 3961/2184/3875 3960/2183/3874
f 3960/2183/3874 3949/2172/3863 3962/2185/3876
f 3963/2186/3877 3961/2184/3875 3962/2185/3876
f 3963/2186/3877 3962/2185/3876 3964/2187/3878
f 3964/2187/3878 3965/2188/3879 3963/2186/3877
f 3966/2189/3880 3965/2188/3879 3964/2187/3878
f 3949/2172/3863 3967/2190/3881 3962/2185/3876
f 3964/2187/3878 3962/2185/3876 3967/2190/3881
f 3949/2172/3863 3942/2165/3856 3967/2190/3881
f 3942/2165/3856 3968/2191/3882 3967/2190/3881
f 3942/2165/3856 3937/2160/3851 3968/2191/3882
f 3968/2191/3882 3937/2160/3851 3969/2192/3883
f 3935/2158/3849 3969/2192/3883 3937/2160/3851
f 3970/2193/3884 3967/2190/3881 3968/2191/3882
f 3968/2191/3882 3969/2192/3883 3971/2194/3885
f 3971/2194/3885 3970/2193/3884 3968/2191/3882
f 3972/2195/3886 3969/2192/3883 3935/2158/3849
f 3972/2195/3886 3971/2194/3885 3969/2192/3883
f 3970/2193/3884 3973/2196/3887 3967/2190/3881
f 3973/2196/3887 3964/2187/3878 3967/2190/3881
f 3971/2194/3885 3974/2197/3888 3970/2193/3884
f 3974/2197/3888 3971/2194/3885 3972/2195/3886
f 3973/2196/3887 3970/2193/3884 3974/2197/3888
f 3935/2158/3849 3975/2198/3889 3972/2195/3886
f 3935/2158/3849 3925/2148/3839 3975/2198/3889
f 3972/2195/3886 3976/2199/3890 3974/2197/3888
f 3976/2199/3890 3972/2195/3886 3975/2198/3889
f 3964/2187/3878 3973/2196/3887 3977/2200/3891
f 3973/2196/3887 3974/2197/3888 3978/2201/3892
f 3978/2201/3892 3977/2200/3891 3973/2196/3887
f 3976/2199/3890 3979/2202/3893 3974/2197/3888
f 3978/2201/3892 3974/2197/3888 3979/2202/3893
f 3977/2200/3891 3980/2203/3894 3964/2187/3878
f 3964/2187/3878 3980/2203/3894 3966/2189/3880
f 3966/2189/3880 3980/2203/3894 3981/2204/3895
f 3981/2204/3895 3982/2205/3896 3966/2189/3880
f 3983/2206/3897 3981/2204/3895 3980/2203/3894
f 3980/2203/3894 3977/2200/3891 3983/2206/3897
f 3983/2206/3897 3977/2200/3891 3984/2207/3898
f 3978/2201/3892 3984/2207/3898 3977/2200/3891
f 3985/2208/3899 3984/2207/3898 3978/2201/3892
f 3985/2208/3899 3978/2201/3892 3979/2202/3893
f 3986/2209/3900 3985/2208/3899 3979/2202/3893
f 3979/2202/3893 3987/2210/3901 3986/2209/3900
f 3987/2210/3901 3979/2202/3893 3976/2199/3890
f 3988/2211/3902 3986/2209/3900 3987/2210/3901
f 3976/2199/3890 3989/2212/3903 3987/2210/3901
f 3975/2198/3889 3989/2212/3903 3976/2199/3890
f 3987/2210/3901 3990/2213/3904 3988/2211/3902
f 3987/2210/3901 3989/2212/3903 3990/2213/3904
f 3988/2211/3902 3990/2213/3904 3991/2214/2569
f 3992/2215/3905 3991/2214/2569 3990/2213/3904
f 3993/2216/3906 3990/2213/3904 3989/2212/3903
f 3993/2216/3906 3989/2212/3903 3975/2198/3889
f 3992/2215/3905 3990/2213/3904 3993/2216/3906
f 3975/2198/3889 3994/2217/3907 3993/2216/3906
f 3975/2198/3889 3925/2148/3839 3994/2217/3907
f 3993/2216/3906 3995/2218/3908 3992/2215/3905
f 3995/2218/3908 3993/2216/3906 3994/2217/3907
f 3992/2215/3905 3995/2218/3908 3996/2219/3909
f 3916/2139/3830 3996/2219/3909 3995/2218/3908
f 3994/2217/3907 3925/2148/3839 3997/2220/3910
f 3994/2217/3907 3997/2220/3910 3995/2218/3908
f 3995/2218/3908 3997/2220/3910 3916/2139/3830
f 3915/2138/3829 3997/2220/3910 3925/2148/3839
f 3915/2138/3829 3916/2139/3830 3997/2220/3910
f 3998/2223/3911 3999/2222/3912 4000/2221/3913
f 4000/2221/3913 4001/2224/3914 3998/2223/3911
f 4002/2225/3915 3998/2223/3911 4001/2224/3914
f 4003/2226/3916 4001/2224/3914 4000/2221/3913
f 4000/2221/3913 4004/2227/3869 4003/2226/3916
f 4001/2224/3914 4005/2228/3917 4002/2225/3915
f 4002/2225/3915 4005/2228/3917 4006/2229/3918
f 4003/2226/3916 4004/2227/3869 4007/2230/3919
f 4008/2231/3920 4007/2230/3919 4004/2227/3869
f 4009/2232/3921 4001/2224/3914 4003/2226/3916
f 4005/2228/3917 4001/2224/3914 4009/2232/3921
f 4008/2231/3920 4010/2233/3922 4007/2230/3919
f 4010/2233/3922 4008/2231/3920 4011/2234/3872
f 4012/2235/3923 4003/2226/3916 4007/2230/3919
f 4009/2232/3921 4003/2226/3916 4012/2235/3923
f 4012/2235/3923 4007/2230/3919 4010/2233/3922
f 4013/2236/3924 4010/2233/3922 4011/2234/3872
f 4011/2234/3872 4014/2237/3875 4013/2236/3924
f 4014/2237/3875 4015/2238/3925 4013/2236/3924
f 4014/2237/3875 4016/2239/3926 4015/2238/3925
f 4015/2238/3925 4016/2239/3926 4017/2240/3927
f 4017/2240/3927 4018/2241/3928 4015/2238/3925
f 4018/2241/3928 4019/2242/3929 4015/2238/3925
f 4020/2243/3930 4019/2242/3929 4018/2241/3928
f 4015/2238/3925 4021/2244/3931 4013/2236/3924
f 4015/2238/3925 4019/2242/3929 4021/2244/3931
f 4020/2243/3930 4022/2245/3932 4019/2242/3929
f 4022/2245/3932 4021/2244/3931 4019/2242/3929
f 4023/2246/3933 4022/2245/3932 4020/2243/3930
f 4013/2236/3924 4024/2247/3934 4010/2233/3922
f 4024/2247/3934 4013/2236/3924 4021/2244/3931
f 4010/2233/3922 4025/2248/3935 4012/2235/3923
f 4024/2247/3934 4025/2248/3935 4010/2233/3922
f 4026/2249/3936 4024/2247/3934 4021/2244/3931
f 4022/2245/3932 4026/2249/3936 4021/2244/3931
f 4027/2250/3937 4022/2245/3932 4023/2246/3933
f 4023/2246/3933 4028/2251/3938 4027/2250/3937
f 4027/2250/3937 4029/2252/3939 4022/2245/3932
f 4029/2252/3939 4026/2249/3936 4022/2245/3932
f 4030/2253/3940 4027/2250/3937 4028/2251/3938
f 4029/2252/3939 4027/2250/3937 4030/2253/3940
f 4028/2251/3938 4031/2254/3941 4030/2253/3940
f 4032/2255/3942 4024/2247/3934 4026/2249/3936
f 4025/2248/3935 4024/2247/3934 4032/2255/3942
f 4031/2254/3941 4033/2256/3943 4030/2253/3940
f 4031/2254/3941 4034/2257/3944 4033/2256/3943
f 4033/2256/3943 4034/2257/3944 4035/2258/3945
f 4029/2252/3939 4036/2259/3946 4026/2249/3936
f 4036/2259/3946 4032/2255/3942 4026/2249/3936
f 4030/2253/3940 4037/2260/3947 4029/2252/3939
f 4037/2260/3947 4030/2253/3940 4033/2256/3943
f 4035/2258/3945 4038/2261/3948 4033/2256/3943
f 4038/2261/3948 4035/2258/3945 4039/2262/3949
f 4038/2261/3948 4040/2263/3950 4033/2256/3943
f 4040/2263/3950 4038/2261/3948 4039/2262/3949
f 4033/2256/3943 4040/2263/3950 4037/2260/3947
f 4040/2263/3950 4039/2262/3949 4041/2264/3951
f 4040/2263/3950 4041/2264/3951 4037/2260/3947
f 4041/2264/3951 4042/2265/3952 4037/2260/3947
f 4037/2260/3947 4042/2265/3952 4029/2252/3939
f 4029/2252/3939 4042/2265/3952 4036/2259/3946
f 4036/2259/3946 4043/2266/3953 4032/2255/3942
f 4043/2266/3953 4036/2259/3946 4042/2265/3952
f 4042/2265/3952 4044/2267/3954 4043/2266/3953
f 4045/2268/3955 4044/2267/3954 4042/2265/3952
f 4044/2267/3954 4045/2268/3955 4046/2269/3956
f 4047/2270/3957 4032/2255/3942 4043/2266/3953
f 4032/2255/3942 4047/2270/3957 4025/2248/3935
f 4046/2269/3956 4048/2271/3958 4044/2267/3954
f 4049/2272/3959 4048/2271/3958 4046/2269/3956
f 4048/2271/3958 4049/2272/3959 4050/2273/3960
f 4048/2271/3958 4050/2273/3960 4051/2274/3961
f 4051/2274/3961 4044/2267/3954 4048/2271/3958
f 4051/2274/3961 4052/2275/3962 4044/2267/3954
f 4043/2266/3953 4044/2267/3954 4053/2276/3963
f 4043/2266/3953 4053/2276/3963 4047/2270/3957
f 4052/2275/3962 4053/2276/3963 4044/2267/3954
f 4047/2270/3957 4054/2277/3964 4025/2248/3935
f 4054/2277/3964 4012/2235/3923 4025/2248/3935
f 4053/2276/3963 4055/2278/3965 4047/2270/3957
f 4052/2275/3962 4055/2278/3965 4053/2276/3963
f 4055/2278/3965 4054/2277/3964 4047/2270/3957
f 4052/2275/3962 4056/2279/3966 4055/2278/3965
f 4055/2278/3965 4056/2279/3966 4054/2277/3964
f 4052/2275/3962 4057/2280/3967 4056/2279/3966
f 4054/2277/3964 4058/2281/3968 4012/2235/3923
f 4058/2281/3968 4009/2232/3921 4012/2235/3923
f 4054/2277/3964 4056/2279/3966 4059/2282/3969
f 4059/2282/3969 4058/2281/3968 4054/2277/3964
f 4057/2280/3967 4060/2283/3970 4056/2279/3966
f 4061/2284/3971 4060/2283/3970 4057/2280/3967
f 4062/2285/3972 4059/2282/3969 4056/2279/3966
f 4056/2279/3966 4060/2283/3970 4062/2285/3972
f 4061/2284/3971 4063/2286/3973 4060/2283/3970
f 4063/2286/3973 4062/2285/3972 4060/2283/3970
f 4064/2287/3974 4063/2286/3973 4061/2284/3971
f 4064/2287/3974 4065/2288/3975 4063/2286/3973
f 4063/2286/3973 4065/2288/3975 4062/2285/3972
f 4065/2288/3975 4064/2287/3974 4066/2289/3976
f 4065/2288/3975 4066/2289/3976 4067/2290/3977
f 4067/2290/3977 4068/2291/3978 4065/2288/3975
f 4065/2288/3975 4068/2291/3978 4062/2285/3972
f 4068/2291/3978 4067/2290/3977 4069/2292/3979
f 4062/2285/3972 4070/2293/3980 4059/2282/3969
f 4062/2285/3972 4068/2291/3978 4070/2293/3980
f 4069/2292/3979 4070/2293/3980 4068/2291/3978
f 4059/2282/3969 4070/2293/3980 4058/2281/3968
f 4070/2293/3980 4069/2292/3979 4071/2294/3981
f 4070/2293/3980 4072/2295/3982 4058/2281/3968
f 4071/2294/3981 4072/2295/3982 4070/2293/3980
f 4058/2281/3968 4072/2295/3982 4009/2232/3921
f 4071/2294/3981 4073/2296/3983 4072/2295/3982
f 4072/2295/3982 4074/2297/3984 4009/2232/3921
f 4073/2296/3983 4074/2297/3984 4072/2295/3982
f 4074/2297/3984 4005/2228/3917 4009/2232/3921
f 4075/2298/3985 4074/2297/3984 4073/2296/3983
f 4074/2297/3984 4076/2299/3986 4005/2228/3917
f 4075/2298/3985 4076/2299/3986 4074/2297/3984
f 4076/2299/3986 4006/2229/3918 4005/2228/3917
f 4075/2298/3985 4077/2300/3987 4076/2299/3986
f 4006/2229/3918 4076/2299/3986 4077/2300/3987
f 4075/2298/3985 4078/2301/3988 4077/2300/3987
f 4077/2300/3987 4079/2302/3989 4006/2229/3918
f 4077/2300/3987 4078/2301/3988 4080/2303/3990
f 4080/2303/3990 4079/2302/3989 4077/2300/3987
f 4081/2305/3991 4082/2304/3911 4083/2306/3992
f 4083/2306/3992 4082/2304/3911 4084/2307/3993
f 4085/2309/3994 4083/2306/3992 4084/2307/3993
f 4084/2307/3993 4082/2304/3911 4086/2308/3915
f 4084/2307/3993 4087/2312/3995 4085/2309/3994
f 4085/2309/3994 4087/2312/3995 4088/2313/3996
f 4086/2308/3915 4089/2310/3997 4084/2307/3993
f 4089/2310/3997 4086/2308/3915 4090/2311/3998
f 4091/2315/3999 4088/2313/3996 4087/2312/3995
f 4092/2316/4000 4088/2313/3996 4091/2315/3999
f 4091/2315/3999 4093/2317/4001 4092/2316/4000
f 4094/2314/4002 4087/2312/3995 4084/2307/3993
f 4091/2315/3999 4087/2312/3995 4094/2314/4002
f 4084/2307/3993 4089/2310/3997 4094/2314/4002
f 4093/2317/4001 4091/2315/3999 4095/2318/4003
f 4094/2314/4002 4095/2318/4003 4091/2315/3999
f 4095/2318/4003 4096/2319/4004 4093/2317/4001
f 4097/2320/4005 4095/2318/4003 4094/2314/4002
f 4097/2320/4005 4098/2321/4006 4095/2318/4003
f 4098/2321/4006 4096/2319/4004 4095/2318/4003
f 4099/2322/4007 4098/2321/4006 4097/2320/4005
f 4090/2311/3998 4100/2323/4008 4089/2310/3997
f 4100/2323/4008 4090/2311/3998 4101/2324/4009
f 4094/2314/4002 4089/2310/3997 4102/2325/4010
f 4102/2325/4010 4097/2320/4005 4094/2314/4002
f 4101/2324/4009 4103/2326/4011 4100/2323/4008
f 4101/2324/4009 4104/2327/4012 4103/2326/4011
f 4104/2327/4012 4105/2328/4013 4103/2326/4011
f 4089/2310/3997 4100/2323/4008 4106/2329/4014
f 4106/2329/4014 4100/2323/4008 4103/2326/4011
f 4106/2329/4014 4103/2326/4011 4105/2328/4013
f 4106/2329/4014 4102/2325/4010 4089/2310/3997
f 4107/2330/4015 4106/2329/4014 4105/2328/4013
f 4107/2330/4015 4108/2331/4016 4106/2329/4014
f 4102/2325/4010 4106/2329/4014 4108/2331/4016
f 4108/2331/4016 4109/2332/4017 4102/2325/4010
f 4102/2325/4010 4109/2332/4017 4097/2320/4005
f 4110/2333/4018 4109/2332/4017 4108/2331/4016
f 4110/2333/4018 4111/2334/4019 4109/2332/4017
f 4109/2332/4017 4111/2334/4019 4097/2320/4005
f 4112/2335/4020 4111/2334/4019 4110/2333/4018
f 4113/2336/4021 4111/2334/4019 4112/2335/4020
f 4114/2337/4022 4111/2334/4019 4113/2336/4021
f 4113/2336/4021 4115/2338/4023 4114/2337/4022
f 4113/2336/4021 4112/2335/4020 4116/2339/4024
f 4113/2336/4021 4116/2339/4024 4117/2340/4025
f 4118/2341/4026 4117/2340/4025 4116/2339/4024
f 4116/2339/4024 4119/2342/4027 4118/2341/4026
f 4118/2341/4026 4119/2342/4027 4120/2343/4028
f 4115/2338/4023 4121/2344/4029 4114/2337/4022
f 4111/2334/4019 4122/2345/4030 4097/2320/4005
f 4122/2345/4030 4111/2334/4019 4114/2337/4022
f 4121/2344/4029 4123/2346/4031 4114/2337/4022
f 4124/2347/4032 4123/2346/4031 4121/2344/4029
f 4125/2348/4033 4123/2346/4031 4124/2347/4032
f 4114/2337/4022 4123/2346/4031 4125/2348/4033
f 4114/2337/4022 4125/2348/4033 4126/2349/4034
f 4114/2337/4022 4126/2349/4034 4127/2350/4035
f 4127/2350/4035 4122/2345/4030 4114/2337/4022
f 4122/2345/4030 4128/2351/4036 4097/2320/4005
f 4097/2320/4005 4128/2351/4036 4099/2322/4007
f 4129/2352/4037 4099/2322/4007 4128/2351/4036
f 4130/2353/4038 4122/2345/4030 4127/2350/4035
f 4128/2351/4036 4122/2345/4030 4130/2353/4038
f 4128/2351/4036 4130/2353/4038 4129/2352/4037
f 4131/2354/4039 4130/2353/4038 4127/2350/4035
f 4129/2352/4037 4130/2353/4038 4132/2355/4040
f 4132/2355/4040 4130/2353/4038 4131/2354/4039
f 4132/2355/4040 4133/2356/4041 4129/2352/4037
f 4131/2354/4039 4134/2357/4042 4132/2355/4040
f 4133/2356/4041 4132/2355/4040 4135/2358/4043
f 4132/2355/4040 4134/2357/4042 4135/2358/4043
f 4136/2359/4044 4137/2360/4045 4138/2361/4046
f 4139/2362/4047 4137/2360/4045 4136/2359/4044
f 4140/2363/4048 4139/2362/4047 4136/2359/4044
f 4139/2362/4047 4140/2363/4048 4141/2364/4049
f 4140/2363/4048 4142/2365/4050 4141/2364/4049
f 4143/2366/4051 4140/2363/4048 4136/2359/4044
f 4143/2366/4051 4142/2365/4050 4140/2363/4048
f 4144/2367/4052 4142/2365/4050 4143/2366/4051
f 4144/2367/4052 4143/2366/4051 4145/2368/4053
f 4145/2368/4053 4143/2366/4051 4146/2369/4054
f 4147/2370/4055 4148/2371/4056 4149/2372/4057
f 4148/2371/4056 4150/2373/4047 4149/2372/4057
f 4150/2373/4047 4151/2374/4058 4149/2372/4057
f 4152/2375/4050 4151/2374/4058 4150/2373/4047
f 4153/2376/4049 4152/2375/4050 4150/2373/4047
f 4154/2377/4059 4151/2374/4058 4152/2375/4050
f 4151/2374/4058 4154/2377/4059 4155/2378/4060
f 4156/2379/4061 4151/2374/4058 4155/2378/4060
f 4157/2360/4062 4158/2359/4063 4159/2361/4064
f 4157/2360/4062 4160/2362/4065 4158/2359/4063
f 4160/2362/4065 4161/2363/4066 4158/2359/4063
f 4161/2363/4066 4160/2362/4065 4162/2364/4067
f 4163/2365/4068 4161/2363/4066 4162/2364/4067
f 4161/2363/4066 4164/2366/4069 4158/2359/4063
f 4163/2365/4068 4164/2366/4069 4161/2363/4066
f 4163/2365/4068 4165/2367/4070 4164/2366/4069
f 4164/2366/4069 4165/2367/4070 4166/2368/4071
f 4164/2366/4069 4166/2368/4071 4167/2369/4072
f 4168/2371/4073 4169/2370/4074 4170/2372/4075
f 4171/2373/4076 4168/2371/4073 4170/2372/4075
f 4172/2374/4077 4171/2373/4076 4170/2372/4075
f 4172/2374/4077 4173/2375/4068 4171/2373/4076
f 4173/2375/4068 4174/2376/4078 4171/2373/4076
f 4172/2374/4077 4175/2377/4070 4173/2375/4068
f 4175/2377/4070 4172/2374/4077 4176/2378/4079
f 4172/2374/4077 4177/2379/4080 4176/2378/4079
f 4178/2380/4081 770/761/760 4179/2381/4082
f 4178/2380/4081 2176/759/2140 770/761/760
f 4179/2381/4082 4180/2382/4083 4178/2380/4081
f 4179/2381/4082 4181/2383/4084 4180/2382/4083
f 4182/2384/4085 4180/2382/4083 4181/2383/4084
f 4180/2382/4083 4182/2384/4085 4183/2385/4086
f 4178/2380/4081 4180/2382/4083 4183/2385/4086
f 4178/2380/4081 4184/2386/4087 2176/759/2140
f 4184/2386/4087 4178/2380/4081 4183/2385/4086
f 4185/2387/4088 4184/2386/4087 4183/2385/4086
f 2176/759/2140 4184/2386/4087 2175/757/2139
f 4185/2387/4088 4186/2388/4089 4184/2386/4087
f 4184/2386/4087 4186/2388/4089 2175/757/2139
f 4187/2389/4090 4186/2388/4089 4185/2387/4088
f 4188/2390/4091 4186/2388/4089 4187/2389/4090
f 2175/757/2139 4186/2388/4089 4188/2390/4091
f 4188/2390/4091 4189/2391/4092 2175/757/2139
f 2175/757/2139 4189/2391/4092 4190/2392/4093
f 2175/757/2139 4190/2392/4093 2169/742/2134
f 4191/2393/4094 2169/742/2134 4190/2392/4093
f 4192/2394/4095 4191/2393/4094 4190/2392/4093
f 4191/2393/4094 756/747/746 2169/742/2134
f 4193/2395/4096 4191/2393/4094 4192/2394/4095
f 4191/2393/4094 4193/2395/4096 756/747/746
f 4179/2381/4082 770/761/760 4194/2380/4097
f 768/759/758 4194/2380/4097 770/761/760
f 4194/2380/4097 4195/2382/4098 4179/2381/4082
f 4181/2383/4084 4179/2381/4082 4195/2382/4098
f 4182/2384/4085 4181/2383/4084 4195/2382/4098
f 4183/2385/4086 4182/2384/4085 4195/2382/4098
f 4195/2382/4098 4194/2380/4097 4183/2385/4086
f 4196/2386/4099 4194/2380/4097 768/759/758
f 4196/2386/4099 4183/2385/4086 4194/2380/4097
f 4196/2386/4099 4185/2387/4088 4183/2385/4086
f 766/757/756 4196/2386/4099 768/759/758
f 4197/2388/4100 4185/2387/4088 4196/2386/4099
f 4197/2388/4100 4196/2386/4099 766/757/756
f 4197/2388/4100 4187/2389/4090 4185/2387/4088
f 4197/2388/4100 4188/2390/4091 4187/2389/4090
f 4188/2390/4091 4197/2388/4100 766/757/756
f 4188/2390/4091 766/757/756 4189/2391/4092
f 4190/2392/4093 4189/2391/4092 766/757/756
f 751/742/741 4190/2392/4093 766/757/756
f 751/742/741 4198/2393/4101 4190/2392/4093
f 4198/2393/4101 4192/2394/4095 4190/2392/4093
f 4198/2393/4101 751/742/741 756/747/746
f 4198/2393/4101 4193/2395/4096 4192/2394/4095
f 756/747/746 4193/2395/4096 4198/2393/4101
f 4199/2396/4102 4200/2397/4103 4201/2398/4104
f 4199/2396/4102 4202/2399/4105 4200/2397/4103
f 4200/2397/4103 4203/2400/4106 4201/2398/4104
f 4200/2397/4103 4202/2399/4105 4204/2401/4107
f 4200/2397/4103 4205/2402/4108 4203/2400/4106
f 4206/2403/4109 4203/2400/4106 4205/2402/4108
f 4207/2404/4110 4206/2403/4109 4205/2402/4108
f 4204/2401/4107 4208/2405/4111 4200/2397/4103
f 4205/2402/4108 4200/2397/4103 4208/2405/4111
f 4205/2402/4108 4209/2406/4112 4207/2404/4110
f 4209/2406/4112 4210/2407/4113 4207/2404/4110
f 4211/2408/4114 4210/2407/4113 4209/2406/4112
f 4212/2409/4115 4208/2405/4111 4204/2401/4107
f 4204/2401/4107 3592/2074/3080 4212/2409/4115
f 3590/2072/3518 4212/2409/4115 3592/2074/3080
f 4212/2409/4115 3590/2072/3518 3589/2410/4116
f 4213/2411/4117 4205/2402/4108 4208/2405/4111
f 4205/2402/4108 4213/2411/4117 4209/2406/4112
f 4208/2405/4111 4212/2409/4115 4214/2412/4118
f 4214/2412/4118 4213/2411/4117 4208/2405/4111
f 3589/2410/4116 4214/2412/4118 4212/2409/4115
f 4209/2406/4112 4213/2411/4117 4214/2412/4118
f 4215/2413/4119 4211/2408/4114 4209/2406/4112
f 4214/2412/4118 4215/2413/4119 4209/2406/4112
f 3589/2410/4116 4215/2413/4119 4214/2412/4118
f 3587/2068/4120 4211/2408/4114 4215/2413/4119
f 4216/2397/4121 4217/2396/4122 4218/2398/4123
f 4219/2399/4124 4217/2396/4122 4216/2397/4121
f 4220/2400/4125 4216/2397/4121 4218/2398/4123
f 4221/2401/4126 4219/2399/4124 4216/2397/4121
f 4222/2402/4127 4216/2397/4121 4220/2400/4125
f 4223/2403/4128 4222/2402/4127 4220/2400/4125
f 4222/2402/4127 4223/2403/4128 4224/2404/4129
f 4216/2397/4121 4225/2405/4130 4221/2401/4126
f 4216/2397/4121 4222/2402/4127 4225/2405/4130
f 4226/2406/4131 4222/2402/4127 4224/2404/4129
f 4227/2407/4132 4226/2406/4131 4224/2404/4129
f 4226/2406/4131 4227/2407/4132 4228/2408/4133
f 4225/2405/4130 4229/2409/4134 4221/2401/4126
f 3568/2074/3499 4221/2401/4126 4229/2409/4134
f 4229/2409/4134 3565/2072/3500 3568/2074/3499
f 3565/2072/3500 4229/2409/4134 3564/2410/4135
f 4222/2402/4127 4230/2411/4136 4225/2405/4130
f 4230/2411/4136 4222/2402/4127 4226/2406/4131
f 4229/2409/4134 4225/2405/4130 4231/2412/4137
f 4230/2411/4136 4231/2412/4137 4225/2405/4130
f 4229/2409/4134 4231/2412/4137 3564/2410/4135
f 4231/2412/4137 4230/2411/4136 4226/2406/4131
f 4228/2408/4133 4232/2413/4138 4226/2406/4131
f 4226/2406/4131 4232/2413/4138 4231/2412/4137
f 4232/2413/4138 3564/2410/4135 4231/2412/4137
f 4228/2408/4133 3561/2068/3493 4232/2413/4138
f 3563/2070/3495 3564/2410/4135 4232/2413/4138
f 4232/2413/4138 3561/2068/3493 3563/2070/3495
f 4233/2414/4139 4234/2415/4140 4235/2416/4141
f 4235/2416/4141 4234/2415/4140 4236/2417/4142
f 4237/2418/2805 4235/2416/4141 4236/2417/4142
f 4233/2414/4139 4235/2416/4141 4238/2419/4102
f 4235/2416/4141 4237/2418/2805 4239/2420/4143
f 4240/2421/4144 4238/2419/4102 4235/2416/4141
f 4239/2420/4143 4240/2421/4144 4235/2416/4141
f 4238/2419/4102 4240/2421/4144 4241/2422/4145
f 4239/2420/4143 4242/2423/4146 4240/2421/4144
f 4241/2422/4145 4240/2421/4144 4242/2423/4146
f 4243/2424/4147 4244/2425/4148 4245/2426/4149
f 4246/2427/4150 4244/2425/4148 4243/2424/4147
f 4244/2425/4148 4246/2427/4150 4247/2428/4151
f 4245/2426/4149 4244/2425/4148 4248/2429/4152
f 4247/2428/4151 4248/2429/4152 4244/2425/4148
f 4248/2429/4152 4249/2430/4153 4245/2426/4149
f 4248/2429/4152 4250/2431/4154 4249/2430/4153
f 4248/2429/4152 4247/2428/4151 4251/2432/4155
f 4250/2431/4154 4248/2429/4152 4251/2432/4155
f 4251/2432/4155 4247/2428/4151 4252/2433/4156
f 4251/2432/4155 4253/2434/4157 4250/2431/4154
f 4251/2432/4155 4252/2433/4156 4253/2434/4157
f 4254/2435/4158 4255/2436/4159 4256/2437/4160
f 4257/2438/4161 4255/2436/4159 4254/2435/4158
f 4254/2435/4158 4256/2437/4160 4258/2439/4162
f 4257/2438/4161 4254/2435/4158 4259/2440/4163
f 4260/2441/4164 4254/2435/4158 4258/2439/4162
f 4260/2441/4164 4259/2440/4163 4254/2435/4158
f 4260/2441/4164 4258/2439/4162 4261/2442/4165
f 4262/2443/4166 4259/2440/4163 4260/2441/4164
f 4260/2441/4164 4261/2442/4165 4263/2444/4167
f 4260/2441/4164 4264/2445/4168 4262/2443/4166
f 4263/2444/4167 4264/2445/4168 4260/2441/4164
f 4265/2446/4169 4266/2447/4170 4267/2448/4171
f 4266/2447/4170 4268/2449/4172 4267/2448/4171
f 4269/2450/4173 4266/2447/4170 4265/2446/4169
f 4269/2450/4173 4268/2449/4172 4266/2447/4170
f 4270/2451/4174 4271/2452/4175 4272/2453/4176
f 4272/2453/4176 4271/2452/4175 4273/2454/4177
f 4274/2455/4178 4270/2451/4174 4272/2453/4176
f 4274/2455/4178 4272/2453/4176 4273/2454/4177
f 4275/2415/4179 4276/2414/4180 4277/2416/4181
f 4275/2415/4179 4277/2416/4181 4278/2417/4182
f 4277/2416/4181 4279/2418/1539 4278/2417/4182
f 4277/2416/4181 4276/2414/4180 4280/2419/4183
f 4279/2418/1539 4277/2416/4181 4281/2420/4184
f 4280/2419/4183 4282/2421/4185 4277/2416/4181
f 4282/2421/4185 4281/2420/4184 4277/2416/4181
f 4282/2421/4185 4280/2419/4183 4283/2422/4186
f 4284/2423/4187 4281/2420/4184 4282/2421/4185
f 4282/2421/4185 4283/2422/4186 4284/2423/4187
f 4285/2424/4188 4286/2426/4189 4287/2425/4190
f 4287/2425/4190 4288/2427/4191 4285/2424/4188
f 4288/2427/4191 4287/2425/4190 4289/2428/4192
f 4290/2429/4193 4287/2425/4190 4286/2426/4189
f 4290/2429/4193 4289/2428/4192 4287/2425/4190
f 4286/2426/4189 4291/2430/4194 4290/2429/4193
f 4292/2431/4195 4290/2429/4193 4291/2430/4194
f 4289/2428/4192 4290/2429/4193 4293/2432/4196
f 4293/2432/4196 4290/2429/4193 4292/2431/4195
f 4289/2428/4192 4293/2432/4196 4294/2433/4191
f 4292/2431/4195 4295/2434/4197 4293/2432/4196
f 4294/2433/4191 4293/2432/4196 4295/2434/4197
f 4296/2436/4198 4297/2435/4199 4298/2437/4200
f 4296/2436/4198 4299/2438/4201 4297/2435/4199
f 4298/2437/4200 4297/2435/4199 4300/2439/4202
f 4297/2435/4199 4299/2438/4201 4301/2440/4203
f 4297/2435/4199 4302/2441/4204 4300/2439/4202
f 4297/2435/4199 4301/2440/4203 4302/2441/4204
f 4300/2439/4202 4302/2441/4204 4303/2442/4205
f 4301/2440/4203 4304/2443/4206 4302/2441/4204
f 4303/2442/4205 4302/2441/4204 4305/2444/4207
f 4306/2445/4208 4302/2441/4204 4304/2443/4206
f 4306/2445/4208 4305/2444/4207 4302/2441/4204
f 4307/2447/4209 4308/2446/4210 4309/2448/4211
f 4310/2449/4212 4307/2447/4209 4309/2448/4211
f 4307/2447/4209 4311/2450/4213 4308/2446/4210
f 4310/2449/4212 4311/2450/4213 4307/2447/4209
f 4312/2452/4214 4313/2451/4215 4314/2453/4216
f 4312/2452/4214 4314/2453/4216 4315/2454/4217
f 4313/2451/4215 4316/2455/4218 4314/2453/4216
f 4314/2453/4216 4316/2455/4218 4315/2454/4217
s 0
f 3599/2456/4219 3588/2456/4219 4318/2456/4219 4326/2456/4219
s 1
f 3589/2410/4116 3590/2072/3518 4320/2072/4220 4319/2410/4221
f 3600/2083/3526 3599/2092/3525 4326/2092/4222 4327/2083/4223
s 0
f 3588/2456/4224 3587/2456/4224 4317/2456/4224 4318/2456/4224
s 1
f 4215/2413/4119 3589/2410/4116 4319/2410/4221 4329/2413/4225
f 3595/2079/3522 3596/2080/3523 4323/2080/4226 4322/2079/4227
f 3590/2072/3518 3591/2071/3519 4321/2071/4228 4320/2072/4220
f 3587/2068/4120 4215/2413/4119 4329/2413/4225 4317/2068/4229
f 3598/2088/3530 3603/2086/3529 4328/2086/4230 4325/2088/4231
f 3591/2071/3519 3595/2079/3522 4322/2079/4227 4321/2071/4228
f 3603/2086/3529 3600/2083/3526 4327/2083/4223 4328/2086/4230
f 3596/2080/3523 3597/2091/3524 4324/2091/4232 4323/2080/4226
f 4327/2083/4223 4326/2092/4222 4330/2083/4233
f 4317/2068/4229 4329/2413/4225 4330/2068/4234
f 4329/2413/4225 4319/2410/4221 4330/2413/4234
f 4328/2086/4230 4327/2083/4223 4330/2086/4233
f 4325/2088/4231 4328/2086/4230 4330/2088/4233
f 4321/2071/4228 4322/2079/4227 4330/2071/4234
f 4320/2072/4220 4321/2071/4228 4330/2072/4234
f 4319/2410/4221 4320/2072/4220 4330/2410/4234
s 0
f 4326/2456/4219 4318/2456/4219 4330/2456/4219
f 4318/2456/4224 4317/2456/4224 4330/2456/4224
s 1
f 4322/2079/4227 4323/2080/4226 4330/2079/4234
f 4323/2080/4226 4324/2091/4232 4330/2080/4234
f 1181/1172/1165 1183/1174/1167 4333/1174/4235 4332/1172/4236
f 3582/2085/3512 3581/2084/3511 4346/2084/4237 4347/2085/4238
f 3567/2071/3501 3565/2072/3500 4338/2072/4239 4339/2071/4240
f 3583/2086/3513 3578/2088/3515 4344/2088/4241 4348/2086/4242
f 3560/2067/3492 3562/2069/3494 4335/2069/4243 4334/2067/4244
s 0
f 3577/2456/4245 3576/2456/4245 4342/2456/4245 4343/2456/4245
s 1
f 3574/2080/3507 3573/2079/3506 4340/2079/4246 4341/2080/4247
f 3573/2079/3506 3567/2071/3501 4339/2071/4240 4340/2079/4246
f 3581/2084/3511 3580/2083/3510 4345/2083/4248 4346/2084/4237
f 3565/2072/3500 3564/2410/4135 4337/2410/4249 4338/2072/4239
f 3563/2070/3495 3560/2067/3492 4334/2067/4244 4336/2070/4250
f 2/2/2 1181/1172/1165 4332/1172/4236 4331/2/4251
f 3580/2083/3510 3583/2086/3513 4348/2086/4242 4345/2083/4248
f 3564/2410/4135 3563/2070/3495 4336/2070/4250 4337/2410/4249
f 3576/2082/3509 3574/2080/3507 4341/2080/4247 4342/2082/4252
f 4339/2071/4240 4338/2072/4239 4349/2071/4253
s 0
f 4343/2456/4245 4342/2456/4245 4349/2456/4245
s 1
f 4341/2080/4247 4340/2079/4246 4349/2080/4253
f 4346/2084/4237 4345/2083/4248 4349/2084/4254
f 4334/2067/4244 4335/2069/4243 4349/2067/4253
f 4345/2083/4248 4348/2086/4242 4349/2083/4254
f 4336/2070/4250 4334/2067/4244 4349/2070/4253
f 4337/2410/4249 4336/2070/4250 4349/2410/4253
f 4342/2082/4252 4341/2080/4247 4349/2082/4253
f 4347/2085/4238 4346/2084/4237 4349/2085/4254
f 4348/2086/4242 4344/2088/4241 4349/2086/4254
f 4332/1172/4236 4333/1174/4235 4349/1172/4255
f 4340/2079/4246 4339/2071/4240 4349/2079/4253
f 4338/2072/4239 4337/2410/4249 4349/2072/4253
f 4331/2/4251 4332/1172/4236 4349/2/4255
