# Blender 5.2.1 LTS
# www.blender.org
mtllib EvoluedGodzilla.mtl
o Object_8
v 0.509181 2.929231 0.084797
v 0.454867 2.713857 0.157098
v 0.539786 2.876331 -0.056005
v -0.454867 2.713857 0.157098
v -0.509181 2.929231 0.084797
v -0.539786 2.876331 -0.056005
v 0.168211 0.750066 -2.974525
v 0.160072 0.707962 -3.121164
v 0.197679 0.796991 -3.087715
v 0.164405 0.864554 -2.727168
v 0.162371 0.958534 -2.549837
v 0.222358 0.944949 -2.721277
v -0.160072 0.707962 -3.121164
v -0.168211 0.750066 -2.974525
v -0.197679 0.796991 -3.087715
v -0.162371 0.958534 -2.549837
v -0.164405 0.864554 -2.727168
v -0.222358 0.944949 -2.721277
v -0.124986 0.496073 -6.243806
v -0.131722 0.503974 -6.273169
v -0.132430 0.478449 -6.209979
v 0.031570 0.287917 -6.049537
v 0.031525 0.271895 -6.060613
v 0.002019 0.299204 -6.030668
v 0.000000 4.264310 1.446436
v 0.000000 4.273799 1.379234
v 0.042521 4.266842 1.444393
v 0.057710 4.281760 1.377764
v 0.137818 4.300846 1.400562
v 0.000000 4.286931 1.337486
v 0.160821 4.317339 1.341361
v 0.051062 4.305514 1.329677
v 0.000000 4.290985 1.287555
v 0.054066 4.305820 1.277095
v 0.103506 4.321650 1.313597
v 0.119569 4.331491 1.237324
v 0.143900 4.331842 1.279078
v 0.174977 4.345978 1.308833
v 0.174694 4.358853 1.252387
v 0.159474 4.346150 1.213942
v 0.206736 4.369901 1.295241
v 0.229838 4.345563 1.290905
v 0.198360 4.403461 1.341174
v 0.176347 4.372213 1.374578
v 0.179813 4.387598 1.371428
v 0.200598 4.387778 1.239704
v 0.193730 4.374573 1.201951
v 0.219123 4.405341 1.192503
v 0.220865 4.399086 1.267129
v 0.232583 4.420678 1.231807
v 0.245140 4.461928 1.181991
v 0.243218 4.480676 1.229929
v 0.263561 4.530321 1.171896
v 0.257192 4.389017 1.281722
v 0.232309 4.417593 1.299538
v 0.231027 4.431375 1.269403
v 0.216256 4.399410 1.372098
v 0.178599 4.412929 1.395831
v 0.196774 4.428288 1.371514
v 0.210689 4.461135 1.359920
v 0.256115 4.547031 1.234982
v 0.266161 4.656236 1.169649
v 0.241146 4.637013 1.249186
v 0.255773 4.441192 1.294830
v 0.247414 4.468146 1.274521
v 0.237032 4.458154 1.307284
v 0.217336 4.424826 1.389698
v 0.195700 4.452100 1.383572
v 0.166617 4.442382 1.417228
v 0.142563 4.402967 1.433326
v 0.140971 4.448838 1.457390
v 0.191908 4.473353 1.399103
v 0.154588 4.472774 1.429614
v 0.130715 4.494616 1.456354
v 0.111319 4.449749 1.473469
v 0.106160 4.491730 1.490794
v 0.075183 4.470153 1.480462
v 0.077421 4.449472 1.480673
v 0.174174 4.500933 1.419463
v 0.153327 4.491524 1.467641
v 0.207805 4.503848 1.375689
v 0.189008 4.523760 1.435334
v 0.160686 4.517444 1.478798
v 0.210746 4.540559 1.391310
v 0.205013 4.559280 1.439361
v 0.222514 4.569935 1.407748
v 0.223472 4.594975 1.351671
v 0.229621 4.558479 1.337228
v 0.236515 4.510075 1.305707
v 0.225520 4.489515 1.332113
v 0.255125 4.472908 1.316286
v 0.235359 4.481449 1.309358
v 0.276535 4.481705 1.271862
v 0.233442 4.499354 1.271133
v 0.256492 4.522893 1.258573
v 0.237092 4.536764 1.304012
v 0.286169 4.541331 1.264469
v 0.245510 4.560942 1.283268
v 0.230018 4.605052 1.294544
v 0.222345 4.619096 1.315554
v 0.218476 4.654240 1.306562
v 0.251373 4.657091 1.275197
v 0.233929 4.669179 1.252554
v 0.272690 4.674042 1.233342
v 0.223670 4.689192 1.223132
v 0.210809 4.684658 1.273298
v 0.240732 4.659264 1.222875
v 0.196721 4.723646 1.217884
v 0.191923 4.713852 1.292740
v 0.189453 4.761595 1.169011
v 0.184388 4.757507 1.244889
v 0.344492 3.205738 -0.678054
v 0.263389 3.179958 -0.724369
v 0.252685 3.243647 -0.763044
v 0.298834 3.294636 -0.744756
v 0.280749 3.326512 -0.824703
v 0.410908 3.237919 -0.576227
v 0.351137 3.403059 -0.711044
v 0.291980 3.357318 -0.786224
v 0.305857 3.385729 -0.787310
v 0.382312 3.381241 -0.490454
v 0.363857 3.490737 -0.793398
v 0.373924 3.563602 -0.723604
v 0.322883 3.439903 -0.844684
v 0.360481 3.513263 -0.908830
v 0.347525 3.474820 -0.912239
v 0.368133 3.533343 -1.000240
v 0.362110 3.552984 -0.903911
v 0.369589 3.557008 -0.821246
v 0.367014 3.603543 -0.858510
v 0.383169 3.620607 -0.809585
v 0.405922 3.684588 -0.859894
v 0.381063 3.653826 -0.907112
v 0.377511 3.500430 -0.630174
v 0.388979 3.675474 -0.742625
v 0.422018 3.722225 -0.915124
v 0.395729 3.687327 -0.955542
v 0.409924 3.737586 -0.822716
v 0.437988 3.741977 -1.012162
v 0.412068 3.711990 -1.024637
v 0.430197 3.731889 -1.101788
v 0.423510 3.768871 -1.011993
v 0.409690 3.769490 -0.906949
v 0.403824 3.770083 -0.856444
v 0.412533 3.794863 -0.843296
v 0.381268 3.761928 -0.796292
v 0.360520 3.711536 -0.730959
v 0.367260 3.654608 -0.657199
v 0.352352 3.726429 -0.670986
v 0.357511 3.738172 -0.639113
v 0.358964 3.765177 -0.664137
v 0.338670 3.738608 -0.626830
v 0.336522 3.654763 -0.575698
v 0.318403 3.645171 -0.544064
v 0.353074 3.602660 -0.600578
v 0.343836 3.578304 -0.543131
v 0.324160 3.625377 -0.514248
v 0.321071 3.706618 -0.520063
v 0.293285 3.602675 -0.489015
v 0.336865 3.564774 -0.502925
v 0.351911 3.522787 -0.419460
v 0.274168 3.611469 -0.438676
v 0.252906 3.126734 -0.757171
v 0.300515 3.066611 -0.779722
v 0.274210 3.177210 -0.816570
v 0.268251 3.145468 -0.857849
v 0.290142 3.098881 -0.880468
v 0.298341 2.986816 -0.821889
v 0.312757 3.148612 -0.992626
v 0.302968 3.261813 -1.011082
v 0.304948 3.215694 -1.048965
v 0.306999 2.994515 -1.014370
v 0.289362 2.795152 -0.935376
v 0.333812 3.137681 -1.117923
v 0.322953 3.217167 -1.103407
v 0.273103 2.884850 -1.115328
v 0.183506 2.714788 -1.127058
v 0.248732 2.853201 -1.177511
v 0.321139 3.003190 -1.210817
v 0.318913 3.014651 -1.307769
v 0.315120 3.104138 -1.239806
v 0.359755 3.233643 -1.271684
v 0.349031 3.280685 -1.268900
v 0.341330 3.191511 -1.313613
v 0.384530 3.287585 -1.499834
v 0.298439 4.162998 0.040392
v 0.339272 4.179365 0.013519
v 0.321543 4.121748 0.030977
v 0.308571 4.178627 0.075530
v 0.319019 4.170651 0.121549
v 0.319019 4.170651 0.121549
v 0.368866 4.225344 0.104053
v 0.341976 4.158658 0.204205
v 0.314606 4.235208 0.247940
v 0.341218 4.114250 0.106482
v 0.321543 4.121748 0.030977
v 0.339272 4.179365 0.013519
v 0.319019 4.170651 0.121549
v 0.314606 4.235208 0.247940
v 0.364239 4.305687 0.249488
v 0.339498 4.227813 0.320670
v 0.293796 4.294425 0.394715
v 0.401538 3.945069 0.039690
v 0.392087 3.992568 0.021174
v 0.474051 4.024246 0.019045
v 0.375231 4.046850 0.136077
v 0.401538 3.945069 0.039690
v 0.474051 4.024246 0.019045
v 0.397515 3.964869 0.099283
v 0.375231 4.046850 0.136077
v 0.274469 4.259977 -0.142724
v 0.249293 4.190818 -0.137389
v 0.144161 4.280679 -0.035148
v 0.211752 4.341140 -0.082872
v 0.273563 4.348013 -0.188513
v 0.298236 4.330594 -0.209096
v 0.308293 4.373836 -0.247221
v 0.289563 4.370955 -0.172177
v 0.262119 4.418953 -0.121535
v 0.319341 4.439418 -0.217321
v 0.311014 4.471066 -0.211770
v 0.349500 4.491757 -0.259047
v 0.329639 4.516545 -0.219291
v 0.314016 4.542140 -0.186250
v 0.363998 4.590977 -0.279592
v 0.284582 4.479039 -0.116981
v 0.266256 4.483621 -0.023608
v 0.207140 4.403223 0.048282
v 0.139947 4.391329 0.133174
v 0.351843 4.610620 -0.274955
v 0.388101 4.638684 -0.340574
v 0.361858 4.620894 -0.259994
v 0.329634 4.563129 -0.156435
v 0.314024 4.525093 -0.095986
v 0.306150 4.509128 -0.041496
v 0.311321 4.541586 -0.034241
v 0.242584 4.425060 0.094803
v 0.229093 4.437407 0.129877
v 0.205374 4.426863 0.174791
v 0.191368 4.458228 0.203343
v 0.129883 4.472077 0.226961
v 0.205198 4.521855 0.182163
v 0.060214 4.436382 0.197839
v 0.089623 4.364456 0.104520
v 0.065459 4.316771 -0.002538
v 0.055684 4.257600 -0.071600
v 0.048714 4.488554 0.257975
v 0.082823 4.516731 0.257851
v 0.167234 4.546120 0.202129
v 0.211683 4.566381 0.167286
v 0.243904 4.558020 0.136583
v 0.227851 4.598140 0.176145
v 0.147904 4.590198 0.220311
v 0.203560 4.643440 0.207874
v 0.291313 4.724605 0.157863
v 0.219398 4.654615 0.273429
v 0.152019 4.607810 0.269344
v 0.090871 4.578952 0.315586
v 0.176684 4.637032 0.339783
v 0.103888 4.603880 0.431180
v 0.249293 4.190818 -0.137389
v 0.181589 4.157923 -0.127033
v 0.144161 4.280679 -0.035148
v 0.105314 4.160306 -0.163413
v 0.143888 4.042474 -0.223250
v 0.045587 4.209368 -0.118786
v 0.055684 4.257600 -0.071600
v 0.000000 4.248806 -0.114251
v 0.062331 4.295990 -0.187584
v 0.000000 4.359076 -0.147186
v 0.085821 4.047027 -0.230704
v 0.143042 3.946158 -0.292242
v 0.030908 4.415060 -0.216951
v 0.000000 4.502601 -0.187364
v 0.038195 4.312890 -0.326223
v 0.028305 4.487603 -0.340310
v 0.000000 4.488895 -0.235311
v 0.000000 4.600926 -0.355346
v 0.079370 4.232515 -0.254976
v 0.027916 4.106662 -0.351332
v 0.061774 4.109565 -0.304420
v 0.044570 4.007630 -0.364435
v 0.055012 3.931711 -0.326765
v 0.090404 3.824584 -0.411066
v 0.185176 3.806152 -0.380090
v 0.009329 4.601060 -0.371048
v 0.000000 4.632974 -0.393414
v 0.000000 4.603818 -0.390747
v 0.018139 4.560801 -0.395509
v 0.015461 4.585481 -0.454770
v 0.000000 4.669721 -0.481131
v 0.000000 4.651870 -0.501893
v 0.026313 4.498338 -0.410771
v 0.054732 3.946173 -0.468056
v 0.134117 3.689840 -0.491472
v 0.210351 3.718620 -0.420738
v 0.023667 4.398145 -0.426453
v 0.080784 3.885351 -0.543396
v 0.186778 3.626418 -0.462525
v 0.265786 3.691247 -0.431709
v 0.274168 3.611469 -0.438676
v 0.245936 3.570654 -0.514107
v 0.293285 3.602675 -0.489015
v 0.155027 3.524376 -0.564264
v 0.206327 3.467642 -0.579328
v 0.101238 3.375959 -0.654217
v 0.042224 3.567042 -0.795224
v 0.086962 3.705698 -0.668696
v 0.073845 3.963996 -0.689628
v 0.182029 3.344840 -0.631391
v 0.097629 3.181396 -0.719553
v 0.202115 3.228155 -0.690580
v 0.000000 3.252195 -0.768603
v 0.000000 3.312127 -0.754022
v 0.000000 3.453671 -0.816334
v 0.000000 3.524279 -0.886483
v 0.000000 3.540867 -0.944954
v 0.000000 3.610796 -0.940182
v 0.056525 3.781820 -0.810760
v 0.037843 3.746886 -0.946407
v 0.000000 3.686815 -0.992653
v 0.063969 3.928393 -0.822383
v 0.052628 4.057251 -0.820642
v 0.014707 3.804533 -1.107248
v 0.000000 3.766135 -1.123770
v 0.000000 3.831073 -1.198228
v 0.000000 3.832273 -1.105084
v 0.000000 3.857380 -1.067047
v 0.025135 3.818358 -1.015513
v 0.022291 3.918796 -1.010628
v 0.000000 3.913837 -1.076694
v 0.028184 4.048927 -0.992841
v 0.016311 4.003364 -1.092827
v 0.000000 3.964223 -1.131524
v 0.000000 4.022349 -1.181823
v 0.000000 4.056250 -1.093555
v 0.000000 4.094436 -1.052654
v 0.028172 4.134248 -1.000585
v 0.000000 4.140040 -1.066628
v 0.026249 4.232714 -1.056240
v 0.000000 4.165192 -1.118817
v 0.022341 4.277225 -1.151901
v 0.000000 4.196862 -1.173933
v 0.000000 4.291297 -1.341949
v 0.034770 4.195446 -0.947816
v 0.010796 4.320393 -1.339931
v 0.000000 4.319808 -1.430778
v 0.000000 4.348356 -1.332351
v 0.000000 4.371745 -1.173126
v 0.000000 4.371050 -1.084069
v 0.017255 4.316288 -1.089194
v 0.000000 4.335559 -1.075892
v 0.019898 4.307148 -1.038072
v 0.000000 4.340350 -1.043957
v 0.016392 4.333996 -0.995779
v 0.000000 4.398327 -0.974925
v 0.000000 4.341993 -0.935967
v 0.013793 4.304197 -0.943404
v 0.027709 4.241325 -0.852158
v 0.013618 4.322016 -0.874833
v 0.000000 4.390302 -0.828979
v 0.000000 4.265637 -0.814121
v 0.023978 4.233299 -0.779956
v 0.000000 4.268367 -0.785311
v 0.022510 4.174284 -0.645554
v 0.015317 4.325565 -0.724886
v 0.000000 4.333659 -0.752817
v 0.000000 4.371266 -0.706219
v 0.000000 4.278620 -0.678168
v 0.018945 4.237260 -0.701168
v 0.017538 4.249700 -0.647723
v 0.000000 4.307623 -0.609316
v 0.000000 4.189723 -0.595576
v 0.023833 4.146072 -0.583720
v 0.042533 3.997308 -0.540420
v 0.011418 4.212320 -0.503569
v 0.000000 4.239570 -0.531880
v 0.000000 4.247792 -0.476123
v 0.000000 4.118715 -0.484950
v 0.025307 4.116632 -0.533147
v 0.000000 4.020710 -0.453920
v 0.000000 4.036656 -0.408595
v 0.000000 4.080288 -0.443610
v 0.000000 4.120499 -0.403038
v 0.000000 4.208147 -0.417005
v 0.000000 4.254734 -0.449535
v 0.018483 4.311417 -0.439983
v 0.000000 4.322220 -0.527035
v 0.000000 4.356943 -0.461402
v 0.000000 4.456187 -0.596970
v 0.000000 4.460134 -0.469371
v 0.000000 4.498298 -0.503673
v 0.019910 4.545745 -0.492692
v 0.000000 4.520060 -0.560948
v 0.012305 4.602175 -0.519705
v 0.007935 4.539840 -0.562729
v 0.000000 4.553006 -0.631895
v 0.000000 4.562936 -0.571419
v 0.008482 4.652424 -0.613900
v 0.000000 4.679609 -0.620822
v 0.000000 4.616323 -0.635091
v 0.000000 4.700562 -0.761663
v 0.181589 4.157923 -0.127033
v 0.249293 4.190818 -0.137389
v 0.274601 4.194096 -0.200739
v 0.225142 4.136939 -0.272608
v 0.340125 4.258283 -0.299498
v 0.143888 4.042474 -0.223250
v 0.328960 4.224854 -0.308466
v 0.233496 4.044945 -0.370183
v 0.143042 3.946158 -0.292242
v 0.294179 4.168478 -0.341255
v 0.318550 4.092649 -0.435200
v 0.350048 4.236978 -0.349714
v 0.334924 4.216953 -0.385391
v 0.380343 4.276832 -0.404977
v 0.265906 3.917156 -0.431656
v 0.185176 3.806152 -0.380090
v 0.340343 3.991112 -0.502201
v 0.350725 3.920067 -0.559465
v 0.294924 3.837855 -0.485908
v 0.291735 3.758029 -0.502325
v 0.210351 3.718620 -0.420738
v 0.265786 3.691247 -0.431709
v 0.362334 4.037702 -0.507285
v 0.406390 4.118847 -0.561391
v 0.385892 4.161439 -0.543715
v 0.440330 4.165500 -0.630021
v 0.432157 4.199973 -0.599529
v 0.374295 4.209821 -0.500894
v 0.419465 4.252107 -0.578898
v 0.461751 4.271504 -0.656590
v 0.453518 4.306463 -0.653597
v 0.498372 4.334448 -0.729148
v 0.467572 4.327653 -0.629365
v 0.432502 4.295464 -0.543200
v 0.388867 4.258374 -0.437278
v 0.376133 4.263753 -0.420681
v 0.399814 4.283684 -0.446700
v 0.319019 4.170651 0.121549
v 0.319208 4.212461 0.132442
v 0.368866 4.225344 0.104053
v 0.314606 4.235208 0.247940
v 0.314606 4.235208 0.247940
v 0.297965 4.297049 0.288189
v 0.364239 4.305687 0.249488
v 0.293796 4.294425 0.394715
v 0.194532 4.673569 1.361625
v 0.257337 4.638086 1.332514
v 0.208398 4.724645 1.377627
v 0.171708 4.746996 1.309103
v 0.234015 4.618741 1.359111
v 0.204511 4.639074 1.388470
v 0.254183 4.615038 1.377258
v 0.236658 4.603004 1.398091
v 0.207876 4.621922 1.414430
v 0.247334 4.595419 1.412608
v 0.224803 4.590820 1.437298
v 0.236505 4.582168 1.462425
v 0.212625 4.582712 1.475404
v 0.200216 4.604894 1.457444
v 0.223948 4.666735 1.402279
v 0.192982 4.609702 1.481363
v 0.218793 4.568644 1.494978
v 0.174023 4.582761 1.541072
v 0.211658 4.627376 1.459087
v 0.144952 4.623155 1.512124
v 0.126422 4.616312 1.536254
v 0.130362 4.600145 1.587365
v 0.101420 4.614882 1.563747
v 0.099508 4.602032 1.602819
v 0.213110 4.698411 1.395836
v 0.171918 4.665555 1.438104
v 0.199276 4.698025 1.384856
v 0.183523 4.732626 1.387523
v 0.148981 4.659605 1.468014
v 0.155827 4.688476 1.464189
v 0.162413 4.704410 1.429356
v 0.137084 4.646461 1.508746
v 0.144504 4.667716 1.491181
v 0.138676 4.630709 1.517895
v 0.128389 4.647817 1.521230
v 0.178381 4.754785 1.373398
v 0.193576 4.778760 1.321720
v 0.109449 4.791453 1.370364
v 0.209272 4.807796 1.234999
v 0.199744 4.788808 1.167211
v 0.113121 4.804223 1.310270
v 0.116036 4.815689 1.231610
v 0.143704 4.807642 1.174057
v 0.097638 4.814396 1.167102
v 0.204395 4.759912 1.387297
v 0.163864 4.754878 1.395165
v 0.174119 4.738145 1.415334
v 0.149069 4.737548 1.434689
v 0.189076 4.740718 1.431114
v 0.161131 4.720290 1.452651
v 0.025907 4.843566 1.270269
v 0.040670 4.840138 1.223766
v 0.042178 4.822704 1.305631
v 0.054828 4.835820 1.163937
v 0.052277 4.829293 1.159438
v 0.000000 4.849968 1.156980
v 0.000000 4.875199 1.164002
v 0.000000 4.848816 1.235803
v 0.013000 4.848797 1.239136
v 0.000000 4.872779 1.231165
v 0.000000 4.828297 1.344231
v 0.015857 4.825438 1.348633
v 0.000000 4.840365 1.349726
v 0.000000 4.772210 1.476816
v 0.097769 4.758848 1.446292
v 0.009745 4.759578 1.478647
v 0.087593 4.729485 1.514553
v 0.000000 4.728247 1.543807
v 0.146002 4.723186 1.473219
v 0.185417 4.727221 1.465896
v 0.167253 4.706503 1.486609
v 0.139880 4.707869 1.506359
v 0.160425 4.679752 1.488930
v 0.145077 4.672218 1.514344
v 0.138542 4.658385 1.505705
v 0.132143 4.655122 1.516349
v 0.177791 4.706522 1.497825
v 0.160312 4.697179 1.513951
v 0.141418 4.699480 1.531022
v 0.126905 4.656733 1.536692
v 0.170550 4.700938 1.522584
v 0.151862 4.687212 1.539319
v 0.137283 4.692667 1.549311
v 0.134860 4.668407 1.542125
v 0.072435 4.699830 1.565702
v 0.154508 4.687363 1.552840
v 0.142274 4.681273 1.572953
v 0.060376 4.675221 1.600453
v 0.000000 4.678109 1.598060
v 0.034525 4.656300 1.621818
v 0.000000 4.659734 1.615792
v 0.000000 4.648584 1.622800
v 0.121829 4.686608 1.564587
v 0.026513 4.638289 1.625440
v 0.000000 4.632944 1.641719
v 0.028102 4.625260 1.643893
v 0.049280 4.633464 1.629458
v 0.052789 4.622869 1.642243
v 0.079270 4.613108 1.642036
v 0.069545 4.631035 1.611537
v 0.073102 4.650602 1.633550
v 0.084314 4.618938 1.580562
v 0.083230 4.667662 1.615678
v 0.106520 4.672986 1.594134
v 0.114940 4.677695 1.582056
v 0.129018 4.674745 1.574339
v 0.120973 4.662220 1.560397
v 0.106051 4.651941 1.582468
v 0.129369 4.676721 1.583328
v 0.115037 4.666440 1.589527
v 0.116570 4.655250 1.549083
v 0.118124 4.672586 1.603567
v 0.107330 4.667549 1.606527
v 0.105019 4.649860 1.555554
v 0.115814 4.651644 1.547149
v 0.125541 4.651840 1.536084
v 0.108478 4.672617 1.616892
v 0.087327 4.660213 1.623362
v 0.085915 4.644858 1.603557
v 0.075296 4.630407 1.581190
v 0.091017 4.640487 1.566330
v 0.085440 4.622651 1.556456
v 0.094578 4.639683 1.554779
v 0.105327 4.622745 1.549644
v 0.107111 4.645281 1.551425
v 0.100127 4.635309 1.551896
v 0.122774 4.621012 1.533928
v 0.114109 4.650026 1.545850
v 0.121560 4.650773 1.534166
v 0.106500 4.645044 1.548228
v 0.123349 4.647493 1.522732
v 0.103161 4.638335 1.547133
v 0.124266 4.641340 1.526790
v 0.109633 4.633698 1.546984
v 0.109608 4.635450 1.544921
v 0.118323 4.632557 1.541449
v 0.116635 4.634739 1.540030
v 0.121659 4.636844 1.532113
v 0.124862 4.635610 1.533298
v 0.127614 4.640775 1.525976
v 0.000000 4.248806 -0.114251
v 0.000000 4.424922 -0.146621
v 0.055684 4.257600 -0.071600
v 0.000000 4.419805 -0.120642
v 0.037503 4.395444 -0.045280
v 0.065459 4.316771 -0.002538
v 0.024853 4.515699 -0.091157
v 0.000000 4.493916 -0.145289
v 0.000000 4.575052 -0.198947
v 0.059698 4.448316 0.063796
v 0.089623 4.364456 0.104520
v 0.060214 4.436382 0.197839
v 0.032008 4.524840 0.165566
v 0.048714 4.488554 0.257975
v 0.025501 4.549766 -0.019659
v 0.005480 4.590279 -0.194405
v 0.000000 4.603906 -0.220178
v 0.000000 4.611156 -0.185094
v 0.017174 4.592657 -0.127736
v 0.020162 4.621678 0.046066
v 0.019983 4.642570 -0.078384
v 0.016226 4.648195 -0.147594
v 0.010544 4.671796 -0.201899
v 0.000000 4.654121 -0.227901
v 0.000000 4.699891 -0.271063
v 0.000000 4.715337 -0.248310
v 0.011536 4.726258 -0.179103
v 0.007473 4.794000 -0.257859
v 0.000000 4.779697 -0.269388
v 0.000000 4.848772 -0.334592
v 0.000000 4.815331 -0.248776
v 0.000000 4.777184 -0.180294
v 0.000000 4.746382 -0.091837
v 0.013496 4.695161 -0.017409
v 0.000000 4.823917 -0.107233
v 0.000000 4.731547 0.001630
v 0.000000 4.674133 0.086231
v 0.000000 4.590254 0.151579
v 0.004632 4.596743 0.157408
v 0.000000 4.614192 0.153621
v 0.000000 4.593182 0.171370
v 0.000000 4.554714 0.182723
v 0.023712 4.546131 0.216691
v 0.000000 4.553658 0.203390
v 0.000000 4.580853 0.192263
v 0.028713 4.596272 0.247669
v 0.000000 4.600462 0.192002
v 0.000000 4.617513 0.217866
v 0.046636 4.561383 0.277836
v 0.082823 4.516731 0.257851
v 0.090871 4.578952 0.315586
v 0.054213 4.605711 0.331857
v 0.103888 4.603880 0.431180
v 0.029728 4.665662 0.365003
v 0.018029 4.682555 0.255167
v 0.000000 4.666478 0.220233
v 0.037494 4.652566 0.299580
v 0.020971 4.703031 0.323105
v 0.000000 4.722708 0.338522
v 0.000000 4.740949 0.310216
v 0.012237 4.723104 0.287470
v 0.000000 4.738962 0.295275
v 0.009725 4.768226 0.248394
v 0.000000 4.778576 0.260479
v 0.000000 4.816494 0.228363
v 0.012125 4.696563 0.214402
v 0.000000 4.666307 0.203054
v 0.000000 4.679975 0.163699
v 0.000000 4.725965 0.165318
v 0.016575 4.754489 0.217093
v 0.012362 4.793132 0.186092
v 0.000000 4.766513 0.146720
v 0.000000 4.894964 0.097519
v 0.000000 4.806016 0.203206
v 0.000000 4.806994 0.214554
v 0.003860 4.813657 0.219319
v 0.000000 4.834001 0.202653
v 0.183248 3.084109 -0.781114
v 0.252906 3.126734 -0.757171
v 0.274210 3.177210 -0.816570
v 0.268251 3.145468 -0.857849
v 0.226277 3.105344 -0.884574
v 0.138594 2.908444 -0.960282
v 0.256897 3.146976 -1.002320
v 0.302968 3.261813 -1.011082
v 0.304948 3.215694 -1.048965
v 0.218454 3.028016 -1.018083
v 0.274434 3.152525 -1.118777
v 0.322953 3.217167 -1.103407
v 0.222352 2.897738 -1.120801
v 0.183506 2.714788 -1.127058
v 0.248732 2.853201 -1.177511
v 0.275448 3.012730 -1.206805
v 0.318913 3.014651 -1.307769
v 0.315120 3.104138 -1.239806
v 0.323254 3.238451 -1.278056
v 0.349031 3.280685 -1.268900
v 0.341330 3.191511 -1.313613
v 0.384530 3.287585 -1.499834
v 0.263389 3.179958 -0.724369
v 0.202115 3.228155 -0.690580
v 0.252685 3.243647 -0.763044
v 0.238403 3.315080 -0.765354
v 0.280749 3.326512 -0.824703
v 0.182029 3.344840 -0.631391
v 0.250765 3.436662 -0.727908
v 0.291980 3.357318 -0.786224
v 0.305857 3.385729 -0.787310
v 0.206327 3.467642 -0.579328
v 0.298129 3.487408 -0.791970
v 0.282744 3.577488 -0.734562
v 0.322883 3.439903 -0.844684
v 0.236155 3.507984 -0.649514
v 0.268586 3.598550 -0.601471
v 0.245936 3.570654 -0.514107
v 0.342218 3.509279 -0.913580
v 0.347525 3.474820 -0.912239
v 0.368133 3.533343 -1.000240
v 0.362110 3.552984 -0.903911
v 0.322267 3.561300 -0.828463
v 0.367014 3.603543 -0.858510
v 0.326054 3.639162 -0.805034
v 0.291063 3.628166 -0.519638
v 0.293285 3.602675 -0.489015
v 0.321071 3.706618 -0.520063
v 0.318403 3.645171 -0.544064
v 0.306187 3.654930 -0.583802
v 0.338670 3.738608 -0.626830
v 0.317810 3.669899 -0.675949
v 0.334744 3.739708 -0.650555
v 0.358964 3.765177 -0.664137
v 0.352352 3.726429 -0.670986
v 0.360520 3.711536 -0.730959
v 0.333703 3.686289 -0.746568
v 0.381268 3.761928 -0.796292
v 0.365833 3.747483 -0.834384
v 0.412533 3.794863 -0.843296
v 0.403824 3.770083 -0.856444
v 0.371421 3.718853 -0.930319
v 0.409690 3.769490 -0.906949
v 0.423510 3.768871 -1.011993
v 0.352149 3.689329 -0.872175
v 0.381063 3.653826 -0.907112
v 0.395729 3.687327 -0.955542
v 0.397733 3.737390 -1.020515
v 0.430197 3.731889 -1.101788
v 0.412068 3.711990 -1.024637
v 0.202115 3.228155 -0.690580
v 0.263389 3.179958 -0.724369
v 0.252906 3.126734 -0.757171
v 0.183248 3.084109 -0.781114
v 0.097629 3.181396 -0.719553
v 0.099821 3.104291 -0.809320
v 0.000000 3.252195 -0.768603
v 0.000000 3.294405 -0.822912
v 0.072864 2.919955 -0.969759
v 0.138594 2.908444 -0.960282
v 0.021082 3.336357 -0.887894
v 0.000000 3.460031 -0.870527
v 0.000000 3.393045 -0.905086
v 0.000000 3.422765 -0.987192
v 0.053518 3.081324 -1.066432
v 0.031137 3.355178 -1.059722
v 0.027921 3.157853 -1.278918
v 0.000000 3.013978 -1.232536
v 0.000000 2.941061 -1.175459
v 0.000000 3.073420 -1.359142
v 0.000000 2.884783 -1.153937
v 0.000000 3.105741 -1.348653
v 0.056012 2.735107 -1.101068
v 0.183506 2.714788 -1.127058
v 0.000000 2.848200 -1.177863
v 0.113377 2.655355 -1.182672
v 0.011497 3.596318 -1.127266
v 0.000000 3.628925 -1.086238
v 0.000000 3.674784 -1.135846
v 0.000000 3.580903 -1.190980
v 0.029745 3.473154 -1.238150
v 0.027077 3.352990 -1.396946
v 0.000000 3.595065 -1.244322
v 0.028451 3.536812 -1.311738
v 0.000000 3.718410 -1.364096
v 0.000000 3.672148 -1.412057
v 0.039350 2.795297 -1.217949
v 0.042178 2.762532 -1.385339
v 0.094876 2.615213 -1.275158
v 0.040782 2.575570 -1.452302
v 0.086977 2.508847 -1.323500
v 0.000000 2.442643 -1.394893
v 0.000000 2.409452 -1.532020
v 0.000000 2.546370 -1.572621
v 0.019382 2.903229 -1.249221
v 0.000000 2.933818 -1.201372
v 0.000000 2.964427 -1.227208
v 0.000000 2.958978 -1.286888
v 0.012544 2.938363 -1.344192
v 0.000000 3.011568 -1.330251
v 0.000000 2.989658 -1.417944
v 0.032310 2.882425 -1.515896
v 0.000000 3.131163 -1.654972
v 0.000000 3.045827 -1.662522
v 0.026702 2.667018 -1.623020
v 0.000000 2.655385 -1.861562
v 0.000000 2.753399 -1.689082
v 0.027573 2.777325 -1.615603
v 0.000000 2.826307 -1.727691
v 0.024719 2.930568 -1.668169
v 0.000000 3.029643 -2.044993
v 0.077099 4.426012 1.495962
v 0.123554 4.432474 1.485572
v 0.128495 4.373366 1.465267
v 0.100522 4.400654 1.521970
v 0.072296 4.401557 1.522897
v 0.092183 4.369998 1.559371
v 0.065352 4.379782 1.544393
v 0.118377 4.352707 1.495858
v 0.069792 4.372981 1.586881
v 0.052485 4.370551 1.568781
v 0.047391 4.361798 1.601352
v 0.084158 4.357327 1.602262
v 0.060773 4.357146 1.634835
v 0.043812 4.353889 1.626888
v 0.030230 4.343800 1.657272
v 0.098513 4.330890 1.544394
v 0.084398 4.320351 1.591444
v 0.091374 4.280479 1.516275
v 0.106563 4.292398 1.469167
v 0.079100 4.275764 1.571246
v 0.073830 4.311097 1.626853
v 0.067370 4.348606 1.637687
v 0.054550 4.342470 1.667246
v 0.042426 4.350919 1.664654
v 0.029055 4.346279 1.678201
v 0.000000 4.340204 1.666163
v 0.000000 4.343812 1.679661
v 0.000000 4.340435 1.693916
v 0.032543 4.337801 1.687034
v 0.000000 4.325040 1.692781
v 0.058786 4.300102 1.664516
v 0.033150 4.286413 1.673308
v 0.000000 4.282223 1.677246
v 0.039147 4.248193 1.637989
v 0.000000 4.243446 1.644981
v 0.062687 4.258247 1.626199
v 0.009662 4.235369 1.635498
v 0.000000 4.241062 1.613608
v 0.022264 4.240668 1.630477
v 0.025347 4.239155 1.613007
v 0.000000 4.252682 1.557175
v 0.034532 4.232471 1.612622
v 0.039584 4.240474 1.612504
v 0.073363 4.267191 1.603459
v 0.051379 4.236722 1.592741
v 0.038321 4.252606 1.562594
v 0.062357 4.253674 1.585875
v 0.079335 4.254856 1.558770
v 0.073030 4.268668 1.553358
v 0.038982 4.264504 1.506416
v 0.000000 4.263010 1.506433
v 0.160416 4.356968 1.398559
v 0.167813 4.339720 1.351994
v 0.000000 4.387882 1.534351
v 0.000000 4.374807 1.540092
v 0.014802 4.390353 1.523422
v 0.022860 4.373093 1.527197
v 0.023622 4.399799 1.482000
v 0.055302 4.396078 1.475460
v 0.034224 4.407447 1.458900
v 0.053440 4.418811 1.450645
v 0.031722 4.374843 1.547976
v 0.018519 4.361839 1.580390
v 0.000000 4.357712 1.582434
v 0.000000 4.342143 1.620644
v 0.053186 4.368404 1.521585
v 0.072296 4.401557 1.522897
v 0.077099 4.426012 1.495962
v 0.059638 4.435719 1.457647
v 0.077421 4.449472 1.480673
v 0.065352 4.379782 1.544393
v 0.063651 4.452419 1.461067
v 0.052485 4.370551 1.568781
v 0.075183 4.470153 1.480462
v 0.043996 4.357522 1.557447
v 0.041309 4.342855 1.590492
v 0.047391 4.361798 1.601352
v 0.031982 4.337356 1.616618
v 0.043812 4.353889 1.626888
v 0.030230 4.343800 1.657272
v 0.009069 4.355106 1.630031
v 0.020384 4.338634 1.645160
v 0.004101 4.345525 1.645914
v 0.000000 4.329086 1.643318
v 0.005885 4.335486 1.652777
v 0.000000 4.340204 1.666163
v 0.039188 4.391641 1.324955
v 0.000000 4.384243 1.325328
v 0.000000 4.428973 1.349333
v 0.032737 4.431695 1.352175
v 0.052473 4.393331 1.330791
v 0.000000 4.459836 1.411994
v 0.051456 4.442178 1.371081
v 0.034777 4.461274 1.420409
v 0.000000 4.462990 1.464056
v 0.054048 4.452276 1.420024
v 0.037250 4.465424 1.471836
v 0.000000 4.453003 1.522463
v 0.063651 4.452419 1.461067
v 0.035291 4.453640 1.524186
v 0.000000 4.430483 1.565130
v 0.064121 4.451972 1.484460
v 0.059638 4.435719 1.457647
v 0.050804 4.422781 1.475491
v 0.053440 4.418811 1.450645
v 0.034224 4.407447 1.458900
v 0.023622 4.399799 1.482000
v 0.043914 4.414149 1.507283
v 0.014802 4.390353 1.523422
v 0.035584 4.405184 1.546706
v 0.000000 4.387882 1.534351
v 0.000000 4.388810 1.549656
v 0.057591 4.441453 1.519383
v 0.044473 4.427010 1.553693
v 0.015567 4.387103 1.588376
v 0.000000 4.382963 1.589184
v 0.023635 4.395900 1.599637
v 0.021079 4.406972 1.599570
v 0.000000 4.412570 1.598130
v 0.011500 4.393400 1.631734
v 0.000000 4.393309 1.636502
v 0.000000 4.400980 1.634564
v 0.011965 4.400567 1.629808
v 0.175904 4.548568 1.495236
v 0.144956 4.568799 1.536413
v 0.149978 4.539393 1.531533
v 0.141980 4.497372 1.512898
v 0.108174 4.471879 1.561167
v 0.113034 4.535779 1.597352
v 0.103063 4.475312 1.593203
v 0.126236 4.475071 1.496756
v 0.114388 4.473231 1.520973
v 0.097145 4.482127 1.519130
v 0.093806 4.467013 1.561179
v 0.089669 4.472485 1.590376
v 0.083097 4.470226 1.630744
v 0.096390 4.476009 1.634354
v 0.070602 4.470306 1.667840
v 0.089577 4.476661 1.673254
v 0.059950 4.467985 1.699998
v 0.107754 4.535029 1.638042
v 0.071915 4.477313 1.708341
v 0.041823 4.465021 1.720270
v 0.099718 4.531248 1.682135
v 0.044099 4.476727 1.744107
v 0.078935 4.526836 1.724960
v 0.088446 4.571913 1.685120
v 0.017126 4.468541 1.732613
v 0.013770 4.467095 1.724401
v 0.011788 4.462411 1.724329
v 0.000000 4.461583 1.729183
v 0.000000 4.479073 1.747670
v 0.045695 4.526816 1.749337
v 0.000000 4.527785 1.758698
v 0.022395 4.580066 1.754444
v 0.000000 4.578751 1.755682
v 0.021864 4.601936 1.734993
v 0.041301 4.603895 1.733139
v 0.000000 4.602795 1.737139
v 0.000000 4.614296 1.702525
v 0.023792 4.610180 1.704050
v 0.000000 4.619346 1.671884
v 0.027222 4.618950 1.680823
v 0.048151 4.587148 1.747088
v 0.045002 4.615510 1.708612
v 0.062795 4.629625 1.658654
v 0.065004 4.574612 1.735840
v 0.071748 4.582382 1.714448
v 0.060030 4.596869 1.732127
v 0.070674 4.602491 1.687628
v 0.095327 4.579072 1.639704
v 0.063886 4.597047 1.718157
v 0.057372 4.605906 1.746157
v 0.060234 4.616098 1.723320
v 0.060079 4.624218 1.700472
v 0.058513 4.619401 1.696707
v 0.061796 4.627543 1.687156
v 0.058716 4.622301 1.680159
v 0.068923 4.614100 1.668255
v 0.064498 4.620986 1.650316
v 0.101717 4.577894 1.600421
v 0.118569 4.562840 1.574417
v 0.000000 4.461583 1.729183
v 0.000000 4.487792 1.712856
v 0.011788 4.462411 1.724329
v 0.013770 4.467095 1.724401
v 0.032969 4.485095 1.710921
v 0.041823 4.465021 1.720270
v 0.026953 4.479133 1.686259
v 0.000000 4.481839 1.635717
v 0.056932 4.476702 1.642489
v 0.049948 4.487832 1.693875
v 0.059950 4.467985 1.699998
v 0.070602 4.470306 1.667840
v 0.062499 4.492404 1.658490
v 0.083097 4.470226 1.630744
v 0.072094 4.492240 1.625419
v 0.089669 4.472485 1.590376
v 0.077359 4.492648 1.589186
v 0.093806 4.467013 1.561179
v 0.023079 4.473048 1.595105
v 0.000000 4.527767 1.590497
v 0.000000 4.501047 1.551026
v 0.081132 4.490047 1.554551
v 0.097145 4.482127 1.519130
v 0.066590 4.478750 1.572383
v 0.013165 4.490932 1.546093
v 0.086411 4.506002 1.499855
v 0.106160 4.491730 1.490794
v 0.069245 4.481632 1.502831
v 0.038205 4.479502 1.476926
v 0.000000 4.536980 1.459374
v 0.026326 4.481451 1.446436
v 0.054048 4.452276 1.420024
v 0.000000 4.539982 1.349271
v 0.036346 4.479785 1.381049
v 0.051456 4.442178 1.371081
v 0.032281 4.474828 1.314759
v 0.000000 4.476931 1.284587
v 0.047721 4.405028 1.275655
v 0.000000 4.407234 1.235030
v 0.013562 4.340776 1.686518
v 0.012891 4.343629 1.680456
v 0.008692 4.359135 1.689342
v 0.007274 4.341350 1.689725
v 0.003372 4.344598 1.681971
v 0.012891 4.343629 1.680456
v 0.030520 4.340456 1.682565
v 0.029085 4.342335 1.677606
v 0.025772 4.356029 1.682973
v 0.025747 4.340793 1.684059
v 0.023295 4.342592 1.679078
v 0.029085 4.342335 1.677606
v 0.038605 4.353329 1.674219
v 0.037156 4.342058 1.673464
v 0.038329 4.341234 1.678363
v 0.042170 4.341465 1.677409
v 0.041486 4.343421 1.673154
v 0.037156 4.342058 1.673464
v 0.045261 4.372164 1.668105
v 0.045084 4.338657 1.655666
v 0.042904 4.337482 1.662965
v 0.051482 4.335156 1.660775
v 0.050652 4.339778 1.651443
v 0.045084 4.338657 1.655666
v 0.061613 4.357205 1.662471
v 0.055681 4.330480 1.652561
v 0.055408 4.329896 1.657462
v 0.060117 4.328271 1.656264
v 0.061140 4.330164 1.650626
v 0.055681 4.330480 1.652561
v 0.080231 4.359938 1.623159
v 0.069682 4.347248 1.619751
v 0.070557 4.346307 1.624706
v 0.075048 4.344221 1.622147
v 0.073451 4.346325 1.617224
v 0.069682 4.347248 1.619751
v 0.080093 4.370406 1.599702
v 0.072018 4.362243 1.595097
v 0.074205 4.359114 1.602530
v 0.081342 4.358837 1.598705
v 0.079401 4.360613 1.592010
v 0.072018 4.362243 1.595097
v 0.086262 4.373962 1.558255
v 0.081402 4.371962 1.561943
v 0.086943 4.384634 1.566900
v 0.087938 4.371350 1.564188
v 0.083991 4.369954 1.568335
v 0.081402 4.371962 1.561943
v 0.081749 4.395998 1.546589
v 0.078809 4.385808 1.536060
v 0.082073 4.383135 1.544804
v 0.087502 4.384786 1.541301
v 0.084807 4.387314 1.534014
v 0.078809 4.385808 1.536060
v 0.095471 4.478503 1.561142
v 0.101101 4.446099 1.558740
v 0.099630 4.476156 1.575458
v 0.106395 4.480239 1.557077
v 0.101702 4.474532 1.547384
v 0.095471 4.478503 1.561142
v 0.065610 4.440773 1.685190
v 0.066440 4.474320 1.701947
v 0.064733 4.476162 1.692159
v 0.072003 4.475359 1.697016
v 0.070525 4.475353 1.683384
v 0.064733 4.476162 1.692159
v 0.049660 4.451604 1.711364
v 0.045955 4.478808 1.720725
v 0.048625 4.476840 1.714089
v 0.053512 4.477278 1.721192
v 0.056704 4.478217 1.712309
v 0.048625 4.476840 1.714089
v 0.037694 4.466273 1.722623
v 0.037916 4.483813 1.721915
v 0.049811 4.482186 1.728852
v 0.049753 4.465852 1.726950
v 0.038150 4.444646 1.726878
v 0.042781 4.467395 1.737603
v 0.042021 4.485021 1.738691
v 0.031203 4.467674 1.731092
v 0.037694 4.466273 1.722623
v 0.031264 4.485540 1.733177
v 0.037916 4.483813 1.721915
v 0.012793 4.475277 1.736229
v 0.018313 4.472490 1.737312
v 0.010607 4.464477 1.739772
v 0.018088 4.476599 1.743247
v 0.010291 4.476042 1.742852
v 0.012793 4.475277 1.736229
v 0.000000 4.105755 1.162942
v 0.000000 4.020528 1.114904
v 0.083934 4.036840 1.075281
v 0.088110 4.104222 1.114843
v 0.000000 4.171827 1.215009
v 0.161936 4.054324 1.038989
v 0.081078 4.210460 1.190352
v 0.160664 4.135510 1.084128
v 0.148838 4.177200 1.125238
v 0.000000 3.930735 1.077647
v 0.103184 3.947505 1.052626
v 0.215466 3.940387 1.017050
v 0.258571 4.034709 1.002057
v 0.337534 3.986588 1.006627
v 0.301252 3.906098 1.029961
v 0.377194 3.895030 1.044503
v 0.398392 3.960175 1.012094
v 0.438633 4.024676 0.964152
v 0.385125 4.061151 0.904680
v 0.488384 4.044851 0.820071
v 0.248362 4.102866 1.009813
v 0.332376 4.145689 0.936493
v 0.436931 4.092138 0.800160
v 0.228644 4.146011 1.053933
v 0.489813 4.118494 0.720142
v 0.502264 4.031623 0.652990
v 0.383246 4.192159 0.818691
v 0.288653 4.178517 1.005960
v 0.345131 4.279676 0.862777
v 0.236653 4.149232 1.066372
v 0.263407 4.209697 1.011477
v 0.187197 4.213295 1.109358
v 0.144853 4.211246 1.148184
v 0.309211 4.320073 0.925233
v 0.290657 4.216030 1.026553
v 0.176836 4.281734 1.176886
v 0.132108 4.294419 1.212822
v 0.248523 4.270787 1.074616
v 0.283048 4.349170 1.026930
v 0.307022 4.372843 0.834163
v 0.294482 4.385304 0.907995
v 0.335768 4.322379 0.771692
v 0.294413 4.414476 1.011691
v 0.268843 4.371619 1.117335
v 0.281552 4.437514 1.125817
v 0.247240 4.349335 1.126516
v 0.211885 4.314730 1.145422
v 0.400335 4.221139 0.726535
v 0.263487 4.398510 1.144134
v 0.245140 4.461928 1.181991
v 0.219123 4.405341 1.192503
v 0.277043 4.357385 1.132973
v 0.268598 4.332901 1.152043
v 0.193730 4.374573 1.201951
v 0.243757 4.292296 1.162439
v 0.192210 4.281862 1.193745
v 0.159474 4.346150 1.213942
v 0.119569 4.331491 1.237324
v 0.067126 4.248618 1.259013
v 0.000000 4.232257 1.273546
v 0.000000 4.290985 1.287555
v 0.054066 4.305820 1.277095
v 0.511588 3.002843 0.149501
v 0.545000 3.129236 -0.031950
v 0.566130 3.194901 0.014377
v 0.547344 3.131757 0.233171
v 0.598148 3.366381 0.135439
v 0.396103 2.962620 0.237855
v 0.574573 3.304307 0.321155
v 0.591220 3.547004 0.245332
v 0.450032 3.100775 0.310264
v 0.413652 2.831833 0.197445
v 0.600674 3.469700 0.421616
v 0.555506 3.662709 0.324835
v 0.381205 2.729987 0.163152
v 0.331542 2.551578 0.151036
v 0.251101 2.711927 0.212705
v 0.221327 2.437866 0.097905
v 0.262223 2.813481 0.269956
v 0.288826 2.912621 0.335516
v 0.122455 2.677663 0.276958
v 0.113756 2.427312 0.135170
v 0.122509 2.787251 0.352700
v 0.000000 2.656848 0.315393
v 0.000000 2.409578 0.171254
v 0.000000 2.768067 0.402990
v 0.000000 2.912256 0.495341
v 0.140655 2.908367 0.437608
v 0.377040 3.021898 0.361775
v 0.139820 3.000646 0.534843
v 0.000000 2.975472 0.558579
v 0.308178 3.036935 0.484622
v 0.403315 3.110588 0.437900
v 0.133428 3.031940 0.652539
v 0.000000 3.005969 0.677522
v 0.311594 3.078281 0.610398
v 0.518198 3.266694 0.398814
v 0.388464 3.134666 0.546583
v 0.548296 3.412002 0.488286
v 0.451467 3.254854 0.532881
v 0.373951 3.203946 0.722685
v 0.061703 3.076837 0.825497
v 0.000000 3.095661 0.810261
v 0.000000 3.212957 0.963873
v 0.298400 3.144907 0.759221
v 0.046556 3.198373 0.971927
v 0.000000 3.239455 0.970736
v 0.181586 3.105559 0.790737
v 0.173703 3.248993 0.933519
v 0.075061 3.237918 0.954244
v 0.279611 3.301581 0.929820
v 0.075856 3.255984 0.991143
v 0.000000 3.264672 0.980610
v 0.000000 3.339741 0.992233
v 0.168949 3.276980 0.935220
v 0.172484 3.301221 0.967809
v 0.085413 3.350875 1.023856
v 0.000000 3.477968 1.033860
v 0.086618 3.483150 1.058487
v 0.000000 3.606400 1.065339
v 0.195128 3.382218 1.009046
v 0.250582 3.346489 0.969695
v 0.087328 3.610271 1.082346
v 0.000000 3.726398 1.057881
v 0.256501 3.331121 0.931165
v 0.321271 3.394752 0.968428
v 0.208058 3.506706 1.046803
v 0.338852 3.385043 0.928353
v 0.343638 3.446256 0.994250
v 0.361260 3.353969 0.891895
v 0.375200 3.423858 0.921855
v 0.422109 3.303367 0.682232
v 0.401530 3.419493 0.843401
v 0.408663 3.469772 0.954150
v 0.438693 3.480724 0.932611
v 0.334295 3.534840 1.051329
v 0.505328 3.389450 0.560669
v 0.400157 3.545752 1.020102
v 0.563725 3.446581 0.512840
v 0.614595 3.590742 0.497895
v 0.550058 3.768968 0.468281
v 0.615226 3.721469 0.550419
v 0.663846 3.802565 0.612605
v 0.589806 3.873237 0.539792
v 0.604916 3.949009 0.648202
v 0.669944 3.871882 0.703521
v 0.518431 3.411703 0.572138
v 0.583289 3.996480 0.837368
v 0.659395 3.926823 0.843585
v 0.611107 3.905197 0.981392
v 0.527375 3.956205 0.971103
v 0.489920 3.911300 1.022638
v 0.540451 3.827329 1.042243
v 0.452176 3.856238 1.052041
v 0.496298 3.748761 1.071969
v 0.353279 3.805435 1.066388
v 0.426980 3.780017 1.066656
v 0.422908 3.698944 1.054631
v 0.480698 3.651508 1.049168
v 0.348880 3.721661 1.043880
v 0.425809 3.627820 1.050294
v 0.470721 3.544898 1.006726
v 0.371965 3.628996 1.056604
v 0.281208 3.823579 1.034383
v 0.284963 3.717370 1.059837
v 0.200658 3.837890 1.032561
v 0.309753 3.625769 1.062339
v 0.198763 3.720280 1.054808
v 0.087197 3.842102 1.032858
v 0.000000 3.843597 1.030348
v 0.083435 3.732883 1.068014
v 0.205191 3.619795 1.064418
v 0.435078 3.547040 1.002211
v 0.466623 3.475637 0.942579
v 0.469095 3.420562 0.860672
v 0.437847 3.436285 0.845033
v 0.472008 3.416095 0.747104
v 0.431662 3.400841 0.736955
v 0.453146 3.432395 0.743531
v 0.472519 3.426484 0.671681
v 0.489321 3.418778 0.676725
v 0.457787 3.389318 0.661904
v 0.526548 3.025762 -0.141346
v 0.572767 2.989450 -0.461239
v 0.518022 3.240421 -0.274629
v 0.509776 3.144385 -0.353261
v 0.453381 3.195403 -0.477893
v 0.474951 3.034800 -0.585677
v 0.532967 3.325051 -0.217595
v 0.435605 3.290000 -0.402232
v 0.410908 3.237919 -0.576227
v 0.370014 3.009086 -0.783542
v 0.382312 3.381241 -0.490454
v 0.344492 3.205738 -0.678054
v 0.443697 3.414082 -0.315554
v 0.351911 3.522787 -0.419460
v 0.547228 3.493295 -0.090212
v 0.300515 3.066611 -0.779722
v 0.298341 2.986816 -0.821889
v 0.252906 3.126734 -0.757171
v 0.263389 3.179958 -0.724369
v 0.443008 3.588348 -0.193591
v 0.540984 3.656605 0.041038
v 0.357420 3.672745 -0.321076
v 0.274168 3.611469 -0.438676
v 0.265786 3.691247 -0.431709
v 0.486775 3.764301 0.103939
v 0.427263 3.763913 -0.076433
v 0.319003 3.768120 -0.399127
v 0.291735 3.758029 -0.502325
v 0.294924 3.837855 -0.485908
v 0.498226 3.814783 0.341115
v 0.361512 3.854902 -0.207581
v 0.332642 3.907383 -0.432005
v 0.350725 3.920067 -0.559465
v 0.340343 3.991112 -0.502201
v 0.350497 3.881217 -0.341924
v 0.366929 4.024025 -0.384787
v 0.362334 4.037702 -0.507285
v 0.484041 3.961570 0.429930
v 0.354041 3.980562 -0.284479
v 0.555136 4.045507 0.537585
v 0.463137 4.093113 0.604295
v 0.483349 4.105802 0.489325
v 0.405910 4.039157 0.291310
v 0.400798 4.222957 0.625790
v 0.436321 3.893111 0.192866
v 0.416065 4.143106 0.525336
v 0.368215 4.248588 0.482191
v 0.325713 4.318266 0.642330
v 0.320250 4.373628 0.715551
v 0.325857 4.333655 0.586329
v 0.289696 4.366210 0.450943
v 0.383156 4.342451 0.622905
v 0.253879 4.447005 0.556382
v 0.245138 4.520817 0.672677
v 0.430059 3.854064 0.016710
v 0.358363 3.933456 -0.102514
v 0.317314 3.926452 -0.169383
v 0.318359 3.983054 -0.152309
v 0.371091 3.973532 -0.032655
v 0.397515 3.964869 0.099283
v 0.401538 3.945069 0.039690
v 0.375231 4.046850 0.136077
v 0.392087 3.992568 0.021174
v 0.351129 4.048532 -0.049954
v 0.351483 4.061671 0.027637
v 0.341218 4.114250 0.106482
v 0.321543 4.121748 0.030977
v 0.378993 4.089502 0.211614
v 0.397761 4.164159 0.373838
v 0.341976 4.158658 0.204205
v 0.319019 4.170651 0.121549
v 0.339498 4.227813 0.320670
v 0.314606 4.235208 0.247940
v 0.293796 4.294425 0.394715
v 0.233054 4.376885 0.313946
v 0.297965 4.297049 0.288189
v 0.288983 4.240150 0.236502
v 0.319208 4.212461 0.132442
v 0.244529 4.324975 0.208332
v 0.214559 4.443542 0.259216
v 0.284517 4.289980 0.140521
v 0.217895 4.456180 0.381643
v 0.244904 4.386430 0.170904
v 0.306391 4.308623 0.054522
v 0.268450 4.374226 0.095689
v 0.205374 4.426863 0.174791
v 0.229093 4.437407 0.129877
v 0.242584 4.425060 0.094803
v 0.191368 4.458228 0.203343
v 0.296478 4.426043 0.015328
v 0.311321 4.541586 -0.034241
v 0.306150 4.509128 -0.041496
v 0.211731 4.521845 0.239365
v 0.205198 4.521855 0.182163
v 0.206963 4.559149 0.310223
v 0.221707 4.561644 0.197149
v 0.243904 4.558020 0.136583
v 0.227851 4.598140 0.176145
v 0.224334 4.609395 0.246123
v 0.291313 4.724605 0.157863
v 0.219398 4.654615 0.273429
v 0.176684 4.637032 0.339783
v 0.103888 4.603880 0.431180
v 0.165891 4.538169 0.444690
v 0.237378 4.451965 0.434532
v 0.239762 4.459258 0.477753
v 0.293060 4.477261 0.427443
v 0.238706 4.502349 0.536981
v 0.253931 4.529555 0.511999
v 0.101438 4.701152 0.585253
v 0.211185 4.591220 0.638051
v 0.040238 4.694287 0.457670
v 0.042289 4.745368 0.550299
v 0.029728 4.665662 0.365003
v 0.028037 4.748556 0.391101
v 0.000000 4.722708 0.338522
v 0.020201 4.821417 0.357506
v 0.014204 4.860734 0.425973
v 0.000000 4.794114 0.298426
v 0.000000 4.845741 0.272816
v 0.212228 4.620481 0.620448
v 0.124980 4.736578 0.580106
v 0.018866 4.810176 0.474472
v 0.010637 4.849586 0.331349
v 0.000000 4.876137 0.312650
v 0.013830 4.895960 0.326013
v 0.000000 4.948381 0.297614
v 0.016319 4.896217 0.363826
v 0.000000 4.918551 0.386360
v 0.009310 4.904053 0.402754
v 0.000000 4.931514 0.391330
v 0.000000 4.912056 0.425486
v 0.000000 4.879502 0.454369
v 0.000000 4.833901 0.491300
v 0.000000 4.828257 0.516740
v 0.024383 4.794641 0.527358
v 0.019772 4.828920 0.571469
v 0.038434 4.783729 0.598402
v 0.068265 4.772164 0.696859
v 0.015726 4.885964 0.549033
v 0.000000 4.887382 0.507641
v 0.000000 4.949067 0.479143
v 0.031142 4.815035 0.658000
v 0.011220 4.942749 0.523392
v 0.000000 4.950770 0.488127
v 0.000000 5.021334 0.479986
v 0.000000 4.966034 0.553710
v 0.000000 4.890150 0.601672
v 0.000000 4.859264 0.626573
v 0.000000 4.856288 0.644576
v 0.017952 4.859780 0.698711
v 0.000000 4.897456 0.649054
v 0.032518 4.808936 0.719994
v 0.071441 4.799293 0.819235
v 0.128970 4.757118 0.713081
v 0.019657 4.906646 0.681892
v 0.000000 4.937312 0.642500
v 0.011295 4.950168 0.660130
v 0.000000 4.989247 0.619505
v 0.000000 4.966029 0.683814
v 0.017389 4.914052 0.703458
v 0.000000 4.924809 0.726885
v 0.015380 4.874102 0.735093
v 0.000000 4.892270 0.752908
v 0.000000 4.857158 0.786691
v 0.015968 4.833166 0.774622
v 0.025842 4.825789 0.818691
v 0.017584 4.851090 0.885027
v 0.000000 4.852904 0.825061
v 0.000000 4.945811 0.800628
v 0.000000 4.880041 0.927559
v 0.017957 4.845434 0.974194
v 0.000000 4.858375 0.978722
v 0.000000 4.848641 1.023554
v 0.015913 4.847146 1.044501
v 0.000000 4.876839 1.011311
v 0.000000 4.855538 1.061152
v 0.067521 4.815492 0.977876
v 0.061611 4.830727 1.076304
v 0.026718 4.848262 1.088892
v 0.000000 4.852118 1.111140
v 0.018485 4.852857 1.121717
v 0.000000 4.866416 1.122752
v 0.000000 4.849968 1.156980
v 0.052277 4.829293 1.159438
v 0.097638 4.814396 1.167102
v 0.073171 4.808254 0.894474
v 0.105033 4.799103 0.987886
v 0.107450 4.807727 1.073012
v 0.153628 4.778308 1.075772
v 0.143704 4.807642 1.174057
v 0.199744 4.788808 1.167211
v 0.135355 4.799973 0.890605
v 0.211422 4.739833 0.924702
v 0.212230 4.778722 1.060267
v 0.193002 4.743860 1.074436
v 0.189453 4.761595 1.169011
v 0.202381 4.709969 0.945226
v 0.124252 4.774372 0.813488
v 0.203986 4.672117 0.855354
v 0.233019 4.616810 0.972676
v 0.232703 4.584865 0.869202
v 0.210586 4.700250 0.837505
v 0.215789 4.629437 0.752183
v 0.243868 4.559897 0.774627
v 0.223032 4.660872 0.723299
v 0.228330 4.634235 0.626078
v 0.321153 4.485466 1.024560
v 0.320180 4.436141 0.902712
v 0.331222 4.397250 0.798596
v 0.266161 4.656236 1.169649
v 0.227448 4.639172 1.082317
v 0.263561 4.530321 1.171896
v 0.285221 4.523148 1.099303
v 0.298439 4.162998 0.040392
v 0.320428 4.088707 -0.025203
v 0.273527 4.111793 -0.078534
v 0.309014 4.038767 -0.112991
v 0.305450 4.143187 -0.206581
v 0.343042 4.053686 -0.232195
v 0.344673 4.085998 -0.322064
v 0.336129 4.159172 -0.298867
v 0.389775 4.095507 -0.441411
v 0.370384 4.147275 -0.397602
v 0.418080 4.157656 -0.520651
v 0.406390 4.118847 -0.561391
v 0.440330 4.165500 -0.630021
v 0.432157 4.199973 -0.599529
v 0.406605 4.208233 -0.474768
v 0.438978 4.248904 -0.553443
v 0.461751 4.271504 -0.656590
v 0.361941 4.194022 -0.362825
v 0.473040 4.302259 -0.642135
v 0.498372 4.334448 -0.729148
v 0.467572 4.327653 -0.629365
v 0.432502 4.295464 -0.543200
v 0.388867 4.258374 -0.437278
v 0.328960 4.224854 -0.308466
v 0.340125 4.258283 -0.299498
v 0.274601 4.194096 -0.200739
v 0.249293 4.190818 -0.137389
v 0.350048 4.236978 -0.349714
v 0.391729 4.262132 -0.411702
v 0.399814 4.283684 -0.446700
v 0.380343 4.276832 -0.404977
v 0.295757 4.206865 -0.010741
v 0.274469 4.259977 -0.142724
v 0.310064 4.231462 0.069147
v 0.308571 4.178627 0.075530
v 0.307821 4.304962 -0.076763
v 0.300444 4.340972 -0.163016
v 0.298236 4.330594 -0.209096
v 0.308293 4.373836 -0.247221
v 0.289563 4.370955 -0.172177
v 0.318381 4.392323 -0.054929
v 0.319364 4.429164 -0.131354
v 0.319341 4.439418 -0.217321
v 0.311744 4.459997 -0.029845
v 0.331587 4.490416 -0.104210
v 0.314024 4.525093 -0.095986
v 0.334223 4.464663 -0.202942
v 0.349500 4.491757 -0.259047
v 0.329639 4.516545 -0.219291
v 0.331713 4.501926 -0.170917
v 0.344409 4.541231 -0.178878
v 0.329634 4.563129 -0.156435
v 0.361858 4.620894 -0.259994
v 0.371955 4.605616 -0.267806
v 0.363998 4.590977 -0.279592
v 0.388101 4.638684 -0.340574
v 0.169309 2.420999 -1.361062
v 0.086977 2.508847 -1.323500
v 0.094876 2.615213 -1.275158
v 0.162611 2.700794 -1.347059
v 0.269952 2.812654 -1.638737
v 0.226398 2.774147 -1.389517
v 0.168596 2.728029 -1.279074
v 0.113377 2.655355 -1.182672
v 0.241634 2.844464 -1.308179
v 0.183506 2.714788 -1.127058
v 0.202031 2.750359 -1.240756
v -0.042521 4.266842 1.444393
v -0.057710 4.281760 1.377764
v -0.137818 4.300846 1.400562
v -0.160821 4.317339 1.341361
v -0.051062 4.305514 1.329677
v -0.054066 4.305820 1.277095
v -0.103506 4.321650 1.313597
v -0.119569 4.331491 1.237324
v -0.143900 4.331842 1.279078
v -0.174977 4.345978 1.308833
v -0.174694 4.358853 1.252387
v -0.159474 4.346150 1.213942
v -0.206736 4.369901 1.295241
v -0.229838 4.345563 1.290905
v -0.198360 4.403461 1.341174
v -0.176347 4.372213 1.374578
v -0.179813 4.387598 1.371428
v -0.200598 4.387778 1.239704
v -0.193730 4.374573 1.201951
v -0.219123 4.405341 1.192503
v -0.220865 4.399086 1.267129
v -0.232583 4.420678 1.231807
v -0.245140 4.461928 1.181991
v -0.243218 4.480676 1.229929
v -0.263561 4.530321 1.171896
v -0.257192 4.389017 1.281722
v -0.232309 4.417593 1.299538
v -0.231027 4.431375 1.269403
v -0.256115 4.547031 1.234982
v -0.266161 4.656236 1.169649
v -0.241146 4.637013 1.249186
v -0.196774 4.428288 1.371514
v -0.210689 4.461135 1.359920
v -0.216256 4.399410 1.372098
v -0.178599 4.412929 1.395831
v -0.255773 4.441192 1.294830
v -0.247414 4.468146 1.274521
v -0.237032 4.458154 1.307284
v -0.217336 4.424826 1.389698
v -0.195700 4.452100 1.383572
v -0.166617 4.442382 1.417228
v -0.142563 4.402967 1.433326
v -0.140971 4.448838 1.457390
v -0.191908 4.473353 1.399103
v -0.154588 4.472774 1.429614
v -0.130715 4.494616 1.456354
v -0.111319 4.449749 1.473469
v -0.106160 4.491730 1.490794
v -0.075183 4.470153 1.480462
v -0.077421 4.449472 1.480673
v -0.174174 4.500933 1.419463
v -0.153327 4.491524 1.467641
v -0.207805 4.503848 1.375689
v -0.189008 4.523760 1.435334
v -0.160686 4.517444 1.478798
v -0.210746 4.540559 1.391310
v -0.205013 4.559280 1.439361
v -0.222514 4.569935 1.407748
v -0.223472 4.594975 1.351671
v -0.229621 4.558479 1.337228
v -0.236515 4.510075 1.305707
v -0.225520 4.489515 1.332113
v -0.255125 4.472908 1.316286
v -0.235359 4.481449 1.309358
v -0.276535 4.481705 1.271862
v -0.233442 4.499354 1.271133
v -0.256492 4.522893 1.258573
v -0.237092 4.536764 1.304012
v -0.286169 4.541331 1.264469
v -0.245510 4.560942 1.283268
v -0.230018 4.605052 1.294544
v -0.222345 4.619096 1.315554
v -0.218476 4.654240 1.306562
v -0.251373 4.657091 1.275197
v -0.233929 4.669179 1.252554
v -0.272690 4.674042 1.233342
v -0.223670 4.689192 1.223132
v -0.210809 4.684658 1.273298
v -0.240732 4.659264 1.222875
v -0.196721 4.723646 1.217884
v -0.191923 4.713852 1.292740
v -0.189453 4.761595 1.169011
v -0.184388 4.757507 1.244889
v -0.252685 3.243647 -0.763044
v -0.263389 3.179958 -0.724369
v -0.344492 3.205738 -0.678054
v -0.298834 3.294636 -0.744756
v -0.280749 3.326512 -0.824703
v -0.410908 3.237919 -0.576227
v -0.351137 3.403059 -0.711044
v -0.291980 3.357318 -0.786224
v -0.305857 3.385729 -0.787310
v -0.382312 3.381241 -0.490454
v -0.363857 3.490737 -0.793398
v -0.373924 3.563602 -0.723604
v -0.322883 3.439903 -0.844684
v -0.360481 3.513263 -0.908830
v -0.347525 3.474820 -0.912239
v -0.368133 3.533343 -1.000240
v -0.362110 3.552984 -0.903911
v -0.369589 3.557008 -0.821246
v -0.367014 3.603543 -0.858510
v -0.383169 3.620607 -0.809585
v -0.405922 3.684588 -0.859894
v -0.381063 3.653826 -0.907112
v -0.377511 3.500430 -0.630174
v -0.388979 3.675474 -0.742625
v -0.422018 3.722225 -0.915124
v -0.395729 3.687327 -0.955542
v -0.409924 3.737586 -0.822716
v -0.437988 3.741977 -1.012162
v -0.412068 3.711990 -1.024637
v -0.430197 3.731889 -1.101788
v -0.423510 3.768871 -1.011993
v -0.409690 3.769490 -0.906949
v -0.403824 3.770083 -0.856444
v -0.412533 3.794863 -0.843296
v -0.381268 3.761928 -0.796292
v -0.360520 3.711536 -0.730959
v -0.367260 3.654608 -0.657199
v -0.352352 3.726429 -0.670986
v -0.357511 3.738172 -0.639113
v -0.358964 3.765177 -0.664137
v -0.338670 3.738608 -0.626830
v -0.336522 3.654763 -0.575698
v -0.318403 3.645171 -0.544064
v -0.353074 3.602660 -0.600578
v -0.343836 3.578304 -0.543131
v -0.324160 3.625377 -0.514248
v -0.321071 3.706618 -0.520063
v -0.293285 3.602675 -0.489015
v -0.336865 3.564774 -0.502925
v -0.351911 3.522787 -0.419460
v -0.274168 3.611469 -0.438676
v -0.300515 3.066611 -0.779722
v -0.252906 3.126734 -0.757171
v -0.274210 3.177210 -0.816570
v -0.268251 3.145468 -0.857849
v -0.290142 3.098881 -0.880468
v -0.298341 2.986816 -0.821889
v -0.312757 3.148612 -0.992626
v -0.302968 3.261813 -1.011082
v -0.304948 3.215694 -1.048965
v -0.306999 2.994515 -1.014370
v -0.289362 2.795152 -0.935376
v -0.333812 3.137681 -1.117923
v -0.322953 3.217167 -1.103407
v -0.273103 2.884850 -1.115328
v -0.183506 2.714788 -1.127058
v -0.248732 2.853201 -1.177511
v -0.321139 3.003190 -1.210817
v -0.318913 3.014651 -1.307769
v -0.315120 3.104138 -1.239806
v -0.359755 3.233643 -1.271684
v -0.349031 3.280685 -1.268900
v -0.341330 3.191511 -1.313613
v -0.384530 3.287585 -1.499834
v -0.339272 4.179365 0.013519
v -0.298439 4.162998 0.040392
v -0.321543 4.121748 0.030977
v -0.308571 4.178627 0.075530
v -0.319019 4.170651 0.121549
v -0.368866 4.225344 0.104053
v -0.319019 4.170651 0.121549
v -0.341976 4.158658 0.204205
v -0.314606 4.235208 0.247940
v -0.321543 4.121748 0.030977
v -0.341218 4.114250 0.106482
v -0.339272 4.179365 0.013519
v -0.319019 4.170651 0.121549
v -0.364239 4.305687 0.249488
v -0.314606 4.235208 0.247940
v -0.339498 4.227813 0.320670
v -0.293796 4.294425 0.394715
v -0.392087 3.992568 0.021174
v -0.401538 3.945069 0.039690
v -0.474051 4.024246 0.019045
v -0.375231 4.046850 0.136077
v -0.474051 4.024246 0.019045
v -0.401538 3.945069 0.039690
v -0.397515 3.964869 0.099283
v -0.375231 4.046850 0.136077
v -0.144161 4.280679 -0.035148
v -0.249293 4.190818 -0.137389
v -0.274469 4.259977 -0.142724
v -0.211752 4.341140 -0.082872
v -0.273563 4.348013 -0.188513
v -0.298236 4.330594 -0.209096
v -0.308293 4.373836 -0.247221
v -0.289563 4.370955 -0.172177
v -0.262119 4.418953 -0.121535
v -0.319341 4.439418 -0.217321
v -0.311014 4.471066 -0.211770
v -0.349500 4.491757 -0.259047
v -0.329639 4.516545 -0.219291
v -0.314016 4.542140 -0.186250
v -0.363998 4.590977 -0.279592
v -0.284582 4.479039 -0.116981
v -0.266256 4.483621 -0.023608
v -0.207140 4.403223 0.048282
v -0.139947 4.391329 0.133174
v -0.351843 4.610620 -0.274955
v -0.388101 4.638684 -0.340574
v -0.361858 4.620894 -0.259994
v -0.329634 4.563129 -0.156435
v -0.314024 4.525093 -0.095986
v -0.306150 4.509128 -0.041496
v -0.311321 4.541586 -0.034241
v -0.242584 4.425060 0.094803
v -0.229093 4.437407 0.129877
v -0.205374 4.426863 0.174791
v -0.191368 4.458228 0.203343
v -0.129883 4.472077 0.226961
v -0.205198 4.521855 0.182163
v -0.060214 4.436382 0.197839
v -0.089623 4.364456 0.104520
v -0.065459 4.316771 -0.002538
v -0.055684 4.257600 -0.071600
v -0.048714 4.488554 0.257975
v -0.082823 4.516731 0.257851
v -0.167234 4.546120 0.202129
v -0.211683 4.566381 0.167286
v -0.243904 4.558020 0.136583
v -0.227851 4.598140 0.176145
v -0.147904 4.590198 0.220311
v -0.203560 4.643440 0.207874
v -0.291313 4.724605 0.157863
v -0.219398 4.654615 0.273429
v -0.152019 4.607810 0.269344
v -0.090871 4.578952 0.315586
v -0.176684 4.637032 0.339783
v -0.103888 4.603880 0.431180
v -0.181589 4.157923 -0.127033
v -0.249293 4.190818 -0.137389
v -0.144161 4.280679 -0.035148
v -0.105314 4.160306 -0.163413
v -0.143888 4.042474 -0.223250
v -0.045587 4.209368 -0.118786
v -0.055684 4.257600 -0.071600
v -0.062331 4.295990 -0.187584
v -0.085821 4.047027 -0.230704
v -0.143042 3.946158 -0.292242
v -0.030908 4.415060 -0.216951
v -0.038195 4.312890 -0.326223
v -0.028305 4.487603 -0.340310
v -0.079370 4.232515 -0.254976
v -0.027916 4.106662 -0.351332
v -0.061774 4.109565 -0.304420
v -0.044570 4.007630 -0.364435
v -0.055012 3.931711 -0.326765
v -0.090404 3.824584 -0.411066
v -0.185176 3.806152 -0.380090
v -0.009329 4.601060 -0.371048
v -0.018139 4.560801 -0.395509
v -0.015461 4.585481 -0.454770
v -0.026313 4.498338 -0.410771
v -0.054732 3.946173 -0.468056
v -0.134117 3.689840 -0.491472
v -0.210351 3.718620 -0.420738
v -0.023667 4.398145 -0.426453
v -0.080784 3.885351 -0.543396
v -0.186778 3.626418 -0.462525
v -0.265786 3.691247 -0.431709
v -0.274168 3.611469 -0.438676
v -0.245936 3.570654 -0.514107
v -0.293285 3.602675 -0.489015
v -0.155027 3.524376 -0.564264
v -0.206327 3.467642 -0.579328
v -0.101238 3.375959 -0.654217
v -0.042224 3.567042 -0.795224
v -0.086962 3.705698 -0.668696
v -0.073845 3.963996 -0.689628
v -0.182029 3.344840 -0.631391
v -0.097629 3.181396 -0.719553
v -0.202115 3.228155 -0.690580
v -0.056525 3.781820 -0.810760
v -0.037843 3.746886 -0.946407
v -0.063969 3.928393 -0.822383
v -0.052628 4.057251 -0.820642
v -0.014707 3.804533 -1.107248
v -0.025135 3.818358 -1.015513
v -0.022291 3.918796 -1.010628
v -0.028184 4.048927 -0.992841
v -0.016311 4.003364 -1.092827
v -0.028172 4.134248 -1.000585
v -0.026249 4.232714 -1.056240
v -0.022341 4.277225 -1.151901
v -0.034770 4.195446 -0.947816
v -0.010796 4.320393 -1.339931
v -0.017255 4.316288 -1.089194
v -0.019898 4.307148 -1.038072
v -0.016392 4.333996 -0.995779
v -0.013793 4.304197 -0.943404
v -0.027709 4.241325 -0.852158
v -0.013618 4.322016 -0.874833
v -0.023978 4.233299 -0.779956
v -0.022510 4.174284 -0.645554
v -0.015317 4.325565 -0.724886
v -0.018945 4.237260 -0.701168
v -0.017538 4.249700 -0.647723
v -0.023833 4.146072 -0.583720
v -0.042533 3.997308 -0.540420
v -0.011418 4.212320 -0.503569
v -0.025307 4.116632 -0.533147
v -0.018483 4.311417 -0.439983
v -0.019910 4.545745 -0.492692
v -0.007935 4.539840 -0.562729
v -0.012305 4.602175 -0.519705
v -0.008482 4.652424 -0.613900
v -0.249293 4.190818 -0.137389
v -0.181589 4.157923 -0.127033
v -0.274601 4.194096 -0.200739
v -0.225142 4.136939 -0.272608
v -0.340125 4.258283 -0.299498
v -0.143888 4.042474 -0.223250
v -0.328960 4.224854 -0.308466
v -0.233496 4.044945 -0.370183
v -0.143042 3.946158 -0.292242
v -0.294179 4.168478 -0.341255
v -0.318550 4.092649 -0.435200
v -0.350048 4.236978 -0.349714
v -0.334924 4.216953 -0.385391
v -0.380343 4.276832 -0.404977
v -0.265906 3.917156 -0.431656
v -0.185176 3.806152 -0.380090
v -0.340343 3.991112 -0.502201
v -0.350725 3.920067 -0.559465
v -0.294924 3.837855 -0.485908
v -0.291735 3.758029 -0.502325
v -0.210351 3.718620 -0.420738
v -0.265786 3.691247 -0.431709
v -0.362334 4.037702 -0.507285
v -0.406390 4.118847 -0.561391
v -0.385892 4.161439 -0.543715
v -0.440330 4.165500 -0.630021
v -0.432157 4.199973 -0.599529
v -0.374295 4.209821 -0.500894
v -0.419465 4.252107 -0.578898
v -0.461751 4.271504 -0.656590
v -0.453518 4.306463 -0.653597
v -0.498372 4.334448 -0.729148
v -0.467572 4.327653 -0.629365
v -0.432502 4.295464 -0.543200
v -0.388867 4.258374 -0.437278
v -0.376133 4.263753 -0.420681
v -0.399814 4.283684 -0.446700
v -0.319208 4.212461 0.132442
v -0.319019 4.170651 0.121549
v -0.368866 4.225344 0.104053
v -0.314606 4.235208 0.247940
v -0.297965 4.297049 0.288189
v -0.314606 4.235208 0.247940
v -0.364239 4.305687 0.249488
v -0.293796 4.294425 0.394715
v -0.194532 4.673569 1.361625
v -0.257337 4.638086 1.332514
v -0.208398 4.724645 1.377627
v -0.171708 4.746996 1.309103
v -0.234015 4.618741 1.359111
v -0.204511 4.639074 1.388470
v -0.254183 4.615038 1.377258
v -0.236658 4.603004 1.398091
v -0.207876 4.621922 1.414430
v -0.247334 4.595419 1.412608
v -0.224803 4.590820 1.437298
v -0.236505 4.582168 1.462425
v -0.212625 4.582712 1.475404
v -0.200216 4.604894 1.457444
v -0.223948 4.666735 1.402279
v -0.192982 4.609702 1.481363
v -0.218793 4.568644 1.494978
v -0.174023 4.582761 1.541072
v -0.211658 4.627376 1.459087
v -0.144952 4.623155 1.512124
v -0.126422 4.616312 1.536254
v -0.130362 4.600145 1.587365
v -0.101420 4.614882 1.563747
v -0.099508 4.602032 1.602819
v -0.213110 4.698411 1.395836
v -0.171918 4.665555 1.438104
v -0.199276 4.698025 1.384856
v -0.183523 4.732626 1.387523
v -0.148981 4.659605 1.468014
v -0.155827 4.688476 1.464189
v -0.162413 4.704410 1.429356
v -0.137084 4.646461 1.508746
v -0.144504 4.667716 1.491181
v -0.138676 4.630709 1.517895
v -0.128389 4.647817 1.521230
v -0.178381 4.754785 1.373398
v -0.193576 4.778760 1.321720
v -0.109449 4.791453 1.370364
v -0.209272 4.807796 1.234999
v -0.199744 4.788808 1.167211
v -0.113121 4.804223 1.310270
v -0.116036 4.815689 1.231610
v -0.143704 4.807642 1.174057
v -0.097638 4.814396 1.167102
v -0.204395 4.759912 1.387297
v -0.163864 4.754878 1.395165
v -0.174119 4.738145 1.415334
v -0.149069 4.737548 1.434689
v -0.189076 4.740718 1.431114
v -0.161131 4.720290 1.452651
v -0.040670 4.840138 1.223766
v -0.054828 4.835820 1.163937
v -0.052277 4.829293 1.159438
v -0.025907 4.843566 1.270269
v -0.013000 4.848797 1.239136
v -0.042178 4.822704 1.305631
v -0.015857 4.825438 1.348633
v -0.097769 4.758848 1.446292
v -0.009745 4.759578 1.478647
v -0.087593 4.729485 1.514553
v -0.146002 4.723186 1.473219
v -0.185417 4.727221 1.465896
v -0.167253 4.706503 1.486609
v -0.139880 4.707869 1.506359
v -0.160425 4.679752 1.488930
v -0.145077 4.672218 1.514344
v -0.138542 4.658385 1.505705
v -0.132143 4.655122 1.516349
v -0.177791 4.706522 1.497825
v -0.160312 4.697179 1.513951
v -0.141418 4.699480 1.531022
v -0.126905 4.656733 1.536692
v -0.170550 4.700938 1.522584
v -0.151862 4.687212 1.539319
v -0.137283 4.692667 1.549311
v -0.134860 4.668407 1.542125
v -0.072435 4.699830 1.565702
v -0.154508 4.687363 1.552840
v -0.142274 4.681273 1.572953
v -0.060376 4.675221 1.600453
v -0.034525 4.656300 1.621818
v -0.121829 4.686608 1.564587
v -0.026513 4.638289 1.625440
v -0.028102 4.625260 1.643893
v -0.049280 4.633464 1.629458
v -0.052789 4.622869 1.642243
v -0.079270 4.613108 1.642036
v -0.069545 4.631035 1.611537
v -0.073102 4.650602 1.633550
v -0.084314 4.618938 1.580562
v -0.083230 4.667662 1.615678
v -0.106520 4.672986 1.594134
v -0.114940 4.677695 1.582056
v -0.129018 4.674745 1.574339
v -0.120973 4.662220 1.560397
v -0.106051 4.651941 1.582468
v -0.129369 4.676721 1.583328
v -0.115037 4.666440 1.589527
v -0.116570 4.655250 1.549083
v -0.118124 4.672586 1.603567
v -0.107330 4.667549 1.606527
v -0.105019 4.649860 1.555554
v -0.115814 4.651644 1.547149
v -0.125541 4.651840 1.536084
v -0.108478 4.672617 1.616892
v -0.087327 4.660213 1.623362
v -0.085915 4.644858 1.603557
v -0.075296 4.630407 1.581190
v -0.091017 4.640487 1.566330
v -0.085440 4.622651 1.556456
v -0.094578 4.639683 1.554779
v -0.105327 4.622745 1.549644
v -0.107111 4.645281 1.551425
v -0.100127 4.635309 1.551896
v -0.122774 4.621012 1.533928
v -0.114109 4.650026 1.545850
v -0.106500 4.645044 1.548228
v -0.121560 4.650773 1.534166
v -0.123349 4.647493 1.522732
v -0.103161 4.638335 1.547133
v -0.124266 4.641340 1.526790
v -0.109633 4.633698 1.546984
v -0.109608 4.635450 1.544921
v -0.118323 4.632557 1.541449
v -0.116635 4.634739 1.540030
v -0.121659 4.636844 1.532113
v -0.124862 4.635610 1.533298
v -0.127614 4.640775 1.525976
v -0.055684 4.257600 -0.071600
v -0.037503 4.395444 -0.045280
v -0.065459 4.316771 -0.002538
v -0.024853 4.515699 -0.091157
v -0.059698 4.448316 0.063796
v -0.089623 4.364456 0.104520
v -0.060214 4.436382 0.197839
v -0.032008 4.524840 0.165566
v -0.048714 4.488554 0.257975
v -0.025501 4.549766 -0.019659
v -0.005480 4.590279 -0.194405
v -0.017174 4.592657 -0.127736
v -0.020162 4.621678 0.046066
v -0.019983 4.642570 -0.078384
v -0.016226 4.648195 -0.147594
v -0.010544 4.671796 -0.201899
v -0.011536 4.726258 -0.179103
v -0.007473 4.794000 -0.257859
v -0.013496 4.695161 -0.017409
v -0.004632 4.596743 0.157408
v -0.023712 4.546131 0.216691
v -0.028713 4.596272 0.247669
v -0.046636 4.561383 0.277836
v -0.082823 4.516731 0.257851
v -0.090871 4.578952 0.315586
v -0.054213 4.605711 0.331857
v -0.103888 4.603880 0.431180
v -0.029728 4.665662 0.365003
v -0.018029 4.682555 0.255167
v -0.037494 4.652566 0.299580
v -0.020971 4.703031 0.323105
v -0.012237 4.723104 0.287470
v -0.009725 4.768226 0.248394
v -0.012125 4.696563 0.214402
v -0.016575 4.754489 0.217093
v -0.012362 4.793132 0.186092
v -0.003860 4.813657 0.219319
v -0.252906 3.126734 -0.757171
v -0.183248 3.084109 -0.781114
v -0.274210 3.177210 -0.816570
v -0.268251 3.145468 -0.857849
v -0.226277 3.105344 -0.884574
v -0.138594 2.908444 -0.960282
v -0.256897 3.146976 -1.002320
v -0.302968 3.261813 -1.011082
v -0.304948 3.215694 -1.048965
v -0.218454 3.028016 -1.018083
v -0.274434 3.152525 -1.118777
v -0.322953 3.217167 -1.103407
v -0.222352 2.897738 -1.120801
v -0.183506 2.714788 -1.127058
v -0.248732 2.853201 -1.177511
v -0.275448 3.012730 -1.206805
v -0.318913 3.014651 -1.307769
v -0.315120 3.104138 -1.239806
v -0.323254 3.238451 -1.278056
v -0.349031 3.280685 -1.268900
v -0.341330 3.191511 -1.313613
v -0.384530 3.287585 -1.499834
v -0.252685 3.243647 -0.763044
v -0.202115 3.228155 -0.690580
v -0.263389 3.179958 -0.724369
v -0.238403 3.315080 -0.765354
v -0.280749 3.326512 -0.824703
v -0.182029 3.344840 -0.631391
v -0.250765 3.436662 -0.727908
v -0.291980 3.357318 -0.786224
v -0.305857 3.385729 -0.787310
v -0.206327 3.467642 -0.579328
v -0.298129 3.487408 -0.791970
v -0.282744 3.577488 -0.734562
v -0.322883 3.439903 -0.844684
v -0.236155 3.507984 -0.649514
v -0.268586 3.598550 -0.601471
v -0.245936 3.570654 -0.514107
v -0.342218 3.509279 -0.913580
v -0.347525 3.474820 -0.912239
v -0.368133 3.533343 -1.000240
v -0.362110 3.552984 -0.903911
v -0.322267 3.561300 -0.828463
v -0.367014 3.603543 -0.858510
v -0.326054 3.639162 -0.805034
v -0.291063 3.628166 -0.519638
v -0.293285 3.602675 -0.489015
v -0.321071 3.706618 -0.520063
v -0.318403 3.645171 -0.544064
v -0.306187 3.654930 -0.583802
v -0.338670 3.738608 -0.626830
v -0.317810 3.669899 -0.675949
v -0.334744 3.739708 -0.650555
v -0.358964 3.765177 -0.664137
v -0.352352 3.726429 -0.670986
v -0.360520 3.711536 -0.730959
v -0.333703 3.686289 -0.746568
v -0.381268 3.761928 -0.796292
v -0.365833 3.747483 -0.834384
v -0.412533 3.794863 -0.843296
v -0.403824 3.770083 -0.856444
v -0.371421 3.718853 -0.930319
v -0.409690 3.769490 -0.906949
v -0.423510 3.768871 -1.011993
v -0.352149 3.689329 -0.872175
v -0.381063 3.653826 -0.907112
v -0.395729 3.687327 -0.955542
v -0.397733 3.737390 -1.020515
v -0.430197 3.731889 -1.101788
v -0.412068 3.711990 -1.024637
v -0.252906 3.126734 -0.757171
v -0.263389 3.179958 -0.724369
v -0.202115 3.228155 -0.690580
v -0.183248 3.084109 -0.781114
v -0.097629 3.181396 -0.719553
v -0.099821 3.104291 -0.809320
v -0.072864 2.919955 -0.969759
v -0.138594 2.908444 -0.960282
v -0.021082 3.336357 -0.887894
v -0.053518 3.081324 -1.066432
v -0.031137 3.355178 -1.059722
v -0.027921 3.157853 -1.278918
v -0.056012 2.735107 -1.101068
v -0.183506 2.714788 -1.127058
v -0.113377 2.655355 -1.182672
v -0.011497 3.596318 -1.127266
v -0.029745 3.473154 -1.238150
v -0.027077 3.352990 -1.396946
v -0.028451 3.536812 -1.311738
v -0.039350 2.795297 -1.217949
v -0.042178 2.762532 -1.385339
v -0.094876 2.615213 -1.275158
v -0.040782 2.575570 -1.452302
v -0.086977 2.508847 -1.323500
v -0.019382 2.903229 -1.249221
v -0.012544 2.938363 -1.344192
v -0.032310 2.882425 -1.515896
v -0.026702 2.667018 -1.623020
v -0.027573 2.777325 -1.615603
v -0.024719 2.930568 -1.668169
v -0.077099 4.426012 1.495962
v -0.123554 4.432474 1.485572
v -0.128495 4.373366 1.465267
v -0.100522 4.400654 1.521970
v -0.072296 4.401557 1.522897
v -0.092183 4.369998 1.559371
v -0.065352 4.379782 1.544393
v -0.118377 4.352707 1.495858
v -0.069792 4.372981 1.586881
v -0.052485 4.370551 1.568781
v -0.047391 4.361798 1.601352
v -0.084158 4.357327 1.602262
v -0.060773 4.357146 1.634835
v -0.043812 4.353889 1.626888
v -0.030230 4.343800 1.657272
v -0.098513 4.330890 1.544394
v -0.084398 4.320351 1.591444
v -0.091374 4.280479 1.516275
v -0.106563 4.292398 1.469167
v -0.079100 4.275764 1.571246
v -0.073830 4.311097 1.626853
v -0.067370 4.348606 1.637687
v -0.054550 4.342470 1.667246
v -0.042426 4.350919 1.664654
v -0.029055 4.346279 1.678201
v -0.032543 4.337801 1.687034
v -0.058786 4.300102 1.664516
v -0.033150 4.286413 1.673308
v -0.039147 4.248193 1.637989
v -0.062687 4.258247 1.626199
v -0.009662 4.235369 1.635498
v -0.022264 4.240668 1.630477
v -0.025347 4.239155 1.613007
v -0.034532 4.232471 1.612622
v -0.039584 4.240474 1.612504
v -0.073363 4.267191 1.603459
v -0.051379 4.236722 1.592741
v -0.038321 4.252606 1.562594
v -0.062357 4.253674 1.585875
v -0.079335 4.254856 1.558770
v -0.073030 4.268668 1.553358
v -0.038982 4.264504 1.506416
v -0.160416 4.356968 1.398559
v -0.167813 4.339720 1.351994
v -0.014802 4.390353 1.523422
v -0.022860 4.373093 1.527197
v -0.023622 4.399799 1.482000
v -0.055302 4.396078 1.475460
v -0.034224 4.407447 1.458900
v -0.053440 4.418811 1.450645
v -0.031722 4.374843 1.547976
v -0.018519 4.361839 1.580390
v -0.053186 4.368404 1.521585
v -0.072296 4.401557 1.522897
v -0.077099 4.426012 1.495962
v -0.059638 4.435719 1.457647
v -0.077421 4.449472 1.480673
v -0.065352 4.379782 1.544393
v -0.063651 4.452419 1.461067
v -0.052485 4.370551 1.568781
v -0.075183 4.470153 1.480462
v -0.043996 4.357522 1.557447
v -0.041309 4.342855 1.590492
v -0.047391 4.361798 1.601352
v -0.031982 4.337356 1.616618
v -0.043812 4.353889 1.626888
v -0.030230 4.343800 1.657272
v -0.009069 4.355106 1.630031
v -0.020384 4.338634 1.645160
v -0.004101 4.345525 1.645914
v -0.005885 4.335486 1.652777
v -0.039188 4.391641 1.324955
v -0.032737 4.431695 1.352175
v -0.052473 4.393331 1.330791
v -0.051456 4.442178 1.371081
v -0.034777 4.461274 1.420409
v -0.054048 4.452276 1.420024
v -0.037250 4.465424 1.471836
v -0.063651 4.452419 1.461067
v -0.035291 4.453640 1.524186
v -0.064121 4.451972 1.484460
v -0.059638 4.435719 1.457647
v -0.050804 4.422781 1.475491
v -0.053440 4.418811 1.450645
v -0.034224 4.407447 1.458900
v -0.023622 4.399799 1.482000
v -0.043914 4.414149 1.507283
v -0.014802 4.390353 1.523422
v -0.035584 4.405184 1.546706
v -0.057591 4.441453 1.519383
v -0.044473 4.427010 1.553693
v -0.015567 4.387103 1.588376
v -0.023635 4.395900 1.599637
v -0.021079 4.406972 1.599570
v -0.011500 4.393400 1.631734
v -0.011965 4.400567 1.629808
v -0.175904 4.548568 1.495236
v -0.144956 4.568799 1.536413
v -0.149978 4.539393 1.531533
v -0.141980 4.497372 1.512898
v -0.108174 4.471879 1.561167
v -0.113034 4.535779 1.597352
v -0.103063 4.475312 1.593203
v -0.126236 4.475071 1.496756
v -0.114388 4.473231 1.520973
v -0.097145 4.482127 1.519130
v -0.093806 4.467013 1.561179
v -0.089669 4.472485 1.590376
v -0.083097 4.470226 1.630744
v -0.096390 4.476009 1.634354
v -0.070602 4.470306 1.667840
v -0.089577 4.476661 1.673254
v -0.059950 4.467985 1.699998
v -0.107754 4.535029 1.638042
v -0.071915 4.477313 1.708341
v -0.041823 4.465021 1.720270
v -0.099718 4.531248 1.682135
v -0.044099 4.476727 1.744107
v -0.078935 4.526836 1.724960
v -0.088446 4.571913 1.685120
v -0.017126 4.468541 1.732613
v -0.013770 4.467095 1.724401
v -0.011788 4.462411 1.724329
v -0.045695 4.526816 1.749337
v -0.022395 4.580066 1.754444
v -0.021864 4.601936 1.734993
v -0.041301 4.603895 1.733139
v -0.023792 4.610180 1.704050
v -0.027222 4.618950 1.680823
v -0.048151 4.587148 1.747088
v -0.045002 4.615510 1.708612
v -0.062795 4.629625 1.658654
v -0.065004 4.574612 1.735840
v -0.071748 4.582382 1.714448
v -0.060030 4.596869 1.732127
v -0.070674 4.602491 1.687628
v -0.095327 4.579072 1.639704
v -0.063886 4.597047 1.718157
v -0.057372 4.605906 1.746157
v -0.060234 4.616098 1.723320
v -0.060079 4.624218 1.700472
v -0.058513 4.619401 1.696707
v -0.061796 4.627543 1.687156
v -0.058716 4.622301 1.680159
v -0.068923 4.614100 1.668255
v -0.064498 4.620986 1.650316
v -0.101717 4.577894 1.600421
v -0.118569 4.562840 1.574417
v -0.011788 4.462411 1.724329
v -0.013770 4.467095 1.724401
v -0.032969 4.485095 1.710921
v -0.041823 4.465021 1.720270
v -0.026953 4.479133 1.686259
v -0.056932 4.476702 1.642489
v -0.049948 4.487832 1.693875
v -0.059950 4.467985 1.699998
v -0.070602 4.470306 1.667840
v -0.062499 4.492404 1.658490
v -0.083097 4.470226 1.630744
v -0.072094 4.492240 1.625419
v -0.089669 4.472485 1.590376
v -0.077359 4.492648 1.589186
v -0.093806 4.467013 1.561179
v -0.023079 4.473048 1.595105
v -0.081132 4.490047 1.554551
v -0.097145 4.482127 1.519130
v -0.066590 4.478750 1.572383
v -0.013165 4.490932 1.546093
v -0.086411 4.506002 1.499855
v -0.106160 4.491730 1.490794
v -0.069245 4.481632 1.502831
v -0.038205 4.479502 1.476926
v -0.026326 4.481451 1.446436
v -0.054048 4.452276 1.420024
v -0.036346 4.479785 1.381049
v -0.051456 4.442178 1.371081
v -0.032281 4.474828 1.314759
v -0.047721 4.405028 1.275655
v -0.012891 4.343629 1.680456
v -0.013562 4.340776 1.686518
v -0.008692 4.359135 1.689342
v -0.007274 4.341350 1.689725
v -0.003372 4.344598 1.681971
v -0.012891 4.343629 1.680456
v -0.029085 4.342335 1.677606
v -0.030520 4.340456 1.682565
v -0.025772 4.356029 1.682973
v -0.025747 4.340793 1.684059
v -0.023295 4.342592 1.679078
v -0.029085 4.342335 1.677606
v -0.037156 4.342058 1.673464
v -0.038605 4.353329 1.674219
v -0.038329 4.341234 1.678363
v -0.042170 4.341465 1.677409
v -0.041486 4.343421 1.673154
v -0.037156 4.342058 1.673464
v -0.045084 4.338657 1.655666
v -0.045261 4.372164 1.668105
v -0.042904 4.337482 1.662965
v -0.051482 4.335156 1.660775
v -0.050652 4.339778 1.651443
v -0.045084 4.338657 1.655666
v -0.055681 4.330480 1.652561
v -0.061613 4.357205 1.662471
v -0.055408 4.329896 1.657462
v -0.060117 4.328271 1.656264
v -0.061140 4.330164 1.650626
v -0.055681 4.330480 1.652561
v -0.069682 4.347248 1.619751
v -0.080231 4.359938 1.623159
v -0.070557 4.346307 1.624706
v -0.075048 4.344221 1.622147
v -0.073451 4.346325 1.617224
v -0.069682 4.347248 1.619751
v -0.072018 4.362243 1.595097
v -0.080093 4.370406 1.599702
v -0.074205 4.359114 1.602530
v -0.081342 4.358837 1.598705
v -0.079401 4.360613 1.592010
v -0.072018 4.362243 1.595097
v -0.081402 4.371962 1.561943
v -0.086262 4.373962 1.558255
v -0.086943 4.384634 1.566900
v -0.087938 4.371350 1.564188
v -0.083991 4.369954 1.568335
v -0.081402 4.371962 1.561943
v -0.078809 4.385808 1.536060
v -0.081749 4.395998 1.546589
v -0.082073 4.383135 1.544804
v -0.087502 4.384786 1.541301
v -0.084807 4.387314 1.534014
v -0.078809 4.385808 1.536060
v -0.101101 4.446099 1.558740
v -0.095471 4.478503 1.561142
v -0.099630 4.476156 1.575458
v -0.106395 4.480239 1.557077
v -0.101702 4.474532 1.547384
v -0.095471 4.478503 1.561142
v -0.066440 4.474320 1.701947
v -0.065610 4.440773 1.685190
v -0.064733 4.476162 1.692159
v -0.072003 4.475359 1.697016
v -0.070525 4.475353 1.683384
v -0.064733 4.476162 1.692159
v -0.045955 4.478808 1.720725
v -0.049660 4.451604 1.711364
v -0.048625 4.476840 1.714089
v -0.053512 4.477278 1.721192
v -0.056704 4.478217 1.712309
v -0.048625 4.476840 1.714089
v -0.037916 4.483813 1.721915
v -0.037694 4.466273 1.722623
v -0.049811 4.482186 1.728852
v -0.049753 4.465852 1.726950
v -0.038150 4.444646 1.726878
v -0.042781 4.467395 1.737603
v -0.042021 4.485021 1.738691
v -0.031203 4.467674 1.731092
v -0.037694 4.466273 1.722623
v -0.031264 4.485540 1.733177
v -0.037916 4.483813 1.721915
v -0.018313 4.472490 1.737312
v -0.012793 4.475277 1.736229
v -0.010607 4.464477 1.739772
v -0.018088 4.476599 1.743247
v -0.010291 4.476042 1.742852
v -0.012793 4.475277 1.736229
v -0.083934 4.036840 1.075281
v -0.088110 4.104222 1.114843
v -0.161936 4.054324 1.038989
v -0.160664 4.135510 1.084128
v -0.081078 4.210460 1.190352
v -0.148838 4.177200 1.125238
v -0.103184 3.947505 1.052626
v -0.215466 3.940387 1.017050
v -0.258571 4.034709 1.002057
v -0.337534 3.986588 1.006627
v -0.301252 3.906098 1.029961
v -0.377194 3.895030 1.044503
v -0.398392 3.960175 1.012094
v -0.438633 4.024676 0.964152
v -0.385125 4.061151 0.904680
v -0.488384 4.044851 0.820071
v -0.248362 4.102866 1.009813
v -0.332376 4.145689 0.936493
v -0.436931 4.092138 0.800160
v -0.228644 4.146011 1.053933
v -0.489813 4.118494 0.720142
v -0.502264 4.031623 0.652990
v -0.383246 4.192159 0.818691
v -0.288653 4.178517 1.005960
v -0.345131 4.279676 0.862777
v -0.236653 4.149232 1.066372
v -0.263407 4.209697 1.011477
v -0.187197 4.213295 1.109358
v -0.144853 4.211246 1.148184
v -0.309211 4.320073 0.925233
v -0.290657 4.216030 1.026553
v -0.176836 4.281734 1.176886
v -0.132108 4.294419 1.212822
v -0.248523 4.270787 1.074616
v -0.283048 4.349170 1.026930
v -0.307022 4.372843 0.834163
v -0.294482 4.385304 0.907995
v -0.335768 4.322379 0.771692
v -0.294413 4.414476 1.011691
v -0.268843 4.371619 1.117335
v -0.281552 4.437514 1.125817
v -0.247240 4.349335 1.126516
v -0.211885 4.314730 1.145422
v -0.400335 4.221139 0.726535
v -0.263487 4.398510 1.144134
v -0.245140 4.461928 1.181991
v -0.219123 4.405341 1.192503
v -0.277043 4.357385 1.132973
v -0.268598 4.332901 1.152043
v -0.193730 4.374573 1.201951
v -0.243757 4.292296 1.162439
v -0.192210 4.281862 1.193745
v -0.159474 4.346150 1.213942
v -0.119569 4.331491 1.237324
v -0.067126 4.248618 1.259013
v -0.054066 4.305820 1.277095
v -0.566130 3.194901 0.014377
v -0.545000 3.129236 -0.031950
v -0.511588 3.002843 0.149501
v -0.547344 3.131757 0.233171
v -0.598148 3.366381 0.135439
v -0.396103 2.962620 0.237855
v -0.574573 3.304307 0.321155
v -0.591220 3.547004 0.245332
v -0.450032 3.100775 0.310264
v -0.413652 2.831833 0.197445
v -0.600674 3.469700 0.421616
v -0.555506 3.662709 0.324835
v -0.381205 2.729987 0.163152
v -0.331542 2.551578 0.151036
v -0.251101 2.711927 0.212705
v -0.221327 2.437866 0.097905
v -0.262223 2.813481 0.269956
v -0.288826 2.912621 0.335516
v -0.122455 2.677663 0.276958
v -0.113756 2.427312 0.135170
v -0.122509 2.787251 0.352700
v -0.140655 2.908367 0.437608
v -0.377040 3.021898 0.361775
v -0.139820 3.000646 0.534843
v -0.308178 3.036935 0.484622
v -0.403315 3.110588 0.437900
v -0.133428 3.031940 0.652539
v -0.311594 3.078281 0.610398
v -0.518198 3.266694 0.398814
v -0.388464 3.134666 0.546583
v -0.548296 3.412002 0.488286
v -0.451467 3.254854 0.532881
v -0.373951 3.203946 0.722685
v -0.061703 3.076837 0.825497
v -0.298400 3.144907 0.759221
v -0.046556 3.198373 0.971927
v -0.181586 3.105559 0.790737
v -0.173703 3.248993 0.933519
v -0.075061 3.237918 0.954244
v -0.279611 3.301581 0.929820
v -0.075856 3.255984 0.991143
v -0.168949 3.276980 0.935220
v -0.085413 3.350875 1.023856
v -0.172484 3.301221 0.967809
v -0.086618 3.483150 1.058487
v -0.195128 3.382218 1.009046
v -0.250582 3.346489 0.969695
v -0.087328 3.610271 1.082346
v -0.256501 3.331121 0.931165
v -0.321271 3.394752 0.968428
v -0.208058 3.506706 1.046803
v -0.338852 3.385043 0.928353
v -0.343638 3.446256 0.994250
v -0.361260 3.353969 0.891895
v -0.375200 3.423858 0.921855
v -0.422109 3.303367 0.682232
v -0.401530 3.419493 0.843401
v -0.408663 3.469772 0.954150
v -0.438693 3.480724 0.932611
v -0.334295 3.534840 1.051329
v -0.505328 3.389450 0.560669
v -0.400157 3.545752 1.020102
v -0.563725 3.446581 0.512840
v -0.614595 3.590742 0.497895
v -0.550058 3.768968 0.468281
v -0.615226 3.721469 0.550419
v -0.663846 3.802565 0.612605
v -0.589806 3.873237 0.539792
v -0.604916 3.949009 0.648202
v -0.669944 3.871882 0.703521
v -0.518431 3.411703 0.572138
v -0.583289 3.996480 0.837368
v -0.659395 3.926823 0.843585
v -0.611107 3.905197 0.981392
v -0.527375 3.956205 0.971103
v -0.489920 3.911300 1.022638
v -0.540451 3.827329 1.042243
v -0.452176 3.856238 1.052041
v -0.496298 3.748761 1.071969
v -0.353279 3.805435 1.066388
v -0.426980 3.780017 1.066656
v -0.422908 3.698944 1.054631
v -0.480698 3.651508 1.049168
v -0.348880 3.721661 1.043880
v -0.425809 3.627820 1.050294
v -0.470721 3.544898 1.006726
v -0.371965 3.628996 1.056604
v -0.281208 3.823579 1.034383
v -0.284963 3.717370 1.059837
v -0.200658 3.837890 1.032561
v -0.309753 3.625769 1.062339
v -0.198763 3.720280 1.054808
v -0.087197 3.842102 1.032858
v -0.083435 3.732883 1.068014
v -0.205191 3.619795 1.064418
v -0.435078 3.547040 1.002211
v -0.466623 3.475637 0.942579
v -0.469095 3.420562 0.860672
v -0.437847 3.436285 0.845033
v -0.472008 3.416095 0.747104
v -0.431662 3.400841 0.736955
v -0.453146 3.432395 0.743531
v -0.472519 3.426484 0.671681
v -0.489321 3.418778 0.676725
v -0.457787 3.389318 0.661904
v -0.526548 3.025762 -0.141346
v -0.572767 2.989450 -0.461239
v -0.518022 3.240421 -0.274629
v -0.509776 3.144385 -0.353261
v -0.453381 3.195403 -0.477893
v -0.474951 3.034800 -0.585677
v -0.532967 3.325051 -0.217595
v -0.435605 3.290000 -0.402232
v -0.410908 3.237919 -0.576227
v -0.370014 3.009086 -0.783542
v -0.382312 3.381241 -0.490454
v -0.344492 3.205738 -0.678054
v -0.443697 3.414082 -0.315554
v -0.351911 3.522787 -0.419460
v -0.547228 3.493295 -0.090212
v -0.300515 3.066611 -0.779722
v -0.298341 2.986816 -0.821889
v -0.252906 3.126734 -0.757171
v -0.263389 3.179958 -0.724369
v -0.443008 3.588348 -0.193591
v -0.540984 3.656605 0.041038
v -0.357420 3.672745 -0.321076
v -0.274168 3.611469 -0.438676
v -0.265786 3.691247 -0.431709
v -0.486775 3.764301 0.103939
v -0.427263 3.763913 -0.076433
v -0.319003 3.768120 -0.399127
v -0.291735 3.758029 -0.502325
v -0.294924 3.837855 -0.485908
v -0.498226 3.814783 0.341115
v -0.361512 3.854902 -0.207581
v -0.332642 3.907383 -0.432005
v -0.350725 3.920067 -0.559465
v -0.340343 3.991112 -0.502201
v -0.350497 3.881217 -0.341924
v -0.366929 4.024025 -0.384787
v -0.362334 4.037702 -0.507285
v -0.484041 3.961570 0.429930
v -0.354041 3.980562 -0.284479
v -0.555136 4.045507 0.537585
v -0.463137 4.093113 0.604295
v -0.483349 4.105802 0.489325
v -0.405910 4.039157 0.291310
v -0.400798 4.222957 0.625790
v -0.436321 3.893111 0.192866
v -0.416065 4.143106 0.525336
v -0.368215 4.248588 0.482191
v -0.325713 4.318266 0.642330
v -0.320250 4.373628 0.715551
v -0.325857 4.333655 0.586329
v -0.289696 4.366210 0.450943
v -0.383156 4.342451 0.622905
v -0.253879 4.447005 0.556382
v -0.245138 4.520817 0.672677
v -0.397761 4.164159 0.373838
v -0.339498 4.227813 0.320670
v -0.378993 4.089502 0.211614
v -0.293796 4.294425 0.394715
v -0.375231 4.046850 0.136077
v -0.341976 4.158658 0.204205
v -0.314606 4.235208 0.247940
v -0.341218 4.114250 0.106482
v -0.319019 4.170651 0.121549
v -0.351483 4.061671 0.027637
v -0.321543 4.121748 0.030977
v -0.392087 3.992568 0.021174
v -0.397515 3.964869 0.099283
v -0.351129 4.048532 -0.049954
v -0.430059 3.854064 0.016710
v -0.401538 3.945069 0.039690
v -0.371091 3.973532 -0.032655
v -0.358363 3.933456 -0.102514
v -0.317314 3.926452 -0.169383
v -0.318359 3.983054 -0.152309
v -0.309014 4.038767 -0.112991
v -0.343042 4.053686 -0.232195
v -0.305450 4.143187 -0.206581
v -0.273527 4.111793 -0.078534
v -0.320428 4.088707 -0.025203
v -0.344673 4.085998 -0.322064
v -0.336129 4.159172 -0.298867
v -0.389775 4.095507 -0.441411
v -0.298439 4.162998 0.040392
v -0.370384 4.147275 -0.397602
v -0.418080 4.157656 -0.520651
v -0.406390 4.118847 -0.561391
v -0.440330 4.165500 -0.630021
v -0.432157 4.199973 -0.599529
v -0.406605 4.208233 -0.474768
v -0.438978 4.248904 -0.553443
v -0.461751 4.271504 -0.656590
v -0.361941 4.194022 -0.362825
v -0.473040 4.302259 -0.642135
v -0.498372 4.334448 -0.729148
v -0.467572 4.327653 -0.629365
v -0.432502 4.295464 -0.543200
v -0.388867 4.258374 -0.437278
v -0.328960 4.224854 -0.308466
v -0.340125 4.258283 -0.299498
v -0.274601 4.194096 -0.200739
v -0.249293 4.190818 -0.137389
v -0.350048 4.236978 -0.349714
v -0.391729 4.262132 -0.411702
v -0.399814 4.283684 -0.446700
v -0.380343 4.276832 -0.404977
v -0.295757 4.206865 -0.010741
v -0.274469 4.259977 -0.142724
v -0.310064 4.231462 0.069147
v -0.308571 4.178627 0.075530
v -0.307821 4.304962 -0.076763
v -0.319208 4.212461 0.132442
v -0.300444 4.340972 -0.163016
v -0.298236 4.330594 -0.209096
v -0.308293 4.373836 -0.247221
v -0.289563 4.370955 -0.172177
v -0.306391 4.308623 0.054522
v -0.318381 4.392323 -0.054929
v -0.319364 4.429164 -0.131354
v -0.319341 4.439418 -0.217321
v -0.334223 4.464663 -0.202942
v -0.349500 4.491757 -0.259047
v -0.329639 4.516545 -0.219291
v -0.331713 4.501926 -0.170917
v -0.311744 4.459997 -0.029845
v -0.331587 4.490416 -0.104210
v -0.344409 4.541231 -0.178878
v -0.296478 4.426043 0.015328
v -0.306150 4.509128 -0.041496
v -0.314024 4.525093 -0.095986
v -0.311321 4.541586 -0.034241
v -0.329634 4.563129 -0.156435
v -0.242584 4.425060 0.094803
v -0.361858 4.620894 -0.259994
v -0.371955 4.605616 -0.267806
v -0.363998 4.590977 -0.279592
v -0.388101 4.638684 -0.340574
v -0.268450 4.374226 0.095689
v -0.229093 4.437407 0.129877
v -0.284517 4.289980 0.140521
v -0.244904 4.386430 0.170904
v -0.205374 4.426863 0.174791
v -0.214559 4.443542 0.259216
v -0.191368 4.458228 0.203343
v -0.288983 4.240150 0.236502
v -0.297965 4.297049 0.288189
v -0.244529 4.324975 0.208332
v -0.233054 4.376885 0.313946
v -0.211731 4.521845 0.239365
v -0.205198 4.521855 0.182163
v -0.217895 4.456180 0.381643
v -0.221707 4.561644 0.197149
v -0.243904 4.558020 0.136583
v -0.227851 4.598140 0.176145
v -0.224334 4.609395 0.246123
v -0.291313 4.724605 0.157863
v -0.219398 4.654615 0.273429
v -0.176684 4.637032 0.339783
v -0.206963 4.559149 0.310223
v -0.103888 4.603880 0.431180
v -0.165891 4.538169 0.444690
v -0.237378 4.451965 0.434532
v -0.239762 4.459258 0.477753
v -0.293060 4.477261 0.427443
v -0.238706 4.502349 0.536981
v -0.253931 4.529555 0.511999
v -0.101438 4.701152 0.585253
v -0.211185 4.591220 0.638051
v -0.040238 4.694287 0.457670
v -0.042289 4.745368 0.550299
v -0.029728 4.665662 0.365003
v -0.028037 4.748556 0.391101
v -0.020201 4.821417 0.357506
v -0.014204 4.860734 0.425973
v -0.212228 4.620481 0.620448
v -0.124980 4.736578 0.580106
v -0.018866 4.810176 0.474472
v -0.010637 4.849586 0.331349
v -0.013830 4.895960 0.326013
v -0.016319 4.896217 0.363826
v -0.009310 4.904053 0.402754
v -0.024383 4.794641 0.527358
v -0.019772 4.828920 0.571469
v -0.038434 4.783729 0.598402
v -0.068265 4.772164 0.696859
v -0.015726 4.885964 0.549033
v -0.031142 4.815035 0.658000
v -0.011220 4.942749 0.523392
v -0.017952 4.859780 0.698711
v -0.032518 4.808936 0.719994
v -0.071441 4.799293 0.819235
v -0.128970 4.757118 0.713081
v -0.019657 4.906646 0.681892
v -0.011295 4.950168 0.660130
v -0.017389 4.914052 0.703458
v -0.015380 4.874102 0.735093
v -0.015968 4.833166 0.774622
v -0.025842 4.825789 0.818691
v -0.017584 4.851090 0.885027
v -0.017957 4.845434 0.974194
v -0.015913 4.847146 1.044501
v -0.067521 4.815492 0.977876
v -0.061611 4.830727 1.076304
v -0.026718 4.848262 1.088892
v -0.018485 4.852857 1.121717
v -0.052277 4.829293 1.159438
v -0.097638 4.814396 1.167102
v -0.073171 4.808254 0.894474
v -0.105033 4.799103 0.987886
v -0.107450 4.807727 1.073012
v -0.153628 4.778308 1.075772
v -0.143704 4.807642 1.174057
v -0.199744 4.788808 1.167211
v -0.135355 4.799973 0.890605
v -0.211422 4.739833 0.924702
v -0.212230 4.778722 1.060267
v -0.193002 4.743860 1.074436
v -0.189453 4.761595 1.169011
v -0.202381 4.709969 0.945226
v -0.124252 4.774372 0.813488
v -0.203986 4.672117 0.855354
v -0.233019 4.616810 0.972676
v -0.232703 4.584865 0.869202
v -0.210586 4.700250 0.837505
v -0.215789 4.629437 0.752183
v -0.243868 4.559897 0.774627
v -0.223032 4.660872 0.723299
v -0.228330 4.634235 0.626078
v -0.321153 4.485466 1.024560
v -0.320180 4.436141 0.902712
v -0.331222 4.397250 0.798596
v -0.266161 4.656236 1.169649
v -0.227448 4.639172 1.082317
v -0.263561 4.530321 1.171896
v -0.285221 4.523148 1.099303
v -0.094876 2.615213 -1.275158
v -0.086977 2.508847 -1.323500
v -0.169309 2.420999 -1.361062
v -0.162611 2.700794 -1.347059
v -0.269952 2.812654 -1.638737
v -0.226398 2.774147 -1.389517
v -0.168596 2.728029 -1.279074
v -0.113377 2.655355 -1.182672
v -0.241634 2.844464 -1.308179
v -0.183506 2.714788 -1.127058
v -0.202031 2.750359 -1.240756
v 0.000000 1.742997 -0.443458
v 0.000000 1.475766 -0.771553
v 0.143958 1.743662 -0.459390
v 0.351820 1.584164 -1.007187
v 0.408519 1.882048 -0.682188
v 0.000000 1.090569 -1.203407
v 0.316560 1.221674 -1.335742
v 0.000000 0.847438 -1.492229
v 0.293895 0.980790 -1.602319
v 0.000000 0.600802 -1.833951
v 0.244254 0.704680 -1.938035
v 0.000000 0.289372 -2.438422
v 0.192520 0.362352 -2.494494
v 0.000000 0.087131 -2.991387
v 0.213916 0.214785 -3.037580
v 0.187883 2.238781 -1.409419
v 0.169309 2.420999 -1.361062
v 0.314292 2.447232 -1.169491
v 0.347112 2.196552 -1.316026
v 0.434944 2.370731 -1.064318
v 0.551406 2.183816 -0.896445
v 0.232702 2.162825 -1.466752
v 0.150334 2.190885 -1.482451
v 0.271515 1.976072 -1.586658
v 0.475219 1.811795 -1.262550
v 0.319391 1.731780 -1.640752
v 0.217978 1.833561 -1.716685
v 0.294814 1.526915 -1.842556
v 0.294124 1.326743 -1.864553
v 0.295161 0.941167 -2.137599
v 0.262913 0.629719 -2.660013
v 0.244746 0.460443 -3.119221
v 0.235233 1.666397 -1.835643
v 0.253985 1.434731 -1.975671
v 0.060731 1.711384 -1.907255
v 0.226255 1.570838 -1.923073
v 0.038648 1.522979 -2.055617
v 0.258549 1.272185 -2.071718
v 0.236617 1.338433 -2.093417
v 0.036901 1.339207 -2.191448
v 0.218937 1.246613 -2.163764
v 0.251402 1.202001 -2.112545
v 0.256284 1.067839 -2.356943
v 0.143357 1.160364 -2.363153
v 0.059541 1.120630 -2.423315
v 0.215207 1.088446 -2.472207
v 0.195547 0.958975 -2.474541
v 0.215207 1.088446 -2.472207
v 0.162371 0.958534 -2.549837
v 0.195547 0.958975 -2.474541
v 0.211392 0.822337 -2.632067
v 0.216759 0.829727 -2.774103
v 0.164405 0.864554 -2.727168
v 0.222450 0.738966 -2.849356
v 0.169275 0.822102 -2.823704
v 0.160072 0.707962 -3.121164
v 0.168211 0.750066 -2.974525
v 0.185612 0.644549 -3.215336
v 0.086754 0.733545 -3.099592
v 0.056577 0.708795 -3.228108
v 0.085140 0.917944 -2.720074
v 0.000000 0.988231 -3.234399
v 0.000000 0.737695 -3.284109
v 0.000000 0.815502 -3.046915
v 0.051128 0.776843 -3.020654
v 0.161404 0.804047 -2.909513
v 0.116311 0.817569 -2.891961
v 0.039146 0.835903 -2.897309
v 0.000000 0.889241 -2.846150
v 0.036016 0.976686 -2.680642
v 0.000000 1.091754 -2.950769
v 0.000000 1.083977 -2.665761
v 0.000000 1.296079 -2.794897
v 0.000000 1.249947 -2.345081
v 0.000000 1.503482 -2.537304
v 0.000000 1.458259 -2.161368
v 0.017311 1.626326 -2.190192
v 0.000000 1.516142 -2.236321
v 0.000000 1.630707 -2.401102
v 0.000000 1.652857 -2.214693
v 0.000000 1.703582 -2.247829
v 0.000000 1.701437 -2.079693
v 0.033855 1.790022 -2.032098
v 0.000000 1.931614 -2.245226
v 0.000000 1.821963 -1.840919
v 0.132689 1.943995 -1.758853
v 0.189608 1.989075 -1.617746
v 0.052555 2.184926 -1.553704
v 0.041793 1.930187 -1.765183
v 0.000000 2.119086 -2.124921
v 0.000000 2.037001 -1.678969
v 0.000000 2.485140 -2.106209
v 0.000000 2.350078 -1.453581
v 0.127357 2.318513 -1.431561
v 0.190257 2.369959 -1.474892
v 0.169309 2.420999 -1.361062
v 0.000000 2.442643 -1.394893
v 0.086977 2.508847 -1.323500
v 0.294814 1.526915 -1.842556
v 0.375800 1.634068 -2.068296
v 0.235233 1.666397 -1.835643
v 0.253985 1.434731 -1.975671
v 0.271515 1.976072 -1.586658
v 0.318199 2.074730 -1.698651
v 0.232702 2.162825 -1.466752
v 0.217978 1.833561 -1.716685
v 0.232702 2.162825 -1.466752
v 0.189608 1.989075 -1.617746
v 0.150334 2.190885 -1.482451
v 0.318199 2.074730 -1.698651
v 0.217978 1.833561 -1.716685
v 0.253985 1.434731 -1.975671
v 0.226255 1.570838 -1.923073
v 0.375800 1.634068 -2.068296
v 0.235233 1.666397 -1.835643
v 0.236617 1.338433 -2.093417
v 0.253985 1.434731 -1.975671
v 0.351790 1.410582 -2.222885
v 0.218937 1.246613 -2.163764
v 0.258549 1.272185 -2.071718
v 0.351790 1.410582 -2.222885
v 0.253985 1.434731 -1.975671
v 0.218937 1.246613 -2.163764
v 0.281894 1.366750 -2.534392
v 0.251402 1.202001 -2.112545
v 0.256284 1.067839 -2.356943
v 0.215207 1.088446 -2.472207
v 0.211392 0.822337 -2.632067
v 0.222358 0.944949 -2.721277
v 0.162371 0.958534 -2.549837
v 0.164405 0.864554 -2.727168
v 0.216759 0.829727 -2.774103
v 0.222450 0.738966 -2.849356
v 0.294476 1.025866 -3.003186
v 0.168211 0.750066 -2.974525
v 0.187883 2.238781 -1.409419
v 0.190257 2.369959 -1.474892
v 0.169309 2.420999 -1.361062
v 0.150334 2.190885 -1.482451
v 0.168211 0.750066 -2.974525
v 0.197679 0.796991 -3.087715
v 0.086754 0.733545 -3.099592
v 0.160072 0.707962 -3.121164
v 0.051128 0.776843 -3.020654
v 0.039146 0.835903 -2.897309
v 0.116311 0.817569 -2.891961
v 0.085140 0.917944 -2.720074
v 0.161404 0.804047 -2.909513
v 0.294476 1.025866 -3.003186
v 0.168211 0.750066 -2.974525
v 0.169275 0.822102 -2.823704
v 0.216759 0.829727 -2.774103
v 0.218937 1.246613 -2.163764
v 0.251402 1.202001 -2.112545
v 0.281894 1.366750 -2.534392
v 0.143357 1.160364 -2.363153
v 0.215207 1.088446 -2.472207
v 0.244746 0.460443 -3.119221
v 0.213916 0.214785 -3.037580
v 0.191293 0.154804 -3.356944
v 0.230053 0.398146 -3.431255
v 0.177949 0.116820 -3.745314
v 0.201686 0.608130 -3.272564
v 0.185612 0.644549 -3.215336
v 0.159555 0.592699 -3.355831
v 0.190516 0.350174 -3.768574
v 0.168266 0.105024 -4.115327
v 0.162653 0.490314 -3.609698
v 0.148604 0.545387 -3.510062
v 0.142783 0.468381 -3.688781
v 0.041698 0.629535 -3.462259
v 0.124617 0.529803 -3.596102
v 0.000000 0.703309 -3.350945
v 0.160694 0.632648 -3.273717
v 0.000000 0.845299 -3.521437
v 0.000000 0.737695 -3.284109
v 0.056577 0.708795 -3.228108
v 0.000000 0.587307 -3.617166
v 0.025866 0.532994 -3.734358
v 0.000000 0.733079 -3.782337
v 0.000000 0.600715 -3.824460
v 0.000000 0.489805 -3.951109
v 0.119511 0.453162 -3.834681
v 0.158231 0.374767 -4.127345
v 0.150181 0.304275 -4.618685
v 0.133092 0.106388 -4.625598
v 0.068716 0.422395 -4.418520
v 0.058870 0.435747 -4.180311
v 0.102927 0.105854 -5.000262
v 0.109390 0.291031 -5.016091
v 0.090008 0.262685 -5.313115
v 0.085020 0.101279 -5.309795
v 0.073439 0.122183 -5.584766
v 0.080455 0.478536 -3.951056
v 0.030024 0.448661 -4.070915
v 0.000000 0.572482 -3.972062
v 0.000000 0.535498 -4.023543
v 0.000000 0.666135 -4.064496
v 0.000000 0.459879 -4.185090
v 0.016298 0.443350 -4.255738
v 0.000000 0.593802 -4.271937
v 0.000000 0.467608 -4.342830
v 0.016177 0.434732 -4.418667
v 0.000000 0.547236 -4.392973
v 0.000000 0.441066 -4.479379
v 0.018093 0.406328 -4.592452
v 0.000000 0.569848 -4.567183
v 0.000000 0.405048 -4.673174
v 0.065958 0.384192 -4.648223
v 0.027516 0.396033 -4.821245
v 0.000000 0.499120 -4.831175
v 0.000000 0.381441 -4.924843
v 0.020973 0.367699 -4.977730
v 0.000000 0.454332 -4.954237
v 0.000000 0.386527 -5.024188
v 0.023976 0.364396 -5.093202
v 0.000000 0.481252 -5.136244
v 0.000000 0.411073 -5.140593
v 0.024142 0.347616 -5.167769
v 0.000000 0.552383 -5.315978
v 0.016798 0.317237 -5.307761
v 0.000000 0.332541 -5.317964
v 0.000000 0.442898 -5.618395
v 0.026646 0.295668 -5.489045
v 0.000000 0.320598 -5.647659
v 0.076962 0.254044 -5.577465
v 0.015630 0.295066 -5.631446
v 0.024195 0.295633 -5.762005
v 0.000000 0.363927 -5.807452
v 0.000000 0.279135 -5.859266
v 0.063227 0.250445 -5.848434
v 0.062405 0.140586 -5.870695
v 0.000000 0.290500 -6.179132
v 0.066153 0.210324 -6.178149
v 0.000000 0.266908 -6.438025
v 0.037664 0.215755 -6.436648
v 0.000000 0.197332 -6.483475
v 0.000000 0.087131 -2.991387
v 0.000000 0.043738 -3.325631
v 0.000000 0.019925 -3.736651
v 0.000000 -0.009870 -4.114551
v 0.000000 -0.008818 -4.625387
v 0.000000 0.019811 -4.989161
v 0.000000 0.013768 -5.299095
v 0.000000 0.042978 -5.586034
v 0.000000 0.069396 -5.872549
v 0.000000 0.096627 -6.180470
v 0.000000 0.129201 -6.443572
v 0.241145 0.739307 -3.283762
v 0.160694 0.632648 -3.273717
v 0.185612 0.644549 -3.215336
v 0.159555 0.592699 -3.355831
v 0.201686 0.608130 -3.272564
v 0.241145 0.739307 -3.283762
v 0.185612 0.644549 -3.215336
v 0.159555 0.592699 -3.355831
v 0.162653 0.490314 -3.609698
v 0.202236 0.607085 -3.631710
v 0.148604 0.545387 -3.510062
v 0.142783 0.468381 -3.688781
v 0.124617 0.529803 -3.596102
v 0.202236 0.607085 -3.631710
v 0.142783 0.468381 -3.688781
v 0.148604 0.545387 -3.510062
v -0.143958 1.743662 -0.459390
v -0.351820 1.584164 -1.007187
v -0.408519 1.882048 -0.682188
v -0.316560 1.221674 -1.335742
v -0.293895 0.980790 -1.602319
v -0.244254 0.704680 -1.938035
v -0.192520 0.362352 -2.494494
v -0.213916 0.214785 -3.037580
v -0.169309 2.420999 -1.361062
v -0.187883 2.238781 -1.409419
v -0.314292 2.447232 -1.169491
v -0.347112 2.196552 -1.316026
v -0.434944 2.370731 -1.064318
v -0.551406 2.183816 -0.896445
v -0.232702 2.162825 -1.466752
v -0.150334 2.190885 -1.482451
v -0.271515 1.976072 -1.586658
v -0.475219 1.811795 -1.262550
v -0.319391 1.731780 -1.640752
v -0.217978 1.833561 -1.716685
v -0.294814 1.526915 -1.842556
v -0.294124 1.326743 -1.864553
v -0.295161 0.941167 -2.137599
v -0.262913 0.629719 -2.660013
v -0.244746 0.460443 -3.119221
v -0.235233 1.666397 -1.835643
v -0.253985 1.434731 -1.975671
v -0.060731 1.711384 -1.907255
v -0.226255 1.570838 -1.923073
v -0.038648 1.522979 -2.055617
v -0.258549 1.272185 -2.071718
v -0.236617 1.338433 -2.093417
v -0.036901 1.339207 -2.191448
v -0.218937 1.246613 -2.163764
v -0.251402 1.202001 -2.112545
v -0.256284 1.067839 -2.356943
v -0.143357 1.160364 -2.363153
v -0.059541 1.120630 -2.423315
v -0.215207 1.088446 -2.472207
v -0.195547 0.958975 -2.474541
v -0.215207 1.088446 -2.472207
v -0.162371 0.958534 -2.549837
v -0.195547 0.958975 -2.474541
v -0.211392 0.822337 -2.632067
v -0.216759 0.829727 -2.774103
v -0.164405 0.864554 -2.727168
v -0.222450 0.738966 -2.849356
v -0.169275 0.822102 -2.823704
v -0.160072 0.707962 -3.121164
v -0.168211 0.750066 -2.974525
v -0.185612 0.644549 -3.215336
v -0.086754 0.733545 -3.099592
v -0.056577 0.708795 -3.228108
v -0.085140 0.917944 -2.720074
v -0.051128 0.776843 -3.020654
v -0.161404 0.804047 -2.909513
v -0.116311 0.817569 -2.891961
v -0.039146 0.835903 -2.897309
v -0.036016 0.976686 -2.680642
v -0.017311 1.626326 -2.190192
v -0.033855 1.790022 -2.032098
v -0.132689 1.943995 -1.758853
v -0.189608 1.989075 -1.617746
v -0.052555 2.184926 -1.553704
v -0.041793 1.930187 -1.765183
v -0.127357 2.318513 -1.431561
v -0.190257 2.369959 -1.474892
v -0.169309 2.420999 -1.361062
v -0.086977 2.508847 -1.323500
v -0.375800 1.634068 -2.068296
v -0.294814 1.526915 -1.842556
v -0.235233 1.666397 -1.835643
v -0.253985 1.434731 -1.975671
v -0.318199 2.074730 -1.698651
v -0.271515 1.976072 -1.586658
v -0.232702 2.162825 -1.466752
v -0.217978 1.833561 -1.716685
v -0.189608 1.989075 -1.617746
v -0.232702 2.162825 -1.466752
v -0.150334 2.190885 -1.482451
v -0.318199 2.074730 -1.698651
v -0.217978 1.833561 -1.716685
v -0.226255 1.570838 -1.923073
v -0.253985 1.434731 -1.975671
v -0.375800 1.634068 -2.068296
v -0.235233 1.666397 -1.835643
v -0.253985 1.434731 -1.975671
v -0.236617 1.338433 -2.093417
v -0.351790 1.410582 -2.222885
v -0.218937 1.246613 -2.163764
v -0.351790 1.410582 -2.222885
v -0.258549 1.272185 -2.071718
v -0.253985 1.434731 -1.975671
v -0.218937 1.246613 -2.163764
v -0.251402 1.202001 -2.112545
v -0.281894 1.366750 -2.534392
v -0.256284 1.067839 -2.356943
v -0.215207 1.088446 -2.472207
v -0.222358 0.944949 -2.721277
v -0.211392 0.822337 -2.632067
v -0.162371 0.958534 -2.549837
v -0.164405 0.864554 -2.727168
v -0.222450 0.738966 -2.849356
v -0.216759 0.829727 -2.774103
v -0.294476 1.025866 -3.003186
v -0.168211 0.750066 -2.974525
v -0.190257 2.369959 -1.474892
v -0.187883 2.238781 -1.409419
v -0.169309 2.420999 -1.361062
v -0.150334 2.190885 -1.482451
v -0.197679 0.796991 -3.087715
v -0.168211 0.750066 -2.974525
v -0.086754 0.733545 -3.099592
v -0.160072 0.707962 -3.121164
v -0.039146 0.835903 -2.897309
v -0.051128 0.776843 -3.020654
v -0.116311 0.817569 -2.891961
v -0.085140 0.917944 -2.720074
v -0.294476 1.025866 -3.003186
v -0.161404 0.804047 -2.909513
v -0.168211 0.750066 -2.974525
v -0.169275 0.822102 -2.823704
v -0.216759 0.829727 -2.774103
v -0.251402 1.202001 -2.112545
v -0.218937 1.246613 -2.163764
v -0.281894 1.366750 -2.534392
v -0.143357 1.160364 -2.363153
v -0.215207 1.088446 -2.472207
v -0.213916 0.214785 -3.037580
v -0.244746 0.460443 -3.119221
v -0.191293 0.154804 -3.356944
v -0.230053 0.398146 -3.431255
v -0.177949 0.116820 -3.745314
v -0.201686 0.608130 -3.272564
v -0.185612 0.644549 -3.215336
v -0.159555 0.592699 -3.355831
v -0.190516 0.350174 -3.768574
v -0.168266 0.105024 -4.115327
v -0.162653 0.490314 -3.609698
v -0.148604 0.545387 -3.510062
v -0.142783 0.468381 -3.688781
v -0.041698 0.629535 -3.462259
v -0.124617 0.529803 -3.596102
v -0.160694 0.632648 -3.273717
v -0.056577 0.708795 -3.228108
v -0.025866 0.532994 -3.734358
v -0.119511 0.453162 -3.834681
v -0.158231 0.374767 -4.127345
v -0.150181 0.304275 -4.618685
v -0.133092 0.106388 -4.625598
v -0.068716 0.422395 -4.418520
v -0.058870 0.435747 -4.180311
v -0.102927 0.105854 -5.000262
v -0.109390 0.291031 -5.016091
v -0.090008 0.262685 -5.313115
v -0.085020 0.101279 -5.309795
v -0.073439 0.122183 -5.584766
v -0.080455 0.478536 -3.951056
v -0.030024 0.448661 -4.070915
v -0.016298 0.443350 -4.255738
v -0.016177 0.434732 -4.418667
v -0.018093 0.406328 -4.592452
v -0.065958 0.384192 -4.648223
v -0.027516 0.396033 -4.821245
v -0.020973 0.367699 -4.977730
v -0.023976 0.364396 -5.093202
v -0.024142 0.347616 -5.167769
v -0.016798 0.317237 -5.307761
v -0.026646 0.295668 -5.489045
v -0.076962 0.254044 -5.577465
v -0.015630 0.295066 -5.631446
v -0.024195 0.295633 -5.762005
v -0.063227 0.250445 -5.848434
v -0.062405 0.140586 -5.870695
v -0.066153 0.210324 -6.178149
v -0.037664 0.215755 -6.436648
v -0.160694 0.632648 -3.273717
v -0.241145 0.739307 -3.283762
v -0.185612 0.644549 -3.215336
v -0.159555 0.592699 -3.355831
v -0.241145 0.739307 -3.283762
v -0.201686 0.608130 -3.272564
v -0.185612 0.644549 -3.215336
v -0.159555 0.592699 -3.355831
v -0.202236 0.607085 -3.631710
v -0.162653 0.490314 -3.609698
v -0.148604 0.545387 -3.510062
v -0.142783 0.468381 -3.688781
v -0.202236 0.607085 -3.631710
v -0.124617 0.529803 -3.596102
v -0.142783 0.468381 -3.688781
v -0.148604 0.545387 -3.510062
v 0.062273 0.270631 -5.626525
v 0.112728 0.340336 -5.642563
v 0.001789 0.290415 -5.684685
v 0.077519 0.362971 -5.737638
v -0.002169 0.289446 -5.769898
v 0.008750 0.293857 -5.797530
v 0.081864 0.351271 -5.835146
v 0.017972 0.289332 -5.833993
v 0.029560 0.286378 -5.831981
v 0.086668 0.341267 -5.835166
v 0.211059 0.447019 -5.715909
v 0.188888 0.437771 -5.822849
v 0.189759 0.454100 -5.765915
v 0.181555 0.446598 -5.821045
v 0.225533 0.465331 -5.818152
v 0.213654 0.457525 -5.802220
v 0.243603 0.498343 -5.767558
v 0.262181 0.489742 -5.746545
v 0.247553 0.481720 -5.790201
v 0.338585 0.545274 -5.824687
v 0.112728 0.340336 -5.642563
v 0.062273 0.270631 -5.626525
v 0.055409 0.264410 -5.729860
v 0.105826 0.326587 -5.735667
v 0.029560 0.286378 -5.831981
v 0.086668 0.341267 -5.835166
v 0.211059 0.447019 -5.715909
v 0.206606 0.439828 -5.768202
v 0.188888 0.437771 -5.822849
v 0.213654 0.457525 -5.802220
v 0.225533 0.465331 -5.818152
v 0.247553 0.481720 -5.790201
v 0.261285 0.483503 -5.769738
v 0.262181 0.489742 -5.746545
v 0.338585 0.545274 -5.824687
v -0.002169 0.289446 -5.769898
v 0.008750 0.293857 -5.797530
v -0.001552 0.301071 -5.772583
v 0.007835 0.332226 -5.805474
v 0.017972 0.289332 -5.833993
v 0.019565 0.388358 -5.867162
v 0.039022 0.340261 -5.942091
v 0.043915 0.500409 -5.975504
v 0.034234 0.278649 -5.922928
v 0.022256 0.266932 -5.839665
v 0.029560 0.286378 -5.831981
v 0.040096 0.302464 -6.043167
v 0.043057 0.267192 -6.026806
v 0.031570 0.287917 -6.049537
v 0.031525 0.271895 -6.060613
v 0.047897 0.245034 -6.047774
v 0.038749 0.320167 -6.091769
v 0.036526 0.327897 -6.059032
v 0.044643 0.399715 -6.079444
v 0.050252 0.456776 -6.023361
v 0.044313 0.437619 -6.065718
v 0.051917 0.491517 -6.088346
v 0.051889 0.517024 -6.069732
v 0.056792 0.526214 -6.105400
v 0.060215 0.567498 -6.081733
v 0.062763 0.597744 -6.066514
v 0.073775 0.634445 -6.135093
v -0.028685 0.278927 -5.887403
v -0.022775 0.304193 -5.893842
v -0.037443 0.303091 -5.893409
v -0.013166 0.316637 -5.976924
v -0.081158 0.394809 -6.000610
v -0.030517 0.364004 -6.028619
v -0.061845 0.413565 -6.124568
v -0.144786 0.510899 -6.166704
v -0.015951 0.335452 -6.122789
v -0.115726 0.503994 -6.190603
v -0.190238 0.588306 -6.260996
v -0.172204 0.586462 -6.273253
v -0.208829 0.619995 -6.340270
v -0.177230 0.567951 -6.283670
v -0.124986 0.496073 -6.243806
v -0.098897 0.469471 -6.235394
v -0.131722 0.503974 -6.273169
v -0.109790 0.457178 -6.248991
v -0.062068 0.368691 -6.216726
v -0.027453 0.275288 -6.192708
v 0.005108 0.267188 -6.140759
v 0.031525 0.271895 -6.060613
v 0.062763 0.597744 -6.066514
v 0.073775 0.634445 -6.135093
v 0.051190 0.575516 -6.077495
v 0.043915 0.500409 -5.975504
v 0.021859 0.462337 -6.025295
v -0.006929 0.362943 -5.916341
v 0.019565 0.388358 -5.867162
v -0.014781 0.310276 -5.825436
v 0.007835 0.332226 -5.805474
v -0.001552 0.301071 -5.772583
v -0.016310 0.276123 -5.805090
v -0.002169 0.289446 -5.769898
v -0.028685 0.278927 -5.887403
v -0.022775 0.304193 -5.893842
v -0.013166 0.316637 -5.976924
v 0.009349 0.364247 -6.015176
v 0.002019 0.299204 -6.030668
v 0.021853 0.311674 -6.058852
v 0.031570 0.287917 -6.049537
v 0.038749 0.320167 -6.091769
v 0.036526 0.327897 -6.059032
v 0.044643 0.399715 -6.079444
v 0.044313 0.437619 -6.065718
v 0.041043 0.502142 -6.080627
v 0.051917 0.491517 -6.088346
v 0.056792 0.526214 -6.105400
v 0.051889 0.517024 -6.069732
v 0.060215 0.567498 -6.081733
v 0.073775 0.634445 -6.135093
v -0.037443 0.303091 -5.893409
v -0.037809 0.256730 -5.937103
v -0.028685 0.278927 -5.887403
v -0.081158 0.394809 -6.000610
v -0.077545 0.342851 -6.107624
v -0.038209 0.240745 -6.066686
v -0.027453 0.275288 -6.192708
v -0.144786 0.510899 -6.166704
v -0.062068 0.368691 -6.216726
v -0.109790 0.457178 -6.248991
v -0.190238 0.588306 -6.260996
v -0.188602 0.576205 -6.272860
v -0.208829 0.619995 -6.340270
v -0.177230 0.567951 -6.283670
v -0.011424 0.259709 -6.438147
v -0.064047 0.329074 -6.414719
v -0.004512 0.264142 -6.402403
v -0.040255 0.317848 -6.316706
v 0.001943 0.260047 -6.301041
v -0.027453 0.275288 -6.192708
v -0.108292 0.411394 -6.368692
v -0.094841 0.408808 -6.393235
v -0.098716 0.399110 -6.421089
v -0.115334 0.450916 -6.439150
v 0.031525 0.271895 -6.060613
v 0.083415 0.280098 -6.147981
v 0.005108 0.267188 -6.140759
v 0.041858 0.289797 -6.183882
v -0.027453 0.275288 -6.192708
v 0.149423 0.339799 -6.252858
v 0.088471 0.299203 -6.225893
v 0.091071 0.306097 -6.252870
v 0.006827 0.263020 -6.239984
v 0.060742 0.281884 -6.245242
v 0.009678 0.251826 -6.289200
v 0.034709 0.247061 -6.331662
v 0.029395 0.246364 -6.315507
v 0.031525 0.271895 -6.060613
v 0.039828 0.232119 -6.187145
v 0.083415 0.280098 -6.147981
v 0.088471 0.299203 -6.225893
v 0.149423 0.339799 -6.252858
v 0.060742 0.281884 -6.245242
v 0.091071 0.306097 -6.252870
v 0.029395 0.246364 -6.315507
v 0.034709 0.247061 -6.331662
v -0.116644 0.288524 -5.862010
v -0.048981 0.246668 -5.861437
v -0.069005 0.233177 -5.743622
v -0.140218 0.293875 -5.758369
v -0.096783 0.286186 -5.616414
v -0.062140 0.257452 -5.630899
v -0.172888 0.334180 -5.707736
v -0.254633 0.399926 -5.758276
v -0.253165 0.384644 -5.797449
v -0.365607 0.515302 -5.873170
v -0.062140 0.257452 -5.630899
v -0.042186 0.274455 -5.652207
v -0.096783 0.286186 -5.616414
v -0.106819 0.316865 -5.754067
v -0.036432 0.279180 -5.719480
v -0.172888 0.334180 -5.707736
v -0.039524 0.277038 -5.796494
v -0.232117 0.401739 -5.795659
v -0.254633 0.399926 -5.758276
v -0.365607 0.515302 -5.873170
v -0.116644 0.288524 -5.862010
v -0.048981 0.246668 -5.861437
v 0.057372 0.270900 -5.827972
v 0.093571 0.303578 -5.834303
v 0.022256 0.266932 -5.839665
v 0.071645 0.306157 -5.922843
v 0.102140 0.315326 -5.865238
v 0.141784 0.357026 -5.921534
v 0.034234 0.278649 -5.922928
v 0.154329 0.356622 -5.989511
v 0.070466 0.293956 -6.011698
v 0.043057 0.267192 -6.026806
v 0.047897 0.245034 -6.047774
v 0.098347 0.281187 -6.098847
v 0.110676 0.338216 -6.043671
v 0.194122 0.392803 -6.057704
v 0.158018 0.367403 -6.119148
v 0.222651 0.430988 -6.158107
v 0.245424 0.436539 -6.137031
v 0.152999 0.329081 -6.141842
v 0.281017 0.471980 -6.205195
v 0.187790 0.383543 -6.180686
v 0.199431 0.370392 -6.188185
v 0.210784 0.384489 -6.194520
v 0.203305 0.379989 -6.169188
v 0.229427 0.407987 -6.178730
v 0.264396 0.449521 -6.228257
v 0.260612 0.469963 -6.216992
v 0.299154 0.491580 -6.279294
v 0.057372 0.270900 -5.827972
v 0.056301 0.220516 -5.850976
v 0.093571 0.303578 -5.834303
v 0.098917 0.280381 -5.905094
v 0.102140 0.315326 -5.865238
v 0.062333 0.222627 -5.930650
v 0.123661 0.302170 -6.023263
v 0.046265 0.219485 -5.993931
v 0.141784 0.357026 -5.921534
v 0.047897 0.245034 -6.047774
v 0.154329 0.356622 -5.989511
v 0.098347 0.281187 -6.098847
v 0.179812 0.354847 -6.101097
v 0.194122 0.392803 -6.057704
v 0.152999 0.329081 -6.141842
v 0.245424 0.436539 -6.137031
v 0.200387 0.370389 -6.174613
v 0.199431 0.370392 -6.188185
v 0.210784 0.384489 -6.194520
v 0.203305 0.379989 -6.169188
v 0.242288 0.414533 -6.154939
v 0.281017 0.471980 -6.205195
v 0.229427 0.407987 -6.178730
v 0.276156 0.456418 -6.217146
v 0.299154 0.491580 -6.279294
v 0.264396 0.449521 -6.228257
v -0.011424 0.259709 -6.438147
v -0.041071 0.228833 -6.305696
v -0.064047 0.329074 -6.414719
v -0.073554 0.294424 -6.300926
v -0.027453 0.275288 -6.192708
v -0.108292 0.411394 -6.368692
v -0.113429 0.401509 -6.392613
v -0.098716 0.399110 -6.421089
v -0.115334 0.450916 -6.439150
v 0.571146 2.673882 0.147366
v 0.539786 2.876331 -0.056005
v 0.454867 2.713857 0.157098
v 0.626959 2.728069 -0.141241
v 0.676115 2.561735 -0.024398
v 0.648128 2.456619 -0.456705
v 0.736162 2.278679 -0.331226
v 0.601877 2.220869 -0.658513
v 0.685651 2.063657 -0.512293
v 0.525322 1.972287 -0.584651
v 0.551406 2.183816 -0.896445
v 0.408519 1.882048 -0.682188
v 0.000000 1.811472 -0.294541
v 0.000000 1.742997 -0.443458
v 0.143958 1.743662 -0.459390
v 0.230790 1.814853 -0.359245
v 0.160331 1.897036 -0.148767
v 0.000000 1.905204 -0.141409
v 0.000000 1.988001 -0.003704
v 0.226672 2.085601 0.038011
v 0.311791 1.715797 0.137035
v 0.382197 1.452192 0.055632
v 0.430864 1.445071 0.202626
v 0.458878 1.304138 0.201768
v 0.458862 1.416966 -0.128545
v 0.486468 1.315734 -0.137855
v 0.452734 1.151613 0.144881
v 0.598818 1.726494 -0.395968
v 0.770894 1.864452 -0.335283
v 0.674379 1.516124 -0.202324
v 0.696244 1.387437 -0.223141
v 0.480622 1.187183 -0.199595
v 0.469573 0.931666 0.034658
v 0.703672 1.243276 -0.294524
v 0.962151 1.417093 -0.015841
v 0.508077 0.937624 -0.249967
v 0.508696 0.630774 -0.023773
v 0.579021 0.636290 -0.317018
v 0.513060 0.357831 -0.092723
v 0.548399 0.352954 -0.294303
v 0.731746 0.964450 -0.346010
v 0.913639 1.633474 0.010837
v 0.563600 0.367244 -0.421056
v 0.543922 0.271243 -0.295642
v 0.597976 0.284598 -0.449637
v 0.698856 0.405261 -0.508750
v 0.692192 0.278914 -0.471679
v 0.768361 0.617414 -0.385145
v 0.856390 0.358244 -0.396981
v 0.839663 0.260304 -0.414146
v 0.954767 0.589081 -0.212056
v 0.954366 0.359563 -0.245914
v 0.951271 0.370664 0.044581
v 0.972356 0.952845 -0.145969
v 0.938078 0.564076 0.053343
v 0.837197 0.358496 0.114998
v 0.975623 1.244356 -0.072974
v 0.933249 0.907535 0.157563
v 0.762654 0.567232 0.139589
v 0.709241 0.352830 0.126142
v 0.577202 0.594646 0.087494
v 0.573237 0.344776 0.054771
v 0.513060 0.357831 -0.092723
v 0.508696 0.630774 -0.023773
v 0.469573 0.931666 0.034658
v 0.772827 0.882326 0.261997
v 0.588119 0.899627 0.239160
v 0.452734 1.151613 0.144881
v 0.605835 1.156573 0.372877
v 0.458878 1.304138 0.201768
v 0.794338 1.162871 0.413852
v 0.588964 1.334690 0.458881
v 0.430864 1.445071 0.202626
v 0.959798 1.198954 0.304354
v 0.809628 1.342337 0.532280
v 0.987469 1.376706 0.402056
v 0.537050 1.516551 0.499884
v 0.311791 1.715797 0.137035
v 0.778817 1.555654 0.575035
v 0.446874 1.886233 0.430032
v 0.226672 2.085601 0.038011
v 0.970853 1.591802 0.434086
v 0.698353 1.955865 0.491207
v 0.566235 2.463692 0.268781
v 0.907347 1.927736 0.339956
v 0.910283 1.841535 -0.004305
v 0.781982 2.330234 0.117826
v 0.824653 2.078336 -0.180847
v 0.331542 2.551578 0.151036
v 0.352615 2.325175 0.188147
v 0.273311 2.344784 0.114384
v 0.221327 2.437866 0.097905
v 0.113756 2.427312 0.135170
v 0.113806 2.241319 0.086019
v 0.000000 1.988001 -0.003704
v 0.000000 2.409578 0.171254
v 0.000000 2.229814 0.120836
v 0.597976 0.284598 -0.449637
v 0.692192 0.278914 -0.471679
v 0.692464 0.139262 -0.406279
v 0.557882 0.039823 -0.337844
v 0.477784 0.043774 -0.263813
v 0.543922 0.271243 -0.295642
v 0.428357 0.059377 -0.075486
v 0.474707 0.254828 -0.048793
v 0.513060 0.357831 -0.092723
v 0.548399 0.352954 -0.294303
v 0.573237 0.344776 0.054771
v 0.465331 0.228239 0.084913
v 0.384977 0.168121 0.194621
v 0.368941 0.057313 0.140315
v 0.337155 0.022143 0.281145
v 0.439838 0.045929 0.189654
v 0.530551 0.055636 0.120515
v 0.575202 0.187836 0.132011
v 0.593151 0.066195 0.131026
v 0.635142 0.068403 0.202732
v 0.640333 0.215268 0.214149
v 0.709241 0.352830 0.126142
v 0.657374 0.067614 0.316267
v 0.745864 0.267112 0.315924
v 0.867363 0.179849 0.227867
v 0.837197 0.358496 0.114998
v 0.951271 0.370664 0.044581
v 0.766920 0.187403 0.465330
v 0.707438 0.060214 0.445393
v 0.787781 0.007219 0.569991
v 0.804565 0.057281 0.447105
v 0.824002 0.067116 0.315215
v 0.879939 0.081669 0.233895
v 1.003668 0.246468 0.215862
v 1.059329 0.161090 0.343101
v 1.007032 0.077437 0.347361
v 1.067639 0.027904 0.396346
v 1.073255 0.066265 0.300038
v 1.042531 0.055583 0.172210
v 1.032655 0.211945 0.042728
v 1.028726 0.046832 0.020579
v 1.059352 0.210795 -0.074462
v 0.954366 0.359563 -0.245914
v 1.130748 0.086203 0.037728
v 1.084938 0.035742 0.052323
v 1.129307 0.023151 0.141143
v 1.136338 0.022296 0.010396
v 1.109108 0.020917 -0.101516
v 0.964858 0.049783 -0.306515
v 0.960612 0.250781 -0.269948
v 0.856390 0.358244 -0.396981
v 0.839663 0.260304 -0.414146
v 0.806607 0.117080 -0.435095
v 0.812720 0.043086 -0.387950
v 0.557882 0.039823 -0.337844
v 0.692464 0.139262 -0.406279
v 0.692192 0.278914 -0.471679
v 1.067639 0.027904 0.396346
v 1.007032 0.077437 0.347361
v 1.073255 0.066265 0.300038
v 0.989749 0.046696 0.206525
v 1.042531 0.055583 0.172210
v 0.879939 0.081669 0.233895
v 0.966553 0.052250 0.147056
v 0.775461 0.028955 0.008319
v 0.739600 0.050807 0.220798
v 1.028726 0.046832 0.020579
v 0.824002 0.067116 0.315215
v 0.928851 0.019602 -0.078238
v 0.741205 0.039375 0.309976
v 0.804565 0.057281 0.447105
v 0.707438 0.060214 0.445393
v 0.787781 0.007219 0.569991
v 0.657374 0.067614 0.316267
v 0.635142 0.068403 0.202732
v 0.593151 0.066195 0.131026
v 0.548084 0.031036 -0.021415
v 0.530551 0.055636 0.120515
v 0.439838 0.045929 0.189654
v 0.368941 0.057313 0.140315
v 0.337155 0.022143 0.281145
v 0.463093 0.032321 -0.054026
v 0.428357 0.059377 -0.075486
v 0.477784 0.043774 -0.263813
v 0.614573 0.017428 -0.127384
v 0.550495 0.013063 -0.259757
v 0.557882 0.039823 -0.337844
v 0.812720 0.043086 -0.387950
v 0.864048 0.015439 -0.321303
v 0.964858 0.049783 -0.306515
v 0.865218 0.014435 -0.184908
v 0.967337 0.022823 -0.229845
v 1.109108 0.020917 -0.101516
v 1.069076 -0.000601 -0.071385
v 1.136338 0.022296 0.010396
v 1.107018 -0.000690 0.026312
v 1.084938 0.035742 0.052323
v 1.129307 0.023151 0.141143
v -0.539786 2.876331 -0.056005
v -0.571146 2.673882 0.147366
v -0.454867 2.713857 0.157098
v -0.626959 2.728069 -0.141241
v -0.676115 2.561735 -0.024398
v -0.648128 2.456619 -0.456705
v -0.736162 2.278679 -0.331226
v -0.601877 2.220869 -0.658513
v -0.685651 2.063657 -0.512293
v -0.525322 1.972287 -0.584651
v -0.551406 2.183816 -0.896445
v -0.408519 1.882048 -0.682188
v -0.143958 1.743662 -0.459390
v -0.230790 1.814853 -0.359245
v -0.160331 1.897036 -0.148767
v -0.226672 2.085601 0.038011
v -0.311791 1.715797 0.137035
v -0.382197 1.452192 0.055632
v -0.430864 1.445071 0.202626
v -0.458878 1.304138 0.201768
v -0.458862 1.416966 -0.128545
v -0.486468 1.315734 -0.137855
v -0.452734 1.151613 0.144881
v -0.598818 1.726494 -0.395968
v -0.770894 1.864452 -0.335283
v -0.674379 1.516124 -0.202324
v -0.696244 1.387437 -0.223141
v -0.480622 1.187183 -0.199595
v -0.469573 0.931666 0.034658
v -0.703672 1.243276 -0.294524
v -0.962151 1.417093 -0.015841
v -0.508077 0.937624 -0.249967
v -0.508696 0.630774 -0.023773
v -0.579021 0.636290 -0.317018
v -0.513060 0.357831 -0.092723
v -0.548399 0.352954 -0.294303
v -0.731746 0.964450 -0.346010
v -0.913639 1.633474 0.010837
v -0.563600 0.367244 -0.421056
v -0.543922 0.271243 -0.295642
v -0.597976 0.284598 -0.449637
v -0.698856 0.405261 -0.508750
v -0.692192 0.278914 -0.471679
v -0.768361 0.617414 -0.385145
v -0.856390 0.358244 -0.396981
v -0.839663 0.260304 -0.414146
v -0.954767 0.589081 -0.212056
v -0.954366 0.359563 -0.245914
v -0.951271 0.370664 0.044581
v -0.972356 0.952845 -0.145969
v -0.938078 0.564076 0.053343
v -0.837197 0.358496 0.114998
v -0.975623 1.244356 -0.072974
v -0.933249 0.907535 0.157563
v -0.762654 0.567232 0.139589
v -0.709241 0.352830 0.126142
v -0.577202 0.594646 0.087494
v -0.573237 0.344776 0.054771
v -0.513060 0.357831 -0.092723
v -0.508696 0.630774 -0.023773
v -0.469573 0.931666 0.034658
v -0.772827 0.882326 0.261997
v -0.588119 0.899627 0.239160
v -0.452734 1.151613 0.144881
v -0.605835 1.156573 0.372877
v -0.458878 1.304138 0.201768
v -0.794338 1.162871 0.413852
v -0.588964 1.334690 0.458881
v -0.430864 1.445071 0.202626
v -0.959798 1.198954 0.304354
v -0.809628 1.342337 0.532280
v -0.987469 1.376706 0.402056
v -0.537050 1.516551 0.499884
v -0.311791 1.715797 0.137035
v -0.778817 1.555654 0.575035
v -0.446874 1.886233 0.430032
v -0.226672 2.085601 0.038011
v -0.970853 1.591802 0.434086
v -0.698353 1.955865 0.491207
v -0.566235 2.463692 0.268781
v -0.907347 1.927736 0.339956
v -0.910283 1.841535 -0.004305
v -0.781982 2.330234 0.117826
v -0.824653 2.078336 -0.180847
v -0.331542 2.551578 0.151036
v -0.352615 2.325175 0.188147
v -0.273311 2.344784 0.114384
v -0.221327 2.437866 0.097905
v -0.113756 2.427312 0.135170
v -0.113806 2.241319 0.086019
v -0.692192 0.278914 -0.471679
v -0.597976 0.284598 -0.449637
v -0.692464 0.139262 -0.406279
v -0.557882 0.039823 -0.337844
v -0.477784 0.043774 -0.263813
v -0.543922 0.271243 -0.295642
v -0.428357 0.059377 -0.075486
v -0.474707 0.254828 -0.048793
v -0.513060 0.357831 -0.092723
v -0.548399 0.352954 -0.294303
v -0.573237 0.344776 0.054771
v -0.465331 0.228239 0.084913
v -0.384977 0.168121 0.194621
v -0.368941 0.057313 0.140315
v -0.337155 0.022143 0.281145
v -0.439838 0.045929 0.189654
v -0.530551 0.055636 0.120515
v -0.575202 0.187836 0.132011
v -0.593151 0.066195 0.131026
v -0.635142 0.068403 0.202732
v -0.640333 0.215268 0.214149
v -0.709241 0.352830 0.126142
v -0.657374 0.067614 0.316267
v -0.745864 0.267112 0.315924
v -0.867363 0.179849 0.227867
v -0.837197 0.358496 0.114998
v -0.951271 0.370664 0.044581
v -0.766920 0.187403 0.465330
v -0.707438 0.060214 0.445393
v -0.787781 0.007219 0.569991
v -0.804565 0.057281 0.447105
v -0.824002 0.067116 0.315215
v -0.879939 0.081669 0.233895
v -1.003668 0.246468 0.215862
v -1.059329 0.161090 0.343101
v -1.007032 0.077437 0.347361
v -1.067639 0.027904 0.396346
v -1.073255 0.066265 0.300038
v -1.042531 0.055583 0.172210
v -1.032655 0.211945 0.042728
v -1.028726 0.046832 0.020579
v -1.059352 0.210795 -0.074462
v -0.954366 0.359563 -0.245914
v -1.130748 0.086203 0.037728
v -1.084938 0.035742 0.052323
v -1.129307 0.023151 0.141143
v -1.136338 0.022296 0.010396
v -1.109108 0.020917 -0.101516
v -0.964858 0.049783 -0.306515
v -0.960612 0.250781 -0.269948
v -0.856390 0.358244 -0.396981
v -0.839663 0.260304 -0.414146
v -0.806607 0.117080 -0.435095
v -0.812720 0.043086 -0.387950
v -0.557882 0.039823 -0.337844
v -0.692464 0.139262 -0.406279
v -0.692192 0.278914 -0.471679
v -1.007032 0.077437 0.347361
v -1.067639 0.027904 0.396346
v -1.073255 0.066265 0.300038
v -0.989749 0.046696 0.206525
v -1.042531 0.055583 0.172210
v -0.879939 0.081669 0.233895
v -0.966553 0.052250 0.147056
v -0.775461 0.028955 0.008319
v -0.739600 0.050807 0.220798
v -1.028726 0.046832 0.020579
v -0.824002 0.067116 0.315215
v -0.928851 0.019602 -0.078238
v -0.741205 0.039375 0.309976
v -0.804565 0.057281 0.447105
v -0.707438 0.060214 0.445393
v -0.787781 0.007219 0.569991
v -0.657374 0.067614 0.316267
v -0.635142 0.068403 0.202732
v -0.593151 0.066195 0.131026
v -0.548084 0.031036 -0.021415
v -0.530551 0.055636 0.120515
v -0.439838 0.045929 0.189654
v -0.368941 0.057313 0.140315
v -0.337155 0.022143 0.281145
v -0.463093 0.032321 -0.054026
v -0.428357 0.059377 -0.075486
v -0.477784 0.043774 -0.263813
v -0.614573 0.017428 -0.127384
v -0.550495 0.013063 -0.259757
v -0.557882 0.039823 -0.337844
v -0.812720 0.043086 -0.387950
v -0.864048 0.015439 -0.321303
v -0.964858 0.049783 -0.306515
v -0.865218 0.014435 -0.184908
v -0.967337 0.022823 -0.229845
v -1.109108 0.020917 -0.101516
v -1.069076 -0.000601 -0.071385
v -1.136338 0.022296 0.010396
v -1.107018 -0.000690 0.026312
v -1.084938 0.035742 0.052323
v -1.129307 0.023151 0.141143
v 0.472008 3.416095 0.747104
v 0.546550 3.267621 0.756893
v 0.469095 3.420562 0.860672
v 0.557446 3.264631 0.860269
v 0.645025 3.151842 0.762791
v 0.644417 3.160640 0.864613
v 0.657897 3.072179 0.793130
v 0.669088 3.116181 0.877377
v 0.676464 3.018245 0.835832
v 0.690435 3.066879 0.909074
v 0.737122 2.937988 0.926441
v 0.714857 3.159253 0.953264
v 0.687037 3.191714 0.945647
v 0.610055 3.293023 0.959677
v 0.730912 2.992862 0.989386
v 0.824081 2.857272 1.035711
v 0.741705 3.117460 0.982318
v 0.516552 3.451974 0.965986
v 0.466623 3.475637 0.942579
v 0.470721 3.544898 1.006726
v 0.578961 3.557348 1.018712
v 0.480698 3.651508 1.049168
v 0.612543 3.486596 1.016670
v 0.563361 3.656218 1.059996
v 0.496298 3.748761 1.071969
v 0.694679 3.572963 1.004180
v 0.640488 3.695263 1.030224
v 0.540451 3.827329 1.042243
v 0.707134 3.730352 0.974541
v 0.611107 3.905197 0.981392
v 0.692075 3.331388 0.989109
v 0.715532 3.507319 1.002859
v 0.757570 3.762999 0.877292
v 0.659395 3.926823 0.843585
v 0.763118 3.589975 0.961178
v 0.759098 3.761614 0.763222
v 0.669944 3.871882 0.703521
v 0.811491 3.603996 0.863475
v 0.781321 3.524536 0.952647
v 0.731387 3.750122 0.674927
v 0.663846 3.802565 0.612605
v 0.615226 3.721469 0.550419
v 0.794699 3.621377 0.727271
v 0.728105 3.653606 0.630948
v 0.614595 3.590742 0.497895
v 0.685433 3.506553 0.507894
v 0.563725 3.446581 0.512840
v 0.761870 3.365235 0.984237
v 0.824434 3.538035 0.849920
v 0.780727 3.542140 0.611609
v 0.823742 3.386801 0.942695
v 0.797302 3.295090 0.988772
v 0.825861 3.541899 0.715374
v 0.883152 3.401933 0.779257
v 0.854388 3.402097 0.610114
v 0.759539 3.358409 0.532193
v 0.745730 3.248657 0.980664
v 0.763948 3.218788 1.002057
v 0.814968 3.263222 1.004123
v 0.847880 3.314878 0.944279
v 0.929990 3.307876 0.811081
v 0.951187 3.263570 0.646116
v 0.786325 3.179450 1.028203
v 0.838045 3.214633 1.043919
v 0.873462 3.278538 0.967870
v 0.854843 3.206248 0.562257
v 0.961233 3.252943 0.851844
v 0.982863 3.171548 0.714979
v 0.810515 3.111097 1.076704
v 0.870831 3.151027 1.101107
v 0.903217 3.233696 1.016323
v 0.987791 3.198670 0.916640
v 1.001833 3.105821 0.799570
v 0.765494 3.056135 1.041930
v 0.937940 3.164929 1.084191
v 1.017522 3.120484 1.003698
v 0.910175 3.019711 1.195825
v 0.847179 2.986885 1.179293
v 0.816068 2.936195 1.134021
v 1.031793 3.032365 0.912515
v 0.806329 2.891559 1.089424
v 0.862710 2.787376 1.110570
v 0.834176 2.818868 1.155525
v 0.828630 2.857491 1.195601
v 0.862013 2.904301 1.239961
v 0.909231 2.940995 1.265482
v 0.963329 3.019471 1.179739
v 0.973670 2.941077 1.247624
v 1.026859 2.911510 1.204589
v 1.019662 2.995941 1.120550
v 1.040628 2.950548 1.060561
v 1.059435 2.855151 1.129404
v 1.017065 2.882746 0.990201
v 1.025619 2.800449 1.064578
v 0.930619 2.836642 0.956510
v 0.963998 2.776683 1.052240
v 0.919338 2.766387 1.069712
v 0.991195 2.956038 0.842470
v 0.955860 3.020442 0.711905
v 0.914467 3.101947 0.614521
v 0.881357 2.931197 0.741376
v 0.839033 2.976166 0.663047
v 0.789014 3.062162 0.610507
v 0.844257 2.898621 0.805102
v 0.772498 2.966247 0.704857
v 0.735694 3.165504 0.572378
v 0.734315 3.049807 0.648892
v 0.785557 2.906666 0.856813
v 0.720293 2.984681 0.761819
v 0.687612 3.055819 0.720621
v 0.868453 2.827837 0.982992
v 0.824081 2.857272 1.035711
v 0.862710 2.787376 1.110570
v 0.737122 2.937988 0.926441
v 0.676464 3.018245 0.835832
v 0.657897 3.072179 0.793130
v 0.645025 3.151842 0.762791
v 0.666934 3.149725 0.692409
v 0.546550 3.267621 0.756893
v 0.690372 3.148342 0.626705
v 0.571322 3.284643 0.675349
v 0.472008 3.416095 0.747104
v 0.489321 3.418778 0.676725
v 0.603254 3.293050 0.600974
v 0.648446 3.310159 0.531545
v 0.533774 3.399574 0.588814
v 0.518431 3.411703 0.572138
v 0.587229 3.414703 0.525477
v 0.862013 2.904301 1.239961
v 0.828630 2.857491 1.195601
v 0.776963 2.795435 1.249401
v 0.828876 2.824361 1.301949
v 0.730901 2.723401 1.310617
v 0.893561 2.854552 1.330953
v 0.909231 2.940995 1.265482
v 0.774314 2.733489 1.356330
v 0.694947 2.644094 1.373472
v 0.968115 2.856712 1.330881
v 0.973670 2.941077 1.247624
v 0.860207 2.737110 1.408292
v 1.030346 2.817058 1.294563
v 1.026859 2.911510 1.204589
v 0.947836 2.747285 1.418976
v 1.061239 2.759430 1.214376
v 1.059435 2.855151 1.129404
v 1.033944 2.710230 1.143994
v 1.025619 2.800449 1.064578
v 0.963998 2.776683 1.052240
v 0.983590 2.689553 1.121498
v 1.043267 2.624523 1.177230
v 0.984186 2.605617 1.164597
v 1.078318 2.646628 1.238242
v 1.025444 2.561816 1.211114
v 0.982374 2.561229 1.208062
v 1.051152 2.672930 1.308915
v 1.031745 2.715553 1.369945
v 1.057431 2.566838 1.283602
v 1.008222 2.517436 1.214468
v 0.975589 2.521125 1.218501
v 1.037071 2.512542 1.274250
v 0.990155 2.469868 1.214720
v 0.955849 2.483547 1.216065
v 1.051472 2.595430 1.363560
v 0.959688 2.420861 1.199866
v 0.929387 2.431936 1.198340
v 0.877467 2.353986 1.181346
v 1.007935 2.528196 1.328619
v 1.012958 2.449325 1.262056
v 0.920355 2.360261 1.207939
v 0.941263 2.410921 1.257372
v 0.971905 2.397792 1.237516
v 0.967495 2.448744 1.284018
v 0.968748 2.467817 1.315704
v 1.023605 2.526653 1.387816
v 0.976513 2.452760 1.416779
v 0.946772 2.432606 1.354179
v 0.914859 2.382992 1.366787
v 1.033900 2.611509 1.412290
v 0.937651 2.372820 1.420937
v 0.812825 2.293711 1.388103
v 0.886706 2.395163 1.436048
v 0.911716 2.474119 1.442262
v 0.924243 2.524883 1.443989
v 1.003984 2.538613 1.434157
v 0.982668 2.641390 1.478778
v 0.956331 2.558879 1.443099
v 0.950316 2.572396 1.522582
v 0.902687 2.501765 1.487847
v 0.932169 2.666188 1.498714
v 0.906014 2.599620 1.543772
v 0.915501 2.510409 1.544426
v 0.863747 2.416586 1.525590
v 0.875786 2.535512 1.564121
v 0.867996 2.443140 1.570533
v 0.801128 2.340261 1.554888
v 0.819822 2.439260 1.549196
v 0.829396 2.424612 1.517755
v 0.848578 2.494190 1.486830
v 0.829744 2.533263 1.523649
v 0.868200 2.558764 1.453205
v 0.845479 2.590787 1.514056
v 0.855608 2.590199 1.427246
v 0.859217 2.649048 1.449182
v 0.809997 2.627586 1.362001
v 0.791944 2.655393 1.400822
v 0.761670 2.600039 1.400622
v 0.725240 2.646705 1.409147
v 0.709160 2.583293 1.426207
v 0.729948 2.554098 1.402346
v 0.676146 2.587749 1.400757
v 0.717547 2.496363 1.432485
v 0.776963 2.795435 1.249401
v 0.828630 2.857491 1.195601
v 0.834176 2.818868 1.155525
v 0.790426 2.749100 1.208145
v 0.730901 2.723401 1.310617
v 0.862710 2.787376 1.110570
v 0.744913 2.682513 1.279179
v 0.694947 2.644094 1.373472
v 0.859119 2.711837 1.164834
v 0.919338 2.766387 1.069712
v 0.842585 2.649789 1.237004
v 0.929347 2.687258 1.130610
v 0.963998 2.776683 1.052240
v 0.983590 2.689553 1.121498
v 0.926964 2.611392 1.178812
v 0.984186 2.605617 1.164597
v 0.949810 2.558519 1.244631
v 0.982374 2.561229 1.208062
v 0.975589 2.521125 1.218501
v 0.713562 2.612540 1.337363
v 0.676146 2.587749 1.400757
v 0.823517 2.636516 1.300999
v 0.689363 2.565605 1.373065
v 0.717547 2.496363 1.432485
v 0.729948 2.554098 1.402346
v 0.747157 2.587628 1.357145
v 0.761670 2.600039 1.400622
v 0.809997 2.627586 1.362001
v 0.894997 2.586036 1.355255
v 0.855608 2.590199 1.427246
v 0.925844 2.521849 1.363891
v 0.868200 2.558764 1.453205
v 0.924243 2.524883 1.443989
v 0.903999 2.468602 1.373353
v 0.911716 2.474119 1.442262
v 0.848578 2.494190 1.486830
v 0.902687 2.501765 1.487847
v 0.863747 2.416586 1.525590
v 0.829396 2.424612 1.517755
v 0.801128 2.340261 1.554888
v 0.886706 2.395163 1.436048
v 0.960587 2.511140 1.300755
v 0.866841 2.397567 1.379760
v 0.812825 2.293711 1.388103
v 0.914859 2.382992 1.366787
v 0.946772 2.432606 1.354179
v 0.968748 2.467817 1.315704
v 0.955744 2.522631 1.254919
v 0.955849 2.483547 1.216065
v 0.942394 2.475860 1.263963
v 0.967495 2.448744 1.284018
v 0.910442 2.429425 1.245005
v 0.929387 2.431936 1.198340
v 0.941263 2.410921 1.257372
v 0.877467 2.353986 1.181346
v -0.546550 3.267621 0.756893
v -0.472008 3.416095 0.747104
v -0.469095 3.420562 0.860672
v -0.557446 3.264631 0.860269
v -0.645025 3.151842 0.762791
v -0.644417 3.160640 0.864613
v -0.657897 3.072179 0.793130
v -0.669088 3.116181 0.877377
v -0.676464 3.018245 0.835832
v -0.690435 3.066879 0.909074
v -0.737122 2.937988 0.926441
v -0.714857 3.159253 0.953264
v -0.687037 3.191714 0.945647
v -0.610055 3.293023 0.959677
v -0.730912 2.992862 0.989386
v -0.824081 2.857272 1.035711
v -0.741705 3.117460 0.982318
v -0.516552 3.451974 0.965986
v -0.466623 3.475637 0.942579
v -0.470721 3.544898 1.006726
v -0.578961 3.557348 1.018712
v -0.480698 3.651508 1.049168
v -0.612543 3.486596 1.016670
v -0.563361 3.656218 1.059996
v -0.496298 3.748761 1.071969
v -0.694679 3.572963 1.004180
v -0.640488 3.695263 1.030224
v -0.540451 3.827329 1.042243
v -0.707134 3.730352 0.974541
v -0.611107 3.905197 0.981392
v -0.692075 3.331388 0.989109
v -0.715532 3.507319 1.002859
v -0.757570 3.762999 0.877292
v -0.659395 3.926823 0.843585
v -0.763118 3.589975 0.961178
v -0.759098 3.761614 0.763222
v -0.669944 3.871882 0.703521
v -0.811491 3.603996 0.863475
v -0.781321 3.524536 0.952647
v -0.731387 3.750122 0.674927
v -0.663846 3.802565 0.612605
v -0.615226 3.721469 0.550419
v -0.794699 3.621377 0.727271
v -0.728105 3.653606 0.630948
v -0.614595 3.590742 0.497895
v -0.685433 3.506553 0.507894
v -0.563725 3.446581 0.512840
v -0.761870 3.365235 0.984237
v -0.824434 3.538035 0.849920
v -0.780727 3.542140 0.611609
v -0.823742 3.386801 0.942695
v -0.797302 3.295090 0.988772
v -0.825861 3.541899 0.715374
v -0.883152 3.401933 0.779257
v -0.854388 3.402097 0.610114
v -0.759539 3.358409 0.532193
v -0.745730 3.248657 0.980664
v -0.763948 3.218788 1.002057
v -0.814968 3.263222 1.004123
v -0.847880 3.314878 0.944279
v -0.929990 3.307876 0.811081
v -0.951187 3.263570 0.646116
v -0.786325 3.179450 1.028203
v -0.838045 3.214633 1.043919
v -0.873462 3.278538 0.967870
v -0.854843 3.206248 0.562257
v -0.961233 3.252943 0.851844
v -0.982863 3.171548 0.714979
v -0.810515 3.111097 1.076704
v -0.870831 3.151027 1.101107
v -0.903217 3.233696 1.016323
v -0.987791 3.198670 0.916640
v -1.001833 3.105821 0.799570
v -0.765494 3.056135 1.041930
v -0.937940 3.164929 1.084191
v -1.017522 3.120484 1.003698
v -0.910175 3.019711 1.195825
v -0.847179 2.986885 1.179293
v -0.816068 2.936195 1.134021
v -1.031793 3.032365 0.912515
v -0.806329 2.891559 1.089424
v -0.862710 2.787376 1.110570
v -0.834176 2.818868 1.155525
v -0.828630 2.857491 1.195601
v -0.862013 2.904301 1.239961
v -0.909231 2.940995 1.265482
v -0.963329 3.019471 1.179739
v -0.973670 2.941077 1.247624
v -1.026859 2.911510 1.204589
v -1.019662 2.995941 1.120550
v -1.040628 2.950548 1.060561
v -1.059435 2.855151 1.129404
v -1.017065 2.882746 0.990201
v -1.025619 2.800449 1.064578
v -0.930619 2.836642 0.956510
v -0.963998 2.776683 1.052240
v -0.919338 2.766387 1.069712
v -0.991195 2.956038 0.842470
v -0.955860 3.020442 0.711905
v -0.914467 3.101947 0.614521
v -0.881357 2.931197 0.741376
v -0.839033 2.976166 0.663047
v -0.789014 3.062162 0.610507
v -0.844257 2.898621 0.805102
v -0.772498 2.966247 0.704857
v -0.735694 3.165504 0.572378
v -0.734315 3.049807 0.648892
v -0.785557 2.906666 0.856813
v -0.720293 2.984681 0.761819
v -0.687612 3.055819 0.720621
v -0.868453 2.827837 0.982992
v -0.824081 2.857272 1.035711
v -0.862710 2.787376 1.110570
v -0.737122 2.937988 0.926441
v -0.676464 3.018245 0.835832
v -0.657897 3.072179 0.793130
v -0.645025 3.151842 0.762791
v -0.666934 3.149725 0.692409
v -0.546550 3.267621 0.756893
v -0.690372 3.148342 0.626705
v -0.571322 3.284643 0.675349
v -0.472008 3.416095 0.747104
v -0.489321 3.418778 0.676725
v -0.603254 3.293050 0.600974
v -0.648446 3.310159 0.531545
v -0.533774 3.399574 0.588814
v -0.518431 3.411703 0.572138
v -0.587229 3.414703 0.525477
v -0.776963 2.795435 1.249401
v -0.828630 2.857491 1.195601
v -0.862013 2.904301 1.239961
v -0.828876 2.824361 1.301949
v -0.730901 2.723401 1.310617
v -0.893561 2.854552 1.330953
v -0.909231 2.940995 1.265482
v -0.774314 2.733489 1.356330
v -0.694947 2.644094 1.373472
v -0.968115 2.856712 1.330881
v -0.973670 2.941077 1.247624
v -0.860207 2.737110 1.408292
v -1.030346 2.817058 1.294563
v -1.026859 2.911510 1.204589
v -0.947836 2.747285 1.418976
v -1.061239 2.759430 1.214376
v -1.059435 2.855151 1.129404
v -1.033944 2.710230 1.143994
v -1.025619 2.800449 1.064578
v -0.963998 2.776683 1.052240
v -0.983590 2.689553 1.121498
v -1.043267 2.624523 1.177230
v -0.984186 2.605617 1.164597
v -1.078318 2.646628 1.238242
v -1.025444 2.561816 1.211114
v -0.982374 2.561229 1.208062
v -1.051152 2.672930 1.308915
v -1.031745 2.715553 1.369945
v -1.057431 2.566838 1.283602
v -1.008222 2.517436 1.214468
v -0.975589 2.521125 1.218501
v -1.037071 2.512542 1.274250
v -0.990155 2.469868 1.214720
v -0.955849 2.483547 1.216065
v -1.051472 2.595430 1.363560
v -0.959688 2.420861 1.199866
v -0.929387 2.431936 1.198340
v -0.877467 2.353986 1.181346
v -1.007935 2.528196 1.328619
v -1.012958 2.449325 1.262056
v -0.920355 2.360261 1.207939
v -0.941263 2.410921 1.257372
v -0.971905 2.397792 1.237516
v -0.967495 2.448744 1.284018
v -0.968748 2.467817 1.315704
v -1.023605 2.526653 1.387816
v -0.976513 2.452760 1.416779
v -0.946772 2.432606 1.354179
v -0.914859 2.382992 1.366787
v -1.033900 2.611509 1.412290
v -0.937651 2.372820 1.420937
v -0.812825 2.293711 1.388103
v -0.886706 2.395163 1.436048
v -0.911716 2.474119 1.442262
v -0.924243 2.524883 1.443989
v -1.003984 2.538613 1.434157
v -0.982668 2.641390 1.478778
v -0.956331 2.558879 1.443099
v -0.950316 2.572396 1.522582
v -0.902687 2.501765 1.487847
v -0.932169 2.666188 1.498714
v -0.906014 2.599620 1.543772
v -0.915501 2.510409 1.544426
v -0.863747 2.416586 1.525590
v -0.875786 2.535512 1.564121
v -0.867996 2.443140 1.570533
v -0.801128 2.340261 1.554888
v -0.819822 2.439260 1.549196
v -0.829396 2.424612 1.517755
v -0.848578 2.494190 1.486830
v -0.829744 2.533263 1.523649
v -0.868200 2.558764 1.453205
v -0.845479 2.590787 1.514056
v -0.855608 2.590199 1.427246
v -0.859217 2.649048 1.449182
v -0.809997 2.627586 1.362001
v -0.791944 2.655393 1.400822
v -0.761670 2.600039 1.400622
v -0.725240 2.646705 1.409147
v -0.709160 2.583293 1.426207
v -0.729948 2.554098 1.402346
v -0.676146 2.587749 1.400757
v -0.717547 2.496363 1.432485
v -0.828630 2.857491 1.195601
v -0.776963 2.795435 1.249401
v -0.834176 2.818868 1.155525
v -0.790426 2.749100 1.208145
v -0.862710 2.787376 1.110570
v -0.730901 2.723401 1.310617
v -0.859119 2.711837 1.164834
v -0.919338 2.766387 1.069712
v -0.744913 2.682513 1.279179
v -0.694947 2.644094 1.373472
v -0.929347 2.687258 1.130610
v -0.963998 2.776683 1.052240
v -0.983590 2.689553 1.121498
v -0.842585 2.649789 1.237004
v -0.926964 2.611392 1.178812
v -0.984186 2.605617 1.164597
v -0.949810 2.558519 1.244631
v -0.982374 2.561229 1.208062
v -0.975589 2.521125 1.218501
v -0.713562 2.612540 1.337363
v -0.676146 2.587749 1.400757
v -0.823517 2.636516 1.300999
v -0.689363 2.565605 1.373065
v -0.717547 2.496363 1.432485
v -0.729948 2.554098 1.402346
v -0.747157 2.587628 1.357145
v -0.761670 2.600039 1.400622
v -0.809997 2.627586 1.362001
v -0.894997 2.586036 1.355255
v -0.855608 2.590199 1.427246
v -0.925844 2.521849 1.363891
v -0.868200 2.558764 1.453205
v -0.924243 2.524883 1.443989
v -0.903999 2.468602 1.373353
v -0.911716 2.474119 1.442262
v -0.848578 2.494190 1.486830
v -0.902687 2.501765 1.487847
v -0.863747 2.416586 1.525590
v -0.829396 2.424612 1.517755
v -0.801128 2.340261 1.554888
v -0.886706 2.395163 1.436048
v -0.960587 2.511140 1.300755
v -0.866841 2.397567 1.379760
v -0.812825 2.293711 1.388103
v -0.914859 2.382992 1.366787
v -0.946772 2.432606 1.354179
v -0.968748 2.467817 1.315704
v -0.955744 2.522631 1.254919
v -0.955849 2.483547 1.216065
v -0.942394 2.475860 1.263963
v -0.967495 2.448744 1.284018
v -0.910442 2.429425 1.245005
v -0.929387 2.431936 1.198340
v -0.941263 2.410921 1.257372
v -0.877467 2.353986 1.181346
v 0.987550 3.004349 0.791513
v 0.980087 3.000845 0.728501
v 0.962393 3.012878 0.755875
v 0.993429 2.984335 0.758368
v 1.020870 2.970267 0.781140
v 1.033293 2.962978 0.665380
v 1.050382 2.922394 0.797942
v 1.019473 2.961372 0.892521
v 1.031825 2.918120 0.869357
v 1.047347 2.898795 0.886441
v 1.017733 2.876376 1.002174
v 0.962393 3.012878 0.755875
v 0.980087 3.000845 0.728501
v 0.965988 2.983089 0.783487
v 0.993429 2.984335 0.758368
v 0.978990 2.919900 0.884640
v 1.050382 2.922394 0.797942
v 1.033293 2.962978 0.665380
v 1.031825 2.918120 0.869357
v 1.047347 2.898795 0.886441
v 1.017733 2.876376 1.002174
v -0.980087 3.000845 0.728501
v -0.987550 3.004349 0.791513
v -0.962393 3.012878 0.755875
v -0.993429 2.984335 0.758368
v -1.020870 2.970267 0.781140
v -1.033293 2.962978 0.665380
v -1.050382 2.922394 0.797942
v -1.019473 2.961372 0.892521
v -1.031825 2.918120 0.869357
v -1.047347 2.898795 0.886441
v -1.017733 2.876376 1.002174
v -0.980087 3.000845 0.728501
v -0.962393 3.012878 0.755875
v -0.965988 2.983089 0.783487
v -0.993429 2.984335 0.758368
v -0.978990 2.919900 0.884640
v -1.050382 2.922394 0.797942
v -1.033293 2.962978 0.665380
v -1.031825 2.918120 0.869357
v -1.047347 2.898795 0.886441
v -1.017733 2.876376 1.002174
v -0.031170 3.615744 -1.463735
v 0.000000 3.692773 -1.577437
v -0.021271 3.648781 -1.582828
v 0.000000 3.677670 -1.779302
v 0.000000 3.582670 -1.610236
v 0.000000 3.531548 -1.520668
v -0.021503 3.478276 -1.436456
v 0.000000 3.481862 -1.499605
v -0.018400 3.416630 -1.493547
v 0.000000 3.508818 -1.638541
v 0.000000 3.371117 -1.523057
v 0.000000 3.301516 -1.433086
v 0.000000 3.263266 -1.414826
v -0.010105 3.206324 -1.405225
v 0.000000 3.244746 -1.554376
v 0.000000 3.158291 -1.411708
v 0.031170 3.615744 -1.463735
v 0.021271 3.648781 -1.582828
v 0.021503 3.478276 -1.436456
v 0.018400 3.416630 -1.493547
v 0.010105 3.206324 -1.405225
v -0.247354 2.584498 -1.182935
v -0.308601 2.634003 -1.025081
v -0.183506 2.714788 -1.127058
v -0.314292 2.447232 -1.169491
v -0.289362 2.795152 -0.935376
v -0.434944 2.370731 -1.064318
v -0.339929 2.748857 -0.823450
v -0.298341 2.986816 -0.821889
v -0.370014 3.009086 -0.783542
v -0.416716 2.517673 -0.905189
v -0.472683 2.852243 -0.680305
v -0.474951 3.034800 -0.585677
v -0.572767 2.989450 -0.461239
v -0.523512 2.389849 -0.785377
v -0.462146 2.696818 -0.752206
v -0.529570 2.560015 -0.660206
v -0.605914 2.805595 -0.390412
v 0.308601 2.634003 -1.025081
v 0.247354 2.584498 -1.182935
v 0.183506 2.714788 -1.127058
v 0.314292 2.447232 -1.169491
v 0.289362 2.795152 -0.935376
v 0.434944 2.370731 -1.064318
v 0.339929 2.748857 -0.823450
v 0.298341 2.986816 -0.821889
v 0.370014 3.009086 -0.783542
v 0.416716 2.517673 -0.905189
v 0.472683 2.852243 -0.680305
v 0.474951 3.034800 -0.585677
v 0.572767 2.989450 -0.461239
v 0.523512 2.389849 -0.785377
v 0.462146 2.696818 -0.752206
v 0.529570 2.560015 -0.660206
v 0.605914 2.805595 -0.390412
v -0.183506 2.714788 -1.127058
v -0.202031 2.750359 -1.240756
v -0.235445 2.725412 -1.320842
v -0.241634 2.844464 -1.308179
v -0.226398 2.774147 -1.389517
v -0.247354 2.584498 -1.182935
v -0.269952 2.812654 -1.638737
v -0.233706 2.528072 -1.271632
v -0.314292 2.447232 -1.169491
v -0.169309 2.420999 -1.361062
v -0.073130 4.480934 1.657038
v -0.084186 4.461696 1.637558
v -0.084613 4.477584 1.632542
v -0.075838 4.460877 1.656500
v -0.081615 4.436038 1.657898
v -0.092097 4.464054 1.661295
v -0.090000 4.486434 1.664864
v -0.078658 4.483809 1.671398
v -0.082119 4.459665 1.665324
v -0.075838 4.460877 1.656500
v -0.073130 4.480934 1.657038
v -0.111792 4.641973 1.546817
v -0.103161 4.638335 1.547133
v -0.106500 4.645044 1.548228
v -0.109608 4.635450 1.544921
v -0.114109 4.650026 1.545850
v -0.116635 4.634739 1.540030
v -0.121222 4.642679 1.537434
v -0.121560 4.650773 1.534166
v -0.121659 4.636844 1.532113
v -0.123349 4.647493 1.522732
v -0.124266 4.641340 1.526790
v -0.318359 3.983054 -0.152309
v -0.374562 3.993568 -0.170013
v -0.351129 4.048532 -0.049954
v -0.371091 3.973532 -0.032655
v -0.358363 3.933456 -0.102514
v -0.321543 4.121748 0.030977
v -0.320428 4.088707 -0.025203
v -0.376772 4.112593 -0.047944
v -0.351129 4.048532 -0.049954
v -0.351483 4.061671 0.027637
v 0.202031 2.750359 -1.240756
v 0.183506 2.714788 -1.127058
v 0.235445 2.725412 -1.320842
v 0.241634 2.844464 -1.308179
v 0.226398 2.774147 -1.389517
v 0.247354 2.584498 -1.182935
v 0.269952 2.812654 -1.638737
v 0.233706 2.528072 -1.271632
v 0.314292 2.447232 -1.169491
v 0.169309 2.420999 -1.361062
v 0.073130 4.480934 1.657038
v 0.084613 4.477584 1.632542
v 0.084186 4.461696 1.637558
v 0.075838 4.460877 1.656500
v 0.081615 4.436038 1.657898
v 0.092097 4.464054 1.661295
v 0.090000 4.486434 1.664864
v 0.078658 4.483809 1.671398
v 0.082119 4.459665 1.665324
v 0.075838 4.460877 1.656500
v 0.073130 4.480934 1.657038
v 0.103161 4.638335 1.547133
v 0.111792 4.641973 1.546817
v 0.106500 4.645044 1.548228
v 0.109608 4.635450 1.544921
v 0.114109 4.650026 1.545850
v 0.116635 4.634739 1.540030
v 0.121222 4.642679 1.537434
v 0.121560 4.650773 1.534166
v 0.121659 4.636844 1.532113
v 0.123349 4.647493 1.522732
v 0.124266 4.641340 1.526790
v 0.374562 3.993568 -0.170013
v 0.318359 3.983054 -0.152309
v 0.351129 4.048532 -0.049954
v 0.371091 3.973532 -0.032655
v 0.358363 3.933456 -0.102514
v 0.320428 4.088707 -0.025203
v 0.321543 4.121748 0.030977
v 0.376772 4.112593 -0.047944
v 0.351129 4.048532 -0.049954
v 0.351483 4.061671 0.027637
vn 0.9386 -0.1287 0.3202
vn 0.3619 -0.1604 0.9183
vn 0.8603 0.4449 0.2488
vn -0.3619 -0.1604 0.9183
vn -0.9386 -0.1287 0.3202
vn -0.8604 0.4449 0.2487
vn 0.5721 0.6838 -0.4529
vn 0.6403 0.5542 -0.5318
vn 0.6150 0.7473 -0.2516
vn 0.5082 0.7458 -0.4308
vn 0.6743 0.5833 -0.4528
vn 0.4384 0.6382 -0.6329
vn -0.6403 0.5542 -0.5319
vn -0.5721 0.6839 -0.4528
vn -0.6150 0.7473 -0.2516
vn -0.6743 0.5834 -0.4527
vn -0.5082 0.7458 -0.4308
vn -0.4384 0.6382 -0.6329
vn 0.3709 0.9025 -0.2192
vn -0.3028 0.5559 -0.7741
vn -0.8881 -0.4521 -0.0831
vn 0.4011 -0.0811 -0.9124
vn 0.7942 0.5648 -0.2242
vn 0.1340 0.8229 -0.5522
vn -0.0000 -0.9878 -0.1559
vn -0.0000 -0.9267 -0.3759
vn 0.1952 -0.9771 -0.0852
vn 0.1905 -0.9423 -0.2753
vn 0.6739 -0.7277 0.1272
vn -0.0000 -0.9999 -0.0165
vn 0.6405 -0.7635 -0.0829
vn 0.2329 -0.9448 -0.2307
vn -0.0888 -0.1920 0.9774
vn 0.4435 -0.2390 0.8638
vn 0.2380 -0.9401 -0.2440
vn 0.3146 -0.9441 -0.0982
vn 0.3849 -0.9089 -0.1604
vn 0.3052 -0.9094 -0.2826
vn 0.6014 -0.7896 -0.1214
vn 0.7363 -0.6732 0.0683
vn 0.6752 -0.4954 -0.5465
vn 0.7488 -0.3948 -0.5325
vn 0.8951 -0.3030 0.3270
vn 0.8393 -0.2330 0.4912
vn 0.7440 -0.4304 0.5111
vn 0.7405 -0.6676 -0.0768
vn 0.5105 -0.0386 0.8590
vn 0.7217 -0.0177 0.6920
vn 0.7651 -0.4881 -0.4200
vn 0.8986 -0.4385 -0.0157
vn 0.8328 -0.1117 0.5421
vn 0.9751 -0.2088 0.0745
vn 0.9768 0.0432 0.2097
vn 0.9394 -0.2284 -0.2555
vn 0.9497 -0.0928 0.2991
vn 0.8887 -0.4073 -0.2106
vn 0.9310 -0.3085 0.1953
vn 0.5652 -0.4750 0.6745
vn 0.9940 -0.0761 0.0780
vn 0.8632 -0.1530 0.4812
vn 0.9989 0.0457 -0.0063
vn 0.8997 0.3697 0.2319
vn 0.9911 -0.0529 0.1224
vn 0.9525 -0.2090 0.2215
vn 0.9573 -0.2423 -0.1578
vn 0.9144 -0.1780 0.3637
vn 0.9567 -0.2748 0.0962
vn 0.8884 0.0637 0.4546
vn 0.7122 -0.1256 0.6906
vn 0.8783 -0.1137 0.4644
vn 0.8021 0.0479 0.5953
vn 0.7819 -0.1160 0.6125
vn 0.7280 -0.0734 0.6817
vn 0.5687 -0.7547 0.3272
vn 0.3584 0.2901 0.8873
vn -0.2358 -0.8782 0.4161
vn -0.2254 -0.7009 0.6767
vn -0.7925 -0.0386 0.6086
vn 0.7582 -0.3875 0.5244
vn 0.5267 -0.8496 0.0275
vn 0.8790 -0.1359 0.4570
vn 0.7999 -0.5266 0.2880
vn 0.8032 -0.4938 0.3333
vn 0.9084 -0.2938 0.2973
vn 0.7884 -0.5634 0.2470
vn 0.8839 -0.4484 0.1330
vn 0.9589 -0.2795 -0.0492
vn 0.9722 -0.0139 0.2339
vn 0.9312 0.0406 0.3621
vn 0.8621 0.1940 0.4681
vn 0.9928 0.0527 -0.1075
vn 0.9434 0.2727 0.1887
vn 0.9344 -0.1036 -0.3408
vn 0.9946 -0.0007 -0.1041
vn 0.8166 -0.5757 0.0418
vn 0.9216 0.0209 0.3876
vn 0.9997 0.0180 0.0146
vn 0.8588 0.3603 0.3642
vn 0.9513 0.0829 0.2968
vn 0.9847 -0.1582 -0.0730
vn 0.8401 0.5105 0.1835
vn 0.9423 0.3026 0.1434
vn 0.6578 0.6834 0.3165
vn 0.9596 0.2702 -0.0780
vn 0.7322 0.6558 0.1840
vn 0.7567 0.6092 0.2371
vn 0.9383 0.2576 -0.2308
vn 0.8736 0.4485 0.1889
vn 0.9057 0.4138 0.0916
vn 0.9970 -0.0462 0.0618
vn 0.9920 -0.0983 0.0787
vn 0.4004 0.2213 -0.8892
vn -0.5133 -0.0740 -0.8550
vn 0.5602 -0.4986 -0.6615
vn 0.7872 -0.2892 -0.5447
vn 0.9056 -0.2562 -0.3379
vn 0.9150 0.0675 -0.3977
vn 0.9411 -0.1646 -0.2954
vn -0.3580 0.7551 -0.5492
vn -0.3042 0.4595 -0.8345
vn 0.9886 0.1398 -0.0556
vn 0.9522 -0.2821 -0.1169
vn 0.9959 -0.0812 0.0390
vn 0.5068 0.0893 -0.8574
vn 0.9723 -0.2335 -0.0125
vn -0.6679 -0.0439 -0.7429
vn 0.9834 -0.1787 0.0317
vn -0.7590 0.6203 -0.1981
vn 0.9901 -0.1138 -0.0818
vn -0.7788 0.0289 -0.6266
vn 0.9749 -0.2209 -0.0280
vn 0.9445 -0.3283 0.0138
vn 0.8147 -0.5787 -0.0371
vn 0.9963 0.0775 0.0362
vn 0.9656 0.0895 0.2441
vn 0.9868 -0.1531 0.0531
vn -0.8720 -0.4350 -0.2243
vn 0.9516 0.0789 0.2969
vn 0.9962 -0.0867 0.0110
vn 0.2184 -0.7891 0.5742
vn -0.9020 0.2128 -0.3758
vn -0.7663 0.6220 -0.1610
vn 0.9527 0.3031 -0.0216
vn 0.9885 0.1498 -0.0211
vn -0.6843 0.6633 -0.3030
vn -0.7850 0.6145 0.0793
vn 0.8764 0.4241 0.2283
vn 0.9748 0.1063 0.1961
vn -0.0543 0.9361 0.3474
vn 0.8575 0.2862 0.4276
vn -0.7504 0.4842 -0.4499
vn 0.5176 0.5389 0.6646
vn 0.8476 0.2837 0.4484
vn -0.6493 0.7604 0.0165
vn 0.9616 0.1429 0.2344
vn 0.9479 0.2170 0.2333
vn 0.8188 0.2084 0.5350
vn -0.8905 0.3445 -0.2974
vn 0.6866 0.4014 0.6062
vn 0.8818 0.3874 0.2691
vn 0.8402 0.2358 -0.4883
vn 0.4383 0.8864 -0.1487
vn 0.1908 0.2321 -0.9538
vn 0.9720 0.2300 -0.0477
vn -0.7219 0.6843 -0.1031
vn -0.7633 0.5921 -0.2586
vn 0.9751 0.1864 0.1198
vn 0.9895 0.1431 -0.0184
vn 0.9762 0.0642 0.2073
vn 0.9673 0.1576 0.1988
vn 0.9417 0.2127 0.2608
vn 0.9926 -0.1136 0.0435
vn 0.8847 -0.2059 -0.4181
vn 0.9946 -0.0196 0.1015
vn -0.6950 0.6942 -0.1873
vn 0.9211 -0.3686 -0.1256
vn -0.2964 0.9383 0.1780
vn -0.8502 0.1133 -0.5142
vn 0.9728 -0.2283 -0.0386
vn -0.8944 0.1730 -0.4125
vn 0.9795 -0.1552 -0.1284
vn 0.9924 -0.0760 0.0964
vn 0.9590 0.2209 0.1777
vn -0.5469 -0.7103 0.4431
vn 0.9876 -0.1389 0.0727
vn 0.9970 -0.0596 -0.0496
vn -0.5790 0.5315 -0.6183
vn 0.3098 0.9488 -0.0621
vn 0.9940 -0.1081 -0.0196
vn 0.4307 0.8497 -0.3041
vn 0.4308 0.8497 -0.3041
vn -0.4790 0.6877 -0.5455
vn 0.9962 0.0120 0.0863
vn -0.0135 0.9461 -0.3235
vn 0.9796 0.2006 -0.0136
vn 0.3098 0.9488 -0.0622
vn -0.5790 0.5314 -0.6183
vn 0.4307 0.8497 -0.3042
vn -0.0135 0.9462 -0.3233
vn 0.9653 -0.2551 0.0557
vn 0.7800 0.4937 -0.3846
vn 0.5256 0.8367 0.1540
vn 0.6258 -0.2250 -0.7469
vn 0.9682 0.2253 -0.1085
vn 0.8155 -0.3264 0.4778
vn 0.5401 0.7714 -0.3364
vn 0.6258 -0.2250 -0.7468
vn 0.8155 -0.3265 0.4779
vn 0.8797 -0.3143 0.3569
vn 0.5400 0.7715 -0.3364
vn -0.6857 -0.1425 -0.7138
vn 0.9664 -0.0416 -0.2537
vn -0.0626 0.6391 -0.7666
vn -0.7933 0.3033 -0.5279
vn -0.8658 0.1672 -0.4717
vn -0.6813 -0.2348 -0.6934
vn 0.9942 0.0536 0.0931
vn 0.9451 -0.0818 -0.3165
vn -0.8784 0.2774 -0.3892
vn 0.5264 0.3277 -0.7846
vn -0.8586 0.0924 -0.5043
vn -0.7815 0.1306 -0.6101
vn 0.9746 -0.1992 -0.1023
vn -0.9261 0.3299 -0.1829
vn -0.7774 -0.2172 -0.5903
vn -0.8870 0.4358 -0.1525
vn -0.8095 0.5826 -0.0724
vn -0.7046 0.6817 -0.1970
vn -0.2442 0.8239 -0.5115
vn -0.9097 0.2917 -0.2957
vn 0.9816 -0.0688 0.1783
vn 0.7712 0.6066 -0.1932
vn -0.8362 0.5425 0.0806
vn 0.8826 0.3709 0.2888
vn 0.5359 0.4684 0.7024
vn -0.1570 0.6450 0.7479
vn -0.3365 0.9322 -0.1332
vn 0.6941 0.5903 -0.4120
vn 0.7879 0.6141 0.0457
vn -0.0342 0.8061 -0.5908
vn -0.3049 0.4232 -0.8532
vn -0.4904 0.0026 -0.8715
vn 0.0825 0.4569 -0.8857
vn -0.0361 0.9673 -0.2510
vn 0.8497 0.0184 -0.5269
vn 0.7969 0.1153 -0.5930
vn 0.8461 0.4038 -0.3481
vn -0.3796 0.5771 -0.7231
vn -0.5368 0.0243 -0.8434
vn -0.5982 0.1605 -0.7851
vn 0.9142 -0.2190 0.3409
vn 0.9729 -0.1812 0.1438
vn -0.6831 0.4251 -0.5939
vn -0.6837 0.5836 -0.4381
vn 0.9171 -0.3121 0.2481
vn -0.4647 0.8801 -0.0970
vn -0.6377 0.7440 -0.1993
vn 0.4366 0.8073 -0.3971
vn -0.1166 0.9155 -0.3852
vn 0.3959 0.7504 -0.5293
vn 0.9664 -0.0417 -0.2537
vn -0.5715 0.7010 -0.4266
vn -0.0625 0.6391 -0.7666
vn 0.6921 0.5006 -0.5199
vn -0.3996 0.8801 -0.2562
vn 0.6632 0.7368 -0.1311
vn 0.7969 0.1152 -0.5930
vn -0.0000 0.5702 0.8215
vn 0.8922 0.3262 0.3123
vn -0.0002 0.9431 0.3325
vn 0.6802 0.3348 -0.6521
vn 0.2478 0.6180 -0.7461
vn 0.9389 0.2484 0.2382
vn -0.0000 -0.0796 0.9968
vn 0.9767 0.0591 -0.2061
vn 0.9829 0.1630 0.0851
vn -0.0000 0.1302 0.9915
vn -0.0001 0.9831 -0.1831
vn 0.9470 0.1762 -0.2685
vn 0.8653 0.0993 -0.4914
vn 0.9084 0.0468 -0.4154
vn 0.9226 0.2202 -0.3168
vn 0.7706 0.4191 -0.4801
vn 0.7597 0.4834 -0.4349
vn -0.7171 0.1857 -0.6718
vn 0.9314 0.3529 0.0895
vn 0.8530 0.4353 0.2879
vn 0.9248 0.0715 -0.3737
vn 0.9762 0.2164 0.0146
vn 0.9800 0.1932 0.0467
vn 0.9843 0.1768 -0.0004
vn -0.0000 0.3037 0.9528
vn 0.9911 0.0190 -0.1314
vn 0.9193 0.3916 0.0398
vn 0.8259 0.3161 -0.4669
vn -0.1684 -0.3565 -0.9190
vn 0.9752 -0.0105 -0.2209
vn 0.9723 0.2335 0.0069
vn 0.4186 0.4732 -0.7752
vn 0.8192 0.1858 -0.5426
vn 0.4383 0.8864 -0.1486
vn 0.1161 0.6967 -0.7079
vn 0.6367 0.3379 -0.6931
vn -0.9182 0.3113 -0.2451
vn 0.5983 0.1680 -0.7834
vn 0.9224 -0.1379 -0.3609
vn 0.9716 0.0658 -0.2274
vn 0.9908 0.1350 -0.0101
vn -0.8499 0.3100 -0.4260
vn 0.4487 0.3488 -0.8228
vn -0.8480 0.2831 -0.4481
vn 0.0002 -0.1276 -0.9918
vn -0.0000 0.6920 -0.7219
vn -0.0001 -0.9867 -0.1629
vn -0.5318 -0.7261 0.4360
vn 0.3884 0.6325 -0.6701
vn 0.9135 -0.3210 -0.2499
vn 0.9876 -0.0459 -0.1498
vn 0.9665 -0.1451 -0.2116
vn -0.0000 -0.9458 0.3247
vn 0.9883 0.0235 -0.1509
vn 0.9924 0.1060 -0.0628
vn 0.9829 0.0467 -0.1782
vn -0.0000 0.2250 -0.9744
vn -0.0159 0.9844 0.1752
vn -0.0000 0.7383 0.6745
vn 0.1860 0.9650 0.1849
vn 0.9763 0.0768 -0.2025
vn 0.9715 -0.0167 -0.2366
vn 0.0001 0.6747 -0.7381
vn 0.9779 0.0406 -0.2053
vn 0.9810 0.0248 -0.1923
vn -0.0000 0.4654 -0.8851
vn 0.1335 -0.9073 -0.3986
vn 0.0104 -0.2564 -0.9665
vn -0.0000 0.9788 -0.2048
vn 0.9653 -0.0611 -0.2538
vn 0.0001 0.5838 -0.8119
vn 0.9927 -0.0507 -0.1095
vn -0.0000 0.2198 -0.9755
vn 0.9971 -0.0083 -0.0757
vn 0.0001 -0.7195 0.6945
vn 0.0001 0.0422 -0.9991
vn 0.9959 0.0800 -0.0418
vn 0.9932 0.0537 -0.1032
vn 0.0001 -0.9921 -0.1252
vn -0.7075 0.2615 -0.6566
vn 0.9703 0.2385 0.0396
vn -0.8061 0.4938 -0.3262
vn 0.9585 0.2844 0.0196
vn -0.0000 -0.1669 0.9860
vn 0.9641 0.2593 -0.0571
vn -0.0001 0.7673 0.6413
vn 0.9651 0.2615 -0.0173
vn -0.0000 0.4586 -0.8886
vn 0.0029 0.0340 0.9994
vn 0.9750 0.2117 0.0679
vn 0.9733 0.2157 0.0784
vn 0.9750 0.2105 0.0704
vn -0.0000 -0.2822 0.9594
vn -0.0000 0.7897 -0.6135
vn 0.9631 0.2687 -0.0155
vn -0.0000 0.9469 0.3216
vn 0.9692 0.1983 0.1459
vn 0.9642 0.2641 -0.0227
vn -0.0001 0.9998 0.0203
vn 0.0100 -0.0234 0.9997
vn 0.8976 0.4325 -0.0854
vn 0.9836 0.1576 0.0875
vn 0.9738 0.2001 0.1080
vn 0.0243 -0.2927 0.9559
vn -0.0000 -0.0148 0.9999
vn 0.9637 0.2601 0.0607
vn 0.9391 0.2767 0.2036
vn 0.9755 0.1683 0.1419
vn -0.0000 0.7437 0.6686
vn 0.1744 0.8151 -0.5525
vn -0.0000 -0.8212 0.5706
vn 0.9572 0.1119 0.2670
vn -0.0001 0.6295 -0.7770
vn -0.0000 -0.3353 -0.9421
vn -0.6120 0.7279 -0.3092
vn -0.0000 0.9940 -0.1098
vn -0.0000 -0.9877 -0.1566
vn -0.0001 -0.8747 0.4847
vn 0.9662 -0.0797 -0.2452
vn 0.0275 0.9955 -0.0902
vn 0.8896 -0.2735 -0.3659
vn 0.1306 0.9758 0.1752
vn -0.0001 -0.8390 -0.5441
vn -0.0000 -0.8295 0.5586
vn 0.9892 -0.0657 -0.1308
vn -0.0001 -0.0380 -0.9993
vn 0.9908 0.1235 -0.0554
vn 0.9773 -0.1310 -0.1664
vn -0.9699 -0.1966 -0.1437
vn -0.0000 -0.7505 -0.6609
vn 0.9974 0.0684 -0.0216
vn -0.0000 0.1190 0.9929
vn -0.0000 -0.7477 0.6641
vn -0.9985 0.0186 -0.0512
vn -0.5714 0.7011 -0.4266
vn -0.6104 0.7712 -0.1808
vn -0.7305 0.5725 -0.3723
vn 0.0624 0.6238 0.7791
vn -0.3996 0.8802 -0.2563
vn 0.8256 0.2271 0.5165
vn -0.7422 0.3228 -0.5873
vn 0.2477 0.6180 -0.7461
vn -0.7469 0.4935 -0.4457
vn -0.8001 0.2416 -0.5491
vn -0.2749 0.8442 -0.4602
vn -0.8397 0.4804 -0.2532
vn -0.8596 0.5032 -0.0893
vn -0.7455 0.1852 -0.6402
vn -0.7172 0.1857 -0.6717
vn -0.7875 0.3233 -0.5248
vn -0.8033 0.2052 -0.5591
vn 0.9361 -0.1785 -0.3030
vn -0.6893 -0.0217 -0.7241
vn 0.8191 0.1859 -0.5427
vn 0.9067 -0.4215 -0.0146
vn -0.7766 -0.0820 -0.6246
vn -0.8526 0.0562 -0.5196
vn -0.8418 0.0987 -0.5307
vn 0.4270 0.9029 -0.0499
vn -0.8760 0.3253 -0.3561
vn -0.9017 0.2493 -0.3532
vn 0.4496 0.3369 -0.8272
vn -0.8919 0.2814 -0.3540
vn 0.9615 -0.1968 0.1919
vn -0.7890 0.5871 -0.1812
vn 0.8850 0.0264 0.4649
vn -0.1860 -0.6350 -0.7498
vn -0.8185 0.4058 -0.4066
vn -0.7999 0.3414 -0.4935
vn 0.9843 0.1691 0.0508
vn -0.4790 0.6878 -0.5455
vn -0.0135 0.9462 -0.3234
vn 0.8401 0.5236 -0.1416
vn 0.9653 -0.2552 0.0556
vn 0.5256 0.8366 0.1540
vn 0.9544 0.2847 -0.0897
vn 0.9799 0.1371 -0.1447
vn 0.8576 0.3884 0.3371
vn 0.9981 0.0609 0.0009
vn 0.9912 0.1083 0.0767
vn 0.9439 0.2980 0.1425
vn 0.9861 0.1589 -0.0493
vn 0.9887 0.1480 0.0236
vn 0.9306 0.2568 0.2610
vn 0.9974 0.0325 0.0639
vn 0.9460 0.1965 0.2579
vn 0.9362 -0.0629 0.3459
vn 0.9327 -0.0006 0.3608
vn 0.9256 0.2658 0.2694
vn 0.9895 0.1283 0.0665
vn 0.7347 0.4271 0.5270
vn 0.9388 -0.3217 0.1231
vn 0.6923 -0.0289 0.7210
vn 0.9048 0.1417 0.4015
vn 0.6280 0.5459 0.5547
vn 0.5366 0.6866 0.4905
vn 0.6460 0.3663 0.6697
vn 0.3693 0.8735 0.3171
vn 0.7332 0.5356 0.4191
vn 0.6200 0.7793 0.0912
vn 0.6354 0.5122 0.5779
vn 0.8596 0.4966 0.1202
vn 0.9433 0.0953 0.3180
vn 0.8279 0.3030 0.4719
vn 0.9684 -0.2411 0.0645
vn 0.9193 -0.0486 0.3906
vn 0.8702 0.1899 0.4545
vn 0.8803 -0.4556 0.1322
vn 0.7533 0.3003 0.5852
vn 0.7939 -0.0477 0.6062
vn 0.7782 0.6242 -0.0696
vn 0.9056 0.3004 0.2994
vn 0.3023 0.8905 0.3401
vn 0.8417 0.5399 0.0086
vn 0.9028 0.4293 -0.0261
vn 0.2384 0.9463 0.2183
vn 0.2333 0.9723 0.0176
vn 0.3454 0.9355 -0.0741
vn 0.3632 0.9288 -0.0729
vn 0.8839 0.4612 -0.0776
vn 0.2669 0.8765 0.4006
vn 0.8205 0.4894 0.2954
vn 0.3116 0.8457 0.4332
vn 0.8893 0.4485 0.0897
vn 0.8725 0.4811 0.0849
vn 0.4185 0.8832 0.2119
vn 0.3689 0.9246 0.0948
vn 0.2898 0.9108 0.2940
vn 0.4105 0.7356 -0.5390
vn 0.6932 0.7186 0.0549
vn 0.0001 0.9619 0.2733
vn -0.0000 0.9994 0.0342
vn -0.0000 0.9725 -0.2329
vn 0.5983 0.7832 -0.1693
vn -0.4153 0.1253 -0.9010
vn 0.3567 0.8952 -0.2671
vn 0.3916 0.9094 0.1404
vn -0.0000 0.5411 -0.8409
vn -0.0000 0.9749 -0.2226
vn 0.2902 0.8581 0.4237
vn 0.4400 0.7851 0.4360
vn 0.2478 0.8577 0.4504
vn -0.0000 0.7411 0.6714
vn 0.3198 0.8608 0.3959
vn 0.8614 0.5004 -0.0873
vn 0.8963 0.4394 0.0594
vn 0.3432 0.8659 0.3639
vn 0.7796 -0.6203 -0.0866
vn 0.7790 -0.6002 0.1814
vn 0.9122 -0.2512 0.3237
vn 0.8634 -0.3172 0.3922
vn 0.9144 0.3932 0.0963
vn 0.8974 0.4243 0.1212
vn 0.3437 0.8547 0.3891
vn 0.7810 -0.5185 0.3481
vn 0.8963 0.4435 -0.0060
vn 0.9296 0.0086 0.3684
vn 0.2825 0.8758 0.3913
vn 0.6893 -0.6934 0.2098
vn 0.1473 0.8202 0.5528
vn 0.9387 0.2549 0.2319
vn 0.6025 0.0829 0.7938
vn 0.0190 0.8006 0.5989
vn -0.0000 0.7521 0.6590
vn -0.0987 0.5331 0.8403
vn -0.0000 0.5715 0.8206
vn -0.0000 0.5265 0.8502
vn 0.1971 0.8079 0.5554
vn 0.0215 0.5763 0.8169
vn -0.0006 0.9477 0.3193
vn 0.1119 0.9318 0.3453
vn 0.1502 0.4958 0.8553
vn 0.2660 0.9625 0.0526
vn 0.7070 0.6655 0.2393
vn 0.8907 0.1220 0.4380
vn 0.3406 0.0115 0.9402
vn 0.6895 0.6854 0.2340
vn -0.0332 0.8244 0.5650
vn 0.2496 0.8943 0.3715
vn 0.2651 0.7744 0.5745
vn 0.7754 -0.1151 0.6209
vn 0.6240 -0.7544 0.2039
vn 0.6305 -0.7443 0.2200
vn 0.7948 0.4114 0.4462
vn 0.8948 -0.1495 0.4207
vn 0.6635 -0.6194 0.4196
vn 0.7471 0.4111 0.5224
vn 0.7277 0.1791 0.6621
vn 0.6065 -0.6769 0.4171
vn 0.6069 -0.6328 0.4808
vn 0.6490 -0.6547 0.3874
vn 0.7590 0.5384 0.3662
vn 0.4328 0.0483 0.9002
vn 0.7202 -0.6130 0.3248
vn 0.9110 -0.3257 0.2530
vn 0.6896 -0.6814 0.2453
vn 0.7092 0.3469 0.6138
vn 0.6324 -0.4522 0.6289
vn 0.5272 0.3963 0.7517
vn 0.6517 -0.5597 0.5120
vn 0.4958 -0.1043 0.8621
vn 0.6835 0.2807 0.6739
vn 0.5872 -0.0782 0.8057
vn 0.0962 -0.9071 0.4098
vn 0.2672 -0.2880 0.9196
vn 0.9527 -0.0416 0.3012
vn 0.9179 0.1130 0.3804
vn 0.1568 0.6659 0.7294
vn 0.5331 0.2917 0.7942
vn 0.5314 0.6591 0.5322
vn 0.6280 0.2863 0.7237
vn 0.6287 -0.2643 0.7314
vn 0.5177 0.8444 0.1374
vn 0.6023 0.4107 0.6845
vn 0.5559 0.4293 0.7118
vn -0.0000 0.5701 0.8216
vn 0.2644 0.8061 0.5294
vn 0.0152 0.9696 0.2444
vn 0.9414 0.1277 -0.3121
vn 0.8498 0.0184 -0.5268
vn 0.9705 -0.0206 -0.2404
vn -0.0000 0.6314 -0.7755
vn -0.0001 0.5261 -0.8504
vn 0.9693 0.2223 -0.1053
vn -0.0360 0.9673 -0.2510
vn 0.0826 0.4568 -0.8857
vn 0.9218 0.3834 0.0581
vn 0.8461 0.4037 -0.3481
vn 0.9909 0.1189 -0.0629
vn 0.9735 0.0177 -0.2279
vn 0.3780 0.9072 0.1847
vn -0.0710 -0.8572 -0.5100
vn 0.9899 0.0218 -0.1398
vn 0.9687 0.2219 0.1112
vn 0.9958 0.0889 -0.0204
vn 0.9896 -0.0450 -0.1364
vn 0.9812 -0.0871 -0.1723
vn -0.0000 -0.9011 0.4336
vn -0.7165 -0.6442 -0.2677
vn -0.0001 -0.9538 -0.3005
vn 0.9940 0.1069 -0.0218
vn 0.9979 0.0434 -0.0488
vn 0.0001 -0.9814 0.1920
vn -0.0391 -0.7763 -0.6291
vn -0.0001 -0.1421 0.9898
vn -0.0000 -0.2210 0.9753
vn -0.0001 0.6983 0.7158
vn 0.9817 0.1767 0.0705
vn 0.9885 0.0069 -0.1510
vn 0.0001 -0.3331 0.9429
vn -0.0000 0.9030 -0.4296
vn 0.0001 -0.2881 -0.9576
vn 0.9492 0.2629 -0.1727
vn -0.0833 0.5070 0.8579
vn 0.7052 -0.0154 0.7088
vn -0.0000 0.9782 -0.2079
vn 0.8776 0.3277 -0.3500
vn -0.0000 -0.0405 -0.9992
vn -0.7926 -0.1829 -0.5817
vn 0.8957 0.1770 -0.4080
vn 0.8400 -0.0469 -0.5406
vn -0.0000 -0.3526 -0.9358
vn 0.7072 0.3798 -0.5963
vn 0.7794 0.5306 -0.3332
vn 0.8413 0.5287 -0.1123
vn 0.9694 0.0826 -0.2312
vn -0.0000 0.4969 -0.8678
vn 0.9558 0.2515 -0.1522
vn 0.8843 0.4513 0.1197
vn -0.0001 -0.0730 -0.9973
vn -0.0000 0.3674 0.9301
vn 0.9372 0.3380 0.0858
vn -0.0000 0.2420 0.9703
vn 0.9386 0.2660 0.2198
vn -0.0001 0.9870 -0.1605
vn -0.0000 -0.2269 0.9739
vn 0.9638 -0.1820 -0.1948
vn 0.3771 -0.1980 -0.9048
vn -0.6681 -0.7257 0.1642
vn -0.0366 0.8833 -0.4674
vn 0.9950 0.0873 -0.0492
vn 0.9863 0.1557 0.0538
vn -0.0000 0.7859 -0.6183
vn 0.9144 -0.1662 -0.3691
vn -0.0171 0.8405 -0.5415
vn 0.9607 -0.0537 -0.2723
vn 0.9921 0.1060 -0.0675
vn 0.3573 0.7002 0.6181
vn -0.6853 0.6942 -0.2201
vn 0.1909 0.2321 -0.9538
vn -0.7633 0.5920 -0.2586
vn -0.8366 0.5347 -0.1190
vn -0.8330 0.3739 -0.4078
vn -0.9055 0.4147 -0.0898
vn 0.9416 0.2127 0.2609
vn -0.9063 0.3295 -0.2648
vn -0.9164 0.3515 -0.1917
vn -0.6950 0.6941 -0.1874
vn -0.8772 0.1891 -0.4413
vn -0.8502 0.1133 -0.5141
vn -0.9141 0.1692 -0.3686
vn -0.9464 0.2795 -0.1617
vn -0.5467 -0.7107 0.4428
vn 0.9876 -0.1389 0.0728
vn -0.5134 -0.0740 -0.8550
vn 0.5602 -0.4987 -0.6615
vn -0.8197 0.0840 -0.5666
vn 0.9056 -0.2562 -0.3380
vn -0.8500 0.3099 -0.4260
vn -0.8599 0.1784 -0.4782
vn -0.3579 0.7551 -0.5493
vn -0.3043 0.4595 -0.8344
vn -0.9181 0.3113 -0.2451
vn -0.9016 0.0500 -0.4297
vn -0.9123 0.2895 -0.2897
vn 0.5067 0.0892 -0.8575
vn -0.9103 0.3219 -0.2603
vn -0.8700 0.4863 -0.0813
vn -0.9368 0.1233 -0.3273
vn -0.6680 -0.0438 -0.7429
vn -0.7590 0.6202 -0.1982
vn -0.8631 0.2323 -0.4485
vn -0.9169 0.2057 -0.3419
vn -0.8296 0.5378 0.1504
vn -0.8905 0.3445 -0.2973
vn -0.6494 0.7603 0.0164
vn -0.8301 0.5468 0.1097
vn -0.8794 0.4483 -0.1603
vn -0.8540 0.4996 -0.1450
vn -0.7505 0.4841 -0.4499
vn -0.0541 0.9362 0.3474
vn 0.8764 0.4240 0.2282
vn -0.8710 0.4851 -0.0782
vn -0.7849 0.6145 0.0793
vn -0.8265 0.5553 -0.0928
vn -0.6843 0.6632 -0.3031
vn 0.9885 0.1498 -0.0212
vn -0.9347 0.1899 -0.3004
vn -0.9482 0.0497 -0.3136
vn 0.8147 -0.5787 -0.0370
vn -0.9337 0.1776 -0.3110
vn -0.9020 0.2129 -0.3757
vn 0.2184 -0.7891 0.5741
vn -0.8480 0.2831 -0.4480
vn -0.5134 -0.0740 -0.8549
vn 0.1908 0.2322 -0.9538
vn 0.7023 0.5473 -0.4552
vn 0.0002 -0.1277 -0.9918
vn -0.0002 0.9969 -0.0784
vn 0.6766 0.4030 -0.6163
vn -0.8330 0.3739 -0.4079
vn 0.9645 0.2161 0.1520
vn 0.9860 0.1655 0.0185
vn -0.0001 -0.1162 -0.9932
vn -0.0001 0.7965 -0.6047
vn 0.9829 0.0094 -0.1841
vn 0.9916 0.1120 0.0652
vn 0.9857 -0.0930 -0.1406
vn -0.0001 -0.8505 0.5259
vn -0.0001 -0.9948 0.1018
vn -0.1405 0.7168 -0.6830
vn -0.0000 0.9764 -0.2160
vn -0.0001 0.9300 -0.3676
vn 0.6110 0.6288 -0.4810
vn -0.0003 0.5235 -0.8520
vn 0.7921 0.5100 -0.3352
vn 0.9875 0.1550 0.0288
vn -0.0001 0.9234 -0.3838
vn 0.9758 0.1205 -0.1824
vn -0.0000 0.7012 0.7130
vn 0.9956 0.0922 0.0147
vn 0.9837 -0.1033 -0.1472
vn -0.0000 -0.3103 0.9506
vn 0.9907 0.1200 0.0634
vn -0.9836 0.1582 0.0868
vn -0.0001 0.3732 -0.9278
vn 0.9216 0.3777 0.0890
vn 0.9862 0.1406 -0.0876
vn -0.7144 0.4055 -0.5703
vn 0.9648 -0.1215 -0.2331
vn 0.4049 -0.4986 -0.7665
vn -0.0000 0.9240 -0.3825
vn -0.9571 -0.0969 -0.2730
vn -0.0015 -0.9146 0.4044
vn 0.9617 0.2311 0.1473
vn -0.0003 0.9948 -0.1014
vn 0.9288 0.1778 0.3251
vn -0.9351 0.3343 -0.1179
vn 0.9785 0.2027 0.0382
vn 0.9710 0.1110 0.2119
vn -0.9720 0.2336 -0.0265
vn 0.9941 0.1085 0.0052
vn -0.9861 0.1566 0.0559
vn -0.9884 0.1220 -0.0908
vn 0.9861 -0.0792 -0.1458
vn 0.9774 0.1718 -0.1232
vn -0.0000 0.9870 -0.1608
vn 0.9846 -0.0179 -0.1740
vn -0.0115 0.6906 -0.7232
vn 0.9961 0.0582 -0.0665
vn 0.2581 0.9476 0.1883
vn 0.0836 0.6874 0.7214
vn 0.6084 0.3760 0.6989
vn 0.9093 -0.1157 0.3998
vn 0.5444 0.5052 0.6696
vn -0.8391 0.4657 0.2812
vn 0.7456 0.5262 0.4090
vn -0.0036 0.9096 0.4156
vn 0.9317 -0.1162 0.3442
vn 0.0891 0.9244 0.3708
vn -0.8602 0.5094 -0.0242
vn -0.1175 0.9252 0.3608
vn 0.7661 0.4941 0.4111
vn 0.2045 0.9255 0.3189
vn -0.7343 0.6549 -0.1789
vn -0.3781 0.9025 -0.2062
vn 0.9575 -0.1133 0.2654
vn 0.9630 -0.0993 0.2505
vn 0.7223 -0.6876 0.0748
vn 0.7348 -0.6625 0.1457
vn 0.9756 -0.1861 0.1164
vn 0.9423 -0.0820 0.3247
vn 0.8125 0.3800 0.4421
vn 0.7063 0.3967 0.5864
vn 0.0213 0.9634 0.2672
vn 0.0713 0.9457 0.3171
vn 0.0039 0.8572 -0.5150
vn -0.0000 0.9947 0.1029
vn -0.0059 0.4139 0.9103
vn 0.3970 0.2834 0.8730
vn 0.0658 -0.3992 0.9145
vn 0.7380 -0.2232 0.6369
vn 0.3388 -0.4546 0.8237
vn 0.0018 -0.3516 0.9361
vn 0.4035 -0.7270 0.5555
vn -0.0000 -0.7728 0.6347
vn 0.7344 -0.5529 0.3937
vn -0.0267 -0.9738 0.2259
vn -0.0000 -0.9769 -0.2136
vn 0.1775 -0.9803 0.0871
vn -0.2266 -0.9548 -0.1924
vn -0.0000 -0.9784 -0.2069
vn 0.1991 -0.8610 -0.4681
vn 0.4740 -0.8696 0.1381
vn 0.9029 -0.3775 0.2057
vn 0.3347 -0.9280 -0.1640
vn 0.1033 -0.9520 -0.2883
vn 0.5851 -0.8082 -0.0666
vn 0.6647 -0.5902 -0.4580
vn 0.5969 -0.7055 -0.3821
vn 0.1798 -0.9785 -0.1011
vn -0.0000 -0.9884 -0.1518
vn 0.8758 -0.2410 0.4182
vn 0.7878 -0.5327 0.3093
vn 0.0001 -0.9999 -0.0159
vn -0.0000 0.7468 0.6650
vn 0.3670 0.2593 0.8934
vn 0.2863 0.9057 0.3125
vn 0.8067 -0.4649 -0.3648
vn -0.4570 0.7280 0.5111
vn 0.8288 -0.5507 -0.0993
vn -0.7387 0.5250 0.4227
vn 0.2741 0.9323 0.2360
vn 0.1753 0.9094 0.3771
vn -0.0000 0.9709 0.2397
vn 0.8079 0.5758 0.1254
vn -0.3365 0.8906 0.3060
vn 0.8056 -0.5896 0.0585
vn -0.7926 -0.0385 0.6085
vn -0.0036 0.9096 0.4155
vn -0.6891 -0.6681 0.2806
vn -0.8602 0.5095 -0.0242
vn -0.1992 0.9265 0.3192
vn -0.2945 0.9259 0.2366
vn -0.1175 0.9252 0.3607
vn -0.1181 0.9870 0.1093
vn -0.1450 0.9547 0.2597
vn 0.0325 0.9914 0.1266
vn -0.4589 0.6666 0.5874
vn 0.8425 0.2469 0.4788
vn -0.3911 0.9202 -0.0155
vn 0.1027 0.5477 -0.8303
vn -0.0000 0.5287 -0.8488
vn -0.0000 0.6966 -0.7175
vn 0.1378 0.7345 -0.6644
vn 0.2956 0.5766 -0.7617
vn -0.0000 0.9626 -0.2710
vn 0.1060 0.7504 -0.6524
vn 0.1400 0.9678 -0.2090
vn -0.0000 0.9963 0.0854
vn -0.7120 -0.5913 -0.3788
vn 0.1931 0.9786 0.0713
vn -0.0000 0.9594 0.2820
vn -0.6892 -0.6681 0.2805
vn 0.2156 0.8946 0.3914
vn 0.0235 0.7702 0.6374
vn 0.9163 0.3666 0.1615
vn 0.8057 -0.5895 0.0585
vn 0.8035 -0.5913 0.0684
vn 0.8068 -0.4648 -0.3648
vn 0.7718 -0.6357 0.0120
vn 0.3670 0.2594 0.8933
vn 0.7300 -0.6812 0.0549
vn -0.0000 -0.9999 -0.0158
vn -0.0001 -0.9493 0.3142
vn 0.9175 0.2557 0.3045
vn 0.8201 0.2741 0.5022
vn 0.4679 -0.8837 0.0145
vn -0.0000 -0.9666 -0.2562
vn 0.8809 -0.3787 0.2840
vn 0.6303 0.6154 0.4732
vn -0.0193 0.8210 0.5706
vn 0.6288 -0.4435 0.6387
vn -0.0000 -0.7795 0.6264
vn 0.0094 0.3631 0.9317
vn 0.5981 0.5734 0.5598
vn 0.6979 -0.5945 0.3994
vn 0.6636 -0.5427 0.5148
vn 0.8542 -0.1687 0.4918
vn 0.8036 -0.5063 0.3129
vn 0.5510 -0.8199 0.1555
vn 0.9539 0.0003 0.3002
vn 0.7388 -0.6564 0.1527
vn 0.1756 -0.9768 -0.1224
vn 0.1743 -0.9786 -0.1092
vn -0.3331 -0.8749 -0.3516
vn -0.7631 -0.6453 0.0350
vn -0.8726 -0.4677 -0.1407
vn -0.7916 -0.5270 -0.3092
vn 0.7434 -0.6571 0.1254
vn 0.1440 -0.9388 0.3128
vn 0.7400 -0.6347 0.2228
vn 0.5001 -0.8162 0.2893
vn 0.9860 0.0372 0.1626
vn 0.6990 -0.5760 0.4238
vn -0.3339 -0.6496 -0.6831
vn 0.9496 0.0051 0.3135
vn 0.3585 -0.5386 0.7625
vn 0.7985 -0.0574 0.5993
vn 0.8971 0.3196 0.3051
vn 0.1256 -0.8835 0.4513
vn 0.5934 -0.7675 -0.2428
vn 0.0091 -0.4287 -0.9034
vn -0.0000 -0.6710 0.7414
vn -0.0583 -0.3931 0.9177
vn 0.3890 -0.0701 0.9186
vn -0.1762 -0.0763 0.9814
vn 0.1227 0.3319 0.9353
vn -0.0000 0.3041 0.9526
vn 0.0069 0.8280 0.5606
vn -0.1308 0.8245 0.5505
vn -0.0000 0.8576 0.5143
vn -0.0000 0.9367 0.3500
vn -0.0650 0.9516 0.3002
vn -0.0212 0.9554 0.2946
vn -0.1170 0.9549 0.2728
vn 0.3458 0.2589 0.9019
vn -0.2928 0.9099 0.2938
vn 0.4943 0.8678 -0.0515
vn 0.7648 0.1442 0.6280
vn 0.8749 0.3123 0.3702
vn 0.8276 0.3435 0.4440
vn 0.8760 0.4340 0.2104
vn 0.9257 0.3112 0.2151
vn 0.9211 0.3067 0.2398
vn 0.4521 0.6584 0.6018
vn 0.4413 0.7217 0.5333
vn 0.2510 0.9449 -0.2101
vn 0.0396 0.9816 -0.1866
vn 0.4587 0.8861 -0.0659
vn 0.4361 0.8809 -0.1840
vn 0.7807 0.5760 0.2422
vn 0.5908 0.7735 -0.2294
vn 0.8881 0.0301 0.4586
vn 0.8045 -0.1092 0.5838
vn 0.0001 -0.6710 0.7415
vn 0.1536 -0.8913 -0.4266
vn 0.5933 -0.7675 -0.2428
vn -0.2049 -0.8650 -0.4580
vn -0.3339 -0.6495 -0.6831
vn 0.0098 -0.9901 0.1399
vn -0.3327 -0.9360 0.1153
vn 0.4425 -0.8843 0.1491
vn -0.3043 -0.9255 -0.2257
vn 0.1439 -0.9388 0.3129
vn -0.0301 -0.9973 -0.0670
vn -0.1143 -0.9904 -0.0773
vn -0.1116 -0.9938 0.0015
vn -0.3900 -0.9134 -0.1167
vn -0.9176 -0.3941 0.0521
vn -0.0000 -0.5577 -0.8300
vn -0.1446 -0.9822 -0.1196
vn -0.3330 -0.8749 -0.3516
vn 0.3637 -0.9313 -0.0213
vn -0.5052 -0.8473 -0.1638
vn 0.0710 -0.9785 0.1935
vn -0.2359 -0.8782 0.4161
vn 0.3671 -0.9046 0.2167
vn -0.5672 -0.7955 0.2133
vn -0.0000 -0.5760 0.8175
vn -0.8106 -0.5735 0.1180
vn -0.4426 -0.6916 -0.5709
vn -0.8693 -0.4943 0.0102
vn -0.7974 -0.4767 0.3701
vn -0.0000 -0.9677 0.2522
vn -0.7292 -0.4511 0.5146
vn 0.0001 0.0013 1.0000
vn 0.8444 0.1446 0.5159
vn 0.7009 0.4880 -0.5202
vn -0.0036 0.9588 0.2842
vn -0.1816 0.0356 0.9827
vn -0.8061 0.4744 -0.3539
vn 0.7010 0.4879 -0.5202
vn 0.8148 0.2346 0.5301
vn 0.6088 0.4128 -0.6775
vn -0.0803 0.9842 0.1579
vn -0.2673 0.0690 0.9611
vn -0.8930 0.2692 -0.3607
vn -0.0994 0.9904 -0.0962
vn -0.9083 0.1431 -0.3930
vn -0.4097 0.3040 0.8601
vn 0.6121 0.3716 0.6980
vn 0.6942 0.2734 -0.6658
vn -0.9084 0.1432 -0.3929
vn -0.0662 0.9570 0.2825
vn -0.8105 0.2076 -0.5478
vn -0.6411 -0.0697 0.7643
vn 0.8159 0.0227 0.5777
vn 0.5312 0.4559 -0.7142
vn -0.8104 0.2077 -0.5478
vn 0.1206 0.9506 0.2861
vn -0.7282 0.3745 -0.5740
vn -0.6245 -0.0014 0.7810
vn 0.7439 -0.1767 0.6445
vn 0.6982 0.2770 -0.6602
vn 0.4904 0.8612 0.1334
vn -0.6973 0.6568 -0.2871
vn -0.3098 0.3214 0.8948
vn 0.8778 -0.3128 0.3628
vn 0.3525 0.2209 -0.9094
vn -0.6973 0.6568 -0.2870
vn 0.3021 0.9230 0.2384
vn -0.6361 0.7442 -0.2039
vn -0.2267 0.3462 0.9104
vn 0.9092 0.0627 0.4116
vn 0.5071 0.5100 -0.6948
vn -0.6361 0.7442 -0.2038
vn 0.2019 0.6087 -0.7673
vn -0.9080 0.4161 -0.0488
vn 0.1479 0.9465 0.2870
vn 0.9535 0.0099 0.3011
vn -0.2197 0.1386 0.9657
vn -0.9080 0.4162 -0.0488
vn -0.1138 0.8331 0.5413
vn -0.8121 0.5160 -0.2726
vn -0.3086 -0.1384 0.9411
vn 0.8893 0.2893 0.3541
vn 0.2469 0.8244 -0.5092
vn -0.8121 0.5159 -0.2725
vn -0.9850 -0.1684 -0.0361
vn 0.0114 -0.9988 -0.0475
vn 0.0183 -0.4853 0.8742
vn 0.9882 -0.1526 0.0120
vn 0.1847 -0.3679 -0.9113
vn -0.9850 -0.1684 -0.0362
vn -0.0819 -0.9714 -0.2227
vn -0.2580 -0.4266 0.8669
vn -0.9840 0.0106 -0.1776
vn 0.8892 -0.2863 0.3567
vn 0.2364 -0.0842 -0.9680
vn -0.0667 -0.9757 -0.2086
vn -0.7423 -0.3062 0.5960
vn -0.6820 0.0508 -0.7296
vn 0.4509 -0.3773 0.8089
vn 0.8150 -0.1963 -0.5453
vn -0.2761 -0.0791 -0.9579
vn -0.3228 0.0372 -0.9457
vn 0.9869 -0.0090 -0.1612
vn 0.9358 -0.2281 -0.2689
vn -0.1018 -0.9887 -0.1098
vn 0.2334 -0.2427 0.9416
vn 0.1172 -0.0852 0.9894
vn -0.9633 -0.1641 0.2124
vn -0.2760 -0.0791 -0.9579
vn -0.9447 -0.0511 0.3240
vn -0.5740 -0.1481 -0.8054
vn 0.6550 -0.7096 -0.2597
vn -0.3559 -0.9345 0.0106
vn 0.3715 -0.4604 0.8062
vn -0.7050 -0.2004 0.6803
vn -0.5739 -0.1480 -0.8054
vn -0.0000 -0.1634 0.9866
vn -0.0001 -0.7233 0.6905
vn 0.4319 -0.3277 0.8403
vn 0.4588 -0.4779 0.7491
vn -0.0000 -0.9225 0.3859
vn 0.4214 -0.2425 0.8738
vn 0.5034 -0.5608 0.6573
vn 0.4491 -0.4660 0.7623
vn 0.5655 -0.4526 0.6894
vn -0.0000 -0.1159 0.9933
vn 0.2684 -0.1664 0.9488
vn 0.1289 0.0588 0.9899
vn 0.3663 0.1255 0.9220
vn 0.1388 0.4174 0.8980
vn -0.0892 0.2215 0.9711
vn -0.0303 0.3108 0.9500
vn 0.1253 0.4652 0.8763
vn 0.2529 0.7779 0.5752
vn 0.5164 0.6408 0.5681
vn 0.5766 0.7717 0.2683
vn 0.5977 -0.2297 0.7681
vn 0.7816 0.1759 0.5984
vn 0.6446 0.5793 0.4989
vn 0.5866 -0.7141 0.3820
vn 0.8932 0.4359 0.1110
vn 0.7683 0.6356 0.0758
vn 0.8477 0.3551 0.3940
vn 0.7258 0.0247 0.6875
vn 0.9055 0.3022 0.2979
vn 0.6024 -0.7089 0.3668
vn 0.9256 -0.3215 0.1997
vn 0.6042 -0.3541 0.7138
vn 0.5517 -0.4719 0.6877
vn 0.9503 0.1541 0.2704
vn 0.8933 -0.4409 0.0876
vn 0.3870 -0.8606 0.3312
vn 0.5068 -0.3909 0.7684
vn 0.8089 -0.1941 0.5550
vn 0.9637 -0.0772 0.2555
vn 0.9813 -0.0408 0.1879
vn 0.9777 -0.1392 0.1575
vn 0.9070 0.4145 0.0739
vn 0.9639 -0.1940 0.1825
vn 0.9786 -0.2051 0.0155
vn 0.9386 -0.0907 0.3328
vn 0.7567 -0.6210 -0.2041
vn 0.6455 -0.7625 -0.0449
vn 0.8433 0.5273 0.1038
vn 0.8431 -0.0643 0.5338
vn 0.8329 -0.1117 0.5421
vn 0.7217 -0.0178 0.6920
vn 0.9503 -0.2536 -0.1807
vn 0.8789 -0.4676 0.0937
vn 0.5104 -0.0386 0.8590
vn 0.6056 -0.7932 0.0641
vn 0.3097 -0.8296 0.4646
vn 0.4801 -0.4427 0.7573
vn -0.0000 -0.7738 0.6334
vn 0.8778 -0.3336 0.3438
vn 0.9865 -0.1511 -0.0626
vn 0.9852 -0.1492 -0.0847
vn 0.8701 -0.3908 0.3003
vn 0.9972 -0.0352 -0.0661
vn 0.6846 -0.4445 0.5777
vn 0.9284 -0.2831 0.2409
vn 0.9838 0.1629 -0.0755
vn 0.7359 -0.5112 0.4440
vn 0.5950 -0.2613 0.7600
vn 0.9783 -0.1562 0.1363
vn 0.9361 0.3151 -0.1566
vn 0.2183 -0.2743 0.9365
vn -0.4587 0.1144 0.8812
vn 0.3969 -0.4001 0.8260
vn 0.1485 -0.4253 0.8928
vn 0.4956 -0.4651 0.7335
vn 0.5483 -0.5676 0.6142
vn 0.4087 -0.4841 0.7737
vn 0.4495 -0.2892 0.8452
vn 0.4242 -0.5361 0.7298
vn -0.0000 -0.2394 0.9709
vn -0.0001 -0.1586 0.9873
vn -0.0000 -0.8210 0.5709
vn -0.0000 -0.8503 0.5263
vn 0.3707 -0.6327 0.6799
vn 0.7174 -0.5722 0.3974
vn 0.2933 -0.8392 0.4579
vn -0.0000 -0.9641 0.2657
vn 0.5321 -0.7466 0.3993
vn 0.7633 -0.5565 0.3282
vn 0.2783 -0.9083 0.3123
vn -0.0000 -0.8796 0.4756
vn 0.5183 -0.7955 0.3138
vn 0.8033 -0.4433 0.3978
vn 0.7699 -0.5778 0.2711
vn 0.8401 -0.4276 0.3337
vn 0.8529 -0.4169 0.3143
vn 0.7876 -0.4863 0.3784
vn 0.0421 -0.8292 0.5574
vn -0.0001 -0.5495 0.8355
vn -0.0001 -0.2844 0.9587
vn 0.5195 -0.7002 0.4898
vn 0.0558 -0.4159 0.9077
vn -0.0000 -0.3755 0.9268
vn 0.3641 -0.7770 0.5136
vn 0.2936 -0.3392 0.8937
vn 0.2220 -0.3076 0.9252
vn 0.4025 -0.3969 0.8249
vn 0.1203 -0.5971 0.7931
vn -0.0000 -0.5308 0.8475
vn -0.0000 -0.0004 1.0000
vn 0.3179 -0.3954 0.8617
vn 0.3986 -0.6418 0.6552
vn 0.0032 -0.3171 0.9484
vn -0.0000 -0.0020 1.0000
vn -0.0429 -0.2346 0.9712
vn -0.0000 0.1171 0.9931
vn 0.2388 -0.3973 0.8861
vn 0.4114 -0.6373 0.6516
vn -0.0235 -0.0458 0.9987
vn 0.0001 0.2792 0.9602
vn 0.3933 -0.5027 0.7698
vn 0.5113 -0.6165 0.5987
vn 0.1295 -0.2565 0.9578
vn 0.5720 -0.5071 0.6447
vn 0.4387 -0.5283 0.7269
vn 0.7241 -0.3875 0.5705
vn 0.7055 -0.5748 0.4145
vn 0.8922 -0.3179 0.3207
vn 0.7566 -0.5709 0.3189
vn 0.5324 -0.6508 0.5413
vn 0.0619 -0.8099 0.5833
vn 0.2498 -0.2970 0.9216
vn 0.8189 -0.4564 0.3480
vn 0.3894 -0.4195 0.8200
vn 0.1672 -0.2211 -0.9608
vn 0.9732 0.1811 -0.1418
vn 0.8775 0.2315 -0.4199
vn 0.7448 0.3042 -0.5939
vn 0.7984 0.3163 -0.5123
vn 0.8405 0.2129 -0.4982
vn 0.7848 0.5853 -0.2036
vn 0.8135 0.5361 -0.2253
vn 0.7083 -0.4984 0.5000
vn 0.5909 0.7947 0.1387
vn 0.7891 0.5768 0.2113
vn 0.5044 0.6760 0.5371
vn 0.4091 0.6736 0.6155
vn 0.2350 0.4569 0.8579
vn 0.2264 0.3572 0.9062
vn 0.1140 0.2933 0.9492
vn 0.1012 -0.0737 0.9921
vn -0.1154 0.0701 0.9908
vn -0.0221 0.0194 0.9996
vn -0.0699 -0.0993 0.9926
vn -0.0885 -0.2768 0.9569
vn -0.0297 -0.0107 0.9995
vn 0.0928 -0.2444 0.9652
vn -0.0478 -0.4921 0.8692
vn 0.1652 -0.0886 0.9823
vn -0.1084 0.1480 0.9830
vn -0.0011 0.0997 0.9950
vn 0.0427 0.1279 0.9909
vn 0.1091 -0.0279 0.9936
vn 0.0461 0.1562 0.9866
vn 0.0748 0.0267 0.9968
vn -0.0000 -0.0325 0.9995
vn -0.0106 0.1819 0.9833
vn 0.0679 -0.0325 0.9972
vn 0.1660 -0.5594 0.8121
vn -0.4289 -0.7525 0.4997
vn -0.7956 -0.4925 0.3528
vn 0.0345 -0.9565 0.2896
vn -0.5639 -0.8237 -0.0597
vn 0.8374 -0.4554 0.3023
vn 0.1307 -0.9821 0.1354
vn 0.2504 -0.9491 0.1911
vn -0.7883 -0.5477 -0.2802
vn 0.8396 -0.4139 0.3519
vn 0.9972 0.0629 0.0393
vn 0.9183 0.3682 -0.1457
vn 0.9503 0.1068 -0.2924
vn 0.9400 0.2858 -0.1861
vn 0.8857 0.3587 -0.2947
vn 0.8902 0.2515 -0.3799
vn 0.9311 0.1156 -0.3458
vn 0.8851 0.3049 -0.3516
vn 0.7400 0.3285 -0.5869
vn 0.9886 0.1398 -0.0557
vn 0.4004 0.2214 -0.8892
vn 0.8505 0.2856 -0.4416
vn 0.8402 0.2358 -0.4882
vn 0.9211 0.2125 -0.3262
vn 0.9720 0.2299 -0.0478
vn 0.1909 0.2322 -0.9538
vn 0.8470 0.3125 -0.4300
vn 0.9112 0.3387 -0.2346
vn 0.8762 0.1705 -0.4508
vn 0.4382 0.8865 -0.1486
vn 0.8192 0.1857 -0.5426
vn 0.8957 0.4157 -0.1577
vn 0.8738 0.3504 -0.3372
vn 0.9258 -0.1676 -0.3387
vn -0.6894 -0.0218 -0.7241
vn 0.9361 -0.1785 -0.3031
vn 0.9067 0.3293 -0.2636
vn 0.9513 0.2416 -0.1914
vn 0.9705 -0.2124 -0.1137
vn -0.8033 0.2052 -0.5590
vn -0.7874 0.3233 -0.5248
vn 0.9909 -0.0434 -0.1277
vn 0.9916 -0.1168 0.0555
vn 0.9067 -0.4215 -0.0145
vn 0.8661 0.2476 -0.4342
vn 0.9927 0.0316 0.1167
vn 0.8198 0.5425 -0.1834
vn 0.7741 0.6331 0.0048
vn 0.7852 0.5882 -0.1934
vn 0.9086 0.3072 -0.2829
vn 0.8448 0.5244 -0.1064
vn 0.9188 0.3558 -0.1708
vn 0.8040 0.5931 -0.0434
vn 0.8261 0.5424 -0.1526
vn 0.9851 -0.0238 0.1704
vn 0.9535 0.3010 -0.0144
vn 0.8817 0.2793 -0.3802
vn 0.8513 0.4823 -0.2068
vn 0.9513 -0.2454 -0.1865
vn 0.8872 0.4418 -0.1329
vn 0.8980 0.4232 -0.1205
vn 0.8989 0.3769 -0.2236
vn 0.8269 0.4657 -0.3152
vn 0.9479 0.2713 -0.1670
vn 0.3631 0.2428 -0.8995
vn 0.9899 0.1311 -0.0532
vn 0.6257 -0.2250 -0.7469
vn 0.5401 0.7714 -0.3365
vn 0.9682 0.2254 -0.1086
vn 0.8008 0.0625 -0.5957
vn 0.9492 0.1883 0.2520
vn 0.9796 0.2007 -0.0136
vn 0.3097 0.9488 -0.0621
vn 0.9059 0.3634 -0.2175
vn 0.8615 0.4440 -0.2463
vn 0.9112 0.3932 -0.1227
vn 0.8401 0.5235 -0.1417
vn 0.6750 0.6912 -0.2580
vn 0.9233 0.3825 0.0334
vn 0.9789 0.1922 -0.0689
vn 0.9091 0.3586 0.2121
vn 0.9173 0.3879 -0.0901
vn 0.8972 0.3954 0.1966
vn 0.9718 0.1571 0.1757
vn 0.8810 0.2989 0.3666
vn 0.7879 0.6141 0.0458
vn 0.6942 0.5903 -0.4120
vn -0.3366 0.9322 -0.1332
vn -0.0342 0.8061 -0.5907
vn 0.9040 0.1513 0.3998
vn 0.5359 0.4683 0.7024
vn 0.9917 -0.1153 -0.0578
vn 0.9528 0.1407 0.2689
vn 0.9628 -0.2205 0.1563
vn 0.9503 -0.1521 0.2718
vn 0.9171 -0.3120 0.2480
vn -0.1166 0.9154 -0.3852
vn 0.7416 0.6542 -0.1483
vn 0.8343 0.2195 -0.5057
vn 0.9914 -0.0155 0.1303
vn 0.8464 -0.0885 -0.5252
vn 0.9870 0.0545 0.1514
vn 0.9377 0.3469 0.0174
vn 0.5374 0.2281 -0.8119
vn 0.9986 0.0498 0.0176
vn 0.8886 0.3921 -0.2379
vn 0.8256 0.4868 -0.2854
vn 0.8413 0.5287 -0.1124
vn 0.9765 0.0734 -0.2028
vn -0.0000 -0.0730 -0.9973
vn 0.9889 0.0085 -0.1485
vn 0.9660 0.1936 0.1716
vn -0.0000 0.6824 -0.7310
vn 0.8832 -0.3444 -0.3182
vn 0.7602 0.0208 -0.6494
vn 0.4914 0.5209 -0.6980
vn 0.9420 0.3264 0.0779
vn 0.9403 0.0404 -0.3380
vn -0.8558 -0.1811 -0.4845
vn 0.9404 0.0254 -0.3392
vn -0.5885 -0.2743 -0.7605
vn 0.9678 0.2472 0.0470
vn 0.6025 0.5848 0.5431
vn 0.9470 0.2947 0.1281
vn -0.8201 0.1093 -0.5617
vn -0.6879 0.7028 -0.1815
vn -0.0000 0.9675 -0.2528
vn -0.0001 0.8440 -0.5363
vn -0.0151 -0.0036 -0.9999
vn 0.9105 0.4053 -0.0824
vn 0.9557 0.2809 -0.0877
vn 0.9166 0.3664 -0.1601
vn 0.5224 0.8384 -0.1557
vn 0.9981 0.0504 -0.0349
vn -0.0000 -0.9983 -0.0584
vn -0.9146 0.3786 -0.1421
vn 0.8537 0.5113 -0.0983
vn 0.9951 0.0974 -0.0176
vn -0.2259 0.8020 0.5530
vn 0.0116 0.5972 0.8020
vn -0.0000 -0.4860 0.8739
vn -0.0000 0.9579 -0.2870
vn -0.0000 0.6489 -0.7609
vn -0.0001 0.1306 -0.9914
vn 0.9823 0.1699 -0.0791
vn 0.1089 -0.9532 -0.2819
vn 0.8277 0.5600 -0.0348
vn 0.4428 0.8797 -0.1733
vn 0.5187 0.8393 -0.1627
vn 0.9825 0.0211 -0.1850
vn -0.6726 -0.6657 -0.3232
vn 0.9774 0.1594 -0.1387
vn -0.0343 -0.5788 -0.8147
vn -0.1166 0.8189 -0.5620
vn 0.9413 0.2389 0.2384
vn -0.0001 0.9938 -0.1108
vn 0.9354 0.2471 0.2529
vn -0.0000 -0.2844 0.9587
vn -0.0015 0.2352 0.9719
vn 0.7974 0.6006 0.0583
vn 0.6269 0.7757 -0.0730
vn 0.8093 0.5864 -0.0339
vn -0.0000 0.1318 -0.9913
vn 0.0588 -0.5250 -0.8491
vn -0.0000 0.2957 0.9553
vn 0.5797 0.8127 0.0590
vn -0.0000 0.9305 -0.3664
vn -0.0000 0.9440 0.3298
vn 0.5452 0.8380 -0.0224
vn 0.8897 0.4555 -0.0290
vn -0.0000 0.8830 0.4694
vn 0.4259 0.9043 -0.0290
vn 0.4229 0.9047 -0.0506
vn 0.3429 0.9381 -0.0491
vn -0.0000 0.8331 -0.5531
vn 0.3894 0.9211 -0.0006
vn -0.0000 0.7914 -0.6113
vn 0.6932 0.7187 0.0550
vn 0.4246 0.8996 -0.1016
vn 0.4223 0.9062 -0.0238
vn 0.4349 0.8963 -0.0861
vn 0.2552 0.9560 -0.1445
vn 0.3454 0.9355 -0.0742
vn 0.4711 0.8749 -0.1125
vn 0.9288 0.3696 -0.0277
vn 0.8010 0.5934 -0.0792
vn 1.0000 -0.0022 -0.0073
vn 0.9970 -0.0461 0.0618
vn 0.9994 -0.0038 0.0333
vn 0.5015 0.8372 -0.2181
vn 0.9965 0.0777 0.0303
vn 0.9137 0.4005 -0.0693
vn 0.9117 0.4018 -0.0853
vn 0.9519 0.3022 -0.0507
vn 0.9948 0.0989 0.0261
vn 0.9109 0.4016 -0.0952
vn 0.9644 0.2642 -0.0110
vn 0.8700 0.0426 -0.4912
vn 0.9787 0.0578 0.1967
vn 0.9989 0.0278 0.0391
vn 0.9962 -0.0865 0.0047
vn 0.8997 0.3698 0.2319
vn 0.9220 0.3755 -0.0942
vn 0.9768 0.0432 0.2098
vn 0.9729 0.1845 0.1391
vn 0.9970 -0.0596 -0.0497
vn 0.3130 0.2094 -0.9264
vn 0.9176 0.3705 -0.1441
vn 0.8007 0.0625 -0.5958
vn 0.8951 0.4213 -0.1461
vn 0.8844 0.3044 0.3538
vn 0.9639 0.1237 0.2356
vn 0.9650 0.0928 0.2454
vn 0.9387 0.1161 0.3246
vn 0.9608 -0.2014 0.1904
vn 0.9355 -0.0173 0.3529
vn 0.9547 -0.2244 0.1952
vn -0.7766 -0.0819 -0.6246
vn -0.8418 0.0987 -0.5308
vn 0.4270 0.9029 -0.0500
vn 0.9391 -0.0340 0.3419
vn 0.9535 -0.0979 0.2851
vn 0.4497 0.3370 -0.8272
vn 0.9119 0.0290 0.4093
vn 0.9578 -0.1492 0.2455
vn -0.1861 -0.6351 -0.7497
vn 0.8256 0.2270 0.5166
vn -0.6104 0.7711 -0.1808
vn 0.9664 -0.0417 -0.2536
vn 0.9525 -0.0511 0.3001
vn -0.8596 0.5031 -0.0892
vn 0.9682 -0.1572 -0.1947
vn -0.6857 -0.1424 -0.7138
vn 0.9910 -0.0324 -0.1297
vn 0.9939 -0.1081 -0.0196
vn 0.9737 -0.1918 -0.1231
vn 0.9938 -0.0474 -0.1001
vn -0.6812 -0.2348 -0.6934
vn 0.9942 0.0537 0.0931
vn 0.9451 -0.0818 -0.3164
vn 0.9966 -0.0584 0.0582
vn 0.9649 -0.2619 -0.0196
vn 0.5264 0.3277 -0.7845
vn 0.9774 0.0235 0.2103
vn 0.9830 0.0499 0.1766
vn 0.8826 0.3709 0.2889
vn 0.9724 -0.2235 0.0667
vn -0.7814 0.1306 -0.6102
vn 0.9746 -0.1991 -0.1023
vn 0.9829 -0.1836 -0.0165
vn 0.9827 -0.0639 0.1740
vn 0.7712 0.6065 -0.1933
vn 0.9754 -0.0581 0.2126
vn -0.2725 0.4315 -0.8600
vn 0.4039 -0.4923 -0.7711
vn -0.7144 0.4055 -0.5702
vn -0.8805 0.3534 -0.3161
vn 0.9977 -0.0657 0.0158
vn -0.8290 0.5471 -0.1160
vn -0.8016 0.5978 -0.0050
vn 0.7922 0.5099 -0.3352
vn 0.2423 0.1040 0.9646
vn 0.9152 0.2426 0.3219
vn -0.1948 -0.9771 -0.0850
vn -0.1905 -0.9423 -0.2753
vn -0.6739 -0.7277 0.1272
vn -0.6405 -0.7635 -0.0828
vn -0.2329 -0.9448 -0.2307
vn -0.4435 -0.2390 0.8638
vn -0.2380 -0.9401 -0.2440
vn -0.3146 -0.9441 -0.0983
vn -0.3849 -0.9089 -0.1604
vn -0.3052 -0.9094 -0.2825
vn -0.6014 -0.7896 -0.1214
vn -0.7362 -0.6733 0.0683
vn -0.6752 -0.4954 -0.5465
vn -0.7488 -0.3948 -0.5325
vn -0.8951 -0.3030 0.3270
vn -0.8393 -0.2330 0.4912
vn -0.7440 -0.4304 0.5111
vn -0.7405 -0.6676 -0.0768
vn -0.5105 -0.0386 0.8590
vn -0.7217 -0.0177 0.6920
vn -0.7651 -0.4881 -0.4200
vn -0.8986 -0.4385 -0.0157
vn -0.8329 -0.1117 0.5421
vn -0.9751 -0.2088 0.0745
vn -0.9768 0.0432 0.2097
vn -0.9394 -0.2284 -0.2555
vn -0.9497 -0.0928 0.2991
vn -0.8887 -0.4074 -0.2106
vn -0.9989 0.0457 -0.0063
vn -0.8997 0.3697 0.2319
vn -0.9911 -0.0529 0.1224
vn -0.9940 -0.0761 0.0780
vn -0.8632 -0.1529 0.4812
vn -0.9310 -0.3085 0.1953
vn -0.5652 -0.4750 0.6745
vn -0.9525 -0.2090 0.2215
vn -0.9573 -0.2423 -0.1578
vn -0.9144 -0.1780 0.3637
vn -0.9567 -0.2748 0.0962
vn -0.8884 0.0637 0.4546
vn -0.7122 -0.1256 0.6906
vn -0.8783 -0.1137 0.4644
vn -0.8021 0.0479 0.5953
vn -0.7819 -0.1161 0.6125
vn -0.7279 -0.0734 0.6817
vn -0.5687 -0.7547 0.3272
vn -0.3584 0.2901 0.8873
vn 0.2358 -0.8782 0.4161
vn 0.2254 -0.7009 0.6767
vn 0.7925 -0.0386 0.6086
vn -0.7582 -0.3875 0.5244
vn -0.5267 -0.8496 0.0275
vn -0.8790 -0.1359 0.4570
vn -0.7999 -0.5266 0.2880
vn -0.8032 -0.4938 0.3332
vn -0.9084 -0.2938 0.2973
vn -0.7884 -0.5634 0.2470
vn -0.8839 -0.4484 0.1330
vn -0.9589 -0.2795 -0.0492
vn -0.9722 -0.0139 0.2339
vn -0.9312 0.0406 0.3621
vn -0.8621 0.1940 0.4681
vn -0.9928 0.0527 -0.1075
vn -0.9434 0.2727 0.1887
vn -0.9344 -0.1035 -0.3408
vn -0.9946 -0.0007 -0.1041
vn -0.8166 -0.5757 0.0418
vn -0.9216 0.0209 0.3876
vn -0.9997 0.0180 0.0146
vn -0.8588 0.3603 0.3642
vn -0.9513 0.0829 0.2968
vn -0.9847 -0.1582 -0.0731
vn -0.8401 0.5105 0.1833
vn -0.9423 0.3026 0.1435
vn -0.6578 0.6834 0.3165
vn -0.9596 0.2702 -0.0780
vn -0.7322 0.6558 0.1838
vn -0.7567 0.6092 0.2371
vn -0.9383 0.2576 -0.2308
vn -0.8736 0.4485 0.1889
vn -0.9057 0.4138 0.0916
vn -0.9970 -0.0461 0.0618
vn -0.9920 -0.0983 0.0786
vn -0.5602 -0.4986 -0.6615
vn 0.5134 -0.0741 -0.8550
vn -0.4004 0.2214 -0.8892
vn -0.7872 -0.2892 -0.5447
vn -0.9056 -0.2563 -0.3379
vn -0.9150 0.0675 -0.3977
vn -0.9411 -0.1646 -0.2954
vn 0.3580 0.7551 -0.5492
vn 0.3042 0.4595 -0.8345
vn -0.9886 0.1398 -0.0557
vn -0.9522 -0.2821 -0.1169
vn -0.9959 -0.0812 0.0390
vn -0.5067 0.0894 -0.8575
vn -0.9723 -0.2335 -0.0125
vn 0.6679 -0.0438 -0.7430
vn -0.9834 -0.1786 0.0318
vn 0.7594 0.6194 -0.1992
vn -0.9901 -0.1140 -0.0817
vn 0.7788 0.0289 -0.6266
vn -0.9749 -0.2209 -0.0280
vn -0.9445 -0.3284 0.0139
vn -0.8147 -0.5786 -0.0371
vn -0.9963 0.0775 0.0362
vn -0.9656 0.0895 0.2441
vn -0.9868 -0.1531 0.0531
vn 0.8720 -0.4350 -0.2243
vn -0.9516 0.0789 0.2969
vn -0.9962 -0.0867 0.0110
vn -0.2184 -0.7891 0.5742
vn 0.9020 0.2128 -0.3758
vn 0.7663 0.6220 -0.1611
vn -0.9527 0.3031 -0.0217
vn -0.9885 0.1497 -0.0213
vn 0.6843 0.6633 -0.3030
vn 0.7849 0.6145 0.0792
vn -0.8763 0.4241 0.2284
vn -0.9748 0.1063 0.1961
vn 0.0541 0.9361 0.3474
vn -0.8575 0.2862 0.4276
vn 0.7504 0.4841 -0.4500
vn -0.5176 0.5389 0.6645
vn -0.8476 0.2837 0.4484
vn 0.6492 0.7604 0.0162
vn -0.9616 0.1429 0.2344
vn -0.9479 0.2170 0.2333
vn -0.8188 0.2084 0.5349
vn 0.8905 0.3445 -0.2971
vn -0.6865 0.4014 0.6063
vn -0.8818 0.3875 0.2690
vn -0.8403 0.2357 -0.4882
vn -0.4383 0.8865 -0.1487
vn -0.9720 0.2300 -0.0477
vn -0.1906 0.2322 -0.9538
vn 0.7219 0.6843 -0.1031
vn 0.7634 0.5920 -0.2583
vn -0.9751 0.1864 0.1198
vn -0.9831 0.1341 -0.1248
vn -0.9762 0.0642 0.2073
vn -0.9646 0.1593 0.2103
vn -0.9416 0.2127 0.2609
vn -0.9926 -0.1136 0.0435
vn -0.9295 0.0707 -0.3620
vn -0.9946 -0.0196 0.1015
vn 0.6950 0.6942 -0.1873
vn -0.9211 -0.3686 -0.1256
vn -0.6047 0.7063 0.3679
vn 0.8501 0.1134 -0.5142
vn -0.9728 -0.2283 -0.0386
vn 0.8944 0.1729 -0.4125
vn -0.9793 -0.1564 -0.1284
vn -0.9924 -0.0760 0.0964
vn -0.9590 0.2209 0.1777
vn 0.5469 -0.7103 0.4431
vn -0.9876 -0.1392 0.0728
vn 0.5790 0.5314 -0.6184
vn -0.9970 -0.0596 -0.0496
vn -0.3097 0.9488 -0.0621
vn -0.9940 -0.1081 -0.0195
vn -0.4307 0.8497 -0.3041
vn 0.4790 0.6878 -0.5454
vn -0.4307 0.8497 -0.3042
vn -0.9962 0.0120 0.0863
vn 0.0136 0.9462 -0.3234
vn -0.3098 0.9488 -0.0620
vn -0.9796 0.2006 -0.0135
vn -0.9653 -0.2551 0.0557
vn 0.0136 0.9461 -0.3234
vn -0.7799 0.4937 -0.3846
vn -0.5256 0.8367 0.1540
vn -0.9682 0.2252 -0.1086
vn -0.6258 -0.2249 -0.7469
vn -0.8155 -0.3265 0.4778
vn -0.5401 0.7714 -0.3364
vn -0.8155 -0.3265 0.4779
vn -0.6258 -0.2250 -0.7469
vn -0.8797 -0.3143 0.3569
vn -0.5400 0.7715 -0.3364
vn 0.0626 0.6391 -0.7666
vn -0.9664 -0.0416 -0.2537
vn 0.6857 -0.1425 -0.7138
vn 0.7933 0.3033 -0.5279
vn 0.8658 0.1672 -0.4717
vn 0.6812 -0.2347 -0.6934
vn -0.9942 0.0537 0.0931
vn -0.9451 -0.0818 -0.3165
vn 0.8784 0.2774 -0.3892
vn -0.5265 0.3276 -0.7845
vn 0.8586 0.0924 -0.5043
vn 0.7815 0.1306 -0.6101
vn -0.9747 -0.1990 -0.1022
vn 0.9261 0.3299 -0.1829
vn 0.7774 -0.2172 -0.5904
vn 0.8870 0.4358 -0.1525
vn 0.8095 0.5826 -0.0724
vn 0.7046 0.6817 -0.1970
vn 0.2442 0.8239 -0.5115
vn 0.9097 0.2917 -0.2957
vn -0.9816 -0.0690 0.1782
vn -0.7713 0.6065 -0.1932
vn 0.8362 0.5425 0.0806
vn -0.8826 0.3709 0.2889
vn -0.5359 0.4684 0.7024
vn 0.1569 0.6450 0.7479
vn 0.3365 0.9322 -0.1332
vn -0.6941 0.5903 -0.4119
vn -0.7878 0.6142 0.0458
vn 0.0341 0.8061 -0.5907
vn 0.3049 0.4232 -0.8532
vn 0.4904 0.0026 -0.8715
vn -0.0824 0.4570 -0.8856
vn 0.0361 0.9673 -0.2510
vn -0.8498 0.0184 -0.5268
vn -0.7969 0.1153 -0.5931
vn -0.8461 0.4037 -0.3481
vn 0.3796 0.5770 -0.7231
vn 0.5368 0.0243 -0.8434
vn 0.5982 0.1605 -0.7851
vn -0.9142 -0.2191 0.3409
vn -0.9729 -0.1812 0.1438
vn 0.6831 0.4251 -0.5939
vn 0.6837 0.5836 -0.4381
vn -0.9171 -0.3120 0.2482
vn 0.4648 0.8801 -0.0969
vn 0.6377 0.7440 -0.1993
vn -0.4366 0.8073 -0.3971
vn 0.1166 0.9154 -0.3852
vn -0.3942 0.7522 -0.5280
vn 0.5714 0.7011 -0.4265
vn -0.9664 -0.0418 -0.2537
vn 0.0625 0.6391 -0.7666
vn -0.6921 0.5006 -0.5199
vn 0.3996 0.8802 -0.2562
vn -0.6632 0.7368 -0.1312
vn -0.7969 0.1152 -0.5930
vn -0.8922 0.3262 0.3123
vn -0.6802 0.3348 -0.6521
vn -0.2478 0.6180 -0.7461
vn -0.9389 0.2484 0.2382
vn -0.9767 0.0591 -0.2061
vn -0.9829 0.1630 0.0851
vn -0.9470 0.1762 -0.2685
vn -0.8653 0.0993 -0.4914
vn -0.9084 0.0468 -0.4154
vn -0.9226 0.2203 -0.3166
vn -0.7706 0.4191 -0.4801
vn -0.7597 0.4834 -0.4349
vn 0.7171 0.1856 -0.6718
vn -0.9314 0.3529 0.0895
vn -0.9762 0.2163 0.0145
vn -0.9800 0.1932 0.0467
vn -0.9911 0.0190 -0.1314
vn -0.9192 0.3917 0.0399
vn -0.8259 0.3161 -0.4669
vn 0.1684 -0.3565 -0.9190
vn -0.9752 -0.0105 -0.2209
vn -0.9723 0.2335 0.0069
vn -0.4186 0.4732 -0.7752
vn -0.8192 0.1858 -0.5426
vn -0.1161 0.6968 -0.7079
vn -0.6367 0.3379 -0.6931
vn 0.9182 0.3113 -0.2451
vn -0.5983 0.1680 -0.7834
vn -0.9224 -0.1379 -0.3609
vn -0.9716 0.0658 -0.2274
vn -0.9908 0.1350 -0.0101
vn 0.8499 0.3100 -0.4260
vn -0.4487 0.3488 -0.8228
vn 0.8443 0.2982 -0.4453
vn -0.9876 -0.0459 -0.1498
vn -0.9665 -0.1451 -0.2116
vn -0.9883 0.0235 -0.1509
vn -0.9924 0.1060 -0.0628
vn -0.9829 0.0467 -0.1782
vn -0.9763 0.0769 -0.2025
vn -0.9715 -0.0167 -0.2366
vn -0.9779 0.0406 -0.2052
vn -0.9810 0.0247 -0.1923
vn -0.9653 -0.0611 -0.2538
vn -0.9927 -0.0507 -0.1095
vn -0.9971 -0.0083 -0.0757
vn -0.9959 0.0800 -0.0418
vn -0.9932 0.0537 -0.1032
vn -0.9585 0.2844 0.0196
vn -0.9641 0.2593 -0.0571
vn -0.9651 0.2611 -0.0175
vn -0.9750 0.2117 0.0679
vn -0.9733 0.2157 0.0784
vn -0.9750 0.2105 0.0704
vn -0.9631 0.2687 -0.0155
vn -0.9692 0.1983 0.1459
vn -0.9642 0.2641 -0.0227
vn -0.9836 0.1576 0.0875
vn -0.9738 0.2001 0.1080
vn -0.9637 0.2601 0.0607
vn -0.9391 0.2767 0.2036
vn -0.9755 0.1683 0.1419
vn -0.9572 0.1119 0.2670
vn -0.9662 -0.0797 -0.2452
vn -0.9892 -0.0657 -0.1308
vn -0.9773 -0.1310 -0.1664
vn -0.9908 0.1235 -0.0554
vn -0.9974 0.0684 -0.0216
vn -0.9664 -0.0418 -0.2536
vn 0.5715 0.7011 -0.4266
vn 0.6104 0.7712 -0.1808
vn 0.7305 0.5725 -0.3723
vn -0.0623 0.6240 0.7790
vn 0.3996 0.8801 -0.2563
vn -0.8257 0.2271 0.5164
vn 0.7422 0.3229 -0.5873
vn -0.2477 0.6180 -0.7461
vn 0.7469 0.4935 -0.4457
vn 0.8001 0.2416 -0.5491
vn 0.2749 0.8442 -0.4602
vn 0.8397 0.4804 -0.2532
vn 0.8595 0.5032 -0.0894
vn 0.7455 0.1852 -0.6402
vn 0.7873 0.3238 -0.5247
vn 0.8033 0.2052 -0.5591
vn -0.9361 -0.1784 -0.3030
vn 0.6893 -0.0217 -0.7241
vn -0.8192 0.1857 -0.5426
vn -0.9067 -0.4215 -0.0146
vn 0.7766 -0.0819 -0.6247
vn 0.8526 0.0562 -0.5196
vn 0.8418 0.0988 -0.5307
vn -0.4279 0.9024 -0.0497
vn 0.8760 0.3253 -0.3561
vn 0.9017 0.2493 -0.3532
vn -0.4498 0.3369 -0.8272
vn 0.8919 0.2814 -0.3540
vn -0.9615 -0.1968 0.1919
vn 0.7889 0.5871 -0.1813
vn -0.8850 0.0264 0.4649
vn 0.1861 -0.6349 -0.7498
vn 0.8185 0.4058 -0.4066
vn 0.7999 0.3413 -0.4936
vn -0.9843 0.1691 0.0508
vn -0.8401 0.5236 -0.1416
vn 0.0135 0.9462 -0.3234
vn -0.9544 0.2847 -0.0896
vn -0.9799 0.1371 -0.1447
vn -0.8576 0.3884 0.3371
vn -0.9981 0.0609 0.0009
vn -0.9912 0.1083 0.0767
vn -0.9439 0.2980 0.1425
vn -0.9861 0.1589 -0.0493
vn -0.9887 0.1480 0.0236
vn -0.9306 0.2568 0.2610
vn -0.9974 0.0325 0.0639
vn -0.9460 0.1965 0.2579
vn -0.9362 -0.0629 0.3459
vn -0.9327 -0.0006 0.3608
vn -0.9256 0.2658 0.2694
vn -0.9895 0.1283 0.0665
vn -0.7347 0.4271 0.5270
vn -0.9388 -0.3217 0.1231
vn -0.6923 -0.0290 0.7210
vn -0.9048 0.1417 0.4015
vn -0.6280 0.5459 0.5547
vn -0.5366 0.6866 0.4905
vn -0.6460 0.3663 0.6697
vn -0.3693 0.8735 0.3171
vn -0.7332 0.5356 0.4191
vn -0.6200 0.7793 0.0912
vn -0.6352 0.5122 0.5781
vn -0.8596 0.4967 0.1202
vn -0.9433 0.0952 0.3180
vn -0.8279 0.3030 0.4719
vn -0.9684 -0.2411 0.0645
vn -0.9193 -0.0486 0.3906
vn -0.8702 0.1899 0.4545
vn -0.8803 -0.4556 0.1322
vn -0.7533 0.3003 0.5852
vn -0.7939 -0.0477 0.6061
vn -0.7782 0.6242 -0.0696
vn -0.9056 0.3004 0.2994
vn -0.3021 0.8905 0.3402
vn -0.8417 0.5399 0.0086
vn -0.9028 0.4293 -0.0261
vn -0.2384 0.9463 0.2183
vn -0.2333 0.9722 0.0176
vn -0.3454 0.9355 -0.0741
vn -0.3632 0.9288 -0.0729
vn -0.8839 0.4612 -0.0775
vn -0.2669 0.8765 0.4006
vn -0.8205 0.4894 0.2954
vn -0.3114 0.8458 0.4333
vn -0.8892 0.4486 0.0896
vn -0.8725 0.4811 0.0849
vn -0.3689 0.9246 0.0948
vn -0.4105 0.7356 -0.5389
vn -0.6932 0.7187 0.0550
vn -0.4185 0.8832 0.2119
vn -0.5983 0.7832 -0.1693
vn -0.2898 0.9108 0.2940
vn -0.3916 0.9094 0.1404
vn -0.2902 0.8581 0.4237
vn -0.4400 0.7851 0.4360
vn -0.2478 0.8577 0.4504
vn -0.3199 0.8608 0.3959
vn -0.8614 0.5004 -0.0873
vn -0.8963 0.4394 0.0594
vn -0.3432 0.8659 0.3639
vn -0.7796 -0.6203 -0.0866
vn -0.7791 -0.6000 0.1816
vn -0.9122 -0.2512 0.3237
vn -0.8634 -0.3172 0.3922
vn -0.9144 0.3932 0.0963
vn -0.8974 0.4243 0.1212
vn -0.3437 0.8547 0.3890
vn -0.7810 -0.5185 0.3481
vn -0.8963 0.4434 -0.0060
vn -0.9296 0.0086 0.3684
vn -0.2826 0.8758 0.3913
vn -0.6893 -0.6934 0.2098
vn -0.1473 0.8202 0.5528
vn -0.9387 0.2549 0.2319
vn -0.6025 0.0829 0.7938
vn -0.0190 0.8006 0.5989
vn 0.0987 0.5331 0.8403
vn -0.1971 0.8079 0.5554
vn -0.0215 0.5763 0.8169
vn -0.1119 0.9318 0.3453
vn -0.1502 0.4958 0.8554
vn -0.2660 0.9625 0.0527
vn -0.7070 0.6655 0.2393
vn -0.8907 0.1220 0.4380
vn -0.3406 0.0115 0.9402
vn -0.6895 0.6854 0.2340
vn 0.0333 0.8244 0.5650
vn -0.2496 0.8942 0.3715
vn -0.2651 0.7744 0.5745
vn -0.7754 -0.1151 0.6209
vn -0.6240 -0.7544 0.2038
vn -0.6305 -0.7443 0.2200
vn -0.7948 0.4114 0.4462
vn -0.8948 -0.1495 0.4207
vn -0.6635 -0.6194 0.4196
vn -0.7471 0.4111 0.5224
vn -0.7277 0.1791 0.6621
vn -0.6065 -0.6769 0.4171
vn -0.6069 -0.6328 0.4808
vn -0.6490 -0.6547 0.3874
vn -0.7590 0.5384 0.3662
vn -0.4328 0.0483 0.9002
vn -0.7202 -0.6130 0.3248
vn -0.9110 -0.3257 0.2529
vn -0.6896 -0.6814 0.2454
vn -0.7092 0.3469 0.6138
vn -0.6324 -0.4522 0.6289
vn -0.5272 0.3963 0.7517
vn -0.6517 -0.5597 0.5120
vn -0.4958 -0.1043 0.8621
vn -0.6834 0.2808 0.6739
vn -0.5872 -0.0781 0.8057
vn -0.2673 -0.2879 0.9196
vn -0.0962 -0.9071 0.4097
vn -0.9527 -0.0416 0.3012
vn -0.9179 0.1131 0.3804
vn -0.1568 0.6659 0.7294
vn -0.5331 0.2917 0.7942
vn -0.5314 0.6591 0.5322
vn -0.6280 0.2863 0.7237
vn -0.6288 -0.2642 0.7313
vn -0.5174 0.8446 0.1377
vn -0.6023 0.4107 0.6845
vn -0.5559 0.4293 0.7118
vn -0.7969 0.1153 -0.5930
vn -0.9414 0.1277 -0.3121
vn -0.9705 -0.0206 -0.2404
vn -0.9693 0.2223 -0.1053
vn -0.0824 0.4570 -0.8857
vn -0.9218 0.3834 0.0581
vn -0.8461 0.4036 -0.3481
vn -0.9909 0.1189 -0.0629
vn -0.9735 0.0178 -0.2279
vn -0.9899 0.0219 -0.1397
vn -0.9687 0.2219 0.1112
vn -0.9958 0.0890 -0.0204
vn -0.9896 -0.0450 -0.1364
vn -0.9812 -0.0871 -0.1722
vn -0.9940 0.1069 -0.0219
vn -0.9979 0.0434 -0.0488
vn -0.9817 0.1767 0.0705
vn -0.9492 0.2629 -0.1727
vn -0.8776 0.3277 -0.3500
vn -0.8957 0.1770 -0.4080
vn -0.7072 0.3798 -0.5963
vn 0.3796 0.5771 -0.7231
vn -0.7794 0.5306 -0.3332
vn -0.3943 0.7522 -0.5280
vn -0.8413 0.5287 -0.1123
vn -0.9694 0.0826 -0.2312
vn -0.9558 0.2515 -0.1522
vn -0.8843 0.4512 0.1197
vn -0.9372 0.3380 0.0858
vn -0.9386 0.2660 0.2198
vn -0.9638 -0.1820 -0.1948
vn -0.9950 0.0873 -0.0492
vn -0.9863 0.1557 0.0538
vn -0.9921 0.1062 -0.0676
vn -0.1906 0.2321 -0.9538
vn 0.6853 0.6942 -0.2201
vn 0.8366 0.5348 -0.1190
vn 0.8330 0.3738 -0.4079
vn 0.9055 0.4147 -0.0898
vn -0.9646 0.1593 0.2104
vn 0.9063 0.3295 -0.2648
vn 0.9164 0.3515 -0.1917
vn 0.6951 0.6941 -0.1873
vn 0.8772 0.1891 -0.4413
vn -0.6048 0.7063 0.3680
vn 0.8502 0.1134 -0.5141
vn 0.9141 0.1692 -0.3686
vn 0.8944 0.1730 -0.4125
vn 0.9464 0.2795 -0.1617
vn -0.9876 -0.1392 0.0727
vn -0.5602 -0.4987 -0.6614
vn 0.8443 0.2981 -0.4453
vn 0.5134 -0.0740 -0.8550
vn 0.8197 0.0840 -0.5666
vn -0.9056 -0.2562 -0.3380
vn 0.8500 0.3099 -0.4260
vn 0.8599 0.1784 -0.4782
vn 0.3580 0.7551 -0.5493
vn 0.3043 0.4595 -0.8344
vn 0.9181 0.3114 -0.2451
vn 0.9016 0.0500 -0.4297
vn 0.9123 0.2895 -0.2897
vn 0.9103 0.3219 -0.2603
vn 0.8700 0.4863 -0.0813
vn -0.1161 0.6968 -0.7078
vn 0.9368 0.1233 -0.3273
vn -0.9834 -0.1786 0.0319
vn 0.7594 0.6193 -0.1993
vn 0.8630 0.2326 -0.4485
vn 0.9169 0.2057 -0.3419
vn 0.8296 0.5378 0.1504
vn 0.8905 0.3445 -0.2972
vn 0.6493 0.7603 0.0162
vn 0.8301 0.5468 0.1097
vn -0.5176 0.5390 0.6645
vn 0.8794 0.4483 -0.1604
vn 0.8541 0.4996 -0.1449
vn 0.7505 0.4841 -0.4500
vn 0.0541 0.9362 0.3474
vn -0.8764 0.4240 0.2284
vn 0.8710 0.4851 -0.0782
vn 0.7849 0.6145 0.0793
vn 0.8265 0.5553 -0.0927
vn 0.6843 0.6633 -0.3029
vn -0.9885 0.1496 -0.0213
vn 0.9347 0.1899 -0.3004
vn -0.9527 0.3031 -0.0216
vn 0.7663 0.6220 -0.1610
vn 0.9482 0.0497 -0.3136
vn -0.8148 -0.5786 -0.0371
vn 0.8720 -0.4350 -0.2244
vn 0.9337 0.1775 -0.3110
vn 0.9019 0.2128 -0.3758
vn -0.2184 -0.7891 0.5741
vn 0.5134 -0.0740 -0.8549
vn 0.6853 0.6941 -0.2202
vn -0.4488 0.3488 -0.8228
vn -0.7023 0.5472 -0.4552
vn -0.6766 0.4030 -0.6163
vn 0.8329 0.3739 -0.4079
vn -0.9645 0.2161 0.1520
vn -0.9829 0.0094 -0.1841
vn -0.9916 0.1120 0.0653
vn -0.9857 -0.0930 -0.1406
vn -0.6110 0.6288 -0.4810
vn -0.7922 0.5100 -0.3352
vn -0.9875 0.1550 0.0288
vn -0.9956 0.0923 0.0147
vn -0.9837 -0.1033 -0.1472
vn -0.9907 0.1200 0.0634
vn -0.9216 0.3777 0.0890
vn -0.9861 0.1408 -0.0876
vn 0.7144 0.4056 -0.5702
vn -0.9648 -0.1215 -0.2331
vn -0.4037 -0.4923 -0.7711
vn -0.9617 0.2311 0.1473
vn -0.9785 0.2028 0.0380
vn -0.9941 0.1085 0.0052
vn -0.9861 -0.0792 -0.1458
vn -0.9846 -0.0180 -0.1740
vn -0.9961 0.0583 -0.0665
vn -0.0836 0.6875 0.7214
vn -0.6084 0.3760 0.6989
vn -0.9093 -0.1157 0.3998
vn -0.5444 0.5052 0.6696
vn 0.8391 0.4658 0.2810
vn -0.7456 0.5262 0.4090
vn 0.0036 0.9096 0.4155
vn -0.9317 -0.1162 0.3442
vn -0.0891 0.9244 0.3708
vn 0.8602 0.5094 -0.0242
vn 0.1175 0.9253 0.3607
vn -0.7661 0.4941 0.4111
vn -0.2045 0.9255 0.3189
vn 0.7342 0.6549 -0.1790
vn 0.3781 0.9025 -0.2062
vn -0.9575 -0.1133 0.2654
vn -0.9630 -0.0993 0.2505
vn -0.7223 -0.6875 0.0749
vn -0.7348 -0.6624 0.1458
vn -0.9756 -0.1861 0.1164
vn -0.9422 -0.0820 0.3247
vn -0.8125 0.3800 0.4421
vn -0.7063 0.3967 0.5864
vn -0.0213 0.9634 0.2672
vn -0.0714 0.9457 0.3171
vn -0.3972 0.2833 0.8729
vn -0.7380 -0.2232 0.6369
vn -0.3387 -0.4547 0.8237
vn -0.4035 -0.7270 0.5555
vn -0.7344 -0.5529 0.3937
vn 0.0267 -0.9738 0.2259
vn -0.1775 -0.9803 0.0871
vn 0.2266 -0.9548 -0.1924
vn -0.1992 -0.8610 -0.4681
vn -0.4740 -0.8696 0.1381
vn -0.9029 -0.3775 0.2057
vn -0.3347 -0.9280 -0.1640
vn -0.1033 -0.9520 -0.2882
vn -0.5851 -0.8082 -0.0666
vn -0.6647 -0.5902 -0.4580
vn -0.5969 -0.7055 -0.3821
vn -0.1798 -0.9785 -0.1011
vn -0.8758 -0.2410 0.4182
vn -0.7878 -0.5327 0.3093
vn -0.3669 0.2592 0.8934
vn -0.2863 0.9057 0.3125
vn -0.8068 -0.4647 -0.3648
vn 0.4570 0.7280 0.5111
vn -0.8287 -0.5507 -0.0993
vn 0.7387 0.5250 0.4227
vn -0.2741 0.9323 0.2360
vn -0.1753 0.9094 0.3771
vn 0.3364 0.8906 0.3061
vn -0.0835 0.6875 0.7214
vn -0.8056 -0.5896 0.0585
vn 0.7926 -0.0386 0.6086
vn 0.0036 0.9096 0.4156
vn 0.6892 -0.6680 0.2806
vn 0.8602 0.5095 -0.0242
vn 0.1992 0.9265 0.3192
vn 0.2945 0.9259 0.2366
vn 0.1175 0.9252 0.3607
vn 0.1181 0.9870 0.1093
vn 0.7342 0.6549 -0.1789
vn 0.1450 0.9547 0.2597
vn -0.0325 0.9914 0.1266
vn 0.4589 0.6666 0.5874
vn 0.3911 0.9202 -0.0155
vn -0.1027 0.5477 -0.8303
vn -0.1378 0.7345 -0.6644
vn -0.2956 0.5766 -0.7617
vn -0.1060 0.7505 -0.6524
vn -0.1400 0.9678 -0.2090
vn 0.7122 -0.5914 -0.3782
vn -0.1931 0.9786 0.0713
vn 0.6892 -0.6680 0.2805
vn -0.2156 0.8946 0.3914
vn -0.9163 0.3666 0.1615
vn -0.8057 -0.5895 0.0585
vn -0.8035 -0.5913 0.0684
vn -0.8287 -0.5508 -0.0993
vn -0.8068 -0.4647 -0.3649
vn -0.7718 -0.6357 0.0120
vn -0.3668 0.2592 0.8934
vn -0.7301 -0.6812 0.0549
vn -0.9175 0.2557 0.3045
vn -0.8201 0.2741 0.5022
vn -0.4681 -0.8836 0.0142
vn -0.8809 -0.3787 0.2840
vn -0.6303 0.6154 0.4732
vn -0.6288 -0.4434 0.6388
vn -0.5981 0.5734 0.5598
vn -0.6979 -0.5945 0.3994
vn -0.6636 -0.5427 0.5148
vn -0.8542 -0.1687 0.4918
vn -0.8036 -0.5064 0.3129
vn -0.5510 -0.8199 0.1555
vn -0.9539 0.0002 0.3001
vn -0.7388 -0.6564 0.1527
vn -0.1756 -0.9768 -0.1225
vn -0.1743 -0.9786 -0.1092
vn 0.3331 -0.8749 -0.3516
vn 0.7631 -0.6453 0.0349
vn 0.8726 -0.4677 -0.1408
vn 0.7916 -0.5270 -0.3092
vn -0.7434 -0.6570 0.1253
vn -0.1440 -0.9389 0.3127
vn -0.7400 -0.6347 0.2228
vn -0.5001 -0.8162 0.2893
vn -0.9860 0.0372 0.1625
vn -0.6990 -0.5760 0.4238
vn 0.3350 -0.6496 -0.6824
vn -0.9496 0.0050 0.3135
vn -0.3585 -0.5386 0.7625
vn -0.7985 -0.0574 0.5993
vn -0.8971 0.3196 0.3051
vn -0.1256 -0.8835 0.4513
vn -0.5934 -0.7674 -0.2428
vn -0.0092 -0.4287 -0.9034
vn -0.3890 -0.0701 0.9186
vn -0.1227 0.3319 0.9353
vn -0.0069 0.8280 0.5606
vn 0.1308 0.8245 0.5505
vn 0.0650 0.9516 0.3002
vn 0.1170 0.9549 0.2728
vn -0.3458 0.2589 0.9019
vn 0.2928 0.9099 0.2938
vn -0.4943 0.8678 -0.0515
vn -0.7647 0.1441 0.6280
vn -0.8749 0.3123 0.3702
vn -0.8276 0.3434 0.4440
vn -0.8760 0.4340 0.2104
vn -0.9257 0.3112 0.2151
vn -0.9211 0.3067 0.2398
vn -0.4521 0.6584 0.6018
vn -0.4413 0.7217 0.5333
vn -0.2509 0.9449 -0.2102
vn -0.0396 0.9816 -0.1866
vn -0.4588 0.8861 -0.0659
vn -0.4361 0.8809 -0.1840
vn -0.7807 0.5760 0.2422
vn -0.5908 0.7735 -0.2293
vn -0.8881 0.0301 0.4586
vn -0.8045 -0.1092 0.5838
vn 0.2049 -0.8650 -0.4580
vn 0.3350 -0.6496 -0.6825
vn -0.0098 -0.9901 0.1399
vn -0.4423 -0.8844 0.1490
vn 0.3043 -0.9255 -0.2256
vn -0.1439 -0.9388 0.3128
vn 0.0301 -0.9973 -0.0670
vn 0.7916 -0.5270 -0.3093
vn 0.1143 -0.9904 -0.0772
vn 0.1116 -0.9938 0.0015
vn 0.7632 -0.6453 0.0349
vn 0.3900 -0.9134 -0.1167
vn 0.1446 -0.9822 -0.1195
vn 0.3330 -0.8749 -0.3516
vn -0.3638 -0.9313 -0.0213
vn 0.5052 -0.8473 -0.1638
vn -0.0710 -0.9785 0.1935
vn 0.2359 -0.8782 0.4161
vn -0.3671 -0.9046 0.2167
vn 0.5671 -0.7955 0.2134
vn 0.8106 -0.5735 0.1180
vn 0.8694 -0.4940 0.0100
vn -0.1060 0.7504 -0.6524
vn 0.7974 -0.4766 0.3701
vn 0.7292 -0.4511 0.5146
vn -0.7009 0.4880 -0.5202
vn -0.8444 0.1446 0.5159
vn 0.0036 0.9587 0.2842
vn 0.1816 0.0356 0.9827
vn 0.8061 0.4744 -0.3538
vn -0.7010 0.4880 -0.5201
vn -0.6088 0.4128 -0.6775
vn -0.8148 0.2346 0.5301
vn 0.0803 0.9842 0.1579
vn 0.2673 0.0690 0.9611
vn 0.8930 0.2692 -0.3607
vn 0.9084 0.1431 -0.3930
vn 0.0994 0.9904 -0.0962
vn 0.4097 0.3040 0.8601
vn -0.6121 0.3716 0.6980
vn -0.6942 0.2734 -0.6658
vn 0.9084 0.1431 -0.3929
vn 0.8105 0.2076 -0.5478
vn 0.0661 0.9570 0.2824
vn 0.6411 -0.0697 0.7643
vn -0.8159 0.0227 0.5777
vn -0.5312 0.4559 -0.7142
vn 0.8104 0.2077 -0.5478
vn 0.7282 0.3745 -0.5741
vn -0.1206 0.9506 0.2861
vn 0.6246 -0.0014 0.7810
vn -0.7439 -0.1767 0.6445
vn -0.6982 0.2770 -0.6602
vn 0.7282 0.3745 -0.5740
vn 0.6973 0.6568 -0.2871
vn -0.4903 0.8613 0.1334
vn 0.3098 0.3214 0.8948
vn -0.8778 -0.3128 0.3628
vn -0.3525 0.2210 -0.9094
vn 0.6974 0.6567 -0.2870
vn 0.6361 0.7442 -0.2039
vn -0.3021 0.9230 0.2384
vn 0.2267 0.3462 0.9104
vn -0.9092 0.0627 0.4116
vn -0.5071 0.5100 -0.6948
vn 0.6361 0.7442 -0.2038
vn 0.9080 0.4162 -0.0488
vn -0.2019 0.6087 -0.7673
vn -0.1479 0.9464 0.2870
vn -0.9535 0.0099 0.3011
vn 0.2197 0.1386 0.9657
vn 0.8121 0.5160 -0.2726
vn 0.1138 0.8331 0.5413
vn 0.3086 -0.1384 0.9411
vn -0.8893 0.2893 0.3541
vn -0.2469 0.8245 -0.5092
vn 0.8121 0.5159 -0.2725
vn -0.0114 -0.9988 -0.0475
vn 0.9851 -0.1684 -0.0361
vn -0.0183 -0.4853 0.8742
vn -0.9882 -0.1526 0.0120
vn -0.1847 -0.3679 -0.9113
vn 0.9850 -0.1685 -0.0362
vn 0.2580 -0.4266 0.8669
vn 0.0819 -0.9714 -0.2227
vn 0.9840 0.0106 -0.1776
vn -0.8892 -0.2863 0.3567
vn -0.2364 -0.0842 -0.9680
vn 0.7423 -0.3062 0.5960
vn 0.0667 -0.9757 -0.2086
vn 0.6820 0.0508 -0.7296
vn -0.4509 -0.3773 0.8089
vn -0.8150 -0.1963 -0.5453
vn 0.3228 0.0372 -0.9457
vn 0.2761 -0.0791 -0.9579
vn -0.9869 -0.0090 -0.1612
vn -0.9358 -0.2281 -0.2689
vn 0.1018 -0.9887 -0.1098
vn -0.2332 -0.2426 0.9417
vn -0.1172 -0.0852 0.9894
vn 0.9633 -0.1641 0.2124
vn 0.2760 -0.0791 -0.9579
vn 0.9447 -0.0511 0.3240
vn 0.3227 0.0371 -0.9458
vn -0.6550 -0.7096 -0.2597
vn 0.5740 -0.1480 -0.8054
vn 0.3558 -0.9345 0.0106
vn -0.3716 -0.4604 0.8062
vn 0.7050 -0.2004 0.6803
vn 0.5739 -0.1481 -0.8054
vn -0.4319 -0.3277 0.8403
vn -0.4588 -0.4779 0.7491
vn -0.4207 -0.2428 0.8741
vn -0.4492 -0.4660 0.7623
vn -0.5034 -0.5608 0.6573
vn -0.5655 -0.4526 0.6895
vn -0.2684 -0.1664 0.9488
vn -0.1289 0.0588 0.9899
vn -0.3663 0.1255 0.9220
vn -0.1388 0.4174 0.8980
vn 0.0892 0.2215 0.9711
vn 0.0303 0.3108 0.9500
vn -0.1253 0.4652 0.8763
vn -0.2529 0.7779 0.5752
vn -0.5164 0.6408 0.5681
vn -0.5766 0.7717 0.2683
vn -0.5977 -0.2297 0.7681
vn -0.7817 0.1759 0.5984
vn -0.6446 0.5793 0.4989
vn -0.5867 -0.7141 0.3820
vn -0.8932 0.4359 0.1110
vn -0.7683 0.6356 0.0758
vn -0.8477 0.3551 0.3940
vn -0.7258 0.0247 0.6875
vn -0.9055 0.3022 0.2979
vn -0.6024 -0.7089 0.3667
vn -0.9256 -0.3215 0.1997
vn -0.6042 -0.3541 0.7138
vn -0.5517 -0.4719 0.6877
vn -0.9503 0.1541 0.2704
vn -0.8933 -0.4409 0.0876
vn -0.3870 -0.8606 0.3312
vn -0.5068 -0.3909 0.7684
vn -0.8089 -0.1941 0.5550
vn -0.9637 -0.0772 0.2555
vn -0.9813 -0.0408 0.1879
vn -0.9777 -0.1392 0.1575
vn -0.9070 0.4145 0.0739
vn -0.9639 -0.1940 0.1825
vn -0.9786 -0.2051 0.0155
vn -0.9386 -0.0907 0.3328
vn -0.7567 -0.6210 -0.2041
vn -0.6454 -0.7625 -0.0449
vn -0.8433 0.5273 0.1037
vn -0.8431 -0.0643 0.5339
vn -0.7217 -0.0178 0.6920
vn -0.9503 -0.2536 -0.1806
vn -0.8789 -0.4676 0.0936
vn -0.5104 -0.0386 0.8590
vn -0.6056 -0.7932 0.0641
vn -0.3097 -0.8296 0.4646
vn -0.7363 -0.6732 0.0683
vn -0.3147 -0.9441 -0.0982
vn -0.4801 -0.4427 0.7573
vn -0.9852 -0.1492 -0.0847
vn -0.9866 -0.1510 -0.0625
vn -0.8778 -0.3336 0.3439
vn -0.8701 -0.3909 0.3003
vn -0.9972 -0.0352 -0.0661
vn -0.6846 -0.4445 0.5777
vn -0.9284 -0.2831 0.2409
vn -0.9838 0.1629 -0.0755
vn -0.7359 -0.5112 0.4440
vn -0.5950 -0.2613 0.7600
vn -0.9783 -0.1562 0.1363
vn -0.9361 0.3151 -0.1566
vn -0.2183 -0.2743 0.9365
vn 0.4587 0.1144 0.8812
vn -0.3969 -0.4001 0.8261
vn -0.1485 -0.4253 0.8928
vn -0.4956 -0.4651 0.7335
vn -0.5483 -0.5676 0.6142
vn -0.4087 -0.4841 0.7737
vn -0.4495 -0.2892 0.8452
vn -0.4242 -0.5361 0.7298
vn -0.3707 -0.6327 0.6799
vn -0.7174 -0.5721 0.3975
vn -0.2934 -0.8392 0.4579
vn -0.5321 -0.7466 0.3992
vn -0.7632 -0.5565 0.3283
vn -0.2783 -0.9083 0.3123
vn -0.5183 -0.7955 0.3138
vn -0.8033 -0.4432 0.3978
vn -0.7699 -0.5778 0.2711
vn -0.8401 -0.4276 0.3337
vn -0.8529 -0.4169 0.3143
vn -0.7876 -0.4864 0.3784
vn -0.0421 -0.8292 0.5574
vn -0.5195 -0.7002 0.4898
vn -0.0558 -0.4159 0.9077
vn -0.3641 -0.7770 0.5136
vn -0.2936 -0.3392 0.8937
vn -0.2220 -0.3076 0.9252
vn -0.4025 -0.3969 0.8249
vn -0.1203 -0.5971 0.7931
vn -0.3179 -0.3954 0.8617
vn -0.0032 -0.3171 0.9484
vn -0.3986 -0.6418 0.6552
vn 0.0429 -0.2344 0.9712
vn -0.2388 -0.3972 0.8861
vn -0.4114 -0.6373 0.6516
vn 0.0235 -0.0458 0.9987
vn -0.3933 -0.5027 0.7698
vn -0.5114 -0.6165 0.5987
vn -0.1295 -0.2565 0.9578
vn -0.5720 -0.5071 0.6447
vn -0.4387 -0.5283 0.7269
vn -0.7241 -0.3875 0.5705
vn -0.7055 -0.5751 0.4143
vn -0.8922 -0.3179 0.3207
vn -0.7566 -0.5709 0.3189
vn -0.5324 -0.6508 0.5413
vn -0.0619 -0.8099 0.5833
vn -0.2498 -0.2970 0.9216
vn -0.8189 -0.4564 0.3480
vn -0.3894 -0.4195 0.8200
vn -0.1672 -0.2211 -0.9608
vn -0.9732 0.1811 -0.1418
vn -0.8775 0.2315 -0.4200
vn -0.7448 0.3042 -0.5939
vn -0.7984 0.3163 -0.5123
vn -0.8405 0.2128 -0.4982
vn -0.7848 0.5853 -0.2036
vn -0.8135 0.5361 -0.2253
vn -0.7083 -0.4984 0.4999
vn -0.5909 0.7947 0.1387
vn -0.7891 0.5768 0.2113
vn -0.5045 0.6760 0.5371
vn -0.4091 0.6736 0.6155
vn -0.2350 0.4570 0.8579
vn -0.2264 0.3571 0.9062
vn -0.1140 0.2932 0.9492
vn -0.1005 -0.0739 0.9922
vn 0.1154 0.0702 0.9908
vn 0.0221 0.0194 0.9996
vn 0.0699 -0.0993 0.9926
vn 0.0885 -0.2768 0.9568
vn 0.0297 -0.0107 0.9995
vn -0.0928 -0.2444 0.9652
vn 0.0478 -0.4920 0.8693
vn -0.1652 -0.0886 0.9823
vn 0.1084 0.1480 0.9830
vn 0.0011 0.0997 0.9950
vn -0.0427 0.1279 0.9909
vn -0.1091 -0.0279 0.9936
vn -0.0461 0.1562 0.9866
vn -0.0748 0.0267 0.9968
vn 0.0106 0.1819 0.9833
vn -0.0679 -0.0325 0.9972
vn -0.1660 -0.5594 0.8121
vn 0.4289 -0.7525 0.4997
vn 0.7956 -0.4925 0.3528
vn -0.0345 -0.9565 0.2896
vn 0.5639 -0.8237 -0.0597
vn -0.8374 -0.4555 0.3022
vn -0.1307 -0.9821 0.1354
vn -0.2504 -0.9491 0.1911
vn 0.7883 -0.5477 -0.2802
vn -0.8396 -0.4139 0.3519
vn -0.9972 0.0629 0.0393
vn -0.9183 0.3681 -0.1457
vn -0.9503 0.1068 -0.2924
vn -0.9400 0.2858 -0.1861
vn -0.8857 0.3587 -0.2947
vn -0.8902 0.2515 -0.3799
vn -0.9311 0.1156 -0.3459
vn -0.8851 0.3049 -0.3516
vn -0.7400 0.3284 -0.5869
vn -0.8505 0.2857 -0.4416
vn -0.9211 0.2125 -0.3261
vn -0.9720 0.2299 -0.0478
vn -0.9831 0.1342 -0.1248
vn -0.8470 0.3125 -0.4300
vn -0.9112 0.3387 -0.2346
vn -0.8762 0.1705 -0.4508
vn -0.4383 0.8865 -0.1486
vn -0.8957 0.4157 -0.1577
vn -0.8738 0.3503 -0.3372
vn -0.9258 -0.1676 -0.3387
vn 0.6893 -0.0216 -0.7241
vn -0.9361 -0.1784 -0.3031
vn -0.9067 0.3293 -0.2636
vn -0.9513 0.2416 -0.1914
vn -0.9706 -0.2124 -0.1137
vn 0.8034 0.2052 -0.5590
vn -0.9909 -0.0434 -0.1277
vn -0.9916 -0.1168 0.0555
vn -0.9067 -0.4215 -0.0145
vn -0.8661 0.2476 -0.4342
vn -0.9927 0.0316 0.1167
vn -0.8198 0.5425 -0.1834
vn -0.7740 0.6331 0.0048
vn -0.7852 0.5882 -0.1934
vn -0.9086 0.3072 -0.2829
vn -0.8448 0.5244 -0.1064
vn -0.9188 0.3558 -0.1708
vn -0.8040 0.5931 -0.0434
vn -0.8261 0.5424 -0.1526
vn -0.9851 -0.0238 0.1704
vn -0.9535 0.3010 -0.0144
vn -0.8817 0.2793 -0.3802
vn -0.8513 0.4823 -0.2068
vn -0.9513 -0.2454 -0.1865
vn -0.8872 0.4418 -0.1329
vn -0.8980 0.4232 -0.1205
vn -0.8615 0.4440 -0.2463
vn -0.7800 0.4937 -0.3845
vn -0.9059 0.3634 -0.2175
vn -0.5401 0.7715 -0.3364
vn -0.9796 0.2007 -0.0136
vn -0.9493 0.1882 0.2520
vn -0.9682 0.2253 -0.1087
vn -0.8797 -0.3143 0.3570
vn -0.8008 0.0625 -0.5957
vn -0.8989 0.3769 -0.2236
vn -0.6257 -0.2250 -0.7469
vn -0.9899 0.1313 -0.0532
vn -0.8269 0.4657 -0.3152
vn -0.9479 0.2713 -0.1670
vn -0.3631 0.2429 -0.8995
vn -0.8007 0.0625 -0.5958
vn -0.8951 0.4213 -0.1461
vn -0.9639 0.1237 0.2356
vn -0.8844 0.3044 0.3538
vn -0.9175 0.3706 -0.1441
vn -0.3131 0.2094 -0.9263
vn -0.9650 0.0928 0.2454
vn -0.9387 0.1161 0.3246
vn -0.9608 -0.2014 0.1904
vn -0.9970 -0.0596 -0.0497
vn -0.9355 -0.0173 0.3529
vn -0.9548 -0.2244 0.1951
vn 0.7765 -0.0819 -0.6248
vn 0.8417 0.0988 -0.5308
vn -0.4280 0.9024 -0.0497
vn -0.9391 -0.0340 0.3419
vn -0.9535 -0.0979 0.2851
vn -0.4497 0.3369 -0.8272
vn -0.9119 0.0290 0.4093
vn -0.9578 -0.1492 0.2455
vn 0.1860 -0.6349 -0.7499
vn -0.8257 0.2270 0.5164
vn -0.0623 0.6239 0.7790
vn 0.6104 0.7711 -0.1809
vn -0.9664 -0.0417 -0.2537
vn 0.2750 0.8442 -0.4601
vn -0.9525 -0.0511 0.3001
vn 0.8596 0.5031 -0.0893
vn -0.9682 -0.1572 -0.1948
vn 0.6857 -0.1425 -0.7137
vn -0.9910 -0.0324 -0.1297
vn -0.9939 -0.1081 -0.0195
vn -0.9737 -0.1918 -0.1231
vn -0.9938 -0.0474 -0.1001
vn 0.6812 -0.2347 -0.6935
vn -0.9451 -0.0818 -0.3164
vn -0.9718 0.1571 0.1757
vn -0.9966 -0.0584 0.0582
vn -0.9649 -0.2620 -0.0196
vn -0.9724 -0.2236 0.0667
vn -0.9747 -0.1990 -0.1020
vn -0.9829 -0.1836 -0.0165
vn -0.9774 0.0235 0.2103
vn -0.9830 0.0499 0.1766
vn -0.9827 -0.0639 0.1740
vn -0.9040 0.1513 0.3998
vn -0.5358 0.4685 0.7024
vn 0.8362 0.5425 0.0805
vn 0.3366 0.9322 -0.1332
vn -0.9754 -0.0581 0.2126
vn 0.7773 -0.2171 -0.5905
vn -0.8811 0.2989 0.3666
vn -0.6941 0.5903 -0.4120
vn -0.9091 0.3587 0.2120
vn -0.8972 0.3954 0.1966
vn -0.7879 0.6141 0.0459
vn -0.9789 0.1922 -0.0689
vn 0.0341 0.8062 -0.5907
vn -0.6750 0.6912 -0.2580
vn -0.8401 0.5236 -0.1417
vn -0.9233 0.3825 0.0334
vn -0.9112 0.3932 -0.1227
vn -0.9917 -0.1153 -0.0578
vn -0.9173 0.3878 -0.0900
vn -0.9628 -0.2205 0.1563
vn -0.9503 -0.1521 0.2718
vn -0.9171 -0.3119 0.2481
vn -0.9528 0.1407 0.2689
vn -0.7416 0.6542 -0.1483
vn -0.8343 0.2195 -0.5057
vn -0.9913 -0.0155 0.1304
vn -0.8464 -0.0885 -0.5252
vn -0.9870 0.0545 0.1513
vn -0.9377 0.3469 0.0174
vn -0.5374 0.2281 -0.8119
vn -0.9986 0.0498 0.0176
vn -0.8888 0.3916 -0.2380
vn -0.8256 0.4868 -0.2854
vn -0.8414 0.5287 -0.1123
vn -0.9765 0.0734 -0.2028
vn -0.9889 0.0085 -0.1485
vn -0.9660 0.1936 0.1716
vn -0.7601 0.0207 -0.6494
vn -0.4914 0.5209 -0.6980
vn -0.9420 0.3264 0.0779
vn -0.9403 0.0404 -0.3380
vn -0.9404 0.0254 -0.3392
vn -0.9678 0.2472 0.0470
vn -0.9470 0.2947 0.1281
vn -0.9104 0.4054 -0.0825
vn -0.9559 0.2805 -0.0875
vn -0.9166 0.3664 -0.1601
vn -0.5224 0.8384 -0.1557
vn -0.9981 0.0504 -0.0349
vn -0.8537 0.5113 -0.0983
vn -0.9951 0.0974 -0.0176
vn -0.9823 0.1699 -0.0791
vn -0.8277 0.5600 -0.0348
vn -0.4427 0.8797 -0.1733
vn -0.5187 0.8393 -0.1627
vn -0.9825 0.0211 -0.1850
vn -0.9774 0.1594 -0.1387
vn -0.9413 0.2389 0.2384
vn -0.9354 0.2471 0.2529
vn -0.7974 0.6006 0.0583
vn -0.6269 0.7757 -0.0730
vn -0.8093 0.5864 -0.0339
vn -0.5798 0.8127 0.0590
vn -0.5452 0.8380 -0.0224
vn -0.4259 0.9043 -0.0290
vn -0.4229 0.9047 -0.0506
vn -0.3429 0.9381 -0.0491
vn -0.3894 0.9211 -0.0006
vn -0.6931 0.7187 0.0550
vn -0.3633 0.9288 -0.0729
vn -0.4246 0.8996 -0.1016
vn -0.4223 0.9062 -0.0238
vn -0.4349 0.8963 -0.0861
vn -0.2552 0.9560 -0.1445
vn -0.3454 0.9355 -0.0742
vn -0.4711 0.8749 -0.1125
vn -0.9288 0.3696 -0.0277
vn -0.8010 0.5934 -0.0791
vn -1.0000 -0.0022 -0.0072
vn -0.9994 -0.0038 0.0333
vn -0.5015 0.8372 -0.2181
vn -0.9965 0.0777 0.0303
vn -0.9137 0.4005 -0.0694
vn -0.9117 0.4018 -0.0853
vn -0.9519 0.3022 -0.0507
vn -0.9948 0.0989 0.0261
vn -0.9109 0.4016 -0.0952
vn -0.9644 0.2642 -0.0110
vn -0.8700 0.0426 -0.4912
vn -0.9788 0.0578 0.1967
vn -0.9989 0.0278 0.0391
vn -0.9962 -0.0864 0.0047
vn -0.8997 0.3698 0.2319
vn -0.9220 0.3756 -0.0942
vn -0.9729 0.1845 0.1391
vn 0.7144 0.4055 -0.5702
vn -0.4039 -0.4922 -0.7711
vn 0.2725 0.4315 -0.8600
vn 0.8805 0.3534 -0.3161
vn -0.9977 -0.0658 0.0157
vn 0.8290 0.5471 -0.1158
vn 0.8016 0.5978 -0.0051
vn -0.7922 0.5099 -0.3352
vn -0.2424 0.1039 0.9646
vn -0.6048 0.7062 0.3680
vn -0.9152 0.2426 0.3219
vn -0.0000 -0.8392 0.5439
vn -0.0000 -0.8106 0.5856
vn 0.3324 -0.8379 0.4329
vn 0.7882 -0.5009 0.3575
vn 0.7620 -0.6346 0.1293
vn -0.0000 -0.7467 0.6651
vn 0.8500 -0.4377 0.2933
vn -0.0000 -0.7890 0.6144
vn 0.8595 -0.4182 0.2938
vn -0.0000 -0.8462 0.5328
vn 0.8004 -0.5299 0.2803
vn -0.0000 -0.9164 0.4003
vn 0.7816 -0.5792 0.2315
vn -0.0000 -0.9731 0.2302
vn 0.8239 -0.5548 0.1160
vn 0.7816 0.3431 -0.5209
vn -0.2725 0.4314 -0.8600
vn 0.8215 0.3360 -0.4607
vn 0.7689 0.3558 -0.5313
vn 0.8386 0.3495 -0.4179
vn 0.9737 0.0029 -0.2277
vn 0.4731 0.6309 -0.6150
vn 0.4685 0.4679 -0.7494
vn 0.9767 0.0675 -0.2035
vn 0.9808 -0.0789 -0.1784
vn 0.9080 0.1473 -0.3922
vn 0.6449 0.3537 -0.6775
vn 0.9996 0.0196 -0.0205
vn 0.9917 0.0353 -0.1238
vn 0.9975 -0.0231 -0.0664
vn 0.9995 0.0149 -0.0274
vn 0.9983 0.0418 -0.0414
vn 0.6055 0.5972 -0.5260
vn 0.8070 0.2427 -0.5383
vn 0.7312 0.4847 -0.4800
vn -0.1432 0.5297 -0.8360
vn 0.8070 0.2428 -0.5383
vn 0.7751 0.3321 -0.5375
vn 0.9856 -0.1423 -0.0913
vn -0.2352 0.6901 -0.6845
vn 0.7272 0.4817 -0.4890
vn 0.5165 0.7596 -0.3953
vn 0.9658 0.1943 -0.1719
vn 0.9745 -0.1138 -0.1931
vn -0.2829 0.7876 -0.5474
vn 0.6306 0.6427 -0.4350
vn 0.6074 0.2046 -0.7676
vn 0.9388 0.1099 -0.3265
vn 0.6743 0.5834 -0.4528
vn 0.9388 0.1099 -0.3266
vn 0.9590 0.2667 -0.0957
vn 0.7525 0.6585 -0.0088
vn 0.5081 0.7458 -0.4308
vn 0.9904 0.0540 -0.1270
vn -0.0937 0.9794 -0.1788
vn 0.5721 0.6838 -0.4528
vn 0.7568 0.6532 0.0243
vn 0.4833 0.8383 -0.2526
vn 0.6961 0.6117 -0.3758
vn 0.4762 0.7663 -0.4314
vn -0.0000 0.9249 -0.3801
vn -0.0000 0.7220 -0.6919
vn -0.0000 0.9793 0.2025
vn 0.5749 0.8026 -0.1595
vn 0.5720 0.6839 -0.4529
vn -0.3760 0.8767 -0.2999
vn 0.2353 0.8997 -0.3676
vn 0.4432 0.8142 -0.3750
vn -0.0000 0.8093 -0.5874
vn 0.7756 0.5234 -0.3530
vn -0.0000 0.4901 -0.8717
vn -0.0000 0.6695 -0.7428
vn -0.0000 0.5011 -0.8654
vn -0.0000 0.7626 -0.6469
vn -0.0000 0.4761 -0.8794
vn -0.0000 0.5539 -0.8326
vn 0.9902 0.0946 -0.1026
vn -0.0000 -0.6465 -0.7629
vn -0.0000 0.1715 -0.9852
vn -0.0000 -0.1333 -0.9911
vn -0.0000 0.5933 -0.8050
vn -0.0000 0.1609 -0.9870
vn 0.9796 0.1619 -0.1193
vn -0.0000 0.5644 -0.8255
vn -0.0000 0.5513 -0.8343
vn 0.4311 0.4706 -0.7699
vn 0.0502 0.6710 -0.7398
vn 0.7722 0.3946 -0.4979
vn 0.4685 0.4678 -0.7494
vn 0.5768 0.5085 -0.6394
vn -0.0000 0.4717 -0.8817
vn -0.0000 0.6183 -0.7860
vn -0.0000 0.4827 -0.8758
vn -0.0000 0.6336 -0.7737
vn -0.1539 0.4984 -0.8532
vn 0.3756 0.5803 -0.7226
vn -0.0001 0.9240 -0.3824
vn 0.4039 -0.4922 -0.7711
vn 0.9996 0.0196 -0.0204
vn 0.5323 0.3929 -0.7498
vn 0.6055 0.5973 -0.5259
vn 0.5473 0.5108 -0.6630
vn 0.4731 0.6308 -0.6151
vn 0.6449 0.3536 -0.6775
vn 0.4730 0.6309 -0.6150
vn 0.0503 0.6710 -0.7397
vn -0.1432 0.5298 -0.8360
vn 0.6056 0.5973 -0.5259
vn -0.2351 0.6901 -0.6845
vn 0.5353 0.4579 -0.7098
vn 0.5166 0.7596 -0.3952
vn 0.5352 0.4579 -0.7098
vn 0.2353 0.7132 -0.6603
vn 0.9746 -0.1139 -0.1931
vn 0.6074 0.2047 -0.7676
vn 0.9590 0.2666 -0.0957
vn 0.7525 0.6586 -0.0088
vn 0.3789 0.8237 -0.4218
vn 0.3757 0.5803 -0.7225
vn -0.2726 0.4315 -0.8599
vn 0.4685 0.4678 -0.7495
vn 0.6150 0.7473 -0.2517
vn 0.4832 0.8383 -0.2526
vn 0.5748 0.8026 -0.1594
vn 0.4431 0.8142 -0.3750
vn 0.4761 0.7663 -0.4314
vn -0.3759 0.8768 -0.3000
vn -0.0937 0.9794 -0.1789
vn 0.9657 0.1943 -0.1720
vn 0.2352 0.7132 -0.6603
vn -0.2829 0.7876 -0.5473
vn 0.8239 -0.5548 0.1159
vn 0.8260 -0.5631 0.0266
vn 0.9872 0.1123 -0.1133
vn 0.8412 -0.5407 0.0055
vn 0.9918 0.0580 -0.1136
vn 0.7568 0.6532 0.0244
vn 0.6550 0.6263 -0.4227
vn 0.9742 0.2008 -0.1030
vn 0.8816 -0.4713 -0.0245
vn 0.9926 0.0880 -0.0832
vn 0.7202 0.6727 -0.1696
vn 0.6921 0.6253 -0.3606
vn 0.7678 0.5942 -0.2398
vn -0.0792 0.9309 -0.3566
vn -0.0000 0.9699 -0.2434
vn -0.1293 0.9475 -0.2924
vn -0.0000 0.9657 -0.2596
vn 0.6961 0.6118 -0.3758
vn -0.0000 0.9370 -0.3493
vn 0.7899 0.5915 -0.1618
vn -0.0000 0.9665 -0.2565
vn -0.0000 0.5359 -0.8443
vn -0.0000 0.9950 -0.0997
vn 0.6698 0.7318 -0.1258
vn 0.8938 0.4386 -0.0934
vn 0.9336 0.3455 -0.0953
vn 0.8918 -0.4487 -0.0579
vn 0.5292 0.8405 -0.1162
vn 0.3980 0.9149 -0.0676
vn 0.8996 -0.4329 -0.0577
vn 0.9138 0.3960 -0.0897
vn 0.9039 0.4178 -0.0922
vn 0.9105 -0.4102 -0.0518
vn 0.9258 -0.3729 -0.0626
vn 0.4441 0.8780 -0.1785
vn 0.5167 0.8414 -0.1582
vn -0.0000 0.9020 0.4316
vn -0.0000 0.9999 -0.0145
vn -0.0000 0.9963 0.0861
vn -0.0000 0.9966 -0.0827
vn 0.7168 0.6973 0.0016
vn -0.0000 0.9985 -0.0548
vn -0.0000 0.9997 0.0237
vn 0.6386 0.7536 -0.1558
vn -0.0000 0.9941 0.1088
vn -0.0000 0.9854 -0.1702
vn 0.7090 0.6909 -0.1414
vn -0.0000 0.9993 0.0368
vn -0.0000 0.9973 -0.0730
vn 0.5373 0.8374 -0.1007
vn 0.8222 0.5611 -0.0959
vn -0.0000 0.9874 -0.1584
vn -0.0000 0.9970 -0.0771
vn 0.8071 0.5902 0.0174
vn -0.0000 0.9747 0.2235
vn -0.0000 0.9989 -0.0478
vn 0.8451 0.5333 -0.0373
vn -0.0000 0.9257 -0.3781
vn -0.0000 0.8268 -0.5625
vn 0.8600 0.5064 -0.0627
vn -0.0000 0.9173 -0.3981
vn 0.7960 0.5818 -0.1669
vn -0.0000 0.8137 -0.5813
vn -0.0000 0.8252 -0.5648
vn 0.8318 0.5536 -0.0413
vn -0.0000 0.9964 -0.0849
vn 0.8959 0.4420 -0.0445
vn 0.7271 0.6865 -0.0070
vn 0.8180 0.5726 -0.0551
vn -0.0000 0.9095 -0.4157
vn -0.0000 0.9847 -0.1740
vn 0.8649 0.4971 -0.0694
vn 0.9300 -0.3647 -0.0461
vn -0.0000 0.9956 -0.0937
vn 0.9921 0.0889 -0.0886
vn -0.0000 0.8992 -0.4375
vn 0.9265 0.1246 -0.3550
vn -0.0000 -0.0526 -0.9986
vn -0.0000 -0.9732 0.2302
vn -0.0000 -0.9947 0.1033
vn -0.0000 -0.9983 0.0578
vn -0.0000 -0.9999 0.0104
vn -0.0000 -0.9988 -0.0498
vn -0.0000 -0.9990 -0.0436
vn -0.0000 -0.9985 -0.0546
vn -0.0000 -0.9945 -0.1047
vn -0.0000 -0.9956 -0.0941
vn -0.0000 -0.9844 -0.1762
vn -0.0000 -0.8832 -0.4690
vn 0.4644 0.8822 -0.0772
vn -0.1292 0.9475 -0.2924
vn 0.6550 0.6264 -0.4227
vn 0.4644 0.8823 -0.0772
vn 0.6550 0.6263 -0.4228
vn 0.9926 0.0879 -0.0832
vn 0.4987 0.8155 -0.2936
vn 0.6920 0.6254 -0.3605
vn 0.7202 0.6728 -0.1695
vn -0.3324 -0.8379 0.4329
vn -0.7883 -0.5009 0.3573
vn -0.7620 -0.6346 0.1293
vn -0.8499 -0.4377 0.2933
vn -0.8595 -0.4181 0.2939
vn -0.8004 -0.5298 0.2803
vn -0.7816 -0.5792 0.2316
vn -0.8239 -0.5548 0.1160
vn 0.2725 0.4314 -0.8600
vn -0.7816 0.3431 -0.5209
vn -0.8215 0.3360 -0.4607
vn -0.7689 0.3558 -0.5313
vn -0.8386 0.3495 -0.4179
vn -0.9737 0.0029 -0.2277
vn -0.4731 0.6309 -0.6150
vn -0.4685 0.4679 -0.7494
vn -0.9767 0.0675 -0.2035
vn -0.9808 -0.0788 -0.1784
vn -0.9080 0.1473 -0.3922
vn -0.6449 0.3536 -0.6775
vn -0.9996 0.0196 -0.0205
vn -0.9917 0.0353 -0.1238
vn -0.9975 -0.0231 -0.0664
vn -0.9995 0.0149 -0.0274
vn -0.9983 0.0418 -0.0414
vn -0.6055 0.5972 -0.5260
vn -0.8070 0.2428 -0.5383
vn -0.7312 0.4847 -0.4800
vn 0.1432 0.5297 -0.8360
vn -0.8070 0.2427 -0.5384
vn -0.7751 0.3321 -0.5375
vn -0.9856 -0.1423 -0.0913
vn 0.2352 0.6901 -0.6845
vn -0.7272 0.4817 -0.4890
vn -0.5165 0.7596 -0.3953
vn -0.9658 0.1943 -0.1719
vn -0.5165 0.7596 -0.3952
vn -0.9745 -0.1138 -0.1931
vn 0.2830 0.7876 -0.5474
vn -0.6306 0.6427 -0.4350
vn -0.6075 0.2046 -0.7675
vn -0.9388 0.1098 -0.3265
vn -0.6074 0.2046 -0.7676
vn -0.6743 0.5834 -0.4528
vn -0.9388 0.1099 -0.3265
vn -0.9590 0.2667 -0.0957
vn -0.7525 0.6585 -0.0088
vn -0.5081 0.7458 -0.4308
vn -0.9904 0.0540 -0.1270
vn 0.0937 0.9794 -0.1788
vn -0.6403 0.5542 -0.5318
vn -0.5721 0.6838 -0.4528
vn -0.7568 0.6532 0.0243
vn -0.4833 0.8383 -0.2525
vn -0.6961 0.6117 -0.3759
vn -0.4762 0.7663 -0.4314
vn -0.5749 0.8025 -0.1595
vn -0.5720 0.6839 -0.4529
vn 0.3760 0.8767 -0.2999
vn -0.2353 0.8997 -0.3676
vn -0.4432 0.8142 -0.3750
vn -0.7756 0.5234 -0.3530
vn -0.9902 0.0946 -0.1026
vn -0.9796 0.1619 -0.1193
vn -0.4311 0.4706 -0.7699
vn -0.0502 0.6710 -0.7398
vn -0.7722 0.3946 -0.4979
vn -0.4685 0.4678 -0.7494
vn -0.5768 0.5085 -0.6394
vn 0.1539 0.4984 -0.8532
vn -0.3756 0.5803 -0.7226
vn -0.4038 -0.4922 -0.7711
vn -0.5323 0.3930 -0.7498
vn -0.9996 0.0196 -0.0204
vn -0.6056 0.5972 -0.5259
vn -0.5473 0.5108 -0.6630
vn -0.4730 0.6309 -0.6150
vn -0.6450 0.3535 -0.6775
vn -0.0503 0.6710 -0.7397
vn -0.6449 0.3535 -0.6775
vn -0.8070 0.2427 -0.5383
vn -0.5323 0.3929 -0.7499
vn -0.6056 0.5972 -0.5260
vn 0.2351 0.6901 -0.6845
vn -0.5353 0.4580 -0.7098
vn -0.5166 0.7596 -0.3953
vn -0.5352 0.4579 -0.7099
vn -0.2353 0.7132 -0.6603
vn -0.9746 -0.1139 -0.1931
vn -0.4384 0.6381 -0.6329
vn -0.9590 0.2666 -0.0957
vn -0.7525 0.6586 -0.0088
vn -0.3789 0.8237 -0.4219
vn -0.5721 0.6838 -0.4529
vn -0.3757 0.5803 -0.7226
vn 0.2726 0.4314 -0.8600
vn -0.4832 0.8383 -0.2525
vn -0.6404 0.5541 -0.5318
vn -0.4431 0.8142 -0.3750
vn -0.4761 0.7663 -0.4314
vn 0.0937 0.9794 -0.1789
vn -0.9658 0.1943 -0.1720
vn -0.5166 0.7595 -0.3953
vn -0.2352 0.7132 -0.6603
vn 0.2829 0.7876 -0.5474
vn -0.8239 -0.5548 0.1159
vn -0.8259 -0.5631 0.0267
vn -0.9872 0.1123 -0.1133
vn -0.8413 -0.5406 0.0055
vn -0.9918 0.0581 -0.1136
vn -0.7568 0.6532 0.0244
vn -0.6550 0.6263 -0.4228
vn -0.9742 0.2008 -0.1030
vn -0.8816 -0.4713 -0.0245
vn -0.9926 0.0880 -0.0832
vn -0.7202 0.6727 -0.1696
vn -0.6921 0.6253 -0.3606
vn -0.7678 0.5942 -0.2398
vn 0.0792 0.9309 -0.3566
vn 0.1293 0.9475 -0.2924
vn -0.6960 0.6118 -0.3759
vn -0.7899 0.5915 -0.1618
vn -0.6698 0.7318 -0.1258
vn -0.8938 0.4386 -0.0934
vn -0.9336 0.3455 -0.0953
vn -0.8918 -0.4487 -0.0579
vn -0.5292 0.8405 -0.1162
vn -0.3980 0.9149 -0.0676
vn -0.8996 -0.4328 -0.0577
vn -0.9138 0.3960 -0.0897
vn -0.9039 0.4178 -0.0922
vn -0.9105 -0.4102 -0.0517
vn -0.9258 -0.3729 -0.0626
vn -0.4441 0.8780 -0.1785
vn -0.5167 0.8414 -0.1582
vn -0.7168 0.6973 0.0016
vn -0.6386 0.7536 -0.1558
vn -0.7090 0.6909 -0.1414
vn -0.5373 0.8374 -0.1007
vn -0.8222 0.5611 -0.0959
vn -0.8071 0.5902 0.0174
vn -0.8451 0.5333 -0.0373
vn -0.8600 0.5064 -0.0627
vn -0.7960 0.5818 -0.1669
vn -0.8318 0.5536 -0.0413
vn -0.8959 0.4419 -0.0445
vn -0.7271 0.6865 -0.0070
vn -0.8180 0.5726 -0.0551
vn -0.8650 0.4970 -0.0694
vn -0.9300 -0.3647 -0.0461
vn -0.9921 0.0889 -0.0886
vn -0.9265 0.1246 -0.3550
vn 0.1292 0.9475 -0.2924
vn -0.4644 0.8822 -0.0772
vn -0.4644 0.8823 -0.0772
vn -0.9918 0.0580 -0.1136
vn -0.4987 0.8155 -0.2937
vn -0.9926 0.0879 -0.0832
vn -0.7202 0.6728 -0.1695
vn -0.6921 0.6253 -0.3605
vn -0.4987 0.8155 -0.2936
vn 0.0791 0.9309 -0.3566
vn -0.7201 0.6728 -0.1697
vn 0.6721 -0.7174 0.1832
vn 0.8556 -0.5175 0.0076
vn -0.6024 0.7343 0.3129
vn -0.6136 0.7784 0.1322
vn -0.6875 0.6682 0.2844
vn 0.3139 0.9262 0.2089
vn -0.4113 0.5106 -0.7551
vn 0.8161 0.4157 -0.4016
vn 0.6403 -0.5952 -0.4855
vn 0.7334 -0.6240 -0.2698
vn 0.5137 -0.8371 0.1880
vn 0.7061 -0.6776 -0.2057
vn -0.5768 0.8135 0.0741
vn -0.3629 0.6761 -0.6413
vn -0.4074 0.9074 -0.1031
vn -0.3884 0.8990 -0.2022
vn -0.4830 0.8720 0.0797
vn 0.6954 -0.6932 0.1893
vn 0.3876 -0.8957 -0.2180
vn 0.6073 -0.7917 -0.0665
vn 0.7557 -0.6411 -0.1337
vn 0.7429 -0.6603 -0.1104
vn 0.7334 -0.6239 -0.2697
vn 0.5138 -0.8371 0.1880
vn 0.6852 -0.7203 -0.1081
vn -0.4075 0.9074 -0.1030
vn 0.3876 -0.8957 -0.2181
vn 0.6314 -0.7748 -0.0329
vn 0.6953 -0.6933 0.1893
vn 0.6073 -0.7917 -0.0666
vn 0.3140 0.9262 0.2089
vn -0.0208 0.4426 0.8965
vn 0.2033 0.7260 0.6570
vn 0.1887 0.7226 0.6650
vn 0.9930 -0.0185 0.1170
vn 0.1485 0.7256 0.6719
vn 0.4412 0.8911 0.1067
vn 0.4373 0.8897 0.1314
vn 0.9881 -0.0775 -0.1328
vn 0.5415 0.6655 -0.5136
vn 0.4010 -0.0812 -0.9125
vn 0.6741 -0.1227 -0.7283
vn 0.1803 0.2249 -0.9576
vn 0.5025 0.5789 -0.6422
vn 0.2261 -0.0378 -0.9734
vn 0.9971 -0.0520 0.0560
vn 0.2441 0.1007 -0.9645
vn 0.3853 -0.3821 -0.8400
vn 0.4114 0.1371 -0.9011
vn 0.2377 0.6330 -0.7367
vn 0.5333 -0.3614 -0.7648
vn 0.1941 0.7780 0.5976
vn 0.1897 0.6530 -0.7333
vn -0.9376 0.0256 0.3469
vn -0.6773 0.5977 0.4289
vn -0.4409 0.3624 0.8211
vn -0.2360 0.9686 0.0787
vn -0.4728 0.6616 0.5820
vn 0.7637 0.6190 0.1831
vn 0.8128 0.5813 0.0379
vn -0.5167 0.5290 0.6732
vn 0.8774 0.4369 -0.1984
vn 0.7533 0.6500 0.0998
vn -0.5931 0.5741 0.5644
vn 0.7547 0.6561 0.0028
vn -0.3316 0.4825 -0.8107
vn 0.2039 -0.5349 -0.8200
vn 0.3708 0.9025 -0.2192
vn 0.8533 0.3695 -0.3679
vn -0.3028 0.5560 -0.7741
vn -0.1136 -0.4406 -0.8905
vn 0.1365 -0.2573 -0.9566
vn -0.2372 0.8908 -0.3875
vn 0.3975 0.9122 -0.0991
vn 0.7942 0.5647 -0.2242
vn 0.1941 0.7780 0.5975
vn 0.1898 0.6531 -0.7331
vn -0.9494 0.1046 -0.2962
vn 0.1485 0.7255 0.6720
vn -0.9682 0.1934 -0.1585
vn -0.9373 0.3423 0.0652
vn 0.1886 0.7226 0.6650
vn -0.9174 0.3375 0.2108
vn 0.2032 0.7260 0.6570
vn -0.0209 0.4426 0.8965
vn -0.9573 0.1705 0.2333
vn -0.9376 0.0257 0.3468
vn -0.6773 0.5978 0.4289
vn -0.2360 0.9686 0.0786
vn -0.9256 0.1470 -0.3487
vn -0.8029 -0.0046 -0.5961
vn 0.1803 0.2250 -0.9575
vn 0.5024 0.5789 -0.6422
vn 0.2440 0.1006 -0.9645
vn -0.9223 0.1903 -0.3364
vn 0.2378 0.6330 -0.7367
vn 0.4114 0.1370 -0.9011
vn 0.5333 -0.3615 -0.7648
vn 0.1897 0.6531 -0.7331
vn -0.4409 0.3624 0.8212
vn -0.9531 -0.2540 0.1644
vn -0.9376 0.0256 0.3468
vn -0.4729 0.6615 0.5820
vn -0.9242 -0.3783 -0.0529
vn -0.9288 -0.3680 -0.0435
vn 0.1365 -0.2572 -0.9567
vn -0.1137 -0.4405 -0.8905
vn -0.5932 0.5741 0.5643
vn -0.8609 -0.5040 -0.0695
vn 0.2038 -0.5349 -0.8200
vn -0.1619 0.2034 -0.9656
vn -0.0265 0.0197 -0.9995
vn 0.7620 0.6329 -0.1369
vn 0.7937 0.6070 0.0399
vn 0.7842 0.6193 0.0374
vn -0.2372 0.8909 -0.3874
vn -0.3669 0.6950 0.6184
vn 0.8387 0.5416 0.0575
vn 0.1087 -0.1663 -0.9801
vn -0.1912 0.7298 -0.6564
vn 0.8176 0.2154 0.5340
vn 0.3976 0.9122 -0.0991
vn -0.2460 0.9622 0.1169
vn 0.6997 0.4523 -0.5531
vn 0.6457 -0.1018 -0.7567
vn 0.5446 0.4065 -0.7336
vn -0.2733 0.9213 -0.2765
vn 0.4458 0.3575 -0.8206
vn -0.3511 0.8958 -0.2725
vn 0.4861 0.3674 -0.7929
vn 0.2182 -0.9558 -0.1970
vn 0.7942 0.5648 -0.2241
vn 0.7375 -0.6749 -0.0222
vn 0.8177 0.2153 0.5339
vn 0.6457 -0.1018 -0.7568
vn 0.6996 0.4523 -0.5531
vn 0.4459 0.3574 -0.8206
vn 0.2181 -0.9558 -0.1970
vn 0.5029 0.7944 -0.3404
vn 0.4715 0.7559 -0.4543
vn -0.6241 -0.7809 0.0250
vn -0.6468 -0.7616 0.0405
vn -0.4154 -0.8521 0.3185
vn 0.5572 0.2771 0.7828
vn 0.3993 0.8629 0.3096
vn -0.7374 -0.6528 0.1736
vn -0.7064 -0.7076 -0.0163
vn 0.6206 0.7808 0.0721
vn 0.5572 0.2772 0.7828
vn 0.4566 0.8240 0.3354
vn -0.4153 -0.8521 0.3186
vn 0.4615 0.8871 -0.0038
vn 0.4535 0.8900 0.0467
vn 0.3994 0.8629 0.3096
vn 0.4426 0.8641 -0.2396
vn 0.5788 0.8066 0.1198
vn 0.5030 0.7944 -0.3404
vn 0.4715 0.7559 -0.4542
vn 0.0726 0.1116 0.9911
vn 0.4791 0.5091 0.7150
vn 0.4373 0.8897 0.1315
vn -0.5839 0.8114 0.0273
vn 0.4783 0.6926 0.5400
vn 0.5843 0.6969 0.4157
vn 0.4411 0.8911 0.1068
vn 0.6596 0.6159 0.4307
vn -0.7102 0.6702 -0.2155
vn 0.5416 0.6655 -0.5136
vn 0.6742 -0.1226 -0.7283
vn -0.3106 -0.5836 -0.7503
vn -0.7025 0.6954 -0.1514
vn 0.4841 0.5766 0.6582
vn -0.7591 0.6064 -0.2368
vn -0.7031 0.6993 -0.1293
vn 0.5658 0.5127 0.6457
vn -0.2453 -0.6790 -0.6919
vn 0.6516 0.5825 0.4859
vn -0.5463 0.7815 -0.3013
vn 0.0548 -0.6165 -0.7854
vn 0.6247 0.3785 -0.6831
vn 0.9509 0.2776 -0.1368
vn -0.1083 -0.5604 -0.8211
vn -0.2421 -0.6653 -0.7063
vn -0.7210 0.6807 -0.1298
vn 0.3917 0.3902 -0.8333
vn 0.8209 -0.4960 0.2831
vn 0.4792 0.5091 0.7149
vn 0.8669 -0.4771 0.1441
vn 0.7977 -0.6031 -0.0016
vn 0.7560 -0.6537 0.0347
vn 0.6759 -0.7068 -0.2089
vn 0.5843 0.6970 0.4157
vn 0.6742 -0.1225 -0.7283
vn 0.6597 0.6159 0.4307
vn 0.7504 -0.6507 0.1163
vn 0.4842 0.5766 0.6581
vn 0.5659 0.5127 0.6457
vn 0.8032 -0.5898 0.0842
vn 0.0547 -0.6165 -0.7855
vn 0.6247 0.3784 -0.6831
vn 0.7911 -0.6056 0.0863
vn 0.6517 0.5824 0.4859
vn -0.1082 -0.5605 -0.8211
vn 0.8098 -0.5866 0.0100
vn 0.3915 0.3901 -0.8334
vn -0.2421 -0.6653 -0.7062
vn -0.1618 0.2033 -0.9656
vn -0.8834 -0.4684 -0.0100
vn -0.9419 -0.3063 0.1379
vn -0.2373 0.8908 -0.3875
vn -0.3670 0.6950 0.6183
vn -0.9727 -0.2231 -0.0642
vn 0.1086 -0.1663 -0.9801
vn -0.1912 0.7299 -0.6563
vn 0.5846 0.5425 0.6033
vn 0.3618 -0.1605 0.9183
vn 0.9313 0.3584 0.0648
vn 0.9189 0.3916 0.0476
vn 0.9345 0.2007 -0.2941
vn 0.9393 0.2149 -0.2675
vn 0.9294 -0.0136 -0.3688
vn 0.7889 -0.1465 -0.5969
vn 0.5872 -0.6259 -0.5133
vn 0.7619 -0.6346 0.1292
vn -0.0000 -0.8916 0.4528
vn -0.0000 -0.8392 0.5438
vn 0.3324 -0.8379 0.4328
vn -0.0994 -0.9923 -0.0745
vn -0.4660 -0.7670 0.4411
vn -0.0000 -0.8396 0.5431
vn -0.0000 -0.6467 0.7628
vn -0.5438 -0.2594 0.7981
vn -0.9009 -0.2109 0.3794
vn -0.9086 -0.4158 0.0388
vn -0.9111 -0.3028 0.2799
vn -0.9397 -0.2385 0.2450
vn -0.6983 -0.4514 -0.5555
vn -0.8363 0.0509 -0.5460
vn -0.9659 -0.1248 0.2270
vn 0.2406 -0.5675 -0.7874
vn 0.7994 -0.2028 -0.5656
vn 0.3387 -0.2625 -0.9035
vn 0.1224 0.2917 -0.9487
vn -0.8113 0.1521 -0.5645
vn -0.9747 -0.1617 0.1541
vn 0.0878 0.3077 -0.9474
vn 0.8890 0.1777 -0.4220
vn -0.7981 0.0023 -0.6025
vn -0.9840 -0.1069 0.1424
vn -0.7716 0.1399 -0.6205
vn -0.9875 0.1514 0.0441
vn -0.9817 0.0970 -0.1642
vn 0.1461 0.1585 -0.9765
vn 0.9280 0.0426 -0.3702
vn -0.8481 0.0693 -0.5252
vn -0.9567 0.1479 -0.2507
vn -0.5960 -0.1944 -0.7791
vn 0.0183 0.1660 -0.9860
vn 0.0294 -0.2538 -0.9668
vn 0.2759 0.2993 -0.9134
vn 0.6874 0.0840 -0.7214
vn 0.5674 -0.0818 -0.8194
vn 0.9324 0.0865 -0.3509
vn 0.9215 0.1510 -0.3579
vn 0.8133 0.3801 0.4406
vn 0.9216 0.0606 -0.3833
vn 0.8597 -0.0676 0.5064
vn 0.3041 0.4031 0.8631
vn 0.9029 0.1241 -0.4115
vn 0.8543 -0.2274 0.4674
vn 0.1113 -0.1793 0.9775
vn -0.1844 0.3943 0.9003
vn -0.6564 -0.1938 0.7291
vn -0.7082 0.2796 0.6483
vn -0.9840 -0.1069 0.1425
vn -0.9747 -0.1617 0.1542
vn 0.1743 -0.4192 0.8910
vn -0.5665 -0.3543 0.7440
vn -0.5367 -0.3928 0.7468
vn -0.9397 -0.2385 0.2451
vn 0.1995 -0.4996 0.8429
vn -0.5684 -0.3447 0.7471
vn -0.9110 -0.3028 0.2799
vn 0.8730 -0.2795 0.3997
vn 0.2089 -0.3468 0.9144
vn 0.8957 -0.1284 0.4258
vn -0.6137 -0.1486 0.7754
vn -0.9009 -0.2109 0.3795
vn 0.1683 0.0250 0.9854
vn -0.6409 0.0807 0.7633
vn -0.5438 -0.2593 0.7981
vn 0.8801 0.1582 0.4477
vn 0.1692 0.3490 0.9217
vn 0.1370 0.3991 0.9066
vn 0.8706 0.3244 0.3698
vn 0.9784 0.0940 -0.1839
vn 0.8782 0.4144 0.2390
vn 0.9506 0.1859 -0.2486
vn -0.6300 0.1421 0.7635
vn -0.3934 -0.0852 0.9154
vn 0.1484 -0.4253 0.8928
vn 0.1491 -0.2867 0.9464
vn -0.0000 -0.6466 0.7628
vn -0.0000 -0.3615 0.9324
vn -0.5959 -0.1944 -0.7792
vn -0.1560 -0.2852 -0.9457
vn -0.4988 -0.2717 -0.8230
vn -0.5820 -0.8114 0.0534
vn -0.9567 0.1480 -0.2507
vn -0.9188 0.3182 -0.2334
vn -0.9317 0.3623 -0.0244
vn -0.6380 0.6001 0.4826
vn -0.3731 0.7417 0.5574
vn -0.1357 -0.9877 -0.0782
vn -0.2999 0.6238 0.7217
vn 0.9517 0.1314 0.2775
vn 0.2117 0.0794 0.9741
vn -0.6009 0.1392 0.7871
vn 0.3005 -0.8667 0.3980
vn -0.9538 -0.0855 0.2881
vn -0.7772 0.3221 0.5406
vn -0.1845 0.3943 0.9003
vn -0.8790 0.2848 0.3825
vn -0.0530 0.7279 0.6837
vn 0.3848 0.4100 0.8269
vn 0.3042 0.4032 0.8631
vn 0.8132 0.3801 0.4406
vn 0.1103 0.7507 0.6513
vn -0.1568 -0.9871 -0.0325
vn 0.1196 0.5678 0.8145
vn 0.0917 -0.9794 -0.1798
vn 0.9005 0.2167 0.3770
vn 0.2942 0.0236 0.9554
vn 0.5529 0.6328 0.5421
vn 0.4306 0.6755 0.5986
vn -0.3019 -0.9513 0.0626
vn 0.5265 0.4076 0.7461
vn 0.0183 -0.9995 -0.0244
vn 0.9332 0.0204 0.3588
vn 0.8948 0.3849 0.2264
vn 0.3562 -0.2969 0.8860
vn 0.9016 0.4036 -0.1555
vn 0.9214 0.1510 -0.3580
vn 0.7685 0.4440 0.4607
vn -0.4264 -0.6550 0.6238
vn -0.1962 -0.9405 0.2775
vn 0.5399 -0.8380 -0.0799
vn 0.6285 -0.7660 0.1349
vn 0.7271 0.1522 -0.6694
vn 0.8228 0.1205 -0.5554
vn 0.2611 -0.2644 -0.9284
vn 0.0396 -0.9046 -0.4244
vn 0.0295 -0.2538 -0.9668
vn 0.5266 0.4075 0.7461
vn -0.3019 -0.9513 0.0625
vn 0.0183 -0.9995 -0.0245
vn -0.0740 -0.9930 0.0923
vn 0.9332 0.0205 0.3588
vn 0.2943 0.0236 0.9554
vn -0.0433 -0.9943 0.0971
vn -0.0030 -0.9915 0.1298
vn -0.0011 -0.9997 0.0264
vn 0.3561 -0.2970 0.8860
vn 0.9005 0.2167 0.3769
vn -0.0271 -0.9953 0.0933
vn -0.0038 -1.0000 0.0002
vn -0.1569 -0.9871 -0.0324
vn 0.1196 0.5678 0.8144
vn -0.8790 0.2848 0.3824
vn -0.9538 -0.0856 0.2880
vn 0.3005 -0.8668 0.3980
vn -0.0304 -0.9924 0.1193
vn 0.2116 0.0794 0.9741
vn -0.2998 0.6238 0.7218
vn -0.2985 -0.9539 -0.0298
vn -0.0251 -0.9975 0.0659
vn -0.2016 -0.9665 -0.1590
vn 0.1631 -0.9368 -0.3095
vn 0.7272 0.1521 -0.6694
vn 0.0308 -0.9993 0.0229
vn 0.1720 -0.9672 -0.1871
vn 0.0876 -0.9961 -0.0054
vn 0.5398 -0.8380 -0.0799
vn 0.0169 -0.9892 0.1458
vn -0.8603 0.4449 0.2487
vn -0.5850 0.5420 0.6033
vn -0.9313 0.3584 0.0648
vn -0.9189 0.3916 0.0475
vn -0.9345 0.2007 -0.2941
vn -0.9393 0.2149 -0.2675
vn -0.9294 -0.0136 -0.3688
vn -0.7889 -0.1465 -0.5969
vn -0.5872 -0.6259 -0.5133
vn -0.7619 -0.6346 0.1292
vn -0.3324 -0.8380 0.4328
vn 0.0995 -0.9923 -0.0744
vn 0.4660 -0.7670 0.4411
vn 0.5438 -0.2594 0.7981
vn 0.9009 -0.2109 0.3794
vn 0.9086 -0.4158 0.0388
vn 0.9110 -0.3028 0.2799
vn 0.9397 -0.2385 0.2450
vn 0.6983 -0.4514 -0.5555
vn 0.8363 0.0509 -0.5460
vn 0.9659 -0.1248 0.2269
vn -0.2406 -0.5675 -0.7874
vn -0.7994 -0.2028 -0.5656
vn -0.3387 -0.2625 -0.9035
vn -0.1224 0.2917 -0.9487
vn 0.8113 0.1522 -0.5645
vn 0.9747 -0.1617 0.1541
vn -0.0878 0.3077 -0.9474
vn -0.8890 0.1777 -0.4220
vn 0.7982 0.0023 -0.6024
vn 0.9840 -0.1069 0.1423
vn 0.7716 0.1399 -0.6205
vn 0.9875 0.1514 0.0441
vn 0.9817 0.0970 -0.1642
vn -0.1461 0.1585 -0.9765
vn -0.9280 0.0426 -0.3702
vn 0.8481 0.0693 -0.5252
vn 0.9567 0.1479 -0.2507
vn 0.5960 -0.1944 -0.7791
vn -0.0183 0.1660 -0.9860
vn -0.0294 -0.2538 -0.9668
vn -0.2759 0.2993 -0.9134
vn -0.6874 0.0840 -0.7214
vn -0.5674 -0.0818 -0.8194
vn -0.9324 0.0865 -0.3509
vn -0.9215 0.1510 -0.3579
vn -0.8133 0.3800 0.4406
vn -0.9216 0.0606 -0.3833
vn -0.8597 -0.0676 0.5064
vn -0.3041 0.4031 0.8631
vn -0.9029 0.1241 -0.4115
vn -0.8543 -0.2274 0.4674
vn -0.1113 -0.1792 0.9775
vn 0.1844 0.3943 0.9003
vn 0.6565 -0.1938 0.7290
vn 0.7082 0.2796 0.6483
vn 0.9875 0.1514 0.0442
vn 0.9840 -0.1069 0.1425
vn 0.9747 -0.1617 0.1542
vn -0.1743 -0.4192 0.8910
vn 0.5665 -0.3543 0.7440
vn 0.9659 -0.1248 0.2270
vn 0.5367 -0.3928 0.7468
vn 0.9397 -0.2385 0.2451
vn -0.1995 -0.4996 0.8429
vn 0.5684 -0.3447 0.7471
vn 0.9110 -0.3027 0.2800
vn -0.8730 -0.2795 0.3997
vn -0.2089 -0.3468 0.9144
vn -0.8957 -0.1284 0.4258
vn 0.6137 -0.1486 0.7754
vn 0.9009 -0.2109 0.3795
vn -0.1683 0.0250 0.9854
vn 0.6409 0.0807 0.7633
vn -0.8801 0.1582 0.4477
vn -0.1692 0.3490 0.9217
vn -0.1370 0.3991 0.9066
vn -0.8706 0.3244 0.3698
vn -0.9784 0.0940 -0.1839
vn -0.8782 0.4144 0.2390
vn -0.9506 0.1859 -0.2486
vn 0.6300 0.1421 0.7635
vn 0.3934 -0.0852 0.9154
vn -0.1484 -0.4253 0.8928
vn -0.1491 -0.2867 0.9464
vn 0.5959 -0.1944 -0.7792
vn 0.1560 -0.2852 -0.9457
vn 0.4989 -0.2717 -0.8230
vn 0.5821 -0.8114 0.0534
vn 0.9567 0.1480 -0.2507
vn 0.9188 0.3182 -0.2335
vn 0.9317 0.3623 -0.0244
vn 0.6379 0.6002 0.4826
vn 0.3731 0.7417 0.5574
vn 0.1358 -0.9877 -0.0780
vn 0.2999 0.6238 0.7217
vn -0.9517 0.1315 0.2775
vn -0.2116 0.0794 0.9741
vn 0.6010 0.1392 0.7871
vn -0.3005 -0.8668 0.3980
vn 0.9538 -0.0855 0.2881
vn 0.7772 0.3221 0.5406
vn 0.1844 0.3944 0.9003
vn 0.8790 0.2848 0.3824
vn 0.0530 0.7279 0.6837
vn -0.3848 0.4100 0.8269
vn -0.3041 0.4032 0.8631
vn -0.8133 0.3801 0.4406
vn -0.1105 0.7506 0.6514
vn 0.1568 -0.9871 -0.0323
vn -0.1195 0.5678 0.8145
vn -0.0917 -0.9794 -0.1798
vn -0.9005 0.2167 0.3770
vn -0.2941 0.0236 0.9555
vn -0.5529 0.6328 0.5421
vn -0.4302 0.6753 0.5991
vn 0.3019 -0.9513 0.0626
vn -0.5265 0.4076 0.7461
vn -0.0183 -0.9995 -0.0244
vn -0.9332 0.0204 0.3588
vn -0.8948 0.3849 0.2264
vn -0.3561 -0.2969 0.8860
vn -0.9016 0.4036 -0.1555
vn -0.9214 0.1510 -0.3580
vn -0.7685 0.4440 0.4607
vn 0.4264 -0.6550 0.6238
vn 0.1962 -0.9405 0.2775
vn -0.5399 -0.8380 -0.0799
vn -0.6287 -0.7659 0.1351
vn -0.7271 0.1522 -0.6694
vn -0.8228 0.1205 -0.5554
vn -0.2611 -0.2643 -0.9284
vn -0.0395 -0.9046 -0.4244
vn 0.4988 -0.2718 -0.8230
vn -0.0295 -0.2538 -0.9668
vn 0.3018 -0.9513 0.0626
vn -0.5265 0.4075 0.7461
vn 0.0740 -0.9930 0.0923
vn -0.9332 0.0205 0.3588
vn -0.2942 0.0236 0.9555
vn 0.0433 -0.9943 0.0971
vn 0.0030 -0.9915 0.1299
vn 0.0011 -0.9997 0.0264
vn -0.3561 -0.2970 0.8860
vn 0.0271 -0.9953 0.0933
vn 0.0038 -1.0000 0.0002
vn 0.1568 -0.9871 -0.0324
vn -0.1195 0.5678 0.8144
vn 0.9538 -0.0856 0.2881
vn 0.0304 -0.9924 0.1193
vn -0.2117 0.0794 0.9741
vn -0.9517 0.1314 0.2776
vn 0.1358 -0.9877 -0.0781
vn 0.2999 0.6239 0.7217
vn 0.2985 -0.9539 -0.0298
vn 0.5820 -0.8114 0.0534
vn 0.0251 -0.9975 0.0658
vn 0.2016 -0.9665 -0.1590
vn 0.4988 -0.2717 -0.8230
vn -0.0395 -0.9046 -0.4245
vn -0.1631 -0.9368 -0.3095
vn -0.7272 0.1521 -0.6694
vn -0.0308 -0.9993 0.0229
vn -0.1720 -0.9672 -0.1871
vn -0.6286 -0.7659 0.1351
vn -0.0876 -0.9961 -0.0054
vn -0.5398 -0.8380 -0.0800
vn -0.0169 -0.9892 0.1458
vn 0.1963 -0.9405 0.2775
vn -0.8233 -0.5545 -0.1217
vn -0.7956 -0.4925 0.3527
vn -0.7891 -0.5462 0.2811
vn -0.8758 -0.4651 -0.1290
vn -0.8217 -0.4672 0.3265
vn -0.9423 -0.3291 -0.0608
vn -0.8975 -0.2206 0.3818
vn -0.8919 -0.4509 0.0356
vn -0.9067 -0.1281 0.4018
vn -0.8009 -0.5944 0.0726
vn -0.7349 -0.1038 0.6702
vn -0.5936 -0.3274 0.7351
vn -0.5169 -0.4065 0.7534
vn -0.9033 -0.1972 0.3810
vn -0.7579 -0.6505 -0.0497
vn -0.8074 0.0747 0.5853
vn -0.4853 -0.4611 0.7429
vn -0.4290 -0.7525 0.4997
vn -0.0478 -0.4920 0.8693
vn 0.0055 -0.2428 0.9701
vn -0.0885 -0.2768 0.9568
vn -0.1136 -0.1379 0.9839
vn 0.1299 -0.1626 0.9781
vn 0.1013 -0.0737 0.9921
vn 0.3906 0.0233 0.9203
vn 0.4244 0.0824 0.9017
vn 0.2264 0.3571 0.9062
vn 0.6894 0.2883 0.6645
vn 0.5045 0.6760 0.5371
vn -0.1081 -0.1764 0.9784
vn 0.3507 0.0291 0.9360
vn 0.8832 0.4123 0.2236
vn 0.7891 0.5767 0.2113
vn 0.7332 0.1615 0.6606
vn 0.8915 0.4089 -0.1947
vn 0.9414 0.2524 0.2238
vn 0.7579 0.1447 0.6361
vn 0.8059 0.3379 -0.4862
vn 0.7447 0.3043 -0.5939
vn 0.9147 0.3322 -0.2301
vn 0.7464 0.3221 -0.5824
vn 0.3594 0.1248 -0.9248
vn 0.3134 0.0532 0.9481
vn 0.9413 0.2603 0.2151
vn 0.7478 0.3740 -0.5485
vn 0.7359 0.2613 0.6246
vn 0.1493 0.3116 0.9384
vn 0.9095 0.3729 -0.1839
vn 0.9055 0.4153 0.0876
vn 0.7754 0.3393 -0.5326
vn 0.3211 0.0267 -0.9467
vn -0.3192 -0.0166 0.9475
vn -0.5437 0.1769 0.8204
vn -0.0770 0.5529 0.8297
vn 0.6241 0.5118 0.5904
vn 0.8528 0.4997 0.1517
vn 0.8529 0.2631 -0.4509
vn -0.6303 0.2552 0.7332
vn -0.2048 0.5809 0.7878
vn 0.4753 0.7067 0.5241
vn 0.3913 -0.1104 -0.9136
vn 0.8454 0.5161 0.1375
vn 0.9429 0.1055 -0.3159
vn -0.6705 0.2987 0.6791
vn -0.2009 0.5631 0.8016
vn 0.4119 0.7383 0.5341
vn 0.8536 0.5052 0.1272
vn 0.9700 0.0540 -0.2370
vn -0.8382 0.0986 0.5364
vn 0.4473 0.6454 0.6192
vn 0.8883 0.4075 0.2118
vn -0.1607 0.5852 0.7948
vn -0.7061 0.3292 0.6269
vn -0.9039 0.0396 0.4260
vn 0.9883 0.0108 -0.1519
vn -0.9293 -0.3086 0.2028
vn -0.7336 -0.5240 -0.4328
vn -0.9405 -0.1619 -0.2987
vn -0.9581 0.2698 0.0960
vn -0.7275 0.4830 0.4873
vn -0.2227 0.6401 0.7353
vn 0.4826 0.5831 0.6535
vn 0.4558 0.6083 0.6498
vn 0.8433 0.3977 0.3616
vn 0.8784 0.3580 0.3167
vn 0.9962 0.0747 -0.0458
vn 0.9968 0.0539 -0.0589
vn 0.8117 -0.4096 -0.4163
vn 0.7488 -0.4107 -0.5202
vn 0.2105 -0.8251 -0.5244
vn 0.2084 -0.6928 -0.6903
vn -0.3490 -0.7196 -0.6002
vn 0.7734 -0.4898 -0.4025
vn 0.7282 -0.4078 -0.5508
vn 0.5636 -0.2964 -0.7710
vn 0.2837 -0.8328 -0.4754
vn 0.0830 -0.7008 -0.7085
vn -0.1222 -0.5204 -0.8452
vn -0.0467 -0.9210 -0.3866
vn -0.4256 -0.7614 -0.4890
vn -0.2665 -0.4097 -0.8724
vn -0.6047 -0.5351 -0.5900
vn -0.5114 -0.8315 -0.2170
vn -0.6849 -0.6720 -0.2818
vn -0.8246 -0.4453 -0.3489
vn -0.3957 -0.8626 -0.3152
vn -0.7579 -0.6505 -0.0498
vn -0.7335 -0.5240 -0.4328
vn -0.8008 -0.5945 0.0726
vn -0.9423 -0.3292 -0.0608
vn -0.8209 -0.4614 -0.3366
vn -0.8232 -0.5545 -0.1217
vn -0.6955 -0.4881 -0.5273
vn -0.7857 -0.5334 -0.3132
vn -0.5639 -0.8237 -0.0598
vn -0.7883 -0.5477 -0.2803
vn -0.7152 -0.5137 -0.4739
vn -0.3331 -0.3506 -0.8753
vn -0.6340 -0.6610 -0.4013
vn 0.7083 -0.4983 0.5000
vn -0.2792 -0.4004 -0.8728
vn -0.7275 0.4831 0.4872
vn -0.9581 0.2699 0.0959
vn -0.8800 0.4641 -0.1009
vn -0.6296 0.6302 0.4544
vn -0.9005 0.4335 -0.0324
vn -0.2914 0.6380 0.7128
vn -0.5304 0.5949 0.6040
vn -0.9219 0.3791 0.0804
vn 0.3477 0.5900 0.7287
vn 0.4559 0.6083 0.6497
vn -0.3813 0.5370 0.7525
vn 0.8263 0.3562 0.4363
vn 0.2431 0.6196 0.7463
vn 0.9962 0.0865 -0.0000
vn 0.7499 -0.2800 -0.5994
vn 0.7488 -0.4107 -0.5203
vn 0.1548 -0.5239 -0.8376
vn 0.6629 -0.3760 -0.6474
vn 0.0225 -0.5804 -0.8140
vn 0.9939 -0.0870 -0.0671
vn 0.5918 -0.4455 -0.6718
vn -0.2399 -0.5063 -0.8283
vn 0.9632 0.1186 0.2411
vn 0.8304 0.3198 0.4562
vn 0.9434 -0.3286 0.0454
vn 0.4749 -0.2248 -0.8508
vn -0.5073 0.0110 -0.8617
vn 0.9072 -0.4127 0.0816
vn 0.5240 -0.1174 -0.8436
vn -0.5329 0.3755 -0.7583
vn 0.9668 -0.1536 0.2043
vn 0.4941 -0.1478 -0.8568
vn -0.4064 0.4672 -0.7852
vn -0.6659 -0.5883 -0.4589
vn 0.8265 -0.5352 0.1743
vn 0.8032 -0.5833 0.1210
vn 0.2431 -0.9681 0.0605
vn -0.1940 -0.4955 0.8467
vn 0.6478 -0.7502 0.1327
vn -0.2061 -0.6585 0.7238
vn -0.0173 -0.9998 0.0015
vn 0.9027 -0.4146 0.1145
vn 0.7382 -0.4596 0.4938
vn 0.2827 -0.5680 -0.7730
vn 0.3151 -0.4139 -0.8540
vn 0.8469 -0.0333 0.5308
vn 0.6571 -0.6213 0.4269
vn -0.6697 -0.7367 -0.0931
vn -0.4417 0.0335 0.8966
vn -0.4892 0.1749 0.8544
vn -0.0753 -0.8956 0.4384
vn 0.5613 -0.1584 0.8123
vn 0.7272 0.1472 0.6704
vn 0.5944 -0.3928 0.7017
vn 0.8047 -0.1715 0.5683
vn 0.6012 -0.7248 -0.3364
vn 0.0737 0.5841 0.8083
vn 0.0495 0.4173 0.9074
vn 0.8202 -0.2865 0.4952
vn 0.6333 -0.6367 -0.4400
vn -0.1101 0.2164 0.9701
vn 0.3589 -0.2839 0.8891
vn -0.4270 -0.8920 0.1481
vn -0.9113 0.1538 0.3820
vn -0.5228 -0.2239 -0.8225
vn -0.5677 -0.2771 -0.7752
vn -0.9647 0.2144 0.1530
vn -0.8428 -0.3184 -0.4339
vn -0.8617 0.3779 0.3385
vn -0.9099 -0.4088 -0.0709
vn -0.7739 0.2220 0.5931
vn 0.0251 -0.9840 0.1766
vn -0.1167 -0.0791 0.9900
vn 0.6372 -0.4478 0.6273
vn -0.2627 0.4236 0.8669
vn -0.0942 0.1140 0.9890
vn 0.8252 -0.5641 -0.0273
vn -0.9710 0.0787 0.2258
vn 0.1393 -0.9115 0.3870
vn -0.9405 -0.1619 -0.2988
vn -0.7892 -0.1192 -0.6024
vn -0.9005 0.4336 -0.0324
vn -0.7336 -0.5239 -0.4329
vn -0.6963 -0.3058 -0.6494
vn -0.6360 -0.4355 -0.6370
vn -0.3490 -0.7196 -0.6003
vn -0.5693 -0.6484 -0.5054
vn -0.3739 -0.5394 -0.7545
vn 0.2083 -0.6928 -0.6903
vn 0.1547 -0.5239 -0.8376
vn -0.4512 -0.6269 -0.6351
vn 0.0224 -0.5804 -0.8140
vn -0.7318 -0.5426 -0.4124
vn -0.2400 -0.5063 -0.8283
vn -0.5635 -0.3489 -0.7488
vn -0.3346 -0.8766 -0.3460
vn -0.5736 -0.5310 -0.6237
vn 0.1394 -0.9115 0.3869
vn 0.3180 -0.8110 -0.4911
vn -0.6754 -0.6965 -0.2426
vn -0.9098 -0.4088 -0.0710
vn -0.9353 -0.1794 -0.3049
vn -0.8428 -0.3185 -0.4339
vn -0.0752 -0.8956 0.4384
vn -0.8970 0.1727 -0.4069
vn -0.4892 0.1749 0.8545
vn 0.6333 -0.6368 -0.4399
vn -0.5229 -0.2239 -0.8225
vn -0.4269 -0.8921 0.1481
vn -0.4416 0.0334 0.8966
vn -0.9622 -0.2128 -0.1699
vn -0.8064 0.3245 -0.4945
vn -0.6698 -0.7367 -0.0932
vn 0.3152 -0.4139 -0.8540
vn 0.2827 -0.5680 -0.7729
vn -0.9815 0.0708 -0.1779
vn -0.9515 0.1893 0.2424
vn -0.2060 -0.6586 0.7238
vn -0.8943 0.1851 0.4074
vn -0.4064 0.4672 -0.7853
vn -0.6659 -0.5882 -0.4589
vn 0.8233 -0.5545 -0.1217
vn 0.7891 -0.5462 0.2811
vn 0.8758 -0.4651 -0.1290
vn 0.8217 -0.4672 0.3265
vn 0.9423 -0.3291 -0.0608
vn 0.8975 -0.2205 0.3818
vn 0.8919 -0.4508 0.0356
vn 0.9067 -0.1281 0.4018
vn 0.8009 -0.5944 0.0726
vn 0.7349 -0.1038 0.6702
vn 0.5936 -0.3274 0.7351
vn 0.5169 -0.4065 0.7534
vn 0.9033 -0.1972 0.3810
vn 0.7579 -0.6505 -0.0497
vn 0.8074 0.0747 0.5853
vn 0.4853 -0.4611 0.7429
vn -0.0055 -0.2428 0.9701
vn 0.1136 -0.1379 0.9839
vn -0.1299 -0.1626 0.9781
vn -0.3906 0.0233 0.9203
vn -0.4244 0.0824 0.9017
vn -0.6894 0.2883 0.6645
vn 0.1081 -0.1764 0.9784
vn -0.3507 0.0291 0.9360
vn -0.8832 0.4123 0.2236
vn -0.7891 0.5767 0.2113
vn -0.7332 0.1615 0.6606
vn -0.8915 0.4089 -0.1947
vn -0.9414 0.2524 0.2238
vn -0.7579 0.1447 0.6361
vn -0.8059 0.3379 -0.4862
vn -0.7447 0.3043 -0.5940
vn -0.9147 0.3322 -0.2301
vn -0.7464 0.3221 -0.5824
vn -0.9732 0.1812 -0.1418
vn -0.3594 0.1248 -0.9248
vn -0.3134 0.0532 0.9481
vn -0.9413 0.2603 0.2151
vn -0.7478 0.3740 -0.5485
vn -0.7359 0.2613 0.6246
vn -0.1493 0.3116 0.9384
vn -0.9095 0.3729 -0.1839
vn -0.9055 0.4153 0.0876
vn -0.7754 0.3393 -0.5326
vn -0.3211 0.0267 -0.9467
vn 0.3192 -0.0166 0.9475
vn 0.5438 0.1769 0.8204
vn 0.0770 0.5529 0.8297
vn -0.6241 0.5118 0.5904
vn -0.8528 0.4997 0.1517
vn -0.8529 0.2631 -0.4509
vn 0.6303 0.2552 0.7332
vn 0.2048 0.5809 0.7878
vn -0.4753 0.7067 0.5241
vn -0.3913 -0.1104 -0.9136
vn -0.8454 0.5161 0.1375
vn -0.9429 0.1055 -0.3159
vn 0.6705 0.2987 0.6791
vn 0.2009 0.5631 0.8016
vn -0.4119 0.7383 0.5341
vn -0.8536 0.5052 0.1272
vn -0.9700 0.0540 -0.2370
vn 0.8382 0.0986 0.5364
vn -0.4473 0.6454 0.6192
vn -0.8883 0.4075 0.2118
vn 0.1607 0.5852 0.7948
vn 0.7061 0.3292 0.6269
vn 0.9039 0.0396 0.4260
vn -0.9883 0.0108 -0.1519
vn 0.9293 -0.3086 0.2028
vn 0.7336 -0.5239 -0.4328
vn 0.9405 -0.1619 -0.2987
vn 0.9581 0.2698 0.0960
vn 0.7275 0.4830 0.4872
vn 0.2227 0.6401 0.7353
vn -0.4826 0.5831 0.6535
vn -0.4558 0.6083 0.6498
vn -0.8433 0.3977 0.3616
vn -0.8784 0.3580 0.3167
vn -0.9962 0.0747 -0.0458
vn -0.9968 0.0539 -0.0589
vn -0.8117 -0.4096 -0.4163
vn -0.7488 -0.4107 -0.5202
vn -0.2105 -0.8251 -0.5244
vn -0.2083 -0.6929 -0.6903
vn 0.3490 -0.7196 -0.6003
vn -0.7734 -0.4898 -0.4025
vn -0.7282 -0.4078 -0.5508
vn -0.5636 -0.2964 -0.7710
vn -0.2837 -0.8328 -0.4754
vn -0.0830 -0.7008 -0.7085
vn 0.1222 -0.5204 -0.8452
vn 0.0468 -0.9211 -0.3866
vn 0.4256 -0.7614 -0.4890
vn 0.2665 -0.4097 -0.8724
vn 0.6047 -0.5351 -0.5900
vn 0.5114 -0.8315 -0.2169
vn 0.6849 -0.6720 -0.2818
vn 0.8246 -0.4453 -0.3489
vn 0.3957 -0.8626 -0.3152
vn 0.7579 -0.6505 -0.0498
vn 0.7335 -0.5240 -0.4328
vn 0.8008 -0.5945 0.0726
vn 0.8919 -0.4509 0.0355
vn 0.9423 -0.3292 -0.0608
vn 0.8209 -0.4614 -0.3366
vn 0.6955 -0.4881 -0.5273
vn 0.7857 -0.5334 -0.3132
vn 0.7152 -0.5137 -0.4739
vn 0.3331 -0.3506 -0.8753
vn 0.6340 -0.6610 -0.4013
vn -0.7083 -0.4983 0.5000
vn 0.2792 -0.4004 -0.8728
vn 0.8800 0.4641 -0.1009
vn 0.9581 0.2699 0.0959
vn 0.7275 0.4831 0.4872
vn 0.6296 0.6302 0.4544
vn 0.9005 0.4336 -0.0324
vn 0.2914 0.6380 0.7128
vn 0.5304 0.5949 0.6040
vn 0.9219 0.3791 0.0804
vn -0.3477 0.5901 0.7286
vn -0.4559 0.6083 0.6497
vn 0.3813 0.5370 0.7525
vn -0.8263 0.3562 0.4363
vn -0.2431 0.6196 0.7463
vn -0.9962 0.0865 -0.0000
vn -0.7499 -0.2800 -0.5994
vn -0.7488 -0.4107 -0.5203
vn -0.2084 -0.6929 -0.6903
vn -0.1548 -0.5239 -0.8376
vn -0.6629 -0.3760 -0.6474
vn -0.0225 -0.5804 -0.8140
vn -0.9939 -0.0870 -0.0671
vn -0.5918 -0.4455 -0.6718
vn 0.2399 -0.5063 -0.8283
vn -0.9632 0.1186 0.2411
vn -0.8304 0.3198 0.4562
vn -0.9434 -0.3286 0.0454
vn -0.4749 -0.2248 -0.8508
vn 0.5073 0.0110 -0.8617
vn -0.9072 -0.4127 0.0816
vn -0.5240 -0.1174 -0.8436
vn 0.5329 0.3755 -0.7583
vn -0.9668 -0.1536 0.2042
vn -0.4941 -0.1478 -0.8568
vn 0.4064 0.4672 -0.7852
vn 0.6659 -0.5882 -0.4589
vn -0.8265 -0.5352 0.1743
vn -0.8032 -0.5833 0.1210
vn -0.2431 -0.9681 0.0605
vn 0.1940 -0.4955 0.8467
vn -0.6478 -0.7502 0.1327
vn 0.2061 -0.6586 0.7238
vn 0.0172 -0.9999 0.0014
vn -0.9028 -0.4145 0.1145
vn -0.7382 -0.4597 0.4937
vn -0.2823 -0.5680 -0.7731
vn -0.3152 -0.4138 -0.8541
vn -0.8469 -0.0333 0.5308
vn -0.6571 -0.6213 0.4269
vn 0.6697 -0.7368 -0.0932
vn 0.4416 0.0334 0.8966
vn 0.4892 0.1749 0.8544
vn 0.0753 -0.8956 0.4384
vn -0.5613 -0.1584 0.8123
vn -0.7272 0.1473 0.6704
vn -0.5944 -0.3928 0.7017
vn -0.8047 -0.1715 0.5683
vn -0.6012 -0.7248 -0.3363
vn -0.0737 0.5841 0.8083
vn -0.0495 0.4173 0.9074
vn -0.8202 -0.2865 0.4952
vn -0.6333 -0.6367 -0.4400
vn 0.1102 0.2167 0.9700
vn -0.3589 -0.2839 0.8891
vn 0.4270 -0.8920 0.1481
vn 0.9113 0.1538 0.3820
vn 0.5228 -0.2239 -0.8225
vn 0.5677 -0.2771 -0.7752
vn 0.9647 0.2144 0.1530
vn 0.8428 -0.3184 -0.4339
vn 0.8617 0.3779 0.3385
vn 0.9099 -0.4088 -0.0709
vn 0.7739 0.2220 0.5931
vn -0.0251 -0.9840 0.1767
vn 0.1167 -0.0791 0.9900
vn -0.6372 -0.4478 0.6273
vn 0.2627 0.4236 0.8669
vn 0.0942 0.1140 0.9890
vn -0.8252 -0.5641 -0.0273
vn 0.9710 0.0786 0.2258
vn -0.1394 -0.9115 0.3870
vn 0.9581 0.2699 0.0960
vn 0.9405 -0.1619 -0.2988
vn 0.7892 -0.1192 -0.6024
vn 0.7336 -0.5239 -0.4329
vn 0.6360 -0.4356 -0.6370
vn 0.3490 -0.7195 -0.6004
vn 0.6963 -0.3058 -0.6494
vn 0.3739 -0.5394 -0.7545
vn -0.1547 -0.5240 -0.8376
vn 0.5693 -0.6485 -0.5054
vn 0.4512 -0.6269 -0.6351
vn -0.0224 -0.5804 -0.8140
vn 0.7318 -0.5426 -0.4124
vn 0.2400 -0.5063 -0.8283
vn 0.5635 -0.3489 -0.7488
vn 0.9710 0.0786 0.2259
vn 0.3346 -0.8766 -0.3460
vn 0.5736 -0.5310 -0.6237
vn -0.1393 -0.9115 0.3869
vn -0.8253 -0.5641 -0.0273
vn -0.3180 -0.8110 -0.4911
vn -0.0251 -0.9840 0.1766
vn 0.6754 -0.6965 -0.2426
vn 0.9098 -0.4088 -0.0710
vn 0.9353 -0.1794 -0.3049
vn 0.8428 -0.3184 -0.4340
vn 0.8970 0.1727 -0.4070
vn 0.4892 0.1749 0.8545
vn -0.6013 -0.7248 -0.3363
vn -0.6333 -0.6367 -0.4399
vn 0.5229 -0.2238 -0.8225
vn 0.4270 -0.8921 0.1481
vn 0.9622 -0.2128 -0.1699
vn 0.8064 0.3245 -0.4945
vn 0.6698 -0.7367 -0.0932
vn -0.3152 -0.4138 -0.8540
vn -0.2824 -0.5680 -0.7731
vn 0.0173 -0.9999 0.0014
vn 0.9815 0.0708 -0.1779
vn 0.5329 0.3754 -0.7583
vn 0.9515 0.1893 0.2424
vn 0.2060 -0.6586 0.7237
vn 0.8943 0.1851 0.4074
vn 0.4063 0.4672 -0.7853
vn 0.6659 -0.5883 -0.4588
vn 0.6959 0.7109 -0.1013
vn 0.6670 0.7341 -0.1276
vn -0.8393 -0.4021 -0.3658
vn -0.4994 -0.8165 -0.2897
vn 0.7406 0.6719 -0.0065
vn 0.6980 0.7150 0.0398
vn -0.4775 -0.8210 -0.3131
vn 0.9002 0.4129 0.1387
vn -0.1364 -0.9206 -0.3659
vn -0.2477 -0.8806 -0.4039
vn 0.9185 0.2714 0.2876
vn -0.8393 -0.4022 -0.3657
vn 0.6669 0.7341 -0.1276
vn -0.4591 -0.7765 -0.4316
vn -0.4993 -0.8165 -0.2897
vn -0.2956 -0.8942 -0.3362
vn -0.1365 -0.9206 -0.3659
vn -0.2477 -0.8806 -0.4040
vn 0.9185 0.2712 0.2876
vn -0.6670 0.7341 -0.1276
vn -0.6959 0.7109 -0.1013
vn 0.8393 -0.4021 -0.3658
vn 0.4993 -0.8166 -0.2896
vn -0.7406 0.6719 -0.0065
vn -0.6978 0.7152 0.0399
vn 0.4775 -0.8210 -0.3131
vn -0.9002 0.4129 0.1387
vn 0.1364 -0.9206 -0.3660
vn 0.2477 -0.8806 -0.4040
vn -0.9185 0.2714 0.2876
vn -0.6670 0.7340 -0.1276
vn 0.8393 -0.4023 -0.3657
vn 0.4591 -0.7765 -0.4316
vn 0.4993 -0.8166 -0.2897
vn 0.2956 -0.8942 -0.3362
vn -0.6977 0.7152 0.0399
vn 0.1363 -0.9206 -0.3660
vn 0.2477 -0.8806 -0.4039
vn -0.9185 0.2712 0.2876
vn -0.9899 0.1403 -0.0182
vn -0.0001 0.4188 0.9081
vn -0.9912 0.1140 -0.0674
vn 0.3939 0.9163 0.0723
vn 0.0037 0.2204 -0.9754
vn 0.0004 0.5757 -0.8177
vn -0.9898 -0.0038 -0.1424
vn 0.0001 0.9572 0.2895
vn -0.9827 -0.0457 -0.1794
vn 0.9268 -0.2533 -0.2774
vn -0.0001 -0.9162 0.4007
vn -0.0000 -0.9725 0.2331
vn -0.0000 -0.9966 -0.0819
vn -0.9943 -0.0108 -0.1062
vn 0.0112 -0.9591 -0.2829
vn -0.0001 0.3672 -0.9302
vn 0.9899 0.1404 -0.0182
vn 0.9912 0.1140 -0.0674
vn 0.9898 -0.0038 -0.1424
vn 0.9827 -0.0457 -0.1794
vn 0.9943 -0.0108 -0.1062
vn -0.9755 0.2101 -0.0656
vn -0.7753 0.4228 -0.4693
vn -0.8215 0.3360 -0.4606
vn -0.7686 0.2674 -0.5811
vn -0.7401 0.3284 -0.5869
vn -0.8280 0.3643 -0.4262
vn -0.8273 0.1514 -0.5410
vn -0.9012 0.2586 -0.3477
vn -0.8017 0.2707 -0.5329
vn -0.8914 0.1892 -0.4118
vn -0.9683 0.1997 -0.1501
vn 0.7753 0.4228 -0.4693
vn 0.9755 0.2101 -0.0657
vn -0.2963 0.9383 0.1781
vn 0.8215 0.3360 -0.4606
vn 0.8847 -0.2059 -0.4182
vn 0.7686 0.2674 -0.5811
vn 0.9895 0.1432 -0.0183
vn 0.7401 0.3284 -0.5869
vn 0.8280 0.3643 -0.4262
vn 0.8273 0.1513 -0.5410
vn 0.9183 0.3681 -0.1457
vn 0.9012 0.2586 -0.3477
vn 0.8017 0.2707 -0.5329
vn 0.8914 0.1892 -0.4118
vn 0.9683 0.1997 -0.1501
vn -0.6048 0.7063 0.3679
vn -0.9870 0.0739 0.1427
vn -0.2424 0.1040 0.9646
vn -0.9977 -0.0657 0.0157
vn -0.9477 -0.0191 -0.3185
vn -0.8216 0.3359 -0.4606
vn 0.9819 -0.1704 0.0832
vn -0.0827 -0.3448 -0.9350
vn -0.2247 -0.1044 -0.9688
vn 0.9803 -0.1932 0.0407
vn 0.0685 -0.9911 0.1145
vn -0.9198 -0.1780 0.3498
vn -0.8667 -0.0705 0.4938
vn 0.1706 -0.2142 0.9618
vn 0.2211 -0.2635 0.9390
vn 0.9803 -0.1931 0.0407
vn -0.4632 -0.1458 0.8742
vn -0.2672 -0.2879 0.9196
vn -0.5315 0.6590 0.5322
vn -0.5871 -0.0782 0.8057
vn -0.6289 -0.2643 0.7312
vn -0.8656 -0.0973 0.4913
vn -0.0961 -0.9071 0.4098
vn -0.9527 -0.0415 0.3012
vn -0.4946 0.1684 -0.8526
vn -0.9899 0.1312 -0.0531
vn -0.6130 0.5490 -0.5683
vn -0.9492 0.1883 0.2520
vn 0.9152 0.2425 0.3219
vn -0.2964 0.9383 0.1781
vn 0.9870 0.0739 0.1427
vn 0.2422 0.1041 0.9646
vn 0.9755 0.2101 -0.0656
vn 0.9977 -0.0657 0.0157
vn 0.9477 -0.0191 -0.3185
vn 0.8216 0.3360 -0.4606
vn -0.2724 0.4315 -0.8600
vn -0.9819 -0.1704 0.0832
vn 0.2247 -0.1044 -0.9688
vn 0.0827 -0.3448 -0.9350
vn -0.9803 -0.1932 0.0407
vn -0.0685 -0.9911 0.1145
vn 0.9198 -0.1780 0.3498
vn 0.8667 -0.0705 0.4938
vn -0.1706 -0.2142 0.9618
vn -0.2210 -0.2635 0.9390
vn -0.9818 -0.1704 0.0832
vn 0.9179 0.1131 0.3804
vn 0.4632 -0.1458 0.8742
vn 0.2672 -0.2879 0.9196
vn 0.5872 -0.0781 0.8057
vn 0.6287 -0.2643 0.7313
vn 0.8656 -0.0972 0.4913
vn 0.0961 -0.9071 0.4099
vn 0.5177 0.8444 0.1375
vn 0.9527 -0.0415 0.3012
vn 0.4946 0.1684 -0.8526
vn 0.3632 0.2428 -0.8995
vn 0.3130 0.2095 -0.9264
vn 0.6130 0.5490 -0.5682
vt 0.379639 0.394531
vt 0.380127 0.435059
vt 0.407471 0.398926
vt 0.463867 0.777100
vt 0.467041 0.802612
vt 0.479736 0.789429
vt 0.798828 0.870361
vt 0.794922 0.835815
vt 0.782227 0.862183
vt 0.619629 0.113281
vt 0.615234 0.116211
vt 0.624512 0.108887
vt 0.652344 0.040039
vt 0.654297 0.037109
vt 0.649414 0.043945
vt 0.671875 0.761475
vt 0.685059 0.761841
vt 0.672363 0.753052
vt 0.685547 0.750610
vt 0.682617 0.734131
vt 0.693848 0.761841
vt 0.694824 0.730469
vt 0.696289 0.751465
vt 0.703613 0.762451
vt 0.706543 0.751709
vt 0.700195 0.741211
vt 0.716309 0.738525
vt 0.708496 0.733398
vt 0.703125 0.727051
vt 0.715332 0.725342
vt 0.722168 0.730225
vt 0.710449 0.718750
vt 0.706055 0.719238
vt 0.696777 0.710938
vt 0.688477 0.718750
vt 0.689453 0.715820
vt 0.719238 0.717041
vt 0.726562 0.720947
vt 0.729492 0.712402
vt 0.715332 0.711426
vt 0.722656 0.708008
vt 0.733398 0.699707
vt 0.724121 0.695557
vt 0.735840 0.685059
vt 0.708496 0.711670
vt 0.708984 0.706055
vt 0.715820 0.705322
vt 0.691406 0.710693
vt 0.684570 0.710449
vt 0.691406 0.705566
vt 0.694336 0.698975
vt 0.723633 0.681152
vt 0.736816 0.659180
vt 0.720703 0.663574
vt 0.710938 0.701416
vt 0.715332 0.698730
vt 0.707031 0.699219
vt 0.687988 0.705322
vt 0.688477 0.700439
vt 0.678223 0.704346
vt 0.674316 0.714111
vt 0.667969 0.705811
vt 0.684082 0.697021
vt 0.673828 0.699219
vt 0.665039 0.695557
vt 0.660645 0.705322
vt 0.656738 0.697021
vt 0.652344 0.702881
vt 0.653809 0.705811
vt 0.677246 0.691895
vt 0.665527 0.690674
vt 0.690430 0.690674
vt 0.675781 0.685303
vt 0.664551 0.685059
vt 0.687500 0.683350
vt 0.677246 0.677979
vt 0.685547 0.676514
vt 0.697754 0.673096
vt 0.700684 0.679688
vt 0.707520 0.688721
vt 0.700684 0.692627
vt 0.703613 0.696777
vt 0.706055 0.695068
vt 0.713379 0.695312
vt 0.717773 0.690674
vt 0.719238 0.686523
vt 0.708008 0.683594
vt 0.718262 0.682861
vt 0.713379 0.677734
vt 0.709961 0.669922
vt 0.706055 0.667480
vt 0.707031 0.658447
vt 0.715332 0.659912
vt 0.718262 0.655518
vt 0.722656 0.656982
vt 0.724121 0.650146
vt 0.713379 0.651123
vt 0.726562 0.658203
vt 0.724121 0.642090
vt 0.708984 0.644775
vt 0.732910 0.632812
vt 0.718262 0.635742
vt 0.121887 0.363770
vt 0.137329 0.356934
vt 0.133789 0.344727
vt 0.121338 0.342773
vt 0.125977 0.327637
vt 0.103333 0.374512
vt 0.099915 0.335938
vt 0.117676 0.330078
vt 0.113525 0.327637
vt 0.075562 0.366699
vt 0.097656 0.314453
vt 0.079773 0.314941
vt 0.112183 0.314453
vt 0.108643 0.296875
vt 0.114258 0.300781
vt 0.116577 0.282227
vt 0.102905 0.292480
vt 0.092468 0.302734
vt 0.091248 0.292480
vt 0.082642 0.296387
vt 0.080322 0.281738
vt 0.091064 0.280273
vt 0.076843 0.334473
vt 0.067627 0.298340
vt 0.082153 0.269531
vt 0.092590 0.269531
vt 0.069092 0.279785
vt 0.090637 0.253906
vt 0.097229 0.257324
vt 0.102722 0.243652
vt 0.086426 0.250488
vt 0.073608 0.264648
vt 0.068359 0.271484
vt 0.063538 0.270508
vt 0.061127 0.281738
vt 0.059753 0.295898
vt 0.059998 0.312500
vt 0.051575 0.302246
vt 0.046509 0.304688
vt 0.045715 0.298340
vt 0.043335 0.307129
vt 0.049286 0.323242
vt 0.045959 0.328125
vt 0.059448 0.326172
vt 0.055054 0.336914
vt 0.044708 0.334473
vt 0.035675 0.322754
vt 0.040955 0.341797
vt 0.051178 0.344238
vt 0.048584 0.360840
vt 0.033234 0.347168
vt 0.494629 0.063477
vt 0.496582 0.077637
vt 0.508301 0.060059
vt 0.514160 0.067383
vt 0.515137 0.077637
vt 0.499268 0.092773
vt 0.537109 0.076172
vt 0.546387 0.058105
vt 0.550293 0.067871
vt 0.531738 0.103027
vt 0.505859 0.130859
vt 0.557617 0.084961
vt 0.559570 0.070801
vt 0.541504 0.128418
vt 0.533203 0.161133
vt 0.549316 0.138184
vt 0.564941 0.112793
vt 0.581543 0.117188
vt 0.575684 0.098145
vt 0.588867 0.077637
vt 0.590820 0.069336
vt 0.593262 0.087402
vt 0.630371 0.080566
vt 0.224609 0.010254
vt 0.219116 0.002930
vt 0.216919 0.013672
vt 0.230713 0.006836
vt 0.238403 0.003418
vt 0.212158 0.018066
vt 0.214355 0.004883
vt 0.196899 0.017578
vt 0.187378 0.004883
vt 0.083984 0.080078
vt 0.087891 0.063477
vt 0.077087 0.056152
vt 0.071106 0.079102
vt 0.127808 0.076172
vt 0.128906 0.057617
vt 0.111389 0.073242
vt 0.093811 0.057129
vt 0.297607 0.025391
vt 0.304932 0.034668
vt 0.322266 0.024902
vt 0.319336 0.059570
vt 0.117065 0.105469
vt 0.129517 0.085449
vt 0.105469 0.098145
vt 0.096252 0.080566
vt 0.075806 0.613770
vt 0.065674 0.606201
vt 0.053833 0.634521
vt 0.072021 0.635254
vt 0.090088 0.622314
vt 0.092590 0.616455
vt 0.102478 0.619141
vt 0.091858 0.627441
vt 0.089355 0.640381
vt 0.106506 0.629395
vt 0.109070 0.634521
vt 0.119385 0.629883
vt 0.116821 0.638428
vt 0.115417 0.645996
vt 0.134766 0.638916
vt 0.098022 0.647949
vt 0.087280 0.660889
vt 0.065430 0.661621
vt 0.048096 0.670166
vt 0.135986 0.642822
vt 0.149170 0.637939
vt 0.136353 0.646484
vt 0.115662 0.653076
vt 0.103516 0.656494
vt 0.096008 0.662354
vt 0.098694 0.667236
vt 0.067383 0.672607
vt 0.063477 0.677734
vt 0.056213 0.682617
vt 0.051880 0.689453
vt 0.040131 0.690918
vt 0.054443 0.701416
vt 0.030609 0.679688
vt 0.040985 0.661621
vt 0.040131 0.641846
vt 0.038422 0.626465
vt 0.024490 0.692139
vt 0.029495 0.697754
vt 0.046509 0.704834
vt 0.055817 0.709717
vt 0.063843 0.709229
vt 0.056213 0.716064
vt 0.040985 0.711914
vt 0.048401 0.723389
vt 0.064148 0.739990
vt 0.038910 0.730957
vt 0.033936 0.717529
vt 0.021515 0.710205
vt 0.025116 0.728516
vt 0.004642 0.722412
vt 0.621094 0.991226
vt 0.615234 0.978745
vt 0.598145 0.986763
vt 0.611816 0.963043
vt 0.637695 0.966217
vt 0.594727 0.964752
vt 0.586914 0.974701
vt 0.583984 0.963470
vt 0.589844 0.945587
vt 0.572266 0.947876
vt 0.636230 0.955994
vt 0.658691 0.964050
vt 0.571777 0.931396
vt 0.553711 0.928833
vt 0.597656 0.920532
vt 0.568359 0.905579
vt 0.559570 0.922668
vt 0.549316 0.895935
vt 0.605957 0.940521
vt 0.635254 0.929077
vt 0.630859 0.938934
vt 0.653320 0.934875
vt 0.662109 0.947357
vt 0.687500 0.948059
vt 0.688965 0.966522
vt 0.550781 0.893127
vt 0.545898 0.887512
vt 0.550781 0.889404
vt 0.559082 0.891541
vt 0.558594 0.879883
vt 0.544922 0.870483
vt 0.549316 0.868042
vt 0.571289 0.892883
vt 0.674805 0.925476
vt 0.716797 0.953918
vt 0.705078 0.970108
vt 0.589355 0.897034
vt 0.693848 0.922180
vt 0.723145 0.968918
vt 0.707520 0.980713
vt 0.721191 0.985489
vt 0.735840 0.979782
vt 0.729980 0.988403
vt 0.749512 0.963715
vt 0.757324 0.975693
vt 0.783203 0.964417
vt 0.770996 0.921021
vt 0.735352 0.925232
vt 0.700195 0.892151
vt 0.780762 0.980453
vt 0.817383 0.979385
vt 0.801270 0.992821
vt 0.817871 0.955688
vt 0.808105 0.950745
vt 0.791992 0.928284
vt 0.788574 0.911255
vt 0.791992 0.901245
vt 0.781738 0.894531
vt 0.740723 0.895569
vt 0.761230 0.879395
vt 0.776367 0.879028
vt 0.720703 0.877197
vt 0.702148 0.861938
vt 0.771484 0.849609
vt 0.779297 0.851440
vt 0.778320 0.833374
vt 0.767090 0.846069
vt 0.759766 0.848755
vt 0.758789 0.861328
vt 0.744141 0.850586
vt 0.752930 0.841309
vt 0.723633 0.838257
vt 0.741699 0.829224
vt 0.752441 0.828003
vt 0.750000 0.814209
vt 0.734375 0.822266
vt 0.724609 0.823486
vt 0.712402 0.827026
vt 0.720215 0.816528
vt 0.705566 0.807495
vt 0.723145 0.806396
vt 0.710449 0.788696
vt 0.725098 0.795044
vt 0.731445 0.760254
vt 0.697754 0.827271
vt 0.727051 0.757080
vt 0.737793 0.744141
vt 0.721680 0.754517
vt 0.699707 0.774048
vt 0.688965 0.786255
vt 0.697754 0.792725
vt 0.692383 0.791992
vt 0.692871 0.801147
vt 0.688477 0.795776
vt 0.684082 0.803955
vt 0.672363 0.799194
vt 0.675293 0.811035
vt 0.682129 0.814697
vt 0.680176 0.835205
vt 0.671387 0.822144
vt 0.656250 0.819946
vt 0.670898 0.837158
vt 0.672363 0.846313
vt 0.667480 0.840332
vt 0.664551 0.872192
vt 0.652832 0.842773
vt 0.654785 0.837280
vt 0.644043 0.839600
vt 0.653320 0.854858
vt 0.662598 0.856812
vt 0.654297 0.862793
vt 0.641113 0.861450
vt 0.655762 0.877014
vt 0.661133 0.884338
vt 0.676270 0.908813
vt 0.642090 0.887085
vt 0.641602 0.879761
vt 0.633789 0.886475
vt 0.651855 0.901367
vt 0.659180 0.894653
vt 0.660156 0.917419
vt 0.651855 0.922302
vt 0.645996 0.913879
vt 0.636230 0.918152
vt 0.622070 0.910828
vt 0.616211 0.902649
vt 0.605469 0.900879
vt 0.610352 0.885071
vt 0.599609 0.893188
vt 0.591797 0.863647
vt 0.582031 0.884521
vt 0.577148 0.876160
vt 0.567383 0.875671
vt 0.576172 0.864868
vt 0.559082 0.867676
vt 0.572266 0.863525
vt 0.574219 0.850708
vt 0.568848 0.860352
vt 0.554688 0.848511
vt 0.549805 0.846069
vt 0.562012 0.846313
vt 0.551758 0.820190
vt 0.561035 0.794434
vt 0.557617 0.807983
vt 0.567383 0.816162
vt 0.584961 0.809082
vt 0.576660 0.838867
vt 0.587402 0.784546
vt 0.581543 0.834473
vt 0.609375 0.806885
vt 0.607910 0.778564
vt 0.592285 0.826416
vt 0.615234 0.827515
vt 0.586426 0.841431
vt 0.594238 0.840454
vt 0.590332 0.854248
vt 0.634766 0.799927
vt 0.638672 0.773315
vt 0.637695 0.822876
vt 0.654297 0.820435
vt 0.653320 0.797852
vt 0.665527 0.789185
vt 0.656250 0.768677
vt 0.667480 0.770874
vt 0.633301 0.831055
vt 0.632812 0.850342
vt 0.624023 0.852783
vt 0.637207 0.866089
vt 0.628418 0.866943
vt 0.611816 0.854126
vt 0.618652 0.871094
vt 0.628906 0.884583
vt 0.623535 0.888489
vt 0.631836 0.903320
vt 0.617676 0.890137
vt 0.608887 0.874390
vt 0.597168 0.855835
vt 0.593750 0.853638
vt 0.595703 0.860840
vt 0.257568 0.017578
vt 0.261963 0.011230
vt 0.254150 0.004395
vt 0.281250 0.003906
vt 0.301514 0.043457
vt 0.295410 0.056641
vt 0.310547 0.057617
vt 0.283447 0.074219
vt 0.695801 0.652588
vt 0.701660 0.664307
vt 0.692383 0.644043
vt 0.705566 0.637451
vt 0.695801 0.666992
vt 0.689453 0.659424
vt 0.692383 0.668213
vt 0.688477 0.669922
vt 0.684082 0.662598
vt 0.686035 0.670654
vt 0.680176 0.670410
vt 0.675781 0.671143
vt 0.671387 0.670654
vt 0.674805 0.665283
vt 0.687012 0.654297
vt 0.669922 0.663086
vt 0.667969 0.670898
vt 0.656738 0.667725
vt 0.675781 0.661133
vt 0.659180 0.655518
vt 0.653320 0.656250
vt 0.645020 0.662598
vt 0.645996 0.655273
vt 0.638184 0.659180
vt 0.688477 0.648682
vt 0.676270 0.650879
vt 0.689941 0.647705
vt 0.690918 0.639893
vt 0.668945 0.650391
vt 0.672363 0.645752
vt 0.679688 0.644287
vt 0.660156 0.651123
vt 0.665039 0.648193
vt 0.658203 0.654053
vt 0.657227 0.650391
vt 0.692871 0.634766
vt 0.703125 0.630127
vt 0.688477 0.617920
vt 0.719727 0.625977
vt 0.731934 0.624512
vt 0.699707 0.613770
vt 0.714844 0.609131
vt 0.727539 0.612305
vt 0.726074 0.602539
vt 0.688965 0.635254
vt 0.687012 0.631104
vt 0.683594 0.637207
vt 0.678223 0.632324
vt 0.681152 0.637695
vt 0.675293 0.638916
vt 0.701660 0.593506
vt 0.711426 0.593506
vt 0.695801 0.599854
vt 0.723633 0.593506
vt 0.725586 0.593506
vt 0.726074 0.582764
vt 0.720703 0.580811
vt 0.707520 0.586426
vt 0.707031 0.588867
vt 0.705078 0.583252
vt 0.686035 0.594482
vt 0.685547 0.597656
vt 0.684082 0.593506
vt 0.658203 0.605469
vt 0.672363 0.621826
vt 0.658203 0.608643
vt 0.657715 0.625244
vt 0.643066 0.614258
vt 0.670410 0.633545
vt 0.671875 0.638428
vt 0.667969 0.639160
vt 0.663086 0.634521
vt 0.666992 0.645020
vt 0.661133 0.645996
vt 0.661133 0.649170
vt 0.658691 0.649414
vt 0.666504 0.639893
vt 0.663086 0.639648
vt 0.658203 0.636719
vt 0.654785 0.647705
vt 0.661621 0.640137
vt 0.657715 0.640625
vt 0.655273 0.637939
vt 0.655273 0.645020
vt 0.645996 0.629395
vt 0.655762 0.640625
vt 0.651855 0.640625
vt 0.638184 0.633545
vt 0.630371 0.625488
vt 0.630371 0.635986
vt 0.626465 0.630859
vt 0.624512 0.633789
vt 0.651367 0.637207
vt 0.626953 0.638916
vt 0.621094 0.637207
vt 0.624023 0.642578
vt 0.629883 0.644043
vt 0.626953 0.647217
vt 0.629395 0.653564
vt 0.634766 0.648682
vt 0.635254 0.642578
vt 0.641113 0.653564
vt 0.639160 0.638672
vt 0.645020 0.638916
vt 0.647461 0.638672
vt 0.650391 0.640381
vt 0.650391 0.645264
vt 0.645020 0.645508
vt 0.648926 0.640869
vt 0.645996 0.641357
vt 0.651367 0.647705
vt 0.644531 0.640869
vt 0.643066 0.640625
vt 0.648926 0.648438
vt 0.651367 0.648438
vt 0.654297 0.648682
vt 0.641602 0.640869
vt 0.638184 0.641357
vt 0.639160 0.646484
vt 0.640625 0.651123
vt 0.645020 0.649658
vt 0.645508 0.653076
vt 0.647461 0.650635
vt 0.648926 0.654053
vt 0.649414 0.649414
vt 0.648438 0.651367
vt 0.653320 0.655029
vt 0.651367 0.648926
vt 0.654297 0.649414
vt 0.649902 0.649902
vt 0.656250 0.650391
vt 0.649414 0.651123
vt 0.655273 0.651367
vt 0.650391 0.652100
vt 0.650391 0.651855
vt 0.652344 0.652588
vt 0.652344 0.652100
vt 0.653809 0.651611
vt 0.654297 0.652344
vt 0.655762 0.651611
vt 0.881836 0.635010
vt 0.839355 0.635742
vt 0.881836 0.651855
vt 0.840820 0.641846
vt 0.849121 0.660889
vt 0.869629 0.669678
vt 0.819336 0.653564
vt 0.822754 0.638916
vt 0.802246 0.628906
vt 0.840332 0.688965
vt 0.861816 0.696533
vt 0.846191 0.719727
vt 0.823242 0.715576
vt 0.836914 0.735107
vt 0.812988 0.671387
vt 0.798828 0.630615
vt 0.794922 0.624756
vt 0.793945 0.633057
vt 0.799805 0.646729
vt 0.797852 0.688965
vt 0.789551 0.659912
vt 0.786133 0.643555
vt 0.779297 0.631348
vt 0.782715 0.624268
vt 0.770996 0.615479
vt 0.767578 0.621338
vt 0.767090 0.638184
vt 0.749023 0.621338
vt 0.751953 0.617920
vt 0.733887 0.604736
vt 0.743652 0.624268
vt 0.754395 0.639404
vt 0.764160 0.659424
vt 0.778809 0.675537
vt 0.745605 0.658203
vt 0.770020 0.681396
vt 0.785645 0.699707
vt 0.805664 0.713867
vt 0.804688 0.715820
vt 0.800293 0.715088
vt 0.805664 0.718994
vt 0.813965 0.721924
vt 0.820312 0.729736
vt 0.814941 0.725830
vt 0.808594 0.727539
vt 0.812012 0.742432
vt 0.804688 0.729248
vt 0.803223 0.735840
vt 0.823242 0.746826
vt 0.837891 0.744141
vt 0.828125 0.760498
vt 0.817383 0.763062
vt 0.828613 0.787964
vt 0.804688 0.774658
vt 0.792969 0.750854
vt 0.792969 0.740723
vt 0.804199 0.758789
vt 0.793457 0.767822
vt 0.788574 0.773804
vt 0.783203 0.768433
vt 0.786133 0.761475
vt 0.782715 0.765137
vt 0.772949 0.756836
vt 0.770996 0.760986
vt 0.760254 0.757446
vt 0.785645 0.742920
vt 0.791504 0.737061
vt 0.784668 0.729980
vt 0.774902 0.734131
vt 0.773438 0.748535
vt 0.761719 0.745117
vt 0.764160 0.733643
vt 0.731445 0.734619
vt 0.760254 0.750610
vt 0.760742 0.753174
vt 0.759766 0.755005
vt 0.753906 0.753418
vt 0.497314 0.046387
vt 0.496582 0.031250
vt 0.482910 0.027344
vt 0.477539 0.035156
vt 0.477051 0.046387
vt 0.478271 0.086426
vt 0.454346 0.045410
vt 0.445801 0.025391
vt 0.441406 0.034668
vt 0.458984 0.066895
vt 0.434082 0.050293
vt 0.431885 0.036133
vt 0.447266 0.094238
vt 0.455322 0.125977
vt 0.437988 0.104004
vt 0.425781 0.078125
vt 0.406738 0.081543
vt 0.414307 0.063477
vt 0.401855 0.042969
vt 0.400391 0.034180
vt 0.397217 0.052246
vt 0.360596 0.043945
vt 0.495361 0.759766
vt 0.507812 0.767578
vt 0.505859 0.752075
vt 0.518066 0.749268
vt 0.516113 0.736572
vt 0.530762 0.772095
vt 0.541016 0.747803
vt 0.524414 0.738525
vt 0.529297 0.735840
vt 0.554199 0.772339
vt 0.546875 0.731934
vt 0.564941 0.738037
vt 0.536133 0.724365
vt 0.557129 0.757568
vt 0.576172 0.759277
vt 0.575684 0.775879
vt 0.543945 0.708984
vt 0.538086 0.710693
vt 0.542969 0.692627
vt 0.552246 0.707031
vt 0.557617 0.721191
vt 0.563477 0.710938
vt 0.572266 0.721191
vt 0.587891 0.770752
vt 0.585938 0.778198
vt 0.602051 0.766357
vt 0.591309 0.764038
vt 0.588379 0.757568
vt 0.600098 0.744873
vt 0.584961 0.740967
vt 0.598633 0.741211
vt 0.603027 0.736328
vt 0.595703 0.737061
vt 0.590332 0.728027
vt 0.583496 0.728027
vt 0.595215 0.714355
vt 0.589844 0.709229
vt 0.600098 0.703857
vt 0.595215 0.702637
vt 0.580078 0.694580
vt 0.592285 0.694092
vt 0.586426 0.676270
vt 0.577637 0.706299
vt 0.569336 0.700439
vt 0.572754 0.690430
vt 0.579590 0.677734
vt 0.575684 0.662842
vt 0.574219 0.677246
vt 0.232910 0.712646
vt 0.244507 0.722168
vt 0.255127 0.718750
vt 0.261963 0.705566
vt 0.240601 0.693604
vt 0.261475 0.689209
vt 0.233521 0.672852
vt 0.235596 0.662109
vt 0.305664 0.688477
vt 0.304199 0.700195
vt 0.240356 0.649170
vt 0.222412 0.635742
vt 0.234985 0.639648
vt 0.240601 0.626221
vt 0.296387 0.656494
vt 0.258789 0.625000
vt 0.310791 0.619141
vt 0.325928 0.641846
vt 0.329102 0.657715
vt 0.331787 0.618164
vt 0.334473 0.666992
vt 0.326416 0.615723
vt 0.344482 0.694336
vt 0.347412 0.716797
vt 0.343262 0.669189
vt 0.363770 0.705078
vt 0.234863 0.587891
vt 0.225586 0.589355
vt 0.225342 0.577637
vt 0.244019 0.581055
vt 0.264160 0.587646
vt 0.298584 0.580811
vt 0.248169 0.572510
vt 0.264404 0.570557
vt 0.245605 0.542725
vt 0.257080 0.541016
vt 0.355957 0.674805
vt 0.385010 0.665771
vt 0.380859 0.699219
vt 0.412598 0.688965
vt 0.397461 0.710693
vt 0.419189 0.715820
vt 0.441406 0.705566
vt 0.434570 0.682129
vt 0.351562 0.655273
vt 0.341309 0.653809
vt 0.343018 0.647217
vt 0.352539 0.643066
vt 0.363281 0.641846
vt 0.354980 0.631592
vt 0.369873 0.627441
vt 0.394775 0.635986
vt 0.393799 0.585449
vt 0.402832 0.597412
vt 0.430176 0.659424
vt 0.467773 0.640137
vt 0.433350 0.640137
vt 0.419189 0.643555
vt 0.432617 0.625977
vt 0.413818 0.615479
vt 0.462646 0.566895
vt 0.652832 0.710205
vt 0.662109 0.710449
vt 0.667969 0.721436
vt 0.654297 0.718506
vt 0.649414 0.716064
vt 0.646973 0.725830
vt 0.645020 0.719727
vt 0.662109 0.726807
vt 0.639648 0.725830
vt 0.639160 0.720947
vt 0.633789 0.725342
vt 0.638672 0.730713
vt 0.630371 0.731689
vt 0.628906 0.728516
vt 0.622070 0.732666
vt 0.651855 0.733154
vt 0.642578 0.736816
vt 0.658203 0.742920
vt 0.668457 0.738770
vt 0.647461 0.744873
vt 0.635742 0.739990
vt 0.631348 0.733643
vt 0.625488 0.736816
vt 0.624023 0.734863
vt 0.620117 0.736816
vt 0.614746 0.734131
vt 0.614746 0.737061
vt 0.614258 0.740234
vt 0.620605 0.739502
vt 0.615234 0.744141
vt 0.628418 0.744141
vt 0.625488 0.748779
vt 0.620605 0.753174
vt 0.633789 0.754272
vt 0.629883 0.761108
vt 0.636719 0.750000
vt 0.632812 0.760254
vt 0.637207 0.763062
vt 0.634277 0.758179
vt 0.638184 0.758545
vt 0.649902 0.763062
vt 0.637695 0.756470
vt 0.639160 0.755859
vt 0.641113 0.747314
vt 0.642578 0.754272
vt 0.648926 0.755737
vt 0.644043 0.750977
vt 0.649414 0.748291
vt 0.650879 0.747559
vt 0.660156 0.754028
vt 0.660156 0.761841
vt 0.683594 0.722656
vt 0.693359 0.725830
vt 0.030426 0.051758
vt 0.030411 0.055664
vt 0.034821 0.050293
vt 0.036957 0.054199
vt 0.041504 0.041504
vt 0.049194 0.043457
vt 0.046509 0.037109
vt 0.052612 0.036133
vt 0.037109 0.060059
vt 0.031342 0.067383
vt 0.026581 0.066406
vt 0.022263 0.075684
vt 0.044586 0.056152
vt 0.054199 0.055176
vt 0.059235 0.047363
vt 0.057404 0.036621
vt 0.063843 0.041504
vt 0.048828 0.061523
vt 0.061676 0.035645
vt 0.044250 0.067871
vt 0.068115 0.037598
vt 0.040314 0.064941
vt 0.036743 0.072754
vt 0.041046 0.076172
vt 0.033142 0.078613
vt 0.036957 0.082520
vt 0.029404 0.087891
vt 0.025665 0.078125
vt 0.027695 0.083984
vt 0.023941 0.082031
vt 0.020203 0.082520
vt 0.023010 0.084961
vt 0.021439 0.088379
vt 0.127686 0.137695
vt 0.130127 0.125000
vt 0.113647 0.124512
vt 0.112244 0.135254
vt 0.125977 0.142578
vt 0.090942 0.124512
vt 0.105408 0.141113
vt 0.088379 0.135742
vt 0.073608 0.124512
vt 0.089172 0.142578
vt 0.072144 0.136719
vt 0.053406 0.126953
vt 0.075500 0.146973
vt 0.055298 0.137695
vt 0.037537 0.131836
vt 0.068237 0.145996
vt 0.074463 0.153320
vt 0.067078 0.156250
vt 0.074341 0.160156
vt 0.068420 0.165527
vt 0.059418 0.166016
vt 0.055939 0.155273
vt 0.045319 0.163086
vt 0.042419 0.152832
vt 0.039581 0.165039
vt 0.035309 0.162598
vt 0.056946 0.145020
vt 0.044708 0.144531
vt 0.026825 0.151855
vt 0.023727 0.155762
vt 0.025864 0.146484
vt 0.026871 0.143066
vt 0.025833 0.135742
vt 0.015472 0.144043
vt 0.011787 0.143555
vt 0.013420 0.140137
vt 0.016541 0.142578
vt 0.663574 0.677734
vt 0.653320 0.671875
vt 0.653809 0.677490
vt 0.655273 0.686279
vt 0.642578 0.689209
vt 0.638184 0.674072
vt 0.636230 0.686768
vt 0.656738 0.692139
vt 0.650391 0.691650
vt 0.649902 0.695312
vt 0.641113 0.691650
vt 0.635254 0.689453
vt 0.626953 0.687256
vt 0.627441 0.684570
vt 0.618652 0.686279
vt 0.619629 0.682617
vt 0.611328 0.684326
vt 0.629883 0.672607
vt 0.611816 0.680908
vt 0.604492 0.683594
vt 0.621094 0.671631
vt 0.603516 0.678711
vt 0.611816 0.670654
vt 0.621094 0.663330
vt 0.598633 0.682129
vt 0.598633 0.683838
vt 0.597656 0.684082
vt 0.595215 0.683594
vt 0.594727 0.678467
vt 0.604004 0.669189
vt 0.595215 0.666992
vt 0.602051 0.657471
vt 0.598145 0.655762
vt 0.605957 0.651855
vt 0.608887 0.653564
vt 0.602539 0.649170
vt 0.608887 0.643555
vt 0.611328 0.647461
vt 0.614746 0.640137
vt 0.616699 0.645508
vt 0.607422 0.658447
vt 0.613281 0.650879
vt 0.624023 0.649902
vt 0.610352 0.661377
vt 0.615234 0.660400
vt 0.611328 0.657471
vt 0.620117 0.656250
vt 0.630371 0.662842
vt 0.614258 0.657715
vt 0.609375 0.656494
vt 0.613281 0.654297
vt 0.616699 0.652832
vt 0.617188 0.651855
vt 0.619141 0.651367
vt 0.620117 0.651123
vt 0.623535 0.653320
vt 0.626465 0.650391
vt 0.638184 0.664795
vt 0.643555 0.670166
vt 0.138916 0.034180
vt 0.131836 0.031250
vt 0.136963 0.037109
vt 0.135742 0.037109
vt 0.128662 0.039062
vt 0.132324 0.043457
vt 0.123230 0.035645
vt 0.112549 0.025391
vt 0.110657 0.040039
vt 0.123596 0.041992
vt 0.126099 0.047363
vt 0.117310 0.049316
vt 0.114502 0.043945
vt 0.106995 0.050781
vt 0.106018 0.044434
vt 0.096741 0.049805
vt 0.096924 0.043945
vt 0.090149 0.050293
vt 0.100830 0.029297
vt 0.100281 0.014648
vt 0.089905 0.020508
vt 0.088074 0.043457
vt 0.079041 0.049805
vt 0.093018 0.039062
vt 0.088196 0.024414
vt 0.074646 0.044434
vt 0.070435 0.047852
vt 0.075256 0.037109
vt 0.069519 0.028320
vt 0.068970 0.009277
vt 0.062347 0.023438
vt 0.053040 0.030762
vt 0.042603 0.001953
vt 0.045959 0.020996
vt 0.040863 0.029785
vt 0.029785 0.017090
vt 0.021164 0.010254
vt 0.015282 0.031250
vt 0.002989 0.021484
vt 0.007446 0.105469
vt 0.008469 0.104492
vt 0.005180 0.102051
vt 0.006050 0.105469
vt 0.004253 0.105469
vt 0.002359 0.104980
vt 0.006504 0.122559
vt 0.007488 0.122070
vt 0.005264 0.119629
vt 0.005516 0.122559
vt 0.004391 0.122559
vt 0.003193 0.122070
vt 0.005703 0.137207
vt 0.003986 0.139160
vt 0.004807 0.139648
vt 0.005547 0.139648
vt 0.006329 0.139160
vt 0.007263 0.139160
vt 0.015854 0.103027
vt 0.011749 0.109863
vt 0.013412 0.109863
vt 0.015228 0.110840
vt 0.017487 0.110840
vt 0.018875 0.110352
vt 0.022919 0.100098
vt 0.020767 0.105957
vt 0.021835 0.105957
vt 0.022934 0.105957
vt 0.024261 0.105957
vt 0.025467 0.105469
vt 0.028214 0.116699
vt 0.025543 0.119141
vt 0.026627 0.119629
vt 0.027924 0.120117
vt 0.029266 0.119629
vt 0.030258 0.119629
vt 0.006397 0.148926
vt 0.003815 0.149414
vt 0.004589 0.150879
vt 0.006405 0.151367
vt 0.008026 0.150879
vt 0.008949 0.149414
vt 0.022903 0.129395
vt 0.024216 0.128906
vt 0.022049 0.126465
vt 0.021500 0.129395
vt 0.020294 0.129395
vt 0.019150 0.128418
vt 0.013832 0.113281
vt 0.010773 0.114258
vt 0.012184 0.115723
vt 0.013420 0.116211
vt 0.015137 0.116211
vt 0.016159 0.115723
vt 0.002846 0.081543
vt 0.002876 0.088379
vt 0.005993 0.081543
vt 0.009201 0.084961
vt 0.009315 0.087402
vt 0.009377 0.090820
vt 0.002533 0.099121
vt 0.005661 0.092285
vt 0.003519 0.091309
vt 0.007133 0.093262
vt 0.009094 0.095703
vt 0.010468 0.097656
vt 0.014801 0.090332
vt 0.012642 0.084473
vt 0.011322 0.085449
vt 0.014519 0.084473
vt 0.016891 0.084961
vt 0.018646 0.085938
vt 0.021683 0.097168
vt 0.023331 0.093750
vt 0.020325 0.092773
vt 0.019745 0.095703
vt 0.017365 0.100586
vt 0.017532 0.095215
vt 0.017303 0.091797
vt 0.015045 0.095703
vt 0.013443 0.097168
vt 0.014519 0.091797
vt 0.011856 0.093262
vt 0.017288 0.078613
vt 0.016098 0.078125
vt 0.015594 0.080566
vt 0.014809 0.078125
vt 0.013725 0.079102
vt 0.012901 0.080078
vt 0.110962 0.213379
vt 0.115784 0.229492
vt 0.131836 0.225098
vt 0.128540 0.210938
vt 0.104614 0.201172
vt 0.146851 0.220215
vt 0.117432 0.190430
vt 0.142090 0.203125
vt 0.134766 0.194336
vt 0.117920 0.247070
vt 0.136108 0.242676
vt 0.155273 0.242188
vt 0.164917 0.222168
vt 0.176025 0.230469
vt 0.168091 0.247070
vt 0.178589 0.249023
vt 0.183350 0.235840
vt 0.194214 0.223145
vt 0.196045 0.210449
vt 0.220703 0.212402
vt 0.163818 0.209473
vt 0.185791 0.197266
vt 0.218628 0.202148
vt 0.156128 0.200195
vt 0.235596 0.198730
vt 0.250977 0.208984
vt 0.210327 0.185547
vt 0.171387 0.193359
vt 0.199463 0.171387
vt 0.155151 0.197754
vt 0.167969 0.187988
vt 0.140625 0.186035
vt 0.130371 0.187012
vt 0.185059 0.165527
vt 0.165649 0.184082
vt 0.128784 0.171875
vt 0.118042 0.172363
vt 0.152466 0.173828
vt 0.162964 0.159180
vt 0.201538 0.153320
vt 0.187012 0.152832
vt 0.215454 0.160156
vt 0.167603 0.147949
vt 0.145630 0.153320
vt 0.146484 0.141602
vt 0.143311 0.158691
vt 0.137817 0.166504
vt 0.227905 0.178711
vt 0.140625 0.147461
vt 0.135376 0.135254
vt 0.128174 0.144043
vt 0.141846 0.154297
vt 0.137939 0.156738
vt 0.121765 0.151367
vt 0.134399 0.162598
vt 0.127563 0.167969
vt 0.116943 0.160156
vt 0.111450 0.166504
vt 0.106140 0.182617
vt 0.096313 0.189453
vt 0.091858 0.179688
vt 0.099976 0.173828
vt 0.365723 0.384277
vt 0.394775 0.354980
vt 0.385010 0.344727
vt 0.348389 0.363281
vt 0.360107 0.317871
vt 0.343750 0.403809
vt 0.329590 0.334961
vt 0.338135 0.289062
vt 0.330322 0.377930
vt 0.361816 0.420410
vt 0.310303 0.307617
vt 0.322998 0.269043
vt 0.368652 0.439453
vt 0.378662 0.470703
vt 0.344971 0.456543
vt 0.376465 0.499023
vt 0.332275 0.439453
vt 0.320068 0.421875
vt 0.326660 0.474121
vt 0.361572 0.510986
vt 0.309570 0.458008
vt 0.310547 0.490234
vt 0.346924 0.525879
vt 0.292236 0.474609
vt 0.269531 0.455566
vt 0.291748 0.438965
vt 0.318604 0.396484
vt 0.271729 0.426270
vt 0.256836 0.447266
vt 0.292725 0.400879
vt 0.304932 0.380859
vt 0.251221 0.418457
vt 0.236694 0.437988
vt 0.270752 0.391602
vt 0.314697 0.346680
vt 0.285156 0.377441
vt 0.298584 0.321777
vt 0.289062 0.354004
vt 0.253662 0.367188
vt 0.215210 0.414551
vt 0.208740 0.423828
vt 0.176758 0.397949
vt 0.243896 0.381348
vt 0.183472 0.393555
vt 0.171143 0.391602
vt 0.230225 0.397949
vt 0.198608 0.374512
vt 0.182007 0.383789
vt 0.209473 0.357422
vt 0.175781 0.377441
vt 0.165405 0.385254
vt 0.154785 0.371094
vt 0.194214 0.370117
vt 0.188477 0.363770
vt 0.166626 0.360352
vt 0.140869 0.344727
vt 0.154175 0.336426
vt 0.130371 0.318359
vt 0.181885 0.348145
vt 0.196167 0.350586
vt 0.144409 0.312500
vt 0.123535 0.292969
vt 0.203125 0.354980
vt 0.203491 0.338379
vt 0.171997 0.325684
vt 0.211792 0.340332
vt 0.200928 0.328613
vt 0.220825 0.344238
vt 0.215698 0.332520
vt 0.261719 0.349121
vt 0.231079 0.333496
vt 0.212402 0.322266
vt 0.217407 0.320801
vt 0.189087 0.313477
vt 0.285156 0.329590
vt 0.199219 0.309570
vt 0.295166 0.315918
vt 0.298340 0.291016
vt 0.298340 0.253906
vt 0.284424 0.267090
vt 0.271484 0.254395
vt 0.281250 0.238770
vt 0.259766 0.229004
vt 0.255859 0.244629
vt 0.283936 0.325195
vt 0.226807 0.226562
vt 0.233032 0.239258
vt 0.212036 0.245605
vt 0.203491 0.236328
vt 0.194824 0.245605
vt 0.200562 0.260254
vt 0.188477 0.255859
vt 0.195557 0.274414
vt 0.175659 0.266602
vt 0.185791 0.270020
vt 0.188965 0.284180
vt 0.199585 0.290039
vt 0.177612 0.282227
vt 0.193970 0.295898
vt 0.208008 0.307617
vt 0.186890 0.297363
vt 0.164917 0.264160
vt 0.169189 0.284180
vt 0.152832 0.263184
vt 0.178467 0.299805
vt 0.156250 0.286621
vt 0.134521 0.265137
vt 0.119812 0.267578
vt 0.137207 0.289062
vt 0.162842 0.305176
vt 0.204346 0.309082
vt 0.219360 0.318359
vt 0.233887 0.325684
vt 0.232910 0.329590
vt 0.252686 0.327148
vt 0.251465 0.334961
vt 0.251465 0.330078
vt 0.264648 0.328125
vt 0.265381 0.326172
vt 0.265869 0.333984
vt 0.416504 0.369629
vt 0.473389 0.368652
vt 0.434570 0.327148
vt 0.451172 0.341797
vt 0.472656 0.327148
vt 0.495850 0.352051
vt 0.421875 0.314453
vt 0.458008 0.311523
vt 0.489502 0.315918
vt 0.528320 0.346191
vt 0.472168 0.291992
vt 0.508301 0.313965
vt 0.439697 0.292480
vt 0.457764 0.267578
vt 0.395752 0.288086
vt 0.530762 0.331055
vt 0.541992 0.342285
vt 0.529785 0.317383
vt 0.520996 0.310547
vt 0.414551 0.264160
vt 0.369873 0.262695
vt 0.436523 0.243164
vt 0.464600 0.248047
vt 0.461182 0.235352
vt 0.357666 0.242188
vt 0.389893 0.234863
vt 0.448242 0.223633
vt 0.467041 0.220215
vt 0.461426 0.208984
vt 0.317383 0.239746
vt 0.410889 0.212891
vt 0.449707 0.198242
vt 0.471436 0.191406
vt 0.459961 0.182129
vt 0.433838 0.204590
vt 0.438721 0.177734
vt 0.459961 0.174316
vt 0.297852 0.215820
vt 0.422119 0.187988
vt 0.272705 0.209961
vt 0.256836 0.196289
vt 0.278320 0.195312
vt 0.317627 0.194824
vt 0.247192 0.174805
vt 0.339600 0.219238
vt 0.268799 0.184082
vt 0.272705 0.164062
vt 0.239380 0.157227
vt 0.223511 0.147949
vt 0.250000 0.150879
vt 0.274414 0.137207
vt 0.240723 0.150879
vt 0.251709 0.126465
vt 0.228394 0.116699
vt 0.370361 0.221680
vt 0.389160 0.201172
vt 0.402344 0.198730
vt 0.397217 0.189453
vt 0.375244 0.196777
vt 0.353027 0.203125
vt 0.363770 0.205566
vt 0.343994 0.188477
vt 0.365234 0.196289
vt 0.375977 0.183105
vt 0.362793 0.183105
vt 0.347412 0.174316
vt 0.361572 0.171875
vt 0.329102 0.183105
vt 0.296387 0.176758
vt 0.328125 0.168945
vt 0.342773 0.163574
vt 0.304199 0.161133
vt 0.317139 0.156250
vt 0.288574 0.148438
vt 0.299805 0.127930
vt 0.307373 0.145996
vt 0.319336 0.152344
vt 0.338867 0.156250
vt 0.320068 0.134766
vt 0.307617 0.114746
vt 0.333984 0.141113
vt 0.285156 0.114258
vt 0.324951 0.124023
vt 0.349854 0.136719
vt 0.339355 0.125488
vt 0.322510 0.114746
vt 0.330811 0.114258
vt 0.336914 0.115723
vt 0.317383 0.110352
vt 0.353271 0.114746
vt 0.358643 0.093262
vt 0.360840 0.099121
vt 0.309814 0.100586
vt 0.319824 0.100586
vt 0.297363 0.094727
vt 0.317383 0.093262
vt 0.328857 0.093262
vt 0.321289 0.087402
vt 0.309082 0.085449
vt 0.326172 0.062988
vt 0.304443 0.077637
vt 0.291748 0.080078
vt 0.272217 0.079590
vt 0.272461 0.095703
vt 0.274658 0.118164
vt 0.265625 0.122559
vt 0.269531 0.115723
vt 0.252686 0.115234
vt 0.256836 0.108887
vt 0.243042 0.069824
vt 0.232910 0.102051
vt 0.264893 0.060547
vt 0.246582 0.055176
vt 0.281982 0.061035
vt 0.274414 0.047852
vt 0.285645 0.049805
vt 0.277100 0.033691
vt 0.263672 0.029785
vt 0.288818 0.036133
vt 0.291016 0.025879
vt 0.235840 0.095215
vt 0.238281 0.067383
vt 0.257324 0.040527
vt 0.280518 0.027832
vt 0.282959 0.021973
vt 0.278809 0.019531
vt 0.281250 0.008789
vt 0.272705 0.021484
vt 0.267578 0.017578
vt 0.265625 0.021484
vt 0.265869 0.016113
vt 0.261230 0.020996
vt 0.257568 0.027344
vt 0.253174 0.036133
vt 0.249878 0.037598
vt 0.248901 0.044922
vt 0.240234 0.040039
vt 0.236816 0.049316
vt 0.219482 0.055176
vt 0.242432 0.029297
vt 0.249878 0.027344
vt 0.252441 0.015625
vt 0.225586 0.044922
vt 0.244751 0.018555
vt 0.250732 0.015625
vt 0.249023 0.002930
vt 0.238525 0.015625
vt 0.233032 0.029785
vt 0.229858 0.035156
vt 0.227417 0.035645
vt 0.217773 0.037109
vt 0.226074 0.028809
vt 0.214722 0.046387
vt 0.197510 0.054199
vt 0.216064 0.066406
vt 0.219360 0.028320
vt 0.226196 0.021484
vt 0.222168 0.020020
vt 0.228027 0.011719
vt 0.217407 0.017578
vt 0.215698 0.027344
vt 0.210815 0.025391
vt 0.211182 0.034668
vt 0.207153 0.031738
vt 0.202148 0.037598
vt 0.204834 0.042480
vt 0.197144 0.044922
vt 0.185181 0.041016
vt 0.196045 0.038574
vt 0.197388 0.021973
vt 0.177124 0.035645
vt 0.169434 0.042480
vt 0.168457 0.038574
vt 0.161255 0.039551
vt 0.156860 0.041992
vt 0.160522 0.034668
vt 0.152954 0.039551
vt 0.169189 0.052246
vt 0.151611 0.050781
vt 0.148804 0.044434
vt 0.144775 0.040039
vt 0.142944 0.042969
vt 0.141968 0.039062
vt 0.135986 0.041016
vt 0.136963 0.050781
vt 0.136230 0.059082
vt 0.184082 0.053223
vt 0.167847 0.059570
vt 0.152710 0.059570
vt 0.152832 0.069336
vt 0.135132 0.066895
vt 0.136597 0.077148
vt 0.184570 0.063965
vt 0.178833 0.083008
vt 0.155029 0.079102
vt 0.152832 0.085449
vt 0.136475 0.082520
vt 0.176025 0.088867
vt 0.198486 0.064453
vt 0.192627 0.093262
vt 0.173340 0.106445
vt 0.192139 0.109863
vt 0.195068 0.087402
vt 0.211548 0.098633
vt 0.209351 0.112305
vt 0.215820 0.092285
vt 0.233032 0.094238
vt 0.166016 0.134766
vt 0.187988 0.142090
vt 0.207642 0.146973
vt 0.136963 0.104980
vt 0.153687 0.104492
vt 0.139771 0.125000
vt 0.152710 0.126953
vt 0.358398 0.163086
vt 0.372314 0.175293
vt 0.381348 0.166504
vt 0.389404 0.180176
vt 0.404053 0.159668
vt 0.411133 0.175781
vt 0.426025 0.168457
vt 0.420654 0.155762
vt 0.447998 0.164062
vt 0.438965 0.156250
vt 0.461670 0.151367
vt 0.468994 0.158203
vt 0.480957 0.148438
vt 0.475098 0.143066
vt 0.452881 0.143555
vt 0.466797 0.134766
vt 0.484863 0.129395
vt 0.432129 0.148438
vt 0.482178 0.123535
vt 0.497314 0.116699
vt 0.479248 0.119629
vt 0.463867 0.126953
vt 0.444824 0.135742
vt 0.421143 0.144531
vt 0.419678 0.138184
vt 0.400146 0.150391
vt 0.388916 0.151367
vt 0.428467 0.141602
vt 0.440430 0.135254
vt 0.446045 0.130859
vt 0.437988 0.132812
vt 0.365234 0.153320
vt 0.386230 0.139648
vt 0.350098 0.151367
vt 0.351318 0.161133
vt 0.372559 0.133301
vt 0.386963 0.125000
vt 0.395020 0.125488
vt 0.400879 0.117188
vt 0.387939 0.119629
vt 0.366699 0.118652
vt 0.378906 0.109863
vt 0.393555 0.105957
vt 0.360352 0.107910
vt 0.372559 0.100098
vt 0.369141 0.094238
vt 0.390381 0.101074
vt 0.399658 0.094727
vt 0.391357 0.091797
vt 0.383545 0.095703
vt 0.383545 0.088379
vt 0.378174 0.085449
vt 0.394043 0.070801
vt 0.396484 0.073242
vt 0.399170 0.075684
vt 0.407471 0.063965
vt 0.544434 0.205566
vt 0.532715 0.187988
vt 0.515137 0.178223
vt 0.496094 0.191406
vt 0.467773 0.242188
vt 0.478760 0.198730
vt 0.491211 0.179199
vt 0.507324 0.162109
vt 0.467041 0.183594
vt 0.491455 0.151855
vt 0.484619 0.171875
vt 0.006390 0.993397
vt 0.080566 0.993397
vt 0.007057 0.968292
vt 0.102966 0.919189
vt 0.025589 0.906311
vt 0.181885 0.993397
vt 0.187866 0.934631
vt 0.248169 0.993397
vt 0.251221 0.939178
vt 0.322021 0.993397
vt 0.326904 0.951355
vt 0.441406 0.993397
vt 0.441650 0.957611
vt 0.544434 0.993397
vt 0.538574 0.937439
vt 0.101746 0.751587
vt 0.077026 0.736328
vt 0.042145 0.755859
vt 0.087158 0.781250
vt 0.030807 0.785645
vt 0.023865 0.833862
vt 0.117554 0.761597
vt 0.120178 0.747314
vt 0.151978 0.781616
vt 0.116028 0.848633
vt 0.183960 0.815918
vt 0.187378 0.785400
vt 0.234619 0.826660
vt 0.258545 0.853882
vt 0.336426 0.889099
vt 0.445557 0.895203
vt 0.532715 0.889709
vt 0.221924 0.802734
vt 0.264648 0.826172
vt 0.236450 0.770142
vt 0.244385 0.808594
vt 0.278320 0.784058
vt 0.295166 0.842529
vt 0.293213 0.830200
vt 0.316406 0.798096
vt 0.313477 0.835938
vt 0.309326 0.848999
vt 0.359619 0.851440
vt 0.354248 0.828125
vt 0.371338 0.814209
vt 0.375244 0.840454
vt 0.389160 0.854858
vt 0.376221 0.837891
vt 0.404297 0.842529
vt 0.392090 0.850464
vt 0.425781 0.863403
vt 0.449707 0.855347
vt 0.439453 0.846558
vt 0.468506 0.863281
vt 0.458496 0.847168
vt 0.516113 0.845093
vt 0.488525 0.849121
vt 0.536133 0.849243
vt 0.510254 0.832031
vt 0.532715 0.825073
vt 0.435303 0.829590
vt 0.520020 0.775513
vt 0.541504 0.813965
vt 0.496094 0.812866
vt 0.494385 0.826416
vt 0.473877 0.845337
vt 0.470215 0.837280
vt 0.470459 0.823242
vt 0.458252 0.815674
vt 0.424805 0.817627
vt 0.457275 0.776611
vt 0.414307 0.800659
vt 0.419434 0.757568
vt 0.348145 0.795044
vt 0.351318 0.739990
vt 0.300781 0.781738
vt 0.287354 0.755371
vt 0.305664 0.766235
vt 0.317871 0.733398
vt 0.288574 0.748535
vt 0.287842 0.738037
vt 0.265137 0.755127
vt 0.248779 0.746582
vt 0.269287 0.705811
vt 0.217041 0.753174
vt 0.184448 0.759644
vt 0.158447 0.767944
vt 0.132812 0.731689
vt 0.193481 0.746338
vt 0.229980 0.683350
vt 0.172119 0.733398
vt 0.174316 0.627441
vt 0.101074 0.714355
vt 0.096619 0.737793
vt 0.095032 0.749268
vt 0.077942 0.733643
vt 0.083313 0.706787
vt 0.061890 0.714844
vt 0.799316 0.908813
vt 0.841309 0.890198
vt 0.792969 0.880676
vt 0.818848 0.921326
vt 0.070435 0.201172
vt 0.082581 0.176270
vt 0.036530 0.180176
vt 0.101013 0.218750
vt 0.228516 0.244629
vt 0.233032 0.285645
vt 0.238281 0.246582
vt 0.202515 0.282715
vt 0.231323 0.318359
vt 0.806641 0.831421
vt 0.807129 0.851685
vt 0.846191 0.841431
vt 0.808594 0.875854
vt 0.809570 0.060547
vt 0.823730 0.045410
vt 0.777832 0.051270
vt 0.804688 0.075195
vt 0.788574 0.042969
vt 0.796387 0.004395
vt 0.763672 0.036133
vt 0.798828 0.040527
vt 0.969727 0.210449
vt 0.919922 0.266602
vt 0.963867 0.271484
vt 0.982422 0.260254
vt 0.865234 0.042969
vt 0.880371 0.020996
vt 0.853027 0.020996
vt 0.884277 0.038086
vt 0.179321 0.619873
vt 0.195557 0.633301
vt 0.214722 0.577881
vt 0.216064 0.631836
vt 0.069336 0.117188
vt 0.057556 0.080566
vt 0.034363 0.102539
vt 0.095398 0.110352
vt 0.514160 0.778564
vt 0.493652 0.777710
vt 0.501465 0.794189
vt 0.490234 0.794678
vt 0.241089 0.318848
vt 0.270264 0.307129
vt 0.244019 0.288574
vt 0.277832 0.267578
vt 0.024460 0.210449
vt 0.011063 0.153809
vt 0.009064 0.218262
vt 0.042877 0.208496
vt 0.052917 0.199219
vt 0.921387 0.227051
vt 0.915527 0.235352
vt 0.982910 0.200195
vt 0.927734 0.195801
vt 0.938965 0.171387
vt 0.908203 0.989105
vt 0.953613 0.994415
vt 0.956055 0.939911
vt 0.910645 0.933044
vt 0.954590 0.871582
vt 0.878418 0.966156
vt 0.873535 0.977081
vt 0.875977 0.950073
vt 0.910645 0.871338
vt 0.952637 0.807129
vt 0.887695 0.903198
vt 0.879883 0.921875
vt 0.888184 0.888184
vt 0.853027 0.929443
vt 0.878418 0.905701
vt 0.840820 0.951294
vt 0.871582 0.965576
vt 0.813477 0.925110
vt 0.837402 0.963348
vt 0.849121 0.974304
vt 0.854004 0.899536
vt 0.863281 0.878357
vt 0.827148 0.873291
vt 0.849121 0.863525
vt 0.865234 0.839111
vt 0.887207 0.860840
vt 0.901367 0.805786
vt 0.916992 0.717529
vt 0.952637 0.718018
vt 0.888672 0.752808
vt 0.881348 0.795654
vt 0.958984 0.652100
vt 0.924805 0.646484
vt 0.935547 0.593994
vt 0.965332 0.597900
vt 0.968750 0.549316
vt 0.879395 0.839355
vt 0.872070 0.815186
vt 0.850098 0.834961
vt 0.854492 0.824707
vt 0.833008 0.819092
vt 0.868652 0.793701
vt 0.874512 0.781738
vt 0.848633 0.774170
vt 0.872559 0.765259
vt 0.879395 0.751709
vt 0.858887 0.755249
vt 0.877441 0.740479
vt 0.885742 0.719971
vt 0.856445 0.723389
vt 0.886230 0.703857
vt 0.896973 0.710938
vt 0.895020 0.677490
vt 0.876465 0.673340
vt 0.896484 0.657959
vt 0.902344 0.649414
vt 0.886230 0.649658
vt 0.899414 0.640381
vt 0.907227 0.629150
vt 0.887207 0.618896
vt 0.899414 0.619629
vt 0.911621 0.616211
vt 0.877441 0.586914
vt 0.919434 0.591553
vt 0.916504 0.588379
vt 0.906738 0.533203
vt 0.929688 0.560059
vt 0.928223 0.531250
vt 0.943848 0.546875
vt 0.933105 0.534668
vt 0.938965 0.512207
vt 0.927734 0.502197
vt 0.940918 0.493652
vt 0.952148 0.499023
vt 0.974121 0.499023
vt 0.953613 0.437988
vt 0.971680 0.442383
vt 0.970703 0.393555
vt 0.980957 0.398438
vt 0.984375 0.388672
vt 0.992188 0.993900
vt 0.993164 0.940643
vt 0.991699 0.869995
vt 0.989746 0.805054
vt 0.985352 0.717529
vt 0.983398 0.654785
vt 0.987305 0.601318
vt 0.988281 0.551025
vt 0.991211 0.500732
vt 0.994629 0.446777
vt 0.995605 0.399414
vt 0.745117 0.770020
vt 0.749512 0.799438
vt 0.763184 0.792480
vt 0.731934 0.809204
vt 0.795898 0.823975
vt 0.780273 0.786255
vt 0.775391 0.824951
vt 0.823730 0.819824
vt 0.742676 0.025879
vt 0.747070 0.004395
vt 0.725098 0.017090
vt 0.756836 0.030762
vt 0.535156 0.681152
vt 0.528809 0.661621
vt 0.515137 0.686279
vt 0.550293 0.675537
vt 0.502930 0.055664
vt 0.520508 0.057129
vt 0.505371 0.039062
vt 0.526367 0.038086
vt 0.511230 0.024902
vt 0.515137 0.021484
vt 0.532715 0.021973
vt 0.518555 0.015625
vt 0.520508 0.014160
vt 0.533203 0.020508
vt 0.549316 0.054688
vt 0.554688 0.032715
vt 0.551758 0.044434
vt 0.553711 0.034668
vt 0.562500 0.037598
vt 0.560547 0.040527
vt 0.562988 0.049805
vt 0.562012 0.055664
vt 0.564941 0.044434
vt 0.584473 0.053223
vt 0.352051 0.004883
vt 0.337158 0.007812
vt 0.339111 0.023926
vt 0.353271 0.021484
vt 0.343262 0.041992
vt 0.356934 0.039062
vt 0.379883 0.011719
vt 0.380371 0.020996
vt 0.380371 0.031250
vt 0.384766 0.026367
vt 0.387939 0.028320
vt 0.391357 0.022949
vt 0.392578 0.018555
vt 0.392334 0.014160
vt 0.411865 0.023438
vt 0.787598 0.079102
vt 0.782715 0.076660
vt 0.786133 0.080566
vt 0.777832 0.081543
vt 0.777832 0.072266
vt 0.763184 0.083008
vt 0.757324 0.068359
vt 0.735840 0.087402
vt 0.766113 0.061523
vt 0.779297 0.068359
vt 0.780273 0.072266
vt 0.746582 0.052246
vt 0.752930 0.048828
vt 0.747070 0.049316
vt 0.747559 0.045898
vt 0.752441 0.044434
vt 0.737793 0.049805
vt 0.741699 0.054199
vt 0.731445 0.062500
vt 0.733398 0.076660
vt 0.729492 0.069336
vt 0.720703 0.074707
vt 0.720703 0.080566
vt 0.714355 0.077637
vt 0.713867 0.086426
vt 0.712891 0.092285
vt 0.699219 0.090820
vt 0.655273 0.072266
vt 0.652832 0.068359
vt 0.651367 0.070312
vt 0.647949 0.054199
vt 0.628906 0.056641
vt 0.637207 0.047852
vt 0.622559 0.034668
vt 0.598633 0.036133
vt 0.638184 0.030273
vt 0.601562 0.028320
vt 0.578125 0.028809
vt 0.579102 0.024414
vt 0.563965 0.021973
vt 0.579590 0.020020
vt 0.597168 0.018066
vt 0.605469 0.018555
vt 0.596191 0.011230
vt 0.606445 0.014648
vt 0.624512 0.015137
vt 0.643555 0.013184
vt 0.649414 0.023926
vt 0.653809 0.037598
vt 0.665527 0.012695
vt 0.652344 0.010742
vt 0.665039 0.018555
vt 0.687500 0.021484
vt 0.682129 0.033203
vt 0.708008 0.040527
vt 0.713379 0.030762
vt 0.726562 0.041504
vt 0.728027 0.034668
vt 0.735840 0.038086
vt 0.732422 0.044922
vt 0.737305 0.039551
vt 0.719238 0.051758
vt 0.716309 0.048340
vt 0.702148 0.052734
vt 0.691895 0.048340
vt 0.694824 0.059570
vt 0.688477 0.060547
vt 0.690430 0.065430
vt 0.681152 0.062988
vt 0.684570 0.058105
vt 0.676758 0.048340
vt 0.675781 0.041016
vt 0.670410 0.031250
vt 0.668457 0.034180
vt 0.663086 0.029297
vt 0.668945 0.026855
vt 0.664062 0.020996
vt 0.651367 0.012695
vt 0.683105 0.078613
vt 0.685547 0.089844
vt 0.687500 0.080078
vt 0.658203 0.085938
vt 0.655762 0.106934
vt 0.676270 0.110840
vt 0.659668 0.129395
vt 0.623535 0.099121
vt 0.643066 0.122070
vt 0.625000 0.117676
vt 0.601074 0.104492
vt 0.601562 0.107422
vt 0.588379 0.112793
vt 0.602539 0.110352
vt 0.370117 0.071777
vt 0.355225 0.062500
vt 0.364746 0.074707
vt 0.346680 0.079590
vt 0.354980 0.089355
vt 0.337646 0.101074
vt 0.335205 0.059570
vt 0.340088 0.057129
vt 0.344482 0.053223
vt 0.337158 0.045410
vt 0.076294 0.377441
vt 0.053436 0.374512
vt 0.062561 0.391602
vt 0.048309 0.389160
vt 0.052002 0.396973
vt 0.021927 0.370117
vt 0.033478 0.384277
vt 0.026932 0.387695
vt 0.043823 0.403809
vt 0.033569 0.395020
vt 0.036865 0.412598
vt 0.026489 0.416992
vt 0.030396 0.416992
vt 0.225342 0.469727
vt 0.247681 0.486816
vt 0.246216 0.472168
vt 0.262451 0.476562
vt 0.273682 0.464844
vt 0.263428 0.484375
vt 0.268311 0.477539
vt 0.270508 0.501709
vt 0.273682 0.500732
vt 0.453125 0.458984
vt 0.447754 0.471680
vt 0.468262 0.478027
vt 0.471680 0.461914
vt 0.492920 0.477051
vt 0.487793 0.483887
vt 0.483643 0.456543
vt 0.481445 0.436035
vt 0.474121 0.435547
vt 0.474854 0.401855
vt 0.486328 0.744873
vt 0.491211 0.740723
vt 0.479492 0.739502
vt 0.494385 0.718750
vt 0.499268 0.733154
vt 0.479248 0.714600
vt 0.508789 0.724854
vt 0.484619 0.691406
vt 0.476318 0.693604
vt 0.472900 0.657227
vt 0.511719 0.707031
vt 0.520020 0.717773
vt 0.353027 0.785278
vt 0.363037 0.786865
vt 0.348389 0.779297
vt 0.365479 0.767822
vt 0.368164 0.781860
vt 0.382324 0.774170
vt 0.356934 0.764893
vt 0.389404 0.762695
vt 0.369385 0.750366
vt 0.363037 0.745117
vt 0.361816 0.738770
vt 0.376465 0.732178
vt 0.382568 0.748291
vt 0.402832 0.752930
vt 0.397705 0.737305
vt 0.417236 0.735840
vt 0.420654 0.742676
vt 0.392578 0.728271
vt 0.435059 0.734131
vt 0.407471 0.727539
vt 0.407227 0.723145
vt 0.412354 0.723877
vt 0.410645 0.728027
vt 0.416260 0.728516
vt 0.429932 0.724365
vt 0.431885 0.729492
vt 0.445557 0.720947
vt 0.437012 0.777222
vt 0.445557 0.780396
vt 0.433105 0.769897
vt 0.445068 0.764404
vt 0.435791 0.764526
vt 0.456055 0.770996
vt 0.458008 0.747070
vt 0.466309 0.765991
vt 0.437500 0.750610
vt 0.471680 0.757446
vt 0.446289 0.742188
vt 0.472168 0.743408
vt 0.460449 0.728027
vt 0.449951 0.727539
vt 0.470215 0.728760
vt 0.453857 0.709717
vt 0.468262 0.716553
vt 0.470215 0.715332
vt 0.468994 0.711914
vt 0.466309 0.715820
vt 0.458740 0.710205
vt 0.457520 0.695312
vt 0.463623 0.709473
vt 0.461182 0.696045
vt 0.464600 0.683350
vt 0.464111 0.696533
vt 0.401367 0.130371
vt 0.425781 0.130371
vt 0.405273 0.113770
vt 0.425781 0.117676
vt 0.445312 0.122070
vt 0.413086 0.096680
vt 0.408936 0.098145
vt 0.403809 0.099609
vt 0.400635 0.089355
vt 0.701660 0.149902
vt 0.732910 0.110352
vt 0.685059 0.133789
vt 0.754395 0.137695
vt 0.739746 0.170410
vt 0.820312 0.177246
vt 0.804199 0.215332
vt 0.865234 0.208984
vt 0.845215 0.246094
vt 0.878418 0.259766
vt 0.908203 0.201660
vt 0.909180 0.258789
vt 0.972168 0.302734
vt 0.961914 0.281738
vt 0.940918 0.291504
vt 0.929688 0.315918
vt 0.965820 0.343262
vt 0.984863 0.322266
vt 0.995605 0.335449
vt 0.983887 0.366211
vt 0.956543 0.399902
vt 0.913574 0.412598
vt 0.931641 0.430176
vt 0.924316 0.442383
vt 0.875488 0.397461
vt 0.864258 0.420898
vt 0.914062 0.461426
vt 0.855957 0.316406
vt 0.820312 0.291992
vt 0.830566 0.371094
vt 0.820801 0.400879
vt 0.854004 0.445801
vt 0.893555 0.496094
vt 0.813477 0.432129
vt 0.754883 0.385742
vt 0.842285 0.491211
vt 0.880371 0.545654
vt 0.825195 0.545166
vt 0.872070 0.593018
vt 0.835938 0.596191
vt 0.799316 0.482910
vt 0.761719 0.344727
vt 0.813965 0.594971
vt 0.835938 0.611572
vt 0.804199 0.610107
vt 0.788086 0.586426
vt 0.786133 0.609619
vt 0.781738 0.543701
vt 0.754395 0.586182
vt 0.755371 0.605713
vt 0.731934 0.535645
vt 0.724609 0.575928
vt 0.674316 0.559570
vt 0.740723 0.471191
vt 0.678223 0.525635
vt 0.650879 0.557861
vt 0.750000 0.418457
vt 0.679688 0.462891
vt 0.639648 0.519775
vt 0.628906 0.557129
vt 0.600586 0.517334
vt 0.603516 0.562012
vt 0.575195 0.565430
vt 0.576660 0.517578
vt 0.560547 0.465332
vt 0.641113 0.459961
vt 0.603027 0.457031
vt 0.556641 0.416992
vt 0.605957 0.405762
vt 0.554199 0.380859
vt 0.641602 0.405762
vt 0.604980 0.370117
vt 0.550293 0.342773
vt 0.680664 0.407715
vt 0.644531 0.372070
vt 0.682129 0.375977
vt 0.604492 0.336426
vt 0.551758 0.270996
vt 0.645508 0.339355
vt 0.611328 0.269043
vt 0.570312 0.194824
vt 0.685547 0.342773
vt 0.656250 0.274902
vt 0.677246 0.184082
vt 0.700684 0.290039
vt 0.761230 0.305664
vt 0.724609 0.217285
vt 0.785156 0.257812
vt 0.646973 0.145508
vt 0.625488 0.180664
vt 0.612793 0.166016
vt 0.617676 0.147461
vt 0.603516 0.135254
vt 0.579102 0.158691
vt 0.529785 0.173340
vt 0.588867 0.121094
vt 0.564941 0.142578
vt 0.454834 0.410156
vt 0.457520 0.399414
vt 0.442139 0.395020
vt 0.423096 0.409180
vt 0.417480 0.422852
vt 0.447510 0.430176
vt 0.408691 0.445801
vt 0.431396 0.460449
vt 0.446533 0.459473
vt 0.457031 0.434570
vt 0.445312 0.479004
vt 0.422607 0.478027
vt 0.403809 0.482422
vt 0.392090 0.469727
vt 0.381592 0.488770
vt 0.399170 0.499512
vt 0.412109 0.504395
vt 0.428711 0.496582
vt 0.417480 0.507812
vt 0.422607 0.514893
vt 0.439941 0.506348
vt 0.460449 0.492188
vt 0.428467 0.527344
vt 0.458252 0.519043
vt 0.484375 0.523438
vt 0.478027 0.495117
vt 0.492432 0.484863
vt 0.453857 0.540283
vt 0.435303 0.544922
vt 0.448975 0.566895
vt 0.466797 0.554688
vt 0.479980 0.542969
vt 0.489746 0.535645
vt 0.503906 0.510010
vt 0.515625 0.527100
vt 0.510742 0.539551
vt 0.526367 0.542236
vt 0.529297 0.525391
vt 0.532227 0.509033
vt 0.516602 0.487305
vt 0.538574 0.495605
vt 0.519531 0.469727
vt 0.494385 0.447266
vt 0.542480 0.479004
vt 0.545410 0.489258
vt 0.557129 0.486328
vt 0.549316 0.471680
vt 0.543945 0.459961
vt 0.532227 0.431152
vt 0.507812 0.441895
vt 0.488525 0.424805
vt 0.499756 0.417969
vt 0.516113 0.407715
vt 0.527344 0.405762
vt 0.521484 0.372559
vt 0.511230 0.393066
vt 0.495605 0.396973
vt 0.481689 0.238770
vt 0.485352 0.246582
vt 0.490967 0.241211
vt 0.497803 0.249512
vt 0.501465 0.245117
vt 0.494141 0.259766
vt 0.502930 0.252441
vt 0.513672 0.270508
vt 0.494629 0.272461
vt 0.514160 0.248047
vt 0.487061 0.264160
vt 0.522461 0.257812
vt 0.486816 0.271484
vt 0.475342 0.264648
vt 0.474609 0.274414
vt 0.463379 0.265625
vt 0.485596 0.279297
vt 0.495361 0.281738
vt 0.500977 0.286133
vt 0.515137 0.291016
vt 0.501953 0.291504
vt 0.495605 0.299316
vt 0.499756 0.306152
vt 0.486816 0.307617
vt 0.517090 0.298340
vt 0.519043 0.302246
vt 0.535645 0.299316
vt 0.524414 0.285645
vt 0.535645 0.291992
vt 0.542969 0.292480
vt 0.549316 0.270020
vt 0.543457 0.265137
vt 0.543457 0.255859
vt 0.531250 0.264160
vt 0.536133 0.255371
vt 0.526367 0.241211
vt 0.522949 0.244629
vt 0.517090 0.236816
vt 0.515137 0.239746
vt 0.512695 0.242188
vt 0.505371 0.235840
vt 0.012390 0.437988
vt 0.012550 0.465820
vt 0.031799 0.439453
vt 0.030365 0.469238
vt 0.011627 0.488281
vt 0.029480 0.491699
vt 0.011414 0.499512
vt 0.028336 0.500244
vt 0.011848 0.508301
vt 0.027344 0.510254
vt 0.012383 0.528809
vt 0.045990 0.503662
vt 0.047180 0.495605
vt 0.050507 0.472656
vt 0.026840 0.529785
vt 0.011986 0.554688
vt 0.044922 0.514648
vt 0.052216 0.440918
vt 0.045502 0.432617
vt 0.055450 0.421875
vt 0.072388 0.430176
vt 0.065186 0.406250
vt 0.071411 0.444824
vt 0.077942 0.412109
vt 0.075867 0.392090
vt 0.091003 0.438965
vt 0.093018 0.414062
vt 0.091064 0.384766
vt 0.108521 0.416016
vt 0.112183 0.380859
vt 0.067322 0.477051
vt 0.088257 0.451660
vt 0.127686 0.417480
vt 0.138672 0.385742
vt 0.104675 0.442871
vt 0.146729 0.421387
vt 0.162476 0.399414
vt 0.123474 0.446777
vt 0.102417 0.455566
vt 0.162720 0.423828
vt 0.177856 0.413086
vt 0.193115 0.426270
vt 0.148193 0.447266
vt 0.169678 0.440918
vt 0.198730 0.447754
vt 0.194336 0.466309
vt 0.219116 0.475098
vt 0.081726 0.479492
vt 0.122070 0.458984
vt 0.166992 0.461914
vt 0.096191 0.482422
vt 0.078186 0.496582
vt 0.146240 0.461914
vt 0.128540 0.486328
vt 0.161011 0.487305
vt 0.184692 0.492188
vt 0.064270 0.496094
vt 0.062927 0.505127
vt 0.075867 0.505371
vt 0.092041 0.498047
vt 0.120728 0.505127
vt 0.149780 0.512695
vt 0.060638 0.515625
vt 0.071655 0.518311
vt 0.088989 0.508057
vt 0.172485 0.518555
vt 0.114685 0.517334
vt 0.139893 0.529053
vt 0.055389 0.532715
vt 0.067505 0.536133
vt 0.084106 0.521240
vt 0.106262 0.530273
vt 0.128906 0.542969
vt 0.042114 0.531250
vt 0.078369 0.539795
vt 0.096741 0.549072
vt 0.059082 0.566162
vt 0.046967 0.562256
vt 0.034332 0.559082
vt 0.115173 0.561279
vt 0.023300 0.557129
vt 0.009163 0.572998
vt 0.019623 0.574951
vt 0.028671 0.576172
vt 0.040192 0.579102
vt 0.050079 0.582520
vt 0.068176 0.569824
vt 0.060455 0.586670
vt 0.072449 0.593506
vt 0.082947 0.575439
vt 0.096313 0.582520
vt 0.090393 0.602539
vt 0.114624 0.591309
vt 0.107483 0.609375
vt 0.133057 0.600098
vt 0.118896 0.615234
vt 0.125000 0.621826
vt 0.132812 0.570312
vt 0.148804 0.552246
vt 0.161743 0.535889
vt 0.158691 0.568848
vt 0.169678 0.557129
vt 0.181519 0.543457
vt 0.159790 0.581055
vt 0.178711 0.565186
vt 0.192139 0.526123
vt 0.189453 0.550049
vt 0.168457 0.591064
vt 0.188477 0.572998
vt 0.199707 0.559814
vt 0.141968 0.609131
vt 0.149536 0.620117
vt 0.133545 0.631348
vt 0.177490 0.603760
vt 0.200073 0.583496
vt 0.209839 0.568848
vt 0.219727 0.551758
vt 0.210083 0.543213
vt 0.239624 0.529053
vt 0.201172 0.534912
vt 0.228516 0.518555
vt 0.257080 0.504395
vt 0.246460 0.496582
vt 0.217407 0.509277
vt 0.205566 0.500244
vt 0.229736 0.490234
vt 0.230591 0.485352
vt 0.216064 0.481934
vt 0.484131 0.559082
vt 0.471680 0.559570
vt 0.466553 0.575195
vt 0.480225 0.577393
vt 0.461182 0.591309
vt 0.493408 0.575928
vt 0.495117 0.556641
vt 0.471436 0.596924
vt 0.452148 0.606689
vt 0.506348 0.574463
vt 0.506348 0.553711
vt 0.488770 0.601807
vt 0.520996 0.574463
vt 0.520020 0.551514
vt 0.505371 0.599365
vt 0.539062 0.571777
vt 0.538086 0.549072
vt 0.555664 0.569092
vt 0.554199 0.547363
vt 0.565918 0.548096
vt 0.565918 0.567627
vt 0.560547 0.584717
vt 0.571289 0.583740
vt 0.548828 0.588867
vt 0.565430 0.596680
vt 0.572754 0.594727
vt 0.536621 0.594238
vt 0.523438 0.596191
vt 0.553223 0.604492
vt 0.570801 0.603516
vt 0.576172 0.601074
vt 0.561523 0.610596
vt 0.576660 0.610352
vt 0.581543 0.605957
vt 0.539551 0.610352
vt 0.585449 0.616699
vt 0.589844 0.613525
vt 0.600098 0.628418
vt 0.552734 0.618164
vt 0.570312 0.617920
vt 0.591797 0.627197
vt 0.579102 0.629639
vt 0.581055 0.623291
vt 0.569336 0.626709
vt 0.562012 0.627197
vt 0.543457 0.623291
vt 0.546875 0.638916
vt 0.561035 0.637695
vt 0.564941 0.648438
vt 0.530762 0.614502
vt 0.554199 0.652100
vt 0.567871 0.674561
vt 0.545898 0.659668
vt 0.535645 0.647949
vt 0.528809 0.640869
vt 0.535645 0.627686
vt 0.516113 0.619141
vt 0.527344 0.631836
vt 0.513672 0.634277
vt 0.521484 0.648682
vt 0.505371 0.619141
vt 0.504883 0.633301
vt 0.511719 0.646729
vt 0.512695 0.665771
vt 0.503418 0.645020
vt 0.505371 0.660400
vt 0.500000 0.680420
vt 0.496094 0.663086
vt 0.489746 0.664795
vt 0.484619 0.650879
vt 0.492920 0.645752
vt 0.481689 0.636475
vt 0.493652 0.635254
vt 0.481934 0.629395
vt 0.488525 0.619873
vt 0.471191 0.621338
vt 0.471924 0.613281
vt 0.461670 0.620605
vt 0.458252 0.611572
vt 0.450928 0.620850
vt 0.454590 0.627441
vt 0.445557 0.615967
vt 0.444580 0.634766
vt 0.418213 0.531494
vt 0.418701 0.514648
vt 0.408936 0.514404
vt 0.406982 0.531250
vt 0.416748 0.549316
vt 0.399414 0.510254
vt 0.407227 0.550293
vt 0.417236 0.567627
vt 0.392334 0.525146
vt 0.389404 0.503174
vt 0.388916 0.542480
vt 0.379883 0.518311
vt 0.384033 0.496582
vt 0.371826 0.512695
vt 0.372314 0.531982
vt 0.363770 0.526611
vt 0.363037 0.544434
vt 0.360107 0.536133
vt 0.355225 0.539551
vt 0.408203 0.567139
vt 0.416016 0.578857
vt 0.390381 0.554443
vt 0.409424 0.578369
vt 0.403320 0.593750
vt 0.401123 0.581543
vt 0.400879 0.571045
vt 0.393799 0.575195
vt 0.390137 0.565430
vt 0.373779 0.563721
vt 0.380371 0.576172
vt 0.361572 0.567627
vt 0.376709 0.581543
vt 0.365723 0.582031
vt 0.352051 0.572754
vt 0.358398 0.584717
vt 0.372559 0.594727
vt 0.363525 0.591553
vt 0.362549 0.606201
vt 0.368652 0.607910
vt 0.363770 0.627197
vt 0.350098 0.590332
vt 0.355225 0.555176
vt 0.343506 0.581787
vt 0.332031 0.600830
vt 0.336182 0.573730
vt 0.343018 0.564453
vt 0.348389 0.558350
vt 0.356201 0.546631
vt 0.348877 0.540039
vt 0.347412 0.548584
vt 0.343750 0.555176
vt 0.337402 0.545166
vt 0.338867 0.536865
vt 0.335449 0.551270
vt 0.321777 0.535889
vt 0.007965 0.608643
vt 0.014893 0.592041
vt 0.006069 0.595947
vt 0.017166 0.602295
vt 0.021210 0.612305
vt 0.041748 0.586914
vt 0.032806 0.624756
vt 0.007217 0.640381
vt 0.021194 0.642090
vt 0.024414 0.650146
vt 0.007988 0.679932
vt 0.226929 0.667236
vt 0.225098 0.658691
vt 0.217773 0.671875
vt 0.215698 0.661865
vt 0.197632 0.693848
vt 0.190918 0.666260
vt 0.210327 0.636963
vt 0.187134 0.684814
vt 0.180054 0.688721
vt 0.176025 0.719238
vt 0.271484 0.541504
vt 0.273193 0.516846
vt 0.280273 0.521484
vt 0.298096 0.491211
vt 0.292969 0.525146
vt 0.290039 0.542969
vt 0.286865 0.560791
vt 0.294189 0.551514
vt 0.301758 0.560547
vt 0.307617 0.530762
vt 0.311768 0.562012
vt 0.310547 0.581787
vt 0.313232 0.588623
vt 0.319336 0.596680
vt 0.332275 0.572754
vt 0.326660 0.601562
vt 0.954590 0.114258
vt 0.923828 0.113281
vt 0.944824 0.089355
vt 0.954102 0.141113
vt 0.904297 0.087402
vt 0.933105 0.163086
vt 0.885742 0.100098
vt 0.876953 0.059082
vt 0.862793 0.060059
vt 0.902344 0.141113
vt 0.848145 0.095215
vt 0.825195 0.067871
vt 0.802246 0.083496
vt 0.882324 0.171875
vt 0.867188 0.118652
vt 0.854980 0.147949
vt 0.796387 0.117676
vt 0.011375 0.224121
vt 0.032410 0.223145
vt 0.045959 0.232422
vt 0.049774 0.211426
vt 0.059601 0.226562
vt 0.016678 0.250488
vt 0.104309 0.229980
vt 0.029144 0.264648
vt 0.003258 0.272949
vt 0.041962 0.287109
vt 0.013443 0.069824
vt 0.011581 0.063965
vt 0.014893 0.063477
vt 0.009430 0.067871
vt 0.004818 0.064453
vt 0.008904 0.060059
vt 0.011658 0.056152
vt 0.008904 0.054688
vt 0.006626 0.059570
vt 0.004467 0.059082
vt 0.005432 0.054688
vt 0.010269 0.042480
vt 0.001673 0.046875
vt 0.004616 0.039062
vt 0.009064 0.049805
vt 0.013466 0.033691
vt 0.018494 0.050781
vt 0.024658 0.042969
vt 0.028900 0.034668
vt 0.028915 0.049805
vt 0.040710 0.039551
vt 0.035736 0.045898
vt 0.156372 0.005371
vt 0.146240 0.014648
vt 0.126587 0.004883
vt 0.130371 0.026855
vt 0.154297 0.025391
vt 0.161377 0.008301
vt 0.180176 0.008789
vt 0.175659 0.016602
vt 0.183228 0.023438
vt 0.162476 0.025879
s 1
usemtl Con1000_skin_61_march20228
f 1/1/1 2/2/2 3/3/3
f 4/2/4 5/1/5 6/3/6
f 7/4/7 8/5/8 9/6/9
f 10/7/10 11/8/11 12/9/12
f 13/5/13 14/4/14 15/6/15
f 16/8/16 17/7/17 18/9/18
f 19/10/19 20/11/20 21/12/21
f 22/13/22 23/14/23 24/15/24
f 25/16/25 26/17/26 27/18/27
f 28/19/28 27/18/27 26/17/26
f 28/19/28 29/20/29 27/18/27
f 26/17/26 30/21/30 28/19/28
f 31/22/31 29/20/29 28/19/28
f 30/21/30 32/23/32 28/19/28
f 33/24/33 32/23/32 30/21/30
f 33/24/33 34/25/34 32/23/32
f 28/19/28 32/23/32 35/26/35
f 35/26/35 32/23/32 34/25/34
f 35/26/35 31/22/31 28/19/28
f 36/27/36 35/26/35 34/25/34
f 31/22/31 35/26/35 37/28/37
f 35/26/35 36/27/36 37/28/37
f 37/28/37 38/29/38 31/22/31
f 39/30/39 37/28/37 36/27/36
f 38/29/38 37/28/37 39/30/39
f 36/27/36 40/31/40 39/30/39
f 41/32/41 38/29/38 39/30/39
f 41/32/41 42/33/42 38/29/38
f 42/33/42 41/32/41 43/34/43
f 42/33/42 43/34/43 44/35/44
f 45/36/45 44/35/44 43/34/43
f 46/37/46 39/30/39 40/31/40
f 40/31/40 47/38/47 46/37/46
f 46/37/46 47/38/47 48/39/48
f 49/40/49 41/32/41 39/30/39
f 39/30/39 46/37/46 49/40/49
f 48/39/48 50/41/50 46/37/46
f 50/41/50 49/40/49 46/37/46
f 51/42/51 50/41/50 48/39/48
f 50/41/50 51/42/51 52/43/52
f 52/43/52 51/42/51 53/44/53
f 41/32/41 54/45/54 43/34/43
f 41/32/41 49/40/49 54/45/54
f 54/45/54 49/40/49 55/46/55
f 54/45/54 55/46/55 43/34/43
f 49/40/49 50/41/50 56/47/56
f 56/47/56 50/41/50 52/43/52
f 55/46/55 49/40/49 56/47/56
f 57/48/57 45/36/45 43/34/43
f 58/49/58 45/36/45 57/48/57
f 59/50/59 57/48/57 43/34/43
f 55/46/55 59/50/59 43/34/43
f 59/50/59 58/49/58 57/48/57
f 59/50/59 55/46/55 60/51/60
f 61/52/61 52/43/52 53/44/53
f 61/52/61 53/44/53 62/53/62
f 63/54/63 61/52/61 62/53/62
f 64/55/64 55/46/55 56/47/56
f 56/47/56 65/56/65 64/55/64
f 52/43/52 65/56/65 56/47/56
f 64/55/64 66/57/66 55/46/55
f 55/46/55 66/57/66 60/51/60
f 64/55/64 65/56/65 66/57/66
f 67/58/67 58/49/58 59/50/59
f 59/50/59 68/59/68 67/58/67
f 68/59/68 59/50/59 60/51/60
f 58/49/58 67/58/67 69/60/69
f 67/58/67 68/59/68 69/60/69
f 70/61/70 58/49/58 69/60/69
f 69/60/69 71/62/71 70/61/70
f 69/60/69 68/59/68 72/63/72
f 72/63/72 68/59/68 60/51/60
f 69/60/69 73/64/73 71/62/71
f 72/63/72 73/64/73 69/60/69
f 73/64/73 74/65/74 71/62/71
f 75/66/75 71/62/71 74/65/74
f 74/65/74 76/67/76 75/66/75
f 75/66/75 76/67/76 77/68/77
f 77/68/77 78/69/78 75/66/75
f 79/70/79 74/65/74 73/64/73
f 72/63/72 79/70/79 73/64/73
f 80/71/80 74/65/74 79/70/79
f 60/51/60 81/72/81 72/63/72
f 79/70/79 72/63/72 81/72/81
f 79/70/79 82/73/82 80/71/80
f 83/74/83 80/71/80 82/73/82
f 79/70/79 84/75/84 82/73/82
f 81/72/81 84/75/84 79/70/79
f 84/75/84 85/76/85 82/73/82
f 84/75/84 86/77/86 85/76/85
f 86/77/86 84/75/84 87/78/87
f 88/79/88 87/78/87 84/75/84
f 88/79/88 84/75/84 81/72/81
f 81/72/81 89/80/89 88/79/88
f 81/72/81 60/51/60 90/81/90
f 81/72/81 90/81/90 89/80/89
f 91/82/91 90/81/90 60/51/60
f 91/82/91 60/51/60 66/57/66
f 90/81/90 91/82/91 92/83/92
f 91/82/91 66/57/66 92/83/92
f 92/83/92 89/80/89 90/81/90
f 66/57/66 65/56/65 92/83/92
f 93/84/93 92/83/92 65/56/65
f 89/80/89 92/83/92 93/84/93
f 93/84/93 65/56/65 94/85/94
f 89/80/89 93/84/93 94/85/94
f 65/56/65 52/43/52 94/85/94
f 95/86/95 94/85/94 52/43/52
f 94/85/94 95/86/95 89/80/89
f 52/43/52 61/52/61 95/86/95
f 89/80/89 95/86/95 96/87/96
f 89/80/89 96/87/96 88/79/88
f 95/86/95 61/52/61 97/88/97
f 95/86/95 97/88/97 96/87/96
f 61/52/61 98/89/98 97/88/97
f 98/89/98 96/87/96 97/88/97
f 98/89/98 88/79/88 96/87/96
f 61/52/61 63/54/63 98/89/98
f 99/90/99 88/79/88 98/89/98
f 98/89/98 63/54/63 99/90/99
f 99/90/99 87/78/87 88/79/88
f 99/90/99 100/91/100 87/78/87
f 101/92/101 100/91/100 99/90/99
f 99/90/99 102/93/102 101/92/101
f 99/90/99 63/54/63 102/93/102
f 102/93/102 63/54/63 103/94/103
f 63/54/63 104/95/104 103/94/103
f 103/94/103 104/95/104 105/96/105
f 103/94/103 105/96/105 106/97/106
f 63/54/63 107/98/107 104/95/104
f 105/96/105 104/95/104 107/98/107
f 62/53/62 107/98/107 63/54/63
f 107/98/107 62/53/62 105/96/105
f 106/97/106 105/96/105 108/99/108
f 108/99/108 105/96/105 62/53/62
f 108/99/108 109/100/109 106/97/106
f 108/99/108 62/53/62 110/101/110
f 108/99/108 111/102/111 109/100/109
f 111/102/111 108/99/108 110/101/110
f 112/103/112 113/104/113 114/105/114
f 114/105/114 115/106/115 112/103/112
f 114/105/114 116/107/116 115/106/115
f 117/108/117 112/103/112 115/106/115
f 115/106/115 118/109/118 117/108/117
f 119/110/119 115/106/115 116/107/116
f 118/109/118 115/106/115 119/110/119
f 119/110/119 120/111/120 118/109/118
f 118/109/118 121/112/121 117/108/117
f 118/109/118 120/111/120 122/113/122
f 122/113/122 123/114/123 118/109/118
f 120/111/120 124/115/124 122/113/122
f 122/113/122 124/115/124 125/116/125
f 124/115/124 126/117/126 125/116/125
f 125/116/125 126/117/126 127/118/127
f 125/116/125 127/118/127 128/119/128
f 129/120/129 122/113/122 125/116/125
f 125/116/125 128/119/128 129/120/129
f 123/114/123 122/113/122 129/120/129
f 130/121/130 129/120/129 128/119/128
f 129/120/129 130/121/130 131/122/131
f 129/120/129 131/122/131 123/114/123
f 131/122/131 130/121/130 132/123/132
f 133/124/133 132/123/132 130/121/130
f 134/125/134 121/112/121 118/109/118
f 118/109/118 123/114/123 134/125/134
f 132/123/132 135/126/135 131/122/131
f 131/122/131 135/126/135 123/114/123
f 136/127/136 132/123/132 133/124/133
f 133/124/133 137/128/137 136/127/136
f 138/129/138 135/126/135 132/123/132
f 132/123/132 136/127/136 138/129/138
f 136/127/136 137/128/137 139/130/139
f 140/131/140 139/130/139 137/128/137
f 140/131/140 141/132/141 139/130/139
f 139/130/139 141/132/141 142/133/142
f 143/134/143 139/130/139 142/133/142
f 139/130/139 143/134/143 136/127/136
f 144/135/144 136/127/136 143/134/143
f 138/129/138 136/127/136 144/135/144
f 145/136/145 138/129/138 144/135/144
f 138/129/138 145/136/145 146/137/146
f 138/129/138 146/137/146 147/138/147
f 147/138/147 135/126/135 138/129/138
f 148/139/148 135/126/135 147/138/147
f 148/139/148 147/138/147 149/140/149
f 123/114/123 135/126/135 148/139/148
f 148/139/148 149/140/149 150/141/150
f 150/141/150 149/140/149 151/142/151
f 152/143/152 150/141/150 151/142/151
f 150/141/150 152/143/152 153/144/153
f 150/141/150 153/144/153 148/139/148
f 154/145/154 153/144/153 152/143/152
f 148/139/148 155/146/155 123/114/123
f 148/139/148 153/144/153 155/146/155
f 134/125/134 123/114/123 155/146/155
f 156/147/156 134/125/134 155/146/155
f 155/146/155 153/144/153 156/147/156
f 156/147/156 121/112/121 134/125/134
f 153/144/153 154/145/154 157/148/157
f 156/147/156 153/144/153 157/148/157
f 154/145/154 158/149/158 157/148/157
f 158/149/158 159/150/159 157/148/157
f 156/147/156 160/151/160 121/112/121
f 160/151/160 156/147/156 157/148/157
f 160/151/160 157/148/157 159/150/159
f 161/152/161 121/112/121 160/151/160
f 160/151/160 159/150/159 162/153/162
f 161/152/161 160/151/160 162/153/162
f 163/154/163 164/155/164 165/156/165
f 165/156/165 164/155/164 166/157/166
f 166/157/166 164/155/164 167/158/167
f 164/155/164 168/159/168 167/158/167
f 167/158/167 169/160/169 166/157/166
f 169/160/169 170/161/170 166/157/166
f 171/162/171 170/161/170 169/160/169
f 168/159/168 172/163/172 167/158/167
f 169/160/169 167/158/167 172/163/172
f 173/164/173 172/163/172 168/159/168
f 171/162/171 169/160/169 174/165/174
f 174/165/174 169/160/169 172/163/172
f 174/165/174 175/166/175 171/162/171
f 172/163/172 173/164/173 176/167/176
f 177/168/177 176/167/176 173/164/173
f 178/169/178 176/167/176 177/168/177
f 172/163/172 176/167/176 179/170/179
f 178/169/178 179/170/179 176/167/176
f 179/170/179 174/165/174 172/163/172
f 180/171/180 179/170/179 178/169/178
f 180/171/180 181/172/181 179/170/179
f 181/172/181 174/165/174 179/170/179
f 182/173/182 175/166/175 174/165/174
f 181/172/181 182/173/182 174/165/174
f 182/173/182 183/174/183 175/166/175
f 184/175/184 182/173/182 181/172/181
f 182/173/182 185/176/185 183/174/183
f 182/173/182 184/175/184 185/176/185
f 186/177/186 187/178/187 188/179/188
f 189/180/189 187/178/187 186/177/186
f 190/181/190 187/178/187 189/180/189
f 191/182/191 192/183/192 193/184/193
f 193/184/193 192/183/192 194/185/194
f 195/186/195 196/187/196 197/188/197
f 198/189/198 195/186/195 197/188/197
f 199/190/199 200/191/200 201/192/201
f 200/191/200 202/193/202 201/192/201
f 203/194/203 204/195/204 205/196/205
f 204/195/204 206/197/206 205/196/205
f 207/198/207 208/199/208 209/200/209
f 210/201/210 209/200/209 208/199/208
f 211/202/211 212/203/212 213/204/213
f 213/204/213 214/205/214 211/202/211
f 215/206/215 211/202/211 214/205/214
f 211/202/211 215/206/215 216/207/216
f 215/206/215 217/208/217 216/207/216
f 218/209/218 217/208/217 215/206/215
f 218/209/218 215/206/215 214/205/214
f 219/210/219 218/209/218 214/205/214
f 220/211/220 218/209/218 219/210/219
f 219/210/219 221/212/221 220/211/220
f 220/211/220 221/212/221 222/213/222
f 222/213/222 221/212/221 223/214/223
f 223/214/223 221/212/221 224/215/224
f 225/216/225 223/214/223 224/215/224
f 221/212/221 219/210/219 226/217/226
f 224/215/224 221/212/221 226/217/226
f 227/218/227 219/210/219 214/205/214
f 227/218/227 226/217/226 219/210/219
f 228/219/228 214/205/214 213/204/213
f 214/205/214 228/219/228 227/218/227
f 229/220/229 228/219/228 213/204/213
f 224/215/224 230/221/230 225/216/225
f 231/222/231 225/216/225 230/221/230
f 232/223/232 231/222/231 230/221/230
f 224/215/224 232/223/232 230/221/230
f 232/223/232 224/215/224 233/224/233
f 233/224/233 224/215/224 226/217/226
f 226/217/226 234/225/234 233/224/233
f 234/225/234 226/217/226 235/226/235
f 226/217/226 227/218/227 235/226/235
f 227/218/227 236/227/236 235/226/235
f 236/227/236 227/218/227 237/228/237
f 227/218/227 228/219/228 237/228/237
f 238/229/238 237/228/237 228/219/228
f 228/219/228 229/220/229 238/229/238
f 238/229/238 229/220/229 239/230/239
f 240/231/240 239/230/239 229/220/229
f 229/220/229 241/232/241 240/231/240
f 240/231/240 241/232/241 242/233/242
f 243/234/243 241/232/241 229/220/229
f 229/220/229 244/235/244 243/234/243
f 213/204/213 244/235/244 229/220/229
f 213/204/213 245/236/245 244/235/244
f 245/236/245 213/204/213 246/237/246
f 247/238/247 241/232/241 243/234/243
f 248/239/248 241/232/241 247/238/247
f 241/232/241 249/240/249 242/233/242
f 241/232/241 248/239/248 249/240/249
f 249/240/249 250/241/250 242/233/242
f 251/242/251 242/233/242 250/241/250
f 252/243/252 251/242/251 250/241/250
f 253/244/253 249/240/249 248/239/248
f 253/244/253 250/241/250 249/240/249
f 250/241/250 254/245/254 252/243/252
f 254/245/254 250/241/250 253/244/253
f 255/246/255 252/243/252 254/245/254
f 256/247/256 255/246/255 254/245/254
f 257/248/257 253/244/253 248/239/248
f 253/244/253 257/248/257 254/245/254
f 256/247/256 254/245/254 257/248/257
f 248/239/248 258/249/258 257/248/257
f 256/247/256 257/248/257 259/250/259
f 259/250/259 257/248/257 258/249/258
f 260/251/260 259/250/259 258/249/258
f 261/252/261 262/253/262 263/254/263
f 263/254/263 262/253/262 264/255/264
f 265/256/265 264/255/264 262/253/262
f 263/254/263 264/255/264 266/257/266
f 266/257/266 267/258/267 263/254/263
f 266/257/266 268/259/268 267/258/267
f 268/259/268 266/257/266 269/260/269
f 266/257/266 264/255/264 269/260/269
f 270/261/270 268/259/268 269/260/269
f 271/262/271 264/255/264 265/256/265
f 271/262/271 265/256/265 272/263/272
f 273/264/273 270/261/270 269/260/269
f 273/264/273 274/265/274 270/261/270
f 275/266/275 273/264/273 269/260/269
f 273/264/273 275/266/275 276/267/276
f 273/264/273 277/268/277 274/265/274
f 273/264/273 276/267/276 277/268/277
f 278/269/278 277/268/277 276/267/276
f 269/260/269 264/255/264 279/270/279
f 269/260/269 279/270/279 275/266/275
f 275/266/275 279/270/279 280/271/280
f 281/272/281 279/270/279 264/255/264
f 281/272/281 264/255/264 271/262/271
f 279/270/279 281/272/281 280/271/280
f 281/272/281 271/262/271 282/273/282
f 281/272/281 282/273/282 280/271/280
f 272/263/272 283/274/283 271/262/271
f 283/274/283 282/273/282 271/262/271
f 284/275/284 283/274/283 272/263/272
f 272/263/272 285/276/285 284/275/284
f 276/267/276 286/277/286 278/269/278
f 278/269/278 286/277/286 287/278/287
f 286/277/286 288/279/288 287/278/287
f 288/279/288 286/277/286 289/280/289
f 276/267/276 289/280/289 286/277/286
f 288/279/288 289/280/289 290/281/290
f 291/282/291 288/279/288 290/281/290
f 291/282/291 290/281/290 292/283/292
f 276/267/276 293/284/293 289/280/289
f 290/281/290 289/280/289 293/284/293
f 283/274/283 294/285/294 282/273/282
f 283/274/283 284/275/284 294/285/294
f 295/286/295 284/275/284 285/276/285
f 285/276/285 296/287/296 295/286/295
f 297/288/297 293/284/293 276/267/276
f 275/266/275 297/288/297 276/267/276
f 298/289/298 294/285/294 284/275/284
f 298/289/298 284/275/284 295/286/295
f 296/287/296 299/290/299 295/286/295
f 299/290/299 296/287/296 300/291/300
f 300/291/300 301/292/301 299/290/299
f 302/293/302 299/290/299 301/292/301
f 301/292/301 303/294/159 302/293/302
f 299/290/299 302/293/302 304/295/303
f 299/290/299 304/295/303 295/286/295
f 304/295/303 302/293/302 305/296/304
f 304/295/303 305/296/304 306/297/305
f 307/298/306 304/295/303 306/297/305
f 308/299/307 304/295/303 307/298/306
f 295/286/295 304/295/303 308/299/307
f 295/286/295 308/299/307 298/289/298
f 309/300/308 298/289/298 308/299/307
f 310/301/309 306/297/305 305/296/304
f 311/302/310 306/297/305 310/301/309
f 310/301/309 312/303/311 311/302/310
f 306/297/305 311/302/310 313/304/312
f 313/304/312 314/305/313 306/297/305
f 315/306/314 306/297/305 314/305/313
f 307/298/306 306/297/305 315/306/314
f 307/298/306 315/306/314 316/307/315
f 317/308/316 307/298/306 316/307/315
f 317/308/316 318/309/317 307/298/306
f 319/310/318 308/299/307 307/298/306
f 308/299/307 319/310/318 309/300/308
f 320/311/319 307/298/306 318/309/317
f 320/311/319 319/310/318 307/298/306
f 321/312/320 320/311/319 318/309/317
f 309/300/308 319/310/318 322/313/321
f 319/310/318 320/311/319 322/313/321
f 322/313/321 323/314/322 309/300/308
f 320/311/319 321/312/320 324/315/323
f 325/316/324 324/315/323 321/312/320
f 324/315/323 325/316/324 326/317/325
f 327/318/326 324/315/323 326/317/325
f 324/315/323 327/318/326 328/319/327
f 320/311/319 324/315/323 329/320/328
f 328/319/327 329/320/328 324/315/323
f 329/320/328 322/313/321 320/311/319
f 329/320/328 328/319/327 330/321/329
f 330/321/329 322/313/321 329/320/328
f 328/319/327 331/322/330 330/321/329
f 322/313/321 330/321/329 332/323/331
f 323/314/322 322/313/321 332/323/331
f 333/324/332 330/321/329 331/322/330
f 333/324/332 332/323/331 330/321/329
f 334/325/333 333/324/332 331/322/330
f 334/325/333 335/326/334 333/324/332
f 333/324/332 335/326/334 336/327/335
f 332/323/331 333/324/332 336/327/335
f 336/327/335 337/328/336 332/323/331
f 332/323/331 337/328/336 338/329/337
f 323/314/322 332/323/331 338/329/337
f 338/329/337 337/328/336 339/330/338
f 339/330/338 340/331/339 338/329/337
f 340/331/339 339/330/338 341/332/340
f 342/333/341 340/331/339 341/332/340
f 341/332/340 343/334/342 342/333/341
f 344/335/343 342/333/341 343/334/342
f 338/329/337 345/336/344 323/314/322
f 338/329/337 340/331/339 345/336/344
f 344/335/343 346/337/345 342/333/341
f 346/337/345 344/335/343 347/338/346
f 347/338/346 348/339/347 346/337/345
f 349/340/348 346/337/345 348/339/347
f 342/333/341 346/337/345 349/340/348
f 349/340/348 350/341/349 342/333/341
f 342/333/341 350/341/349 351/342/350
f 342/333/341 351/342/350 340/331/339
f 352/343/351 351/342/350 350/341/349
f 340/331/339 351/342/350 353/344/352
f 351/342/350 352/343/351 353/344/352
f 345/336/344 340/331/339 353/344/352
f 354/345/353 353/344/352 352/343/351
f 354/345/353 355/346/354 353/344/352
f 353/344/352 355/346/354 345/336/344
f 356/347/355 355/346/354 354/345/353
f 356/347/355 357/348/356 355/346/354
f 358/349/357 345/336/344 355/346/354
f 358/349/357 355/346/354 357/348/356
f 359/350/358 345/336/344 358/349/357
f 323/314/322 345/336/344 359/350/358
f 358/349/357 357/348/356 360/351/359
f 358/349/357 360/351/359 359/350/358
f 361/352/360 360/351/359 357/348/356
f 360/351/359 361/352/360 362/353/361
f 362/353/361 359/350/358 360/351/359
f 359/350/358 362/353/361 363/354/362
f 359/350/358 363/354/362 323/314/322
f 363/354/362 362/353/361 364/355/363
f 363/354/362 365/356/364 323/314/322
f 309/300/308 323/314/322 365/356/364
f 363/354/362 364/355/363 366/357/365
f 364/355/363 367/358/366 366/357/365
f 366/357/365 367/358/366 368/359/367
f 366/357/365 368/359/367 369/360/368
f 363/354/362 366/357/365 370/361/369
f 370/361/369 366/357/365 369/360/368
f 370/361/369 365/356/364 363/354/362
f 369/360/368 371/362/370 370/361/369
f 371/362/370 365/356/364 370/361/369
f 371/362/370 369/360/368 372/363/371
f 371/362/370 372/363/371 373/364/372
f 365/356/364 371/362/370 373/364/372
f 374/365/373 309/300/308 365/356/364
f 373/364/372 374/365/373 365/356/364
f 375/366/374 309/300/308 374/365/373
f 298/289/298 309/300/308 375/366/374
f 294/285/294 298/289/298 375/366/374
f 374/365/373 373/364/372 376/367/375
f 377/368/376 376/367/375 373/364/372
f 376/367/375 377/368/376 378/369/377
f 379/370/378 376/367/375 378/369/377
f 376/367/375 380/371/379 374/365/373
f 380/371/379 376/367/375 379/370/378
f 374/365/373 380/371/379 375/366/374
f 380/371/379 379/370/378 381/372/380
f 381/372/380 375/366/374 380/371/379
f 381/372/380 294/285/294 375/366/374
f 381/372/380 282/273/282 294/285/294
f 381/372/380 382/373/381 282/273/282
f 282/273/282 382/373/381 280/271/280
f 280/271/280 382/373/381 383/374/382
f 383/374/382 384/375/383 280/271/280
f 280/271/280 384/375/383 385/376/384
f 280/271/280 385/376/384 275/266/275
f 385/376/384 386/377/385 275/266/275
f 386/377/385 387/378/386 275/266/275
f 387/378/386 386/377/385 388/379/387
f 387/378/386 388/379/387 389/380/388
f 387/378/386 297/288/297 275/266/275
f 389/380/388 297/288/297 387/378/386
f 297/288/297 389/380/388 390/381/389
f 391/382/390 297/288/297 390/381/389
f 391/382/390 293/284/293 297/288/297
f 293/284/293 391/382/390 392/383/391
f 392/383/391 393/384/392 293/284/293
f 293/284/293 393/384/392 290/281/290
f 393/384/392 392/383/391 394/385/393
f 290/281/290 393/384/392 395/386/394
f 395/386/394 292/283/292 290/281/290
f 394/385/393 396/387/395 393/384/392
f 395/386/394 393/384/392 396/387/395
f 397/388/396 396/387/395 394/385/393
f 396/387/395 397/388/396 398/389/397
f 396/387/395 398/389/397 395/386/394
f 399/390/398 292/283/292 395/386/394
f 398/389/397 399/390/398 395/386/394
f 292/283/292 399/390/398 400/391/399
f 401/392/400 399/390/398 398/389/397
f 400/391/399 399/390/398 402/393/401
f 401/392/400 402/393/401 399/390/398
f 403/394/402 404/395/261 405/396/403
f 403/394/402 405/396/403 406/397/404
f 406/397/404 405/396/403 407/398/405
f 408/399/406 403/394/402 406/397/404
f 407/398/405 409/400/407 406/397/404
f 406/397/404 410/401/408 408/399/406
f 411/402/409 408/399/406 410/401/408
f 409/400/407 412/403/410 406/397/404
f 406/397/404 412/403/410 410/401/408
f 412/403/410 413/404/411 410/401/408
f 412/403/410 409/400/407 414/405/412
f 414/405/412 415/406/413 412/403/410
f 412/403/410 415/406/413 413/404/411
f 415/406/413 414/405/412 416/407/414
f 411/402/409 410/401/408 417/408/415
f 411/402/409 417/408/415 418/409/416
f 413/404/411 419/410/417 410/401/408
f 410/401/408 419/410/417 417/408/415
f 419/410/417 420/411/418 417/408/415
f 417/408/415 420/411/418 421/412/419
f 417/408/415 421/412/419 418/409/416
f 421/412/419 422/413/420 418/409/416
f 423/414/296 418/409/416 422/413/420
f 423/414/296 422/413/420 424/415/421
f 419/410/417 413/404/411 425/416/422
f 426/417/423 425/416/422 413/404/411
f 413/404/411 427/418/424 426/417/423
f 426/417/423 427/418/424 428/419/425
f 428/419/425 427/418/424 429/420/426
f 427/418/424 413/404/411 430/421/427
f 430/421/427 413/404/411 415/406/413
f 431/422/428 429/420/426 427/418/424
f 430/421/427 431/422/428 427/418/424
f 432/423/429 429/420/426 431/422/428
f 433/424/430 432/423/429 431/422/428
f 433/424/430 434/425/431 432/423/429
f 434/425/431 433/424/430 435/426/432
f 435/426/432 433/424/430 431/422/428
f 435/426/432 431/422/428 436/427/433
f 436/427/433 431/422/428 430/421/427
f 436/427/433 430/421/427 437/428/434
f 437/428/434 430/421/427 415/406/413
f 415/406/413 438/429/435 437/428/434
f 438/429/435 439/430/436 437/428/434
f 416/407/414 438/429/435 415/406/413
f 416/407/414 439/430/436 438/429/435
f 440/431/190 441/432/437 442/433/438
f 442/433/438 441/432/437 443/434/199
f 444/435/439 445/436/440 446/437/441
f 446/437/441 445/436/440 447/438/442
f 106/97/106 102/93/102 103/94/103
f 101/92/101 102/93/102 106/97/106
f 106/97/106 109/100/109 101/92/101
f 109/100/109 448/439/443 101/92/101
f 101/92/101 448/439/443 449/440/444
f 101/92/101 449/440/444 100/91/100
f 100/91/100 449/440/444 87/78/87
f 448/439/443 109/100/109 450/441/445
f 109/100/109 451/442/446 450/441/445
f 109/100/109 111/102/111 451/442/446
f 449/440/444 452/443/447 87/78/87
f 453/444/448 452/443/447 449/440/444
f 448/439/443 453/444/448 449/440/444
f 452/443/447 454/445/449 87/78/87
f 454/445/449 452/443/447 453/444/448
f 454/445/449 455/446/450 87/78/87
f 453/444/448 455/446/450 454/445/449
f 87/78/87 455/446/450 86/77/86
f 456/447/451 455/446/450 453/444/448
f 455/446/450 457/448/452 86/77/86
f 457/448/452 455/446/450 456/447/451
f 457/448/452 458/449/453 86/77/86
f 456/447/451 458/449/453 457/448/452
f 458/449/453 85/76/85 86/77/86
f 459/450/454 85/76/85 458/449/453
f 459/450/454 460/451/455 85/76/85
f 459/450/454 458/449/453 461/452/456
f 459/450/454 461/452/456 460/451/455
f 461/452/456 458/449/453 456/447/451
f 453/444/448 462/453/457 456/447/451
f 448/439/443 462/453/457 453/444/448
f 461/452/456 463/454/458 460/451/455
f 460/451/455 463/454/458 464/455/459
f 464/455/459 463/454/458 465/456/460
f 466/457/461 461/452/456 456/447/451
f 461/452/456 466/457/461 463/454/458
f 462/453/457 466/457/461 456/447/451
f 465/456/460 463/454/458 467/458/462
f 466/457/461 467/458/462 463/454/458
f 467/458/462 468/459/463 465/456/460
f 465/456/460 468/459/463 469/460/464
f 468/459/463 470/461/465 469/460/464
f 470/461/465 471/462/466 469/460/464
f 448/439/443 472/463/467 462/453/457
f 462/453/457 473/464/468 466/457/461
f 473/464/468 462/453/457 472/463/467
f 472/463/467 448/439/443 474/465/469
f 474/465/469 473/464/468 472/463/467
f 450/441/445 474/465/469 448/439/443
f 475/466/470 474/465/469 450/441/445
f 451/442/446 475/466/470 450/441/445
f 476/467/471 467/458/462 466/457/461
f 473/464/468 476/467/471 466/457/461
f 477/468/472 476/467/471 473/464/468
f 474/465/469 478/469/473 473/464/468
f 478/469/473 474/465/469 475/466/470
f 473/464/468 478/469/473 477/468/472
f 476/467/471 479/470/474 467/458/462
f 476/467/471 477/468/472 480/471/475
f 480/471/475 479/470/474 476/467/471
f 479/470/474 481/472/476 467/458/462
f 479/470/474 482/473/477 481/472/476
f 467/458/462 481/472/476 468/459/463
f 451/442/446 483/474/478 475/466/470
f 484/475/479 483/474/478 451/442/446
f 483/474/478 484/475/479 485/476/480
f 484/475/479 451/442/446 111/102/111
f 111/102/111 486/477/481 484/475/479
f 111/102/111 110/101/110 486/477/481
f 486/477/481 110/101/110 487/478/482
f 484/475/479 486/477/481 488/479/483
f 488/479/483 485/476/480 484/475/479
f 489/480/484 486/477/481 487/478/482
f 488/479/483 486/477/481 489/480/484
f 490/481/485 489/480/484 487/478/482
f 491/482/486 489/480/484 490/481/485
f 492/483/487 475/466/470 483/474/478
f 492/483/487 483/474/478 493/484/488
f 483/474/478 485/476/480 493/484/488
f 475/466/470 492/483/487 494/485/489
f 494/485/489 492/483/487 493/484/488
f 494/485/489 478/469/473 475/466/470
f 494/485/489 493/484/488 495/486/490
f 495/486/490 493/484/488 485/476/480
f 478/469/473 494/485/489 496/487/491
f 495/486/490 496/487/491 494/485/489
f 478/469/473 496/487/491 497/488/492
f 497/488/492 496/487/491 495/486/490
f 497/488/492 477/468/472 478/469/473
f 498/489/493 488/479/483 489/480/484
f 499/490/494 489/480/484 491/482/486
f 499/490/494 498/489/493 489/480/484
f 488/479/483 500/491/495 485/476/480
f 488/479/483 498/489/493 500/491/495
f 491/482/486 501/492/496 499/490/494
f 502/493/497 501/492/496 491/482/486
f 503/494/498 501/492/496 502/493/497
f 501/492/496 503/494/498 504/495/499
f 499/490/494 501/492/496 504/495/499
f 504/495/499 505/496/500 499/490/494
f 505/496/500 506/497/501 499/490/494
f 506/497/501 498/489/493 499/490/494
f 506/497/501 505/496/500 507/498/502
f 507/498/502 498/489/493 506/497/501
f 498/489/493 507/498/502 508/499/503
f 500/491/495 498/489/493 508/499/503
f 509/500/504 500/491/495 508/499/503
f 509/500/504 485/476/480 500/491/495
f 510/501/505 509/500/504 508/499/503
f 509/500/504 510/501/505 511/502/506
f 485/476/480 509/500/504 512/503/507
f 485/476/480 512/503/507 495/486/490
f 509/500/504 511/502/506 513/504/508
f 512/503/507 509/500/504 513/504/508
f 514/505/509 512/503/507 513/504/508
f 511/502/506 515/506/510 513/504/508
f 514/505/509 513/504/508 515/506/510
f 512/503/507 516/507/511 495/486/490
f 516/507/511 512/503/507 514/505/509
f 516/507/511 497/488/492 495/486/490
f 497/488/492 516/507/511 517/508/512
f 517/508/512 477/468/472 497/488/492
f 518/509/513 517/508/512 516/507/511
f 518/509/513 477/468/472 517/508/512
f 514/505/509 519/510/514 516/507/511
f 518/509/513 516/507/511 519/510/514
f 518/509/513 520/511/515 477/468/472
f 520/511/515 480/471/475 477/468/472
f 480/471/475 520/511/515 521/512/516
f 521/512/516 522/513/517 480/471/475
f 480/471/475 522/513/517 479/470/474
f 479/470/474 522/513/517 523/514/518
f 521/512/516 523/514/518 522/513/517
f 479/470/474 523/514/518 482/473/477
f 524/515/519 520/511/515 518/509/513
f 519/510/514 524/515/519 518/509/513
f 525/516/520 520/511/515 524/515/519
f 525/516/520 524/515/519 519/510/514
f 520/511/515 525/516/520 521/512/516
f 526/517/521 525/516/520 519/510/514
f 526/517/521 519/510/514 514/505/509
f 527/518/522 482/473/477 523/514/518
f 527/518/522 523/514/518 521/512/516
f 528/519/523 521/512/516 525/516/520
f 525/516/520 526/517/521 528/519/523
f 529/520/524 521/512/516 528/519/523
f 528/519/523 526/517/521 529/520/524
f 530/521/525 526/517/521 514/505/509
f 530/521/525 529/520/524 526/517/521
f 521/512/516 529/520/524 531/522/526
f 521/512/516 531/522/526 527/518/522
f 514/505/509 532/523/527 530/521/525
f 515/506/510 532/523/527 514/505/509
f 533/524/528 531/522/526 529/520/524
f 529/520/524 530/521/525 533/524/528
f 533/524/528 530/521/525 534/525/529
f 534/525/529 531/522/526 533/524/528
f 535/526/530 532/523/527 515/506/510
f 515/506/510 536/527/531 535/526/530
f 537/528/532 535/526/530 536/527/531
f 536/527/531 538/529/533 537/528/532
f 538/529/533 539/530/534 537/528/532
f 540/531/535 534/525/529 530/521/525
f 530/521/525 532/523/527 540/531/535
f 539/530/534 541/532/536 537/528/532
f 539/530/534 542/533/537 541/532/536
f 542/533/537 543/534/538 541/532/536
f 543/534/538 544/535/539 541/532/536
f 541/532/536 544/535/539 537/528/532
f 543/534/538 545/536/540 544/535/539
f 544/535/539 545/536/540 546/537/541
f 546/537/541 547/538/542 544/535/539
f 546/537/541 471/462/466 547/538/542
f 537/528/532 544/535/539 548/539/543
f 544/535/539 547/538/542 548/539/543
f 549/540/544 547/538/542 471/462/466
f 470/461/465 549/540/544 471/462/466
f 537/528/532 548/539/543 550/541/545
f 535/526/530 537/528/532 550/541/545
f 535/526/530 550/541/545 551/542/546
f 551/542/546 532/523/527 535/526/530
f 551/542/546 552/543/547 532/523/527
f 552/543/547 540/531/535 532/523/527
f 552/543/547 553/544/548 540/531/535
f 553/544/548 534/525/529 540/531/535
f 534/525/529 553/544/548 554/545/549
f 554/545/549 531/522/526 534/525/529
f 555/546/550 554/545/549 553/544/548
f 555/546/550 553/544/548 556/547/551
f 553/544/548 552/543/547 556/547/551
f 557/548/552 555/546/550 556/547/551
f 556/547/551 552/543/547 557/548/552
f 557/548/552 552/543/547 551/542/546
f 531/522/526 554/545/549 558/549/553
f 558/549/553 527/518/522 531/522/526
f 559/550/554 557/548/552 551/542/546
f 559/550/554 555/546/550 557/548/552
f 560/551/555 559/550/554 551/542/546
f 560/551/555 555/546/550 559/550/554
f 550/541/545 560/551/555 551/542/546
f 561/552/556 558/549/553 554/545/549
f 555/546/550 561/552/556 554/545/549
f 558/549/553 562/553/557 527/518/522
f 561/552/556 562/553/557 558/549/553
f 562/553/557 563/554/558 527/518/522
f 563/554/558 482/473/477 527/518/522
f 564/555/559 560/551/555 550/541/545
f 564/555/559 550/541/545 565/556/560
f 565/556/560 550/541/545 548/539/543
f 560/551/555 564/555/559 566/557/561
f 565/556/560 566/557/561 564/555/559
f 566/557/561 565/556/560 548/539/543
f 566/557/561 555/546/550 560/551/555
f 548/539/543 547/538/542 566/557/561
f 567/558/562 566/557/561 547/538/542
f 566/557/561 567/558/562 555/546/550
f 547/538/542 549/540/544 567/558/562
f 555/546/550 567/558/562 568/559/563
f 561/552/556 555/546/550 568/559/563
f 549/540/544 569/560/564 567/558/562
f 567/558/562 569/560/564 568/559/563
f 470/461/465 569/560/564 549/540/544
f 568/559/563 570/561/565 561/552/556
f 568/559/563 569/560/564 570/561/565
f 569/560/564 470/461/465 571/562/566
f 468/459/463 571/562/566 470/461/465
f 561/552/556 570/561/565 572/563/567
f 562/553/557 561/552/556 572/563/567
f 573/564/568 570/561/565 569/560/564
f 573/564/568 569/560/564 571/562/566
f 572/563/567 570/561/565 573/564/568
f 468/459/463 574/565/569 571/562/566
f 574/565/569 468/459/463 481/472/476
f 572/563/567 575/566/570 562/553/557
f 562/553/557 575/566/570 576/567/571
f 572/563/567 577/568/572 575/566/570
f 576/567/571 563/554/558 562/553/557
f 563/554/558 576/567/571 578/569/573
f 579/570/574 577/568/572 572/563/567
f 573/564/568 579/570/574 572/563/567
f 578/569/573 482/473/477 563/554/558
f 482/473/477 578/569/573 580/571/575
f 579/570/574 573/564/568 581/572/576
f 571/562/566 581/572/576 573/564/568
f 581/572/576 582/573/577 579/570/574
f 583/574/578 581/572/576 571/562/566
f 583/574/578 582/573/577 581/572/576
f 571/562/566 574/565/569 583/574/578
f 584/575/579 582/573/577 583/574/578
f 585/576/580 584/575/579 583/574/578
f 586/577/581 583/574/578 574/565/569
f 583/574/578 586/577/581 585/576/580
f 580/571/575 585/576/580 586/577/581
f 586/577/581 574/565/569 481/472/476
f 580/571/575 587/578/582 482/473/477
f 482/473/477 587/578/582 481/472/476
f 586/577/581 587/578/582 580/571/575
f 481/472/476 587/578/582 586/577/581
f 588/579/583 589/580/584 590/581/267
f 590/581/267 589/580/584 591/582/585
f 590/581/267 591/582/585 592/583/586
f 590/581/267 592/583/586 593/584/587
f 594/585/588 592/583/586 591/582/585
f 591/582/585 595/586/589 594/585/588
f 594/585/588 595/586/589 596/587/590
f 592/583/586 597/588/591 593/584/587
f 597/588/591 598/589/592 593/584/587
f 597/588/591 599/590/593 598/589/592
f 600/591/594 599/590/593 597/588/591
f 601/592/595 599/590/593 600/591/594
f 602/593/596 597/588/591 592/583/586
f 592/583/586 594/585/588 602/593/596
f 596/587/590 603/594/597 594/585/588
f 604/595/598 603/594/597 596/587/590
f 603/594/597 604/595/598 605/596/599
f 594/585/588 603/594/597 606/597/600
f 606/597/600 602/593/596 594/585/588
f 605/596/599 606/597/600 603/594/597
f 597/588/591 602/593/596 607/598/601
f 607/598/601 600/591/594 597/588/591
f 608/599/602 602/593/596 606/597/600
f 608/599/602 607/598/601 602/593/596
f 606/597/600 605/596/599 609/600/603
f 606/597/600 609/600/603 608/599/602
f 605/596/599 610/601/604 609/600/603
f 611/602/605 610/601/604 605/596/599
f 610/601/604 611/602/605 612/603/606
f 612/603/606 613/604/607 610/601/604
f 610/601/604 614/605/608 609/600/603
f 610/601/604 613/604/607 614/605/608
f 609/600/603 614/605/608 608/599/602
f 615/606/609 614/605/608 613/604/607
f 613/604/607 616/607/610 615/606/609
f 615/606/609 616/607/610 617/608/611
f 615/606/609 617/608/611 618/609/612
f 615/606/609 618/609/612 619/610/613
f 615/606/609 619/610/613 614/605/608
f 614/605/608 619/610/613 620/611/614
f 608/599/602 614/605/608 620/611/614
f 621/612/615 608/599/602 620/611/614
f 622/613/616 621/612/615 620/611/614
f 621/612/615 622/613/616 623/614/617
f 621/612/615 623/614/617 624/615/618
f 621/612/615 607/598/601 608/599/602
f 621/612/615 624/615/618 607/598/601
f 624/615/618 625/616/619 607/598/601
f 607/598/601 625/616/619 600/591/594
f 626/617/620 600/591/594 625/616/619
f 627/618/621 626/617/620 625/616/619
f 628/619/622 626/617/620 627/618/621
f 626/617/620 628/619/622 600/591/594
f 629/620/623 600/591/594 628/619/622
f 630/621/624 600/591/594 629/620/623
f 629/620/623 631/622/625 630/621/624
f 600/591/594 630/621/624 601/592/595
f 631/622/625 632/623/626 630/621/624
f 632/623/626 633/624/627 630/621/624
f 632/623/626 634/625/628 633/624/627
f 633/624/627 634/625/628 635/626/629
f 630/621/624 636/627/630 601/592/595
f 630/621/624 633/624/627 636/627/630
f 636/627/630 637/628/248 601/592/595
f 638/629/258 637/628/248 636/627/630
f 639/630/631 638/629/258 636/627/630
f 636/627/630 633/624/627 639/630/631
f 638/629/258 639/630/631 640/631/260
f 639/630/631 641/632/632 640/631/260
f 633/624/627 635/626/629 642/633/633
f 635/626/629 643/634/634 642/633/633
f 644/635/635 639/630/631 633/624/627
f 639/630/631 644/635/635 641/632/632
f 642/633/633 644/635/635 633/624/627
f 645/636/636 641/632/632 644/635/635
f 641/632/632 645/636/636 646/637/637
f 647/638/638 646/637/637 645/636/636
f 648/639/639 645/636/636 644/635/635
f 645/636/636 648/639/639 647/638/638
f 644/635/635 642/633/633 648/639/639
f 648/639/639 649/640/640 647/638/638
f 650/641/641 649/640/640 648/639/639
f 649/640/640 650/641/641 651/642/642
f 652/643/643 651/642/642 650/641/641
f 643/634/634 653/644/644 642/633/633
f 653/644/644 643/634/634 654/645/645
f 654/645/645 655/646/646 653/644/644
f 653/644/644 655/646/646 656/647/647
f 657/648/648 648/639/639 642/633/633
f 653/644/644 657/648/648 642/633/633
f 653/644/644 656/647/647 657/648/648
f 650/641/641 648/639/639 657/648/648
f 658/649/649 657/648/648 656/647/647
f 659/650/650 658/649/649 656/647/647
f 658/649/649 659/650/650 660/651/651
f 661/652/652 658/649/649 660/651/651
f 657/648/648 658/649/649 661/652/652
f 650/641/641 657/648/648 661/652/652
f 661/652/652 662/653/653 650/641/641
f 663/654/654 652/643/643 650/641/641
f 663/654/654 650/641/641 662/653/653
f 663/654/654 664/655/655 652/643/643
f 663/654/654 662/653/653 664/655/655
f 665/656/656 666/657/657 667/658/165
f 665/656/656 667/658/165 668/659/658
f 665/656/656 668/659/658 669/660/659
f 670/661/660 665/656/656 669/660/659
f 671/662/661 669/660/659 668/659/658
f 672/663/170 671/662/661 668/659/658
f 672/663/170 673/664/662 671/662/661
f 674/665/663 670/661/660 669/660/659
f 669/660/659 671/662/661 674/665/663
f 671/662/661 673/664/662 675/666/664
f 671/662/661 675/666/664 674/665/663
f 673/664/662 676/667/665 675/666/664
f 670/661/660 674/665/663 677/668/666
f 677/668/666 678/669/177 670/661/660
f 677/668/666 679/670/667 678/669/177
f 677/668/666 674/665/663 680/671/668
f 680/671/668 679/670/667 677/668/666
f 675/666/664 680/671/668 674/665/663
f 680/671/668 681/672/180 679/670/667
f 682/673/181 681/672/180 680/671/668
f 675/666/664 682/673/181 680/671/668
f 683/674/669 675/666/664 676/667/665
f 683/674/669 682/673/181 675/666/664
f 676/667/665 684/675/183 683/674/669
f 683/674/669 685/676/670 682/673/181
f 686/677/671 683/674/669 684/675/183
f 685/676/670 683/674/669 686/677/671
f 687/678/672 688/679/311 689/680/673
f 690/681/674 689/680/673 688/679/311
f 691/682/675 689/680/673 690/681/674
f 688/679/311 692/683/676 690/681/674
f 690/681/674 692/683/676 693/684/677
f 690/681/674 694/685/678 691/682/675
f 694/685/678 690/681/674 693/684/677
f 693/684/677 695/686/679 694/685/678
f 693/684/677 692/683/676 696/687/680
f 695/686/679 693/684/677 697/688/681
f 698/689/682 697/688/681 693/684/677
f 697/688/681 699/690/683 695/686/679
f 696/687/680 700/691/684 693/684/677
f 698/689/682 693/684/677 700/691/684
f 701/692/685 700/691/684 696/687/680
f 698/689/682 700/691/684 701/692/685
f 702/693/302 701/692/685 696/687/680
f 703/694/686 699/690/683 697/688/681
f 703/694/686 704/695/687 699/690/683
f 704/695/687 703/694/686 705/696/127
f 705/696/127 703/694/686 706/697/688
f 697/688/681 707/698/689 703/694/686
f 707/698/689 706/697/688 703/694/686
f 698/689/682 707/698/689 697/688/681
f 707/698/689 708/699/130 706/697/688
f 708/699/130 707/698/689 709/700/690
f 709/700/690 707/698/689 698/689/682
f 701/692/685 702/693/302 710/701/691
f 710/701/691 702/693/302 711/702/159
f 711/702/159 712/703/692 710/701/691
f 713/704/693 710/701/691 712/703/692
f 713/704/693 714/705/694 710/701/691
f 714/705/694 701/692/685 710/701/691
f 714/705/694 713/704/693 715/706/152
f 701/692/685 716/707/695 698/689/682
f 714/705/694 716/707/695 701/692/685
f 714/705/694 715/706/152 717/708/696
f 714/705/694 717/708/696 716/707/695
f 717/708/696 715/706/152 718/709/697
f 719/710/698 717/708/696 718/709/697
f 716/707/695 717/708/696 719/710/698
f 716/707/695 719/710/698 720/711/699
f 721/712/700 698/689/682 716/707/695
f 720/711/699 721/712/700 716/707/695
f 721/712/700 709/700/690 698/689/682
f 722/713/701 721/712/700 720/711/699
f 721/712/700 722/713/701 723/714/702
f 723/714/702 709/700/690 721/712/700
f 724/715/703 723/714/702 722/713/701
f 723/714/702 724/715/703 725/716/704
f 723/714/702 725/716/704 726/717/705
f 727/718/143 726/717/705 725/716/704
f 728/719/142 726/717/705 727/718/143
f 723/714/702 729/720/706 709/700/690
f 729/720/706 723/714/702 726/717/705
f 708/699/130 709/700/690 729/720/706
f 729/720/706 730/721/707 708/699/130
f 729/720/706 726/717/705 730/721/707
f 726/717/705 731/722/137 730/721/707
f 732/723/708 726/717/705 728/719/142
f 732/723/708 731/722/137 726/717/705
f 733/724/709 732/723/708 728/719/142
f 734/725/710 731/722/137 732/723/708
f 733/724/709 734/725/710 732/723/708
f 735/726/711 736/727/712 737/728/713
f 735/726/711 737/728/713 738/729/656
f 738/729/656 739/730/310 735/726/711
f 740/731/714 739/730/310 738/729/656
f 740/731/714 741/732/715 739/730/310
f 742/733/716 741/732/715 740/731/714
f 743/734/717 740/731/714 738/729/656
f 738/729/656 744/735/718 743/734/717
f 745/736/719 742/733/716 740/731/714
f 745/736/719 746/737/720 742/733/716
f 745/736/719 747/738/721 746/737/720
f 748/739/722 747/738/721 745/736/719
f 745/736/719 740/731/714 749/740/723
f 743/734/717 749/740/723 740/731/714
f 745/736/719 750/741/724 748/739/722
f 750/741/724 745/736/719 749/740/723
f 751/742/725 750/741/724 749/740/723
f 752/743/726 751/742/725 749/740/723
f 753/744/727 752/743/726 749/740/723
f 753/744/727 749/740/723 743/734/717
f 751/742/725 752/743/726 754/745/728
f 743/734/717 755/746/729 753/744/727
f 756/747/730 751/742/725 754/745/728
f 755/746/729 743/734/717 757/748/731
f 743/734/717 744/735/718 757/748/731
f 758/749/177 757/748/731 744/735/718
f 757/748/731 759/750/732 755/746/729
f 760/751/733 757/748/731 758/749/177
f 748/739/722 750/741/724 761/752/734
f 761/752/734 762/753/735 748/739/722
f 763/754/736 762/753/735 761/752/734
f 761/752/734 764/755/737 763/754/736
f 765/756/738 761/752/734 750/741/724
f 765/756/738 764/755/737 761/752/734
f 751/742/725 765/756/738 750/741/724
f 765/756/738 751/742/725 766/757/739
f 767/758/740 764/755/737 765/756/738
f 765/756/738 768/759/741 767/758/740
f 768/759/741 765/756/738 766/757/739
f 768/759/741 769/760/742 767/758/740
f 769/760/742 768/759/741 770/761/743
f 771/762/744 757/748/731 760/751/733
f 772/763/745 771/762/744 760/751/733
f 759/750/732 757/748/731 771/762/744
f 773/764/746 772/763/745 760/751/733
f 774/765/747 772/763/745 773/764/746
f 774/765/747 773/764/746 775/766/748
f 774/765/747 775/766/748 776/767/749
f 774/765/747 776/767/749 777/768/750
f 778/769/751 774/765/747 777/768/750
f 759/750/732 771/762/744 779/770/752
f 771/762/744 772/763/745 779/770/752
f 779/770/752 780/771/753 759/750/732
f 780/771/753 779/770/752 781/772/754
f 781/772/754 779/770/752 782/773/755
f 782/773/755 779/770/752 783/774/756
f 772/763/745 783/774/756 779/770/752
f 784/775/757 782/773/755 783/774/756
f 783/774/756 785/776/758 784/775/757
f 786/777/759 785/776/758 783/774/756
f 783/774/756 772/763/745 786/777/759
f 785/776/758 786/777/759 787/778/760
f 787/778/760 786/777/759 788/779/761
f 778/769/751 789/780/762 774/765/747
f 789/780/762 778/769/751 790/781/763
f 790/781/763 791/782/764 789/780/762
f 772/763/745 774/765/747 792/783/765
f 792/783/765 774/765/747 789/780/762
f 791/782/764 792/783/765 789/780/762
f 786/777/759 772/763/745 792/783/765
f 792/783/765 791/782/764 793/784/766
f 786/777/759 794/785/767 788/779/761
f 794/785/767 786/777/759 792/783/765
f 794/785/767 792/783/765 793/784/766
f 794/785/767 795/786/768 788/779/761
f 794/785/767 793/784/766 795/786/768
f 796/787/769 75/66/75 78/69/78
f 796/787/769 797/788/770 75/66/75
f 75/66/75 797/788/770 71/62/71
f 797/788/770 798/789/771 71/62/71
f 71/62/71 798/789/771 70/61/70
f 796/787/769 799/790/772 797/788/770
f 797/788/770 799/790/772 798/789/771
f 796/787/769 800/791/773 799/790/772
f 801/792/774 799/790/772 800/791/773
f 800/791/773 802/793/775 801/792/774
f 803/794/776 798/789/771 799/790/772
f 803/794/776 799/790/772 801/792/774
f 802/793/775 804/795/777 801/792/774
f 805/796/778 804/795/777 802/793/775
f 805/796/778 806/797/779 804/795/777
f 804/795/777 806/797/779 807/798/780
f 801/792/774 804/795/777 807/798/780
f 808/799/781 807/798/780 806/797/779
f 809/800/782 808/799/781 806/797/779
f 809/800/782 810/801/783 808/799/781
f 801/792/774 811/802/784 803/794/776
f 801/792/774 807/798/780 812/803/785
f 812/803/785 811/802/784 801/792/774
f 803/794/776 811/802/784 813/804/786
f 798/789/771 803/794/776 814/805/787
f 813/804/786 814/805/787 803/794/776
f 811/802/784 812/803/785 815/806/788
f 815/806/788 813/804/786 811/802/784
f 812/803/785 807/798/780 816/807/789
f 807/798/780 808/799/781 817/808/790
f 816/807/789 807/798/780 817/808/790
f 818/809/791 817/808/790 808/799/781
f 816/807/789 817/808/790 818/809/791
f 810/801/783 819/810/792 808/799/781
f 808/799/781 819/810/792 818/809/791
f 810/801/783 820/811/793 819/810/792
f 820/811/793 810/801/783 821/812/794
f 821/812/794 822/813/795 820/811/793
f 820/811/793 822/813/795 823/814/796
f 819/810/792 820/811/793 824/815/797
f 824/815/797 820/811/793 823/814/796
f 818/809/791 819/810/792 824/815/797
f 823/814/796 825/816/798 824/815/797
f 826/817/799 818/809/791 824/815/797
f 826/817/799 816/807/789 818/809/791
f 824/815/797 825/816/798 827/818/800
f 827/818/800 826/817/799 824/815/797
f 825/816/798 828/819/801 827/818/800
f 829/820/802 827/818/800 828/819/801
f 828/819/801 830/821/803 829/820/802
f 831/822/804 826/817/799 827/818/800
f 816/807/789 826/817/799 831/822/804
f 827/818/800 829/820/802 831/822/804
f 829/820/802 830/821/803 832/823/805
f 833/824/806 832/823/805 830/821/803
f 834/825/807 832/823/805 833/824/806
f 834/825/807 829/820/802 832/823/805
f 835/826/808 834/825/807 833/824/806
f 836/827/809 835/826/808 833/824/806
f 837/828/810 829/820/802 834/825/807
f 837/828/810 834/825/807 835/826/808
f 837/828/810 838/829/811 829/820/802
f 838/829/811 831/822/804 829/820/802
f 835/826/808 838/829/811 837/828/810
f 831/822/804 839/830/812 816/807/789
f 839/830/812 812/803/785 816/807/789
f 815/806/788 812/803/785 839/830/812
f 840/831/813 831/822/804 838/829/811
f 840/831/813 838/829/811 835/826/808
f 839/830/812 831/822/804 840/831/813
f 836/827/809 841/832/814 835/826/808
f 835/826/808 841/832/814 840/831/813
f 842/833/815 839/830/812 840/831/813
f 841/832/814 842/833/815 840/831/813
f 843/834/816 839/830/812 842/833/815
f 815/806/788 839/830/812 843/834/816
f 843/834/816 842/833/815 841/832/814
f 844/835/817 815/806/788 843/834/816
f 841/832/814 844/835/817 843/834/816
f 815/806/788 844/835/817 813/804/786
f 845/836/818 841/832/814 836/827/809
f 845/836/818 844/835/817 841/832/814
f 813/804/786 844/835/817 845/836/818
f 836/827/809 846/837/819 845/836/818
f 846/837/819 25/16/25 845/836/818
f 25/16/25 27/18/27 845/836/818
f 845/836/818 27/18/27 813/804/786
f 27/18/27 814/805/787 813/804/786
f 27/18/27 29/20/29 814/805/787
f 814/805/787 29/20/29 798/789/771
f 847/838/820 798/789/771 29/20/29
f 31/22/31 847/838/820 29/20/29
f 847/838/820 70/61/70 798/789/771
f 847/838/820 31/22/31 848/839/821
f 848/839/821 31/22/31 38/29/38
f 42/33/42 848/839/821 38/29/38
f 42/33/42 44/35/44 848/839/821
f 44/35/44 847/838/820 848/839/821
f 847/838/820 44/35/44 70/61/70
f 44/35/44 45/36/45 70/61/70
f 70/61/70 45/36/45 58/49/58
f 849/840/822 850/841/823 851/842/824
f 852/843/825 851/842/824 850/841/823
f 853/844/826 851/842/824 852/843/825
f 853/844/826 852/843/825 854/845/827
f 854/845/827 855/846/828 853/844/826
f 856/847/829 855/846/828 854/845/827
f 857/848/830 852/843/825 850/841/823
f 858/849/831 857/848/830 850/841/823
f 850/841/823 859/850/832 858/849/831
f 859/850/832 860/851/833 858/849/831
f 852/843/825 861/852/834 854/845/827
f 857/848/830 861/852/834 852/843/825
f 854/845/827 862/853/773 856/847/829
f 861/852/834 862/853/773 854/845/827
f 856/847/829 862/853/773 863/854/769
f 856/847/829 863/854/769 864/855/835
f 865/856/836 864/855/835 863/854/769
f 866/857/837 862/853/773 861/852/834
f 867/858/838 864/855/835 865/856/836
f 866/857/837 861/852/834 868/859/839
f 865/856/836 869/860/77 867/858/838
f 870/861/840 861/852/834 857/848/830
f 861/852/834 870/861/840 868/859/839
f 858/849/831 870/861/840 857/848/830
f 870/861/840 871/862/841 868/859/839
f 870/861/840 858/849/831 871/862/841
f 868/859/839 871/862/841 872/863/842
f 871/862/841 873/864/843 872/863/842
f 873/864/843 871/862/841 858/849/831
f 872/863/842 873/864/843 874/865/782
f 874/865/782 873/864/843 875/866/783
f 876/867/844 873/864/843 858/849/831
f 858/849/831 860/851/833 876/867/844
f 873/864/843 877/868/845 875/866/783
f 873/864/843 876/867/844 877/868/845
f 860/851/833 878/869/846 876/867/844
f 876/867/844 878/869/846 877/868/845
f 879/870/847 878/869/846 860/851/833
f 877/868/845 880/871/848 875/866/783
f 877/868/845 878/869/846 880/871/848
f 878/869/846 879/870/847 880/871/848
f 880/871/848 881/872/794 875/866/783
f 880/871/848 879/870/847 881/872/794
f 882/873/849 883/874/850 884/875/851
f 882/873/849 884/875/851 885/876/852
f 886/877/853 882/873/849 885/876/852
f 885/876/852 884/875/851 887/878/854
f 888/879/855 886/877/853 885/876/852
f 889/880/856 885/876/852 887/878/854
f 889/880/856 888/879/855 885/876/852
f 887/878/854 890/881/857 889/880/856
f 889/880/856 891/882/858 888/879/855
f 890/881/857 892/883/859 889/880/856
f 891/882/858 889/880/856 892/883/859
f 890/881/857 893/884/860 892/883/859
f 894/885/861 891/882/858 892/883/859
f 893/884/860 895/886/862 892/883/859
f 893/884/860 896/887/863 895/886/862
f 897/888/864 894/885/861 892/883/859
f 892/883/859 895/886/862 897/888/864
f 898/889/865 894/885/861 897/888/864
f 899/890/866 898/889/865 897/888/864
f 898/889/865 899/890/866 900/891/829
f 900/891/829 899/890/866 901/892/828
f 899/890/866 902/893/867 901/892/828
f 899/890/866 903/894/868 902/893/867
f 903/894/868 899/890/866 897/888/864
f 903/894/868 904/895/869 902/893/867
f 903/894/868 905/896/870 904/895/869
f 904/895/869 905/896/870 906/897/871
f 905/896/870 907/898/872 906/897/871
f 897/888/864 908/899/873 903/894/868
f 895/886/862 908/899/873 897/888/864
f 908/899/873 905/896/870 903/894/868
f 908/899/873 895/886/862 909/900/874
f 909/900/874 905/896/870 908/899/873
f 895/886/862 896/887/863 909/900/874
f 905/896/870 910/901/875 907/898/872
f 907/898/872 910/901/875 911/902/876
f 905/896/870 909/900/874 912/903/877
f 905/896/870 912/903/877 910/901/875
f 909/900/874 896/887/863 913/904/878
f 909/900/874 913/904/878 912/903/877
f 896/887/863 914/905/879 913/904/878
f 910/901/875 915/906/880 911/902/876
f 912/903/877 915/906/880 910/901/875
f 911/902/876 915/906/880 916/907/881
f 917/908/882 916/907/881 915/906/880
f 912/903/877 913/904/878 918/909/883
f 913/904/878 914/905/879 918/909/883
f 918/909/883 915/906/880 912/903/877
f 915/906/880 918/909/883 917/908/882
f 918/909/883 914/905/879 917/908/882
f 83/74/83 82/73/82 85/76/85
f 85/76/85 919/910/884 83/74/83
f 460/451/455 919/910/884 85/76/85
f 464/455/459 919/910/884 460/451/455
f 919/910/884 464/455/459 465/456/460
f 919/910/884 465/456/460 920/911/885
f 921/912/886 919/910/884 920/911/885
f 922/913/887 83/74/83 919/910/884
f 919/910/884 921/912/886 922/913/887
f 80/71/80 83/74/83 922/913/887
f 922/913/887 921/912/886 923/914/888
f 921/912/886 924/915/889 923/914/888
f 923/914/888 924/915/889 925/916/890
f 926/917/891 80/71/80 922/913/887
f 80/71/80 926/917/891 74/65/74
f 74/65/74 926/917/891 76/67/76
f 926/917/891 922/913/887 927/918/892
f 76/67/76 926/917/891 927/918/892
f 927/918/892 922/913/887 923/914/888
f 927/918/892 928/919/893 76/67/76
f 928/919/893 927/918/892 923/914/888
f 928/919/893 923/914/888 929/920/894
f 929/920/894 923/914/888 925/916/890
f 925/916/890 930/921/895 929/920/894
f 931/922/896 930/921/895 925/916/890
f 925/916/890 932/923/897 931/922/896
f 933/924/898 931/922/896 932/923/897
f 932/923/897 925/916/890 924/915/889
f 932/923/897 934/925/899 933/924/898
f 935/926/900 933/924/898 934/925/899
f 924/915/889 936/927/901 932/923/897
f 934/925/899 932/923/897 936/927/901
f 937/928/902 935/926/900 934/925/899
f 935/926/900 937/928/902 938/929/903
f 936/927/901 939/930/904 934/925/899
f 937/928/902 934/925/899 939/930/904
f 940/931/905 938/929/903 937/928/902
f 939/930/904 941/932/906 937/928/902
f 941/932/906 940/931/905 937/928/902
f 942/933/907 939/930/904 936/927/901
f 942/933/907 941/932/906 939/930/904
f 943/934/908 938/929/903 940/931/905
f 944/935/909 938/929/903 943/934/908
f 945/936/910 944/935/909 943/934/908
f 945/936/910 943/934/908 946/937/911
f 946/937/911 943/934/908 947/938/912
f 947/938/912 943/934/908 940/931/905
f 948/939/913 947/938/912 940/931/905
f 948/939/913 940/931/905 941/932/906
f 949/940/914 947/938/912 948/939/913
f 949/940/914 948/939/913 950/941/915
f 951/942/916 949/940/914 950/941/915
f 951/942/916 950/941/915 952/943/917
f 953/944/918 952/943/917 950/941/915
f 952/943/917 954/945/919 951/942/916
f 955/946/920 954/945/919 952/943/917
f 952/943/917 956/947/921 955/946/920
f 956/947/921 952/943/917 953/944/918
f 956/947/921 957/948/922 955/946/920
f 958/949/923 957/948/922 956/947/921
f 957/948/922 958/949/923 542/533/537
f 542/533/537 958/949/923 543/534/538
f 959/950/924 950/941/915 948/939/913
f 950/941/915 959/950/924 953/944/918
f 953/944/918 960/951/925 956/947/921
f 956/947/921 960/951/925 958/949/923
f 958/949/923 961/952/926 543/534/538
f 545/536/540 543/534/538 961/952/926
f 959/950/924 948/939/913 962/953/927
f 962/953/927 948/939/913 941/932/906
f 963/954/928 962/953/927 941/932/906
f 942/933/907 963/954/928 941/932/906
f 962/953/927 964/955/929 959/950/924
f 963/954/928 964/955/929 962/953/927
f 963/954/928 942/933/907 965/956/930
f 965/956/930 942/933/907 966/957/931
f 965/956/930 967/958/932 963/954/928
f 963/954/928 967/958/932 964/955/929
f 936/927/901 966/957/931 942/933/907
f 959/950/924 964/955/929 968/959/933
f 968/959/933 953/944/918 959/950/924
f 968/959/933 964/955/929 953/944/918
f 969/960/934 953/944/918 964/955/929
f 967/958/932 969/960/934 964/955/929
f 960/951/925 953/944/918 969/960/934
f 969/960/934 967/958/932 970/961/935
f 970/961/935 960/951/925 969/960/934
f 965/956/930 970/961/935 967/958/932
f 970/961/935 971/962/936 960/951/925
f 971/962/936 970/961/935 965/956/930
f 958/949/923 960/951/925 971/962/936
f 958/949/923 971/962/936 972/963/937
f 972/963/937 971/962/936 965/956/930
f 973/964/938 958/949/923 972/963/937
f 965/956/930 973/964/938 972/963/937
f 958/949/923 973/964/938 961/952/926
f 974/965/939 973/964/938 965/956/930
f 961/952/926 973/964/938 974/965/939
f 965/956/930 546/537/541 974/965/939
f 966/957/931 546/537/541 965/956/930
f 961/952/926 974/965/939 975/966/940
f 974/965/939 546/537/541 975/966/940
f 975/966/940 545/536/540 961/952/926
f 546/537/541 545/536/540 975/966/940
f 546/537/541 966/957/931 471/462/466
f 471/462/466 966/957/931 976/967/941
f 976/967/941 966/957/931 936/927/901
f 471/462/466 976/967/941 469/460/464
f 936/927/901 924/915/889 976/967/941
f 976/967/941 977/968/942 469/460/464
f 977/968/942 976/967/941 924/915/889
f 465/456/460 469/460/464 977/968/942
f 921/912/886 977/968/942 924/915/889
f 920/911/885 465/456/460 977/968/942
f 920/911/885 977/968/942 921/912/886
f 978/969/943 979/970/944 980/971/910
f 979/970/944 981/972/945 980/971/910
f 982/973/946 981/972/945 979/970/944
f 982/973/946 983/974/947 981/972/945
f 979/970/944 984/975/948 982/973/946
f 985/976/949 984/975/948 979/970/944
f 985/976/949 986/977/950 984/975/948
f 983/974/947 982/973/946 987/978/951
f 982/973/946 984/975/948 987/978/951
f 984/975/948 986/977/950 987/978/951
f 987/978/951 988/979/900 983/974/947
f 988/979/900 987/978/951 989/980/952
f 990/981/953 989/980/952 987/978/951
f 987/978/951 986/977/950 990/981/953
f 989/980/952 990/981/953 991/982/896
f 992/983/954 991/982/896 990/981/953
f 990/981/953 986/977/950 992/983/954
f 991/982/896 992/983/954 993/984/895
f 994/985/955 993/984/895 992/983/954
f 994/985/955 992/983/954 986/977/950
f 995/986/894 993/984/895 994/985/955
f 996/987/956 986/977/950 985/976/949
f 997/988/957 996/987/956 985/976/949
f 997/988/957 998/989/958 996/987/956
f 994/985/955 999/990/959 995/986/894
f 995/986/894 999/990/959 1000/991/960
f 986/977/950 1001/992/961 994/985/955
f 996/987/956 1001/992/961 986/977/950
f 994/985/955 1001/992/961 999/990/959
f 998/989/958 1002/993/962 996/987/956
f 996/987/956 1002/993/962 1001/992/961
f 1003/994/963 1000/991/960 999/990/959
f 1003/994/963 1004/995/964 1000/991/960
f 869/860/77 1004/995/964 1003/994/963
f 1001/992/961 1005/996/965 999/990/959
f 999/990/959 1005/996/965 1003/994/963
f 1002/993/962 1005/996/965 1001/992/961
f 1005/996/965 869/860/77 1003/994/963
f 1006/997/966 1002/993/962 998/989/958
f 1002/993/962 1006/997/966 1005/996/965
f 869/860/77 1005/996/965 1006/997/966
f 1007/998/967 1006/997/966 998/989/958
f 869/860/77 1006/997/966 867/858/838
f 1006/997/966 1007/998/967 1008/999/968
f 1006/997/966 1008/999/968 867/858/838
f 867/858/838 1008/999/968 1009/1000/858
f 1007/998/967 1010/1001/969 1008/999/968
f 1011/1002/970 1009/1000/858 1008/999/968
f 1008/999/968 1010/1001/969 1011/1002/970
f 1011/1002/970 1012/1003/855 1009/1000/858
f 1011/1002/970 1010/1001/969 1013/1004/971
f 1012/1003/855 1011/1002/970 1013/1004/971
f 1013/1004/971 1010/1001/969 1014/1005/972
f 1013/1004/971 1015/1006/973 1012/1003/855
f 1013/1004/971 1014/1005/972 1016/1007/974
f 1016/1007/974 1015/1006/973 1013/1004/971
f 1017/1008/975 1018/1009/976 1019/1010/977
f 1017/1008/975 1019/1010/977 1020/1011/978
f 1019/1010/977 1021/1012/979 1020/1011/978
f 1022/1013/980 1021/1012/979 1019/1010/977
f 1023/1014/981 1024/1015/982 1025/1016/983
f 1023/1014/981 1025/1016/983 1026/1017/984
f 1025/1016/983 1027/1018/985 1026/1017/984
f 1028/1019/982 1027/1018/985 1025/1016/983
f 1029/1020/986 1030/1021/987 1031/1022/988
f 1032/1023/989 1029/1020/986 1031/1022/988
f 1032/1023/989 1033/1024/990 1029/1020/986
f 1033/1024/990 1034/1025/991 1029/1020/986
f 1035/1026/992 1036/1027/993 1037/1028/994
f 1038/1029/995 1035/1026/992 1037/1028/994
f 1039/1030/996 1035/1026/992 1038/1029/995
f 1040/1031/997 1035/1026/992 1039/1030/996
f 1041/1032/998 1042/1033/999 1043/1034/1000
f 1044/1035/1001 1041/1032/998 1043/1034/1000
f 1045/1036/1002 1041/1032/998 1044/1035/1001
f 1046/1037/999 1041/1032/998 1045/1036/1002
f 1047/1038/1003 1048/1039/1004 1049/1040/1005
f 1047/1038/1003 1049/1040/1005 1050/1041/1006
f 1050/1041/1006 1051/1042/1007 1047/1038/1003
f 1051/1042/1007 1052/1043/1008 1047/1038/1003
f 1053/1044/1009 1054/1045/1010 1055/1046/1011
f 1056/1047/1012 1053/1044/1009 1055/1046/1011
f 1056/1047/1012 1057/1048/1013 1053/1044/1009
f 1057/1048/1013 1058/1049/1014 1053/1044/1009
f 1059/1050/1015 1060/1051/1016 1061/1052/1017
f 1062/1053/1018 1059/1050/1015 1061/1052/1017
f 1061/1052/1017 1063/1054/1019 1062/1053/1018
f 1061/1052/1017 1064/1055/1020 1063/1054/1019
f 1065/1056/1021 1066/1057/1022 1067/1058/1023
f 1068/1059/1024 1065/1056/1021 1067/1058/1023
f 1068/1059/1024 1069/1060/1025 1065/1056/1021
f 1069/1060/1025 1070/1061/1026 1065/1056/1021
f 1071/1062/1027 1072/1063/1028 1073/1064/1029
f 1072/1063/1028 1074/1065/1030 1073/1064/1029
f 1075/1066/1031 1074/1065/1030 1072/1063/1028
f 1076/1067/1032 1075/1066/1031 1072/1063/1028
f 1077/1068/1033 1078/1069/1034 1079/1070/1035
f 1080/1071/1036 1078/1069/1034 1077/1068/1033
f 1081/1072/1037 1080/1071/1036 1077/1068/1033
f 1082/1073/1035 1081/1072/1037 1077/1068/1033
f 1083/1074/1038 1084/1075/1039 1085/1076/1040
f 1086/1077/1041 1084/1075/1039 1083/1074/1038
f 1087/1078/1042 1086/1077/1041 1083/1074/1038
f 1088/1079/1040 1087/1078/1042 1083/1074/1038
f 1089/1080/1043 1090/1081/1044 1091/1082/1045
f 1091/1082/1045 1092/1083/1046 1089/1080/1043
f 1089/1080/1043 1092/1083/1046 1093/1084/1047
f 1094/1085/1048 1092/1083/1046 1091/1082/1045
f 1092/1083/1046 1094/1085/1048 1093/1084/1047
f 1094/1085/1048 1091/1082/1045 1095/1086/1049
f 1093/1084/1047 1094/1085/1048 1096/1087/1050
f 1096/1087/1050 1094/1085/1048 1095/1086/1049
f 1093/1084/1047 1096/1087/1050 1097/1088/1051
f 1098/1089/1052 1096/1087/1050 1095/1086/1049
f 1097/1088/1051 1096/1087/1050 1099/1090/1044
f 1099/1090/1044 1096/1087/1050 1098/1089/1052
f 1100/1091/1053 1101/1092/1054 1102/1093/1055
f 1101/1092/1054 1103/1094/1056 1102/1093/1055
f 1102/1093/1055 1103/1094/1056 1104/1095/1057
f 1102/1093/1055 1104/1095/1057 1105/1096/1058
f 1106/1097/1059 1107/1098/1060 1108/1099/1061
f 1108/1099/1061 1109/1100/1062 1106/1097/1059
f 1110/1101/1063 1106/1097/1059 1109/1100/1062
f 1109/1100/1062 1108/1099/1061 1111/1102/1064
f 1109/1100/1062 1112/1103/1065 1110/1101/1063
f 1111/1102/1064 1113/1104/1066 1109/1100/1062
f 1112/1103/1065 1109/1100/1062 1114/1105/1067
f 1113/1104/1066 1114/1105/1067 1109/1100/1062
f 1107/1098/1060 1115/1106/1068 1116/1107/1069
f 1116/1107/1069 1108/1099/1061 1107/1098/1060
f 1116/1107/1069 1111/1102/1064 1108/1099/1061
f 1116/1107/1069 1117/1108/1070 1111/1102/1064
f 1118/1109/1071 1111/1102/1064 1117/1108/1070
f 1119/1110/1072 1118/1109/1071 1117/1108/1070
f 1117/1108/1070 1120/1111/1073 1119/1110/1072
f 1120/1111/1073 1121/1112/1074 1119/1110/1072
f 1122/1113/1075 1119/1110/1072 1121/1112/1074
f 1122/1113/1075 1123/1114/1076 1119/1110/1072
f 1119/1110/1072 1123/1114/1076 1124/1115/1077
f 1118/1109/1071 1119/1110/1072 1124/1115/1077
f 1123/1114/1076 1125/1116/1078 1124/1115/1077
f 1126/1117/1079 1111/1102/1064 1118/1109/1071
f 1124/1115/1077 1127/1118/1080 1118/1109/1071
f 1126/1117/1079 1118/1109/1071 1127/1118/1080
f 1124/1115/1077 1125/1116/1078 1128/1119/1081
f 1127/1118/1080 1124/1115/1077 1128/1119/1081
f 1111/1102/1064 1126/1117/1079 1129/1120/1082
f 1113/1104/1066 1111/1102/1064 1129/1120/1082
f 1130/1121/1083 1128/1119/1081 1125/1116/1078
f 1131/1122/1084 1130/1121/1083 1125/1116/1078
f 1128/1119/1081 1132/1123/1085 1127/1118/1080
f 1132/1123/1085 1128/1119/1081 1130/1121/1083
f 1133/1124/1086 1126/1117/1079 1127/1118/1080
f 1126/1117/1079 1133/1124/1086 1129/1120/1082
f 1132/1123/1085 1134/1125/1087 1127/1118/1080
f 1133/1124/1086 1127/1118/1080 1134/1125/1087
f 1113/1104/1066 1129/1120/1082 1135/1126/1088
f 1133/1124/1086 1136/1127/1089 1129/1120/1082
f 1135/1126/1088 1129/1120/1082 1136/1127/1089
f 1135/1126/1088 1137/1128/1090 1113/1104/1066
f 1137/1128/1090 1114/1105/1067 1113/1104/1066
f 1137/1128/1090 1138/1129/1091 1114/1105/1067
f 1133/1124/1086 1139/1130/1092 1136/1127/1089
f 1139/1130/1092 1133/1124/1086 1134/1125/1087
f 1136/1127/1089 1140/1131/1093 1135/1126/1088
f 1137/1128/1090 1135/1126/1088 1140/1131/1093
f 1139/1130/1092 1140/1131/1093 1136/1127/1089
f 1137/1128/1090 1141/1132/1094 1138/1129/1091
f 1138/1129/1091 1141/1132/1094 1142/1133/1095
f 1140/1131/1093 1143/1134/1096 1137/1128/1090
f 1141/1132/1094 1137/1128/1090 1143/1134/1096
f 1140/1131/1093 1139/1130/1092 1144/1135/1097
f 1144/1135/1097 1143/1134/1096 1140/1131/1093
f 1139/1130/1092 1134/1125/1087 1145/1136/1098
f 1146/1137/1099 1139/1130/1092 1145/1136/1098
f 1144/1135/1097 1139/1130/1092 1146/1137/1099
f 1145/1136/1098 1134/1125/1087 1147/1138/1100
f 1146/1137/1099 1148/1139/1101 1144/1135/1097
f 1132/1123/1085 1147/1138/1100 1134/1125/1087
f 1149/1140/1102 1144/1135/1097 1148/1139/1101
f 1150/1141/1103 1149/1140/1102 1148/1139/1101
f 1143/1134/1096 1144/1135/1097 1151/1142/1104
f 1149/1140/1102 1151/1142/1104 1144/1135/1097
f 1143/1134/1096 1152/1143/1105 1141/1132/1094
f 1151/1142/1104 1152/1143/1105 1143/1134/1096
f 1153/1144/1106 1147/1138/1100 1132/1123/1085
f 1130/1121/1083 1153/1144/1106 1132/1123/1085
f 1154/1145/1107 1149/1140/1102 1150/1141/1103
f 1155/1146/1108 1154/1145/1107 1150/1141/1103
f 1156/1147/1109 1154/1145/1107 1155/1146/1108
f 1149/1140/1102 1154/1145/1107 1157/1148/1110
f 1156/1147/1109 1157/1148/1110 1154/1145/1107
f 1149/1140/1102 1157/1148/1110 1151/1142/1104
f 1157/1148/1110 1156/1147/1109 1158/1149/1111
f 1158/1149/1111 1151/1142/1104 1157/1148/1110
f 1158/1149/1111 1156/1147/1109 1159/1150/1112
f 1151/1142/1104 1158/1149/1111 1160/1151/1113
f 1160/1151/1113 1152/1143/1105 1151/1142/1104
f 1158/1149/1111 1159/1150/1112 1160/1151/1113
f 1160/1151/1113 1161/1152/1114 1152/1143/1105
f 1161/1152/1114 1160/1151/1113 1159/1150/1112
f 1161/1152/1114 1141/1132/1094 1152/1143/1105
f 1159/1150/1112 1162/1153/40 1161/1152/1114
f 1161/1152/1114 1142/1133/1095 1141/1132/1094
f 1142/1133/1095 1161/1152/1114 1162/1153/40
f 1162/1153/40 1163/1154/36 1142/1133/1095
f 1112/1103/1065 1114/1105/1067 1138/1129/1091
f 1112/1103/1065 1138/1129/1091 1142/1133/1095
f 1142/1133/1095 1164/1155/1115 1112/1103/1065
f 1112/1103/1065 1164/1155/1115 1110/1101/1063
f 1165/1156/1116 1110/1101/1063 1164/1155/1115
f 1166/1157/33 1165/1156/1116 1164/1155/1115
f 1164/1155/1115 1167/1158/34 1166/1157/33
f 1167/1158/34 1164/1155/1115 1142/1133/1095
f 1142/1133/1095 1163/1154/36 1167/1158/34
f 1168/1159/1117 1169/1160/1118 1170/1161/1119
f 1170/1161/1119 1171/1162/1120 1168/1159/1117
f 1171/1162/1120 1170/1161/1119 1172/1163/1121
f 1173/1164/1122 1168/1159/1117 1171/1162/1120
f 1/1/1 1168/1159/1117 1173/1164/1122
f 1172/1163/1121 1174/1165/1123 1171/1162/1120
f 1172/1163/1121 1175/1166/1124 1174/1165/1123
f 1171/1162/1120 1176/1167/1125 1173/1164/1122
f 1176/1167/1125 1171/1162/1120 1174/1165/1123
f 1/1/1 1173/1164/1122 1177/1168/1126
f 1177/1168/1126 2/2/2 1/1/1
f 1174/1165/1123 1175/1166/1124 1178/1169/1127
f 1178/1169/1127 1175/1166/1124 1179/1170/1128
f 2/2/2 1177/1168/1126 1180/1171/1129
f 2/2/2 1180/1171/1129 1181/1172/1130
f 1180/1171/1129 1182/1173/1131 1181/1172/1130
f 1182/1173/1131 1183/1174/1132 1181/1172/1130
f 1184/1175/1133 1180/1171/1129 1177/1168/1126
f 1182/1173/1131 1180/1171/1129 1184/1175/1133
f 1177/1168/1126 1173/1164/1122 1185/1176/1134
f 1185/1176/1134 1184/1175/1133 1177/1168/1126
f 1182/1173/1131 1186/1177/1135 1183/1174/1132
f 1187/1178/1136 1183/1174/1132 1186/1177/1135
f 1182/1173/1131 1184/1175/1133 1188/1179/1137
f 1188/1179/1137 1186/1177/1135 1182/1173/1131
f 1187/1178/1136 1186/1177/1135 1189/1180/1138
f 1189/1180/1138 1190/1181/1139 1187/1178/1136
f 1191/1182/1140 1189/1180/1138 1186/1177/1135
f 1186/1177/1135 1188/1179/1137 1191/1182/1140
f 1192/1183/1141 1191/1182/1140 1188/1179/1137
f 1193/1184/1142 1188/1179/1137 1184/1175/1133
f 1188/1179/1137 1193/1184/1142 1192/1183/1141
f 1184/1175/1133 1185/1176/1134 1193/1184/1142
f 1173/1164/1122 1194/1185/1143 1185/1176/1134
f 1173/1164/1122 1176/1167/1125 1194/1185/1143
f 1192/1183/1141 1193/1184/1142 1195/1186/1144
f 1196/1187/1145 1192/1183/1141 1195/1186/1144
f 1197/1188/1146 1193/1184/1142 1185/1176/1134
f 1185/1176/1134 1194/1185/1143 1197/1188/1146
f 1195/1186/1144 1193/1184/1142 1197/1188/1146
f 1198/1189/1147 1194/1185/1143 1176/1167/1125
f 1198/1189/1147 1197/1188/1146 1194/1185/1143
f 1196/1187/1145 1195/1186/1144 1199/1190/1148
f 1200/1191/1149 1196/1187/1145 1199/1190/1148
f 1195/1186/1144 1197/1188/1146 1201/1192/1150
f 1199/1190/1148 1195/1186/1144 1201/1192/1150
f 1176/1167/1125 1202/1193/1151 1198/1189/1147
f 1174/1165/1123 1202/1193/1151 1176/1167/1125
f 1198/1189/1147 1203/1194/1152 1197/1188/1146
f 1201/1192/1150 1197/1188/1146 1203/1194/1152
f 1202/1193/1151 1174/1165/1123 1204/1195/1153
f 1178/1169/1127 1204/1195/1153 1174/1165/1123
f 1205/1196/1154 1198/1189/1147 1202/1193/1151
f 1203/1194/1152 1198/1189/1147 1205/1196/1154
f 1205/1196/1154 1202/1193/1151 1204/1195/1153
f 1206/1197/1155 1201/1192/1150 1203/1194/1152
f 1205/1196/1154 1206/1197/1155 1203/1194/1152
f 1199/1190/1148 1207/1198/1156 1200/1191/1149
f 1208/1199/1157 1200/1191/1149 1207/1198/1156
f 1209/1200/1158 1208/1199/1157 1207/1198/1156
f 1199/1190/1148 1201/1192/1150 1210/1201/1159
f 1210/1201/1159 1201/1192/1150 1206/1197/1155
f 1207/1198/1156 1211/1202/1160 1209/1200/1158
f 1212/1203/1161 1209/1200/1158 1211/1202/1160
f 1213/1204/1162 1207/1198/1156 1199/1190/1148
f 1199/1190/1148 1210/1201/1159 1213/1204/1162
f 1207/1198/1156 1213/1204/1162 1214/1205/1163
f 1214/1205/1163 1211/1202/1160 1207/1198/1156
f 1213/1204/1162 1210/1201/1159 1214/1205/1163
f 1212/1203/1161 1211/1202/1160 1215/1206/1164
f 1214/1205/1163 1215/1206/1164 1211/1202/1160
f 1210/1201/1159 1216/1207/1165 1214/1205/1163
f 1216/1207/1165 1210/1201/1159 1206/1197/1155
f 1212/1203/1161 1215/1206/1164 1217/1208/1166
f 1218/1209/1167 1212/1203/1161 1217/1208/1166
f 1219/1210/1168 1218/1209/1167 1217/1208/1166
f 1214/1205/1163 1220/1211/1169 1215/1206/1164
f 1216/1207/1165 1220/1211/1169 1214/1205/1163
f 1221/1212/1170 1217/1208/1166 1215/1206/1164
f 1215/1206/1164 1220/1211/1169 1221/1212/1170
f 1217/1208/1166 1222/1213/1171 1219/1210/1168
f 1217/1208/1166 1221/1212/1170 1222/1213/1171
f 1219/1210/1168 1222/1213/1171 1223/1214/1172
f 1223/1214/1172 1222/1213/1171 1224/1215/1173
f 1225/1216/1174 1223/1214/1172 1224/1215/1173
f 1221/1212/1170 1226/1217/1175 1222/1213/1171
f 1222/1213/1171 1226/1217/1175 1224/1215/1173
f 1227/1218/1176 1221/1212/1170 1220/1211/1169
f 1227/1218/1176 1226/1217/1175 1221/1212/1170
f 1224/1215/1173 1228/1219/1177 1225/1216/1174
f 1229/1220/1178 1225/1216/1174 1228/1219/1177
f 1220/1211/1169 1230/1221/1179 1227/1218/1176
f 1216/1207/1165 1230/1221/1179 1220/1211/1169
f 1227/1218/1176 1230/1221/1179 1231/1222/1180
f 1227/1218/1176 1231/1222/1180 1226/1217/1175
f 1224/1215/1173 1226/1217/1175 1232/1223/1181
f 1224/1215/1173 1232/1223/1181 1228/1219/1177
f 1230/1221/1179 1216/1207/1165 1233/1224/1182
f 1233/1224/1182 1231/1222/1180 1230/1221/1179
f 1234/1225/1183 1226/1217/1175 1231/1222/1180
f 1232/1223/1181 1226/1217/1175 1234/1225/1183
f 1235/1226/1184 1233/1224/1182 1216/1207/1165
f 1206/1197/1155 1235/1226/1184 1216/1207/1165
f 1231/1222/1180 1233/1224/1182 1236/1227/1185
f 1234/1225/1183 1231/1222/1180 1236/1227/1185
f 1233/1224/1182 1235/1226/1184 1236/1227/1185
f 1235/1226/1184 1206/1197/1155 1237/1228/1186
f 1237/1228/1186 1206/1197/1155 1205/1196/1154
f 1238/1229/1187 1236/1227/1185 1235/1226/1184
f 1237/1228/1186 1238/1229/1187 1235/1226/1184
f 1236/1227/1185 1239/1230/1188 1234/1225/1183
f 1238/1229/1187 1239/1230/1188 1236/1227/1185
f 1238/1229/1187 1240/1231/1189 1239/1230/1188
f 1241/1232/1190 1234/1225/1183 1239/1230/1188
f 1234/1225/1183 1241/1232/1190 1232/1223/1181
f 1237/1228/1186 1205/1196/1154 1242/1233/1191
f 1204/1195/1153 1242/1233/1191 1205/1196/1154
f 1243/1234/1192 1239/1230/1188 1240/1231/1189
f 1239/1230/1188 1243/1234/1192 1241/1232/1190
f 1242/1233/1191 1204/1195/1153 1244/1235/1193
f 1178/1169/1127 1244/1235/1193 1204/1195/1153
f 1178/1169/1127 1245/1236/1194 1244/1235/1193
f 1179/1170/1128 1245/1236/1194 1178/1169/1127
f 1245/1236/1194 1179/1170/1128 1246/1237/1195
f 1246/1237/1195 1247/1238/1196 1245/1236/1194
f 1248/1239/1197 1247/1238/1196 1246/1237/1195
f 1246/1237/1195 1249/1240/1198 1248/1239/1197
f 1250/1241/1199 1248/1239/1197 1249/1240/1198
f 1250/1241/1199 1251/1242/1200 1248/1239/1197
f 1244/1235/1193 1252/1243/1201 1242/1233/1191
f 1251/1242/1200 1250/1241/1199 1253/1244/1202
f 1253/1244/1202 1254/1245/1203 1251/1242/1200
f 1250/1241/1199 1131/1122/1084 1253/1244/1202
f 1125/1116/1078 1253/1244/1202 1131/1122/1084
f 1254/1245/1203 1253/1244/1202 1255/1246/1204
f 1253/1244/1202 1125/1116/1078 1256/1247/1205
f 1256/1247/1205 1255/1246/1204 1253/1244/1202
f 1123/1114/1076 1256/1247/1205 1125/1116/1078
f 1255/1246/1204 1256/1247/1205 1257/1248/1206
f 1257/1248/1206 1256/1247/1205 1123/1114/1076
f 1123/1114/1076 1122/1113/1075 1257/1248/1206
f 1257/1248/1206 1258/1249/1207 1255/1246/1204
f 1257/1248/1206 1122/1113/1075 1121/1112/1074
f 1258/1249/1207 1257/1248/1206 1259/1250/1208
f 1121/1112/1074 1259/1250/1208 1257/1248/1206
f 1260/1251/1209 1258/1249/1207 1259/1250/1208
f 1259/1250/1208 1121/1112/1074 1261/1252/1210
f 1121/1112/1074 1120/1111/1073 1261/1252/1210
f 1259/1250/1208 1262/1253/1211 1260/1251/1209
f 1261/1252/1210 1262/1253/1211 1259/1250/1208
f 1263/1254/1212 1260/1251/1209 1262/1253/1211
f 1260/1251/1209 1263/1254/1212 1264/1255/1213
f 1265/1256/1214 1262/1253/1211 1261/1252/1210
f 1265/1256/1214 1263/1254/1212 1262/1253/1211
f 1266/1257/1215 1264/1255/1213 1263/1254/1212
f 1267/1258/1216 1264/1255/1213 1266/1257/1215
f 1268/1259/1217 1263/1254/1212 1265/1256/1214
f 1268/1259/1217 1266/1257/1215 1263/1254/1212
f 1269/1260/1218 1261/1252/1210 1120/1111/1073
f 1270/1261/1219 1265/1256/1214 1261/1252/1210
f 1270/1261/1219 1261/1252/1210 1269/1260/1218
f 1271/1262/1220 1269/1260/1218 1120/1111/1073
f 1120/1111/1073 1117/1108/1070 1271/1262/1220
f 1271/1262/1220 1117/1108/1070 1116/1107/1069
f 1272/1263/1221 1268/1259/1217 1265/1256/1214
f 1265/1256/1214 1270/1261/1219 1272/1263/1221
f 1273/1264/1222 1270/1261/1219 1269/1260/1218
f 1271/1262/1220 1273/1264/1222 1269/1260/1218
f 1116/1107/1069 1274/1265/1223 1271/1262/1220
f 1115/1106/1068 1274/1265/1223 1116/1107/1069
f 1275/1266/1224 1274/1265/1223 1115/1106/1068
f 1276/1267/1225 1271/1262/1220 1274/1265/1223
f 1276/1267/1225 1274/1265/1223 1275/1266/1224
f 1276/1267/1225 1273/1264/1222 1271/1262/1220
f 1275/1266/1224 1229/1220/1178 1276/1267/1225
f 1228/1219/1177 1276/1267/1225 1229/1220/1178
f 1228/1219/1177 1273/1264/1222 1276/1267/1225
f 1277/1268/1226 1270/1261/1219 1273/1264/1222
f 1228/1219/1177 1277/1268/1226 1273/1264/1222
f 1277/1268/1226 1272/1263/1221 1270/1261/1219
f 1228/1219/1177 1232/1223/1181 1277/1268/1226
f 1272/1263/1221 1277/1268/1226 1232/1223/1181
f 1232/1223/1181 1241/1232/1190 1272/1263/1221
f 1241/1232/1190 1268/1259/1217 1272/1263/1221
f 1241/1232/1190 1243/1234/1192 1268/1259/1217
f 1243/1234/1192 1266/1257/1215 1268/1259/1217
f 1243/1234/1192 1278/1269/1227 1266/1257/1215
f 1266/1257/1215 1278/1269/1227 1267/1258/1216
f 1240/1231/1189 1278/1269/1227 1243/1234/1192
f 1267/1258/1216 1278/1269/1227 1240/1231/1189
f 1240/1231/1189 1279/1270/1228 1267/1258/1216
f 1280/1271/1229 1279/1270/1228 1240/1231/1189
f 1281/1272/1230 1280/1271/1229 1240/1231/1189
f 1238/1229/1187 1281/1272/1230 1240/1231/1189
f 1280/1271/1229 1281/1272/1230 1282/1273/1231
f 1281/1272/1230 1238/1229/1187 1283/1274/1232
f 1283/1274/1232 1238/1229/1187 1237/1228/1186
f 1284/1275/1233 1282/1273/1231 1281/1272/1230
f 1283/1274/1232 1284/1275/1233 1281/1272/1230
f 1282/1273/1231 1284/1275/1233 1285/1276/1234
f 1284/1275/1233 1283/1274/1232 1285/1276/1234
f 1285/1276/1234 1286/1277/1235 1282/1273/1231
f 1252/1243/1201 1286/1277/1235 1285/1276/1234
f 1287/1278/1236 1283/1274/1232 1237/1228/1186
f 1283/1274/1232 1287/1278/1236 1285/1276/1234
f 1285/1276/1234 1287/1278/1236 1252/1243/1201
f 1242/1233/1191 1287/1278/1236 1237/1228/1186
f 1287/1278/1236 1242/1233/1191 1252/1243/1201
f 1169/1160/1118 1168/1159/1117 1/1/1
f 1/1/1 1288/1279/1237 1169/1160/1118
f 1/1/1 3/3/3 1288/1279/1237
f 3/3/3 1289/1280/1238 1288/1279/1237
f 1290/1281/1239 1169/1160/1118 1288/1279/1237
f 1288/1279/1237 1289/1280/1238 1291/1282/1240
f 1288/1279/1237 1291/1282/1240 1290/1281/1239
f 1289/1280/1238 1292/1283/1241 1291/1282/1240
f 1293/1284/1242 1292/1283/1241 1289/1280/1238
f 1169/1160/1118 1290/1281/1239 1294/1285/1243
f 1294/1285/1243 1170/1161/1119 1169/1160/1118
f 1295/1286/1244 1290/1281/1239 1291/1282/1240
f 1291/1282/1240 1292/1283/1241 1295/1286/1244
f 1292/1283/1241 1293/1284/1242 1296/1287/117
f 1297/1288/1245 1296/1287/117 1293/1284/1242
f 1292/1283/1241 1296/1287/117 1298/1289/1246
f 1298/1289/1246 1295/1286/1244 1292/1283/1241
f 1297/1288/1245 1299/1290/1247 1296/1287/117
f 1290/1281/1239 1295/1286/1244 1300/1291/1248
f 1300/1291/1248 1295/1286/1244 1298/1289/1246
f 1300/1291/1248 1294/1285/1243 1290/1281/1239
f 1298/1289/1246 1301/1292/1249 1300/1291/1248
f 1170/1161/1119 1294/1285/1243 1302/1293/1250
f 1302/1293/1250 1294/1285/1243 1300/1291/1248
f 1302/1293/1250 1172/1163/1121 1170/1161/1119
f 1297/1288/1245 1303/1294/1251 1299/1290/1247
f 1303/1294/1251 1297/1288/1245 1304/1295/168
f 1299/1290/1247 1303/1294/1251 1305/1296/1252
f 1305/1296/1252 1306/1297/672 1299/1290/1247
f 1300/1291/1248 1301/1292/1249 1307/1298/1253
f 1300/1291/1248 1307/1298/1253 1302/1293/1250
f 1302/1293/1250 1308/1299/1254 1172/1163/1121
f 1302/1293/1250 1307/1298/1253 1308/1299/1254
f 1172/1163/1121 1308/1299/1254 1175/1166/1124
f 1301/1292/1249 1309/1300/1255 1307/1298/1253
f 1301/1292/1249 1310/1301/1256 1309/1300/1255
f 1311/1302/1257 1309/1300/1255 1310/1301/1256
f 1308/1299/1254 1312/1303/1258 1175/1166/1124
f 1179/1170/1128 1175/1166/1124 1312/1303/1258
f 1313/1304/1259 1308/1299/1254 1307/1298/1253
f 1307/1298/1253 1309/1300/1255 1313/1304/1259
f 1308/1299/1254 1313/1304/1259 1312/1303/1258
f 1311/1302/1257 1314/1305/1260 1309/1300/1255
f 1311/1302/1257 1315/1306/1261 1314/1305/1260
f 1315/1306/1261 1316/1307/1262 1314/1305/1260
f 1317/1308/1263 1179/1170/1128 1312/1303/1258
f 1317/1308/1263 1246/1237/1195 1179/1170/1128
f 1309/1300/1255 1318/1309/1264 1313/1304/1259
f 1318/1309/1264 1309/1300/1255 1314/1305/1260
f 1316/1307/1262 1319/1310/1265 1314/1305/1260
f 1316/1307/1262 1320/1311/1266 1319/1310/1265
f 1320/1311/1266 1321/1312/1267 1319/1310/1265
f 1314/1305/1260 1319/1310/1265 1322/1313/1268
f 1314/1305/1260 1322/1313/1268 1318/1309/1264
f 1319/1310/1265 1321/1312/1267 1323/1314/1269
f 1319/1310/1265 1323/1314/1269 1322/1313/1268
f 1323/1314/1269 1321/1312/1267 1324/1315/1270
f 1317/1308/1263 1325/1316/1271 1246/1237/1195
f 1325/1316/1271 1249/1240/1198 1246/1237/1195
f 1322/1313/1268 1326/1317/1272 1318/1309/1264
f 1322/1313/1268 1323/1314/1269 1326/1317/1272
f 1325/1316/1271 1327/1318/1273 1249/1240/1198
f 1327/1318/1273 1250/1241/1199 1249/1240/1198
f 1250/1241/1199 1327/1318/1273 1131/1122/1084
f 1131/1122/1084 1327/1318/1273 1328/1319/1274
f 1131/1122/1084 1328/1319/1274 1130/1121/1083
f 1327/1318/1273 1325/1316/1271 1329/1320/1275
f 1327/1318/1273 1329/1320/1275 1328/1319/1274
f 1317/1308/1263 1330/1321/1276 1325/1316/1271
f 1325/1316/1271 1330/1321/1276 1329/1320/1275
f 1130/1121/1083 1328/1319/1274 1331/1322/1277
f 1130/1121/1083 1331/1322/1277 1153/1144/1106
f 1332/1323/1278 1330/1321/1276 1317/1308/1263
f 1312/1303/1258 1332/1323/1278 1317/1308/1263
f 1333/1324/1279 1328/1319/1274 1329/1320/1275
f 1331/1322/1277 1328/1319/1274 1333/1324/1279
f 1334/1325/1280 1333/1324/1279 1329/1320/1275
f 1331/1322/1277 1333/1324/1279 1334/1325/1280
f 1153/1144/1106 1331/1322/1277 1335/1326/1281
f 1153/1144/1106 1335/1326/1281 1147/1138/1100
f 1147/1138/1100 1335/1326/1281 1336/1327/1282
f 1337/1328/1283 1335/1326/1281 1331/1322/1277
f 1331/1322/1277 1334/1325/1280 1337/1328/1283
f 1338/1329/1284 1337/1328/1283 1334/1325/1280
f 1339/1330/1285 1336/1327/1282 1335/1326/1281
f 1335/1326/1281 1337/1328/1283 1339/1330/1285
f 1336/1327/1282 1339/1330/1285 1340/1331/1286
f 1340/1331/1286 1339/1330/1285 1337/1328/1283
f 1338/1329/1284 1340/1331/1286 1337/1328/1283
f 1341/1332/1287 1336/1327/1282 1340/1331/1286
f 1312/1303/1258 1342/1333/1288 1332/1323/1278
f 1342/1333/1288 1312/1303/1258 1313/1304/1259
f 1313/1304/1259 1343/1334/1289 1342/1333/1288
f 1318/1309/1264 1343/1334/1289 1313/1304/1259
f 1343/1334/1289 1318/1309/1264 1344/1335/1290
f 1344/1335/1290 1318/1309/1264 1326/1317/1272
f 1344/1335/1290 1345/1336/1291 1343/1334/1289
f 1344/1335/1290 1326/1317/1272 1345/1336/1291
f 1343/1334/1289 1346/1337/1292 1342/1333/1288
f 1342/1333/1288 1347/1338/209 1332/1323/1278
f 1347/1338/209 1342/1333/1288 1348/1339/1293
f 1342/1333/1288 1346/1337/1292 1348/1339/1293
f 1332/1323/1278 1347/1338/209 1349/1340/1294
f 1350/1341/1295 1348/1339/1293 1346/1337/1292
f 1350/1341/1295 1346/1337/1292 1351/1342/1296
f 1330/1321/1276 1332/1323/1278 1349/1340/1294
f 1351/1342/1296 1352/1343/1297 1350/1341/1295
f 1349/1340/1294 1350/1341/1295 1352/1343/1297
f 1353/1344/1298 1349/1340/1294 1352/1343/1297
f 1352/1343/1297 1354/1345/1299 1353/1344/1298
f 1349/1340/1294 1355/1346/1300 1330/1321/1276
f 1355/1346/1300 1349/1340/1294 1353/1344/1298
f 1356/1347/1301 1330/1321/1276 1355/1346/1300
f 1330/1321/1276 1356/1347/1301 1329/1320/1275
f 1329/1320/1275 1356/1347/1301 1334/1325/1280
f 1357/1348/193 1355/1346/1300 1353/1344/1298
f 1358/1349/198 1357/1348/193 1353/1344/1298
f 1355/1346/1300 1359/1350/201 1356/1347/1301
f 1355/1346/1300 1357/1348/193 1359/1350/201
f 1359/1350/201 1334/1325/1280 1356/1347/1301
f 1360/1351/439 1359/1350/201 1357/1348/193
f 1334/1325/1280 1359/1350/201 1361/1352/202
f 1361/1352/202 1338/1329/1284 1334/1325/1280
f 1362/1353/1302 1338/1329/1284 1361/1352/202
f 1361/1352/202 1363/1354/1303 1362/1353/1302
f 1360/1351/439 1364/1355/1304 1363/1354/1303
f 1360/1351/439 1365/1356/437 1364/1355/1304
f 1364/1355/1304 1366/1357/1305 1363/1354/1303
f 1362/1353/1302 1363/1354/1303 1366/1357/1305
f 1367/1358/1306 1362/1353/1302 1366/1357/1305
f 1368/1359/1307 1366/1357/1305 1364/1355/1304
f 1368/1359/1307 1364/1355/1304 1365/1356/437
f 1369/1360/1308 1338/1329/1284 1362/1353/1302
f 1362/1353/1302 1367/1358/1306 1369/1360/1308
f 1370/1361/1309 1367/1358/1306 1366/1357/1305
f 1370/1361/1309 1366/1357/1305 1368/1359/1307
f 1365/1356/437 1371/1362/1310 1368/1359/1307
f 1372/1363/1311 1370/1361/1309 1368/1359/1307
f 1368/1359/1307 1371/1362/1310 1372/1363/1311
f 1370/1361/1309 1373/1364/1312 1367/1358/1306
f 1374/1365/1313 1373/1364/1312 1370/1361/1309
f 1374/1365/1313 1370/1361/1309 1372/1363/1311
f 1372/1363/1311 1375/1366/1314 1374/1365/1313
f 1373/1364/1312 1376/1367/1315 1367/1358/1306
f 1377/1368/1316 1375/1366/1314 1372/1363/1311
f 1372/1363/1311 1371/1362/1310 1377/1368/1316
f 1375/1366/1314 1377/1368/1316 1378/1369/236
f 1379/1370/1317 1378/1369/236 1377/1368/1316
f 1367/1358/1306 1376/1367/1315 1380/1371/1318
f 1380/1371/1318 1376/1367/1315 1381/1372/242
f 1367/1358/1306 1380/1371/1318 1382/1373/1319
f 1382/1373/1319 1369/1360/1308 1367/1358/1306
f 1380/1371/1318 1381/1372/242 1383/1374/1320
f 1383/1374/1320 1381/1372/242 1384/1375/251
f 1384/1375/251 1385/1376/252 1383/1374/1320
f 1380/1371/1318 1383/1374/1320 1386/1377/1321
f 1383/1374/1320 1385/1376/252 1386/1377/1321
f 1386/1377/1321 1382/1373/1319 1380/1371/1318
f 1387/1378/1322 1386/1377/1321 1385/1376/252
f 1388/1379/256 1386/1377/1321 1387/1378/1322
f 1386/1377/1321 1388/1379/256 1389/1380/1323
f 1389/1380/1323 1382/1373/1319 1386/1377/1321
f 1382/1373/1319 1389/1380/1323 1390/1381/260
f 1391/1382/1324 1369/1360/1308 1382/1373/1319
f 1390/1381/260 1391/1382/1324 1382/1373/1319
f 1369/1360/1308 1391/1382/1324 1392/1383/1325
f 1392/1383/1325 1338/1329/1284 1369/1360/1308
f 1393/1384/1326 1338/1329/1284 1392/1383/1325
f 1393/1384/1326 1340/1331/1286 1338/1329/1284
f 1392/1383/1325 1391/1382/1324 1394/1385/1327
f 1393/1384/1326 1392/1383/1325 1394/1385/1327
f 1395/1386/1328 1340/1331/1286 1393/1384/1326
f 1340/1331/1286 1395/1386/1328 1341/1332/1287
f 1394/1385/1327 1396/1387/1329 1393/1384/1326
f 1394/1385/1327 1391/1382/1324 1396/1387/1329
f 1396/1387/1329 1395/1386/1328 1393/1384/1326
f 1391/1382/1324 1390/1381/260 1397/1388/1330
f 1396/1387/1329 1391/1382/1324 1397/1388/1330
f 1398/1389/1331 1341/1332/1287 1395/1386/1328
f 1398/1389/1331 1395/1386/1328 1396/1387/1329
f 1390/1381/260 1399/1390/1332 1397/1388/1330
f 1400/1391/1333 1397/1388/1330 1399/1390/1332
f 1401/1392/1334 1399/1390/1332 1390/1381/260
f 1399/1390/1332 1401/1392/1334 1402/1393/1335
f 1399/1390/1332 1402/1393/1335 1400/1391/1333
f 1402/1393/1335 1401/1392/1334 1403/1394/1336
f 1404/1395/1337 1402/1393/1335 1403/1394/1336
f 1402/1393/1335 1404/1395/1337 1405/1396/1338
f 1403/1394/1336 1406/1397/1339 1404/1395/1337
f 1406/1397/1339 1407/1398/1340 1404/1395/1337
f 1397/1388/1330 1408/1399/1341 1396/1387/1329
f 1396/1387/1329 1408/1399/1341 1398/1389/1331
f 1408/1399/1341 1397/1388/1330 1409/1400/1342
f 1397/1388/1330 1400/1391/1333 1409/1400/1342
f 1405/1396/1338 1410/1401/1343 1402/1393/1335
f 1410/1401/1343 1400/1391/1333 1402/1393/1335
f 1411/1402/1344 1404/1395/1337 1407/1398/1340
f 1412/1403/1345 1411/1402/1344 1407/1398/1340
f 1411/1402/1344 1412/1403/1345 1413/1404/1346
f 1413/1404/1346 1404/1395/1337 1411/1402/1344
f 1412/1403/1345 1414/1405/1347 1413/1404/1346
f 1415/1406/1348 1404/1395/1337 1413/1404/1346
f 1413/1404/1346 1414/1405/1347 1415/1406/1348
f 1415/1406/1348 1405/1396/1338 1404/1395/1337
f 1416/1407/1349 1415/1406/1348 1414/1405/1347
f 1415/1406/1348 1416/1407/1349 1417/1408/1350
f 1417/1408/1350 1405/1396/1338 1415/1406/1348
f 1416/1407/1349 1418/1409/1351 1417/1408/1350
f 1417/1408/1350 1418/1409/1351 1419/1410/1352
f 1405/1396/1338 1417/1408/1350 1419/1410/1352
f 1419/1410/1352 1420/1411/1353 1405/1396/1338
f 1420/1411/1353 1421/1412/1354 1405/1396/1338
f 1405/1396/1338 1421/1412/1354 1410/1401/1343
f 1410/1401/1343 1421/1412/1354 1422/1413/1355
f 1410/1401/1343 1422/1413/1355 1423/1414/1356
f 1423/1414/1356 1400/1391/1333 1410/1401/1343
f 1423/1414/1356 1422/1413/1355 1424/1415/1357
f 1425/1416/1358 1400/1391/1333 1423/1414/1356
f 1423/1414/1356 1424/1415/1357 1425/1416/1358
f 1426/1417/1359 1400/1391/1333 1425/1416/1358
f 1426/1417/1359 1409/1400/1342 1400/1391/1333
f 1427/1418/1360 1424/1415/1357 1422/1413/1355
f 1422/1413/1355 1428/1419/1361 1427/1418/1360
f 1427/1418/1360 1428/1419/1361 1429/1420/1362
f 1424/1415/1357 1430/1421/1363 1425/1416/1358
f 1425/1416/1358 1430/1421/1363 1426/1417/1359
f 1431/1422/1364 1427/1418/1360 1429/1420/1362
f 1432/1423/1365 1431/1422/1364 1429/1420/1362
f 1432/1423/1365 1433/1424/1366 1431/1422/1364
f 1434/1425/1367 1431/1422/1364 1433/1424/1366
f 1427/1418/1360 1431/1422/1364 1434/1425/1367
f 1434/1425/1367 1435/1426/1368 1427/1418/1360
f 1427/1418/1360 1435/1426/1368 1424/1415/1357
f 1436/1427/1369 1424/1415/1357 1435/1426/1368
f 1424/1415/1357 1436/1427/1369 1430/1421/1363
f 1436/1427/1369 1437/1428/1370 1430/1421/1363
f 1430/1421/1363 1437/1428/1370 1438/1429/1371
f 1438/1429/1371 1437/1428/1370 1439/1430/1372
f 1440/1431/1373 1426/1417/1359 1430/1421/1363
f 1438/1429/1371 1440/1431/1373 1430/1421/1363
f 1426/1417/1359 1440/1431/1373 1441/1432/1374
f 1441/1432/1374 1442/1433/1375 1426/1417/1359
f 1426/1417/1359 1442/1433/1375 1409/1400/1342
f 1438/1429/1371 1439/1430/1372 1443/1434/1376
f 1443/1434/1376 1439/1430/1372 1444/1435/1377
f 1443/1434/1376 1444/1435/1377 1445/1436/1378
f 1445/1436/1378 1444/1435/1377 1446/1437/1379
f 1446/1437/1379 1447/1438/1380 1445/1436/1378
f 1445/1436/1378 1448/1439/1381 1443/1434/1376
f 1445/1436/1378 1447/1438/1380 1448/1439/1381
f 1443/1434/1376 1448/1439/1381 1438/1429/1371
f 1449/1440/1382 1448/1439/1381 1447/1438/1380
f 1450/1441/1383 1438/1429/1371 1448/1439/1381
f 1448/1439/1381 1449/1440/1382 1450/1441/1383
f 1440/1431/1373 1438/1429/1371 1450/1441/1383
f 1449/1440/1382 1451/1442/1384 1450/1441/1383
f 1450/1441/1383 1451/1442/1384 1452/1443/1385
f 1450/1441/1383 1453/1444/1386 1440/1431/1373
f 1450/1441/1383 1452/1443/1385 1453/1444/1386
f 1453/1444/1386 1441/1432/1374 1440/1431/1373
f 1454/1445/1387 1453/1444/1386 1452/1443/1385
f 1454/1445/1387 1441/1432/1374 1453/1444/1386
f 1454/1445/1387 1455/1446/1388 1441/1432/1374
f 1452/1443/1385 1456/1447/1389 1454/1445/1387
f 1456/1447/1389 1455/1446/1388 1454/1445/1387
f 1456/1447/1389 1457/1448/1390 1455/1446/1388
f 1458/1449/1391 1455/1446/1388 1457/1448/1390
f 1455/1446/1388 1458/1449/1391 1459/1450/1392
f 1460/1451/1393 1459/1450/1392 1458/1449/1391
f 1461/1452/1394 1459/1450/1392 1460/1451/1393
f 1459/1450/1392 1461/1452/1394 1462/1453/1395
f 1461/1452/1394 1463/1454/1396 1462/1453/1395
f 1462/1453/1395 1463/1454/1396 1464/1455/1397
f 1465/1456/1398 1455/1446/1388 1459/1450/1392
f 1465/1456/1398 1459/1450/1392 1462/1453/1395
f 1465/1456/1398 1462/1453/1395 1466/1457/1399
f 1462/1453/1395 1464/1455/1397 1467/1458/1400
f 1467/1458/1400 1466/1457/1399 1462/1453/1395
f 1468/1459/1401 1467/1458/1400 1464/1455/1397
f 1467/1458/1400 1468/1459/1401 1469/1460/1402
f 1467/1458/1400 1469/1460/1402 1466/1457/1399
f 1468/1459/1401 1470/1461/1403 1469/1460/1402
f 1471/1462/498 1469/1460/1402 1470/1461/1403
f 1472/1463/1404 1469/1460/1402 1471/1462/498
f 1472/1463/1404 1466/1457/1399 1469/1460/1402
f 1472/1463/1404 1473/1464/486 1466/1457/1399
f 1455/1446/1388 1465/1456/1398 1474/1465/1405
f 1455/1446/1388 1474/1465/1405 1441/1432/1374
f 1466/1457/1399 1475/1466/1406 1465/1456/1398
f 1465/1456/1398 1475/1466/1406 1474/1465/1405
f 1476/1467/1407 1466/1457/1399 1473/1464/486
f 1466/1457/1399 1476/1467/1407 1475/1466/1406
f 1477/1468/1408 1476/1467/1407 1473/1464/486
f 1475/1466/1406 1476/1467/1407 1477/1468/1408
f 1473/1464/486 1478/1469/1409 1477/1468/1408
f 1477/1468/1408 1478/1469/1409 1479/1470/482
f 1441/1432/1374 1474/1465/1405 1480/1471/1410
f 1480/1471/1410 1474/1465/1405 1475/1466/1406
f 1475/1466/1406 1477/1468/1408 1481/1472/1411
f 1480/1471/1410 1475/1466/1406 1481/1472/1411
f 1482/1473/1412 1477/1468/1408 1479/1470/482
f 1481/1472/1411 1477/1468/1408 1482/1473/1412
f 1479/1470/482 1483/1474/1413 1482/1473/1412
f 1483/1474/1413 1479/1470/482 1484/1475/1414
f 1483/1474/1413 1485/1476/1415 1482/1473/1412
f 1482/1473/1412 1485/1476/1415 1481/1472/1411
f 1480/1471/1410 1486/1477/1416 1441/1432/1374
f 1441/1432/1374 1486/1477/1416 1442/1433/1375
f 1481/1472/1411 1485/1476/1415 1487/1478/1417
f 1487/1478/1417 1485/1476/1415 1488/1479/1418
f 1488/1479/1418 1489/1480/1419 1487/1478/1417
f 1480/1471/1410 1481/1472/1411 1490/1481/1420
f 1490/1481/1420 1486/1477/1416 1480/1471/1410
f 1481/1472/1411 1487/1478/1417 1490/1481/1420
f 1487/1478/1417 1489/1480/1419 1491/1482/1421
f 1490/1481/1420 1487/1478/1417 1491/1482/1421
f 1489/1480/1419 1492/1483/1422 1491/1482/1421
f 1492/1483/1422 1341/1332/1287 1491/1482/1421
f 1491/1482/1421 1341/1332/1287 1398/1389/1331
f 1486/1477/1416 1490/1481/1420 1493/1484/1423
f 1490/1481/1420 1491/1482/1421 1493/1484/1423
f 1493/1484/1423 1442/1433/1375 1486/1477/1416
f 1491/1482/1421 1398/1389/1331 1493/1484/1423
f 1442/1433/1375 1493/1484/1423 1494/1485/1424
f 1493/1484/1423 1398/1389/1331 1494/1485/1424
f 1494/1485/1424 1409/1400/1342 1442/1433/1375
f 1494/1485/1424 1398/1389/1331 1408/1399/1341
f 1409/1400/1342 1494/1485/1424 1408/1399/1341
f 1495/1486/1425 1489/1480/1419 1488/1479/1418
f 1489/1480/1419 1495/1486/1425 1496/1487/1426
f 1492/1483/1422 1489/1480/1419 1496/1487/1426
f 1496/1487/1426 1497/1488/1427 1492/1483/1422
f 1341/1332/1287 1492/1483/1422 1497/1488/1427
f 1497/1488/1427 1336/1327/1282 1341/1332/1287
f 1498/1489/1428 1483/1474/1413 1484/1475/1414
f 1498/1489/1428 1499/1490/1429 1483/1474/1413
f 1483/1474/1413 1499/1490/1429 1485/1476/1415
f 1500/1491/1430 1499/1490/1429 1498/1489/1428
f 1499/1490/1429 1488/1479/1418 1485/1476/1415
f 1500/1491/1430 1501/1492/1431 1499/1490/1429
f 1488/1479/1418 1499/1490/1429 1501/1492/1431
f 1501/1492/1431 1500/1491/1430 1155/1146/1108
f 1501/1492/1431 1495/1486/1425 1488/1479/1418
f 1155/1146/1108 1150/1141/1103 1501/1492/1431
f 1148/1139/1101 1495/1486/1425 1501/1492/1431
f 1150/1141/1103 1148/1139/1101 1501/1492/1431
f 1502/1493/1432 1354/1345/1299 1503/1494/1433
f 1503/1494/1433 1504/1495/1434 1502/1493/1432
f 1504/1495/1434 1503/1494/1433 1351/1342/1435
f 1351/1342/1435 1505/1496/1436 1504/1495/1434
f 1506/1497/1437 1504/1495/1434 1505/1496/1436
f 1351/1342/1435 1345/1336/1291 1505/1496/1436
f 1507/1498/1438 1505/1496/1436 1345/1336/1291
f 1505/1496/1436 1507/1498/1438 1506/1497/1437
f 1507/1498/1438 1345/1336/1291 1326/1317/1272
f 1508/1499/1439 1507/1498/1438 1326/1317/1272
f 1326/1317/1272 1323/1314/1269 1508/1499/1439
f 1509/1500/1440 1506/1497/1437 1507/1498/1438
f 1507/1498/1438 1508/1499/1439 1509/1500/1440
f 1508/1499/1439 1323/1314/1269 1510/1501/1441
f 1324/1315/1270 1510/1501/1441 1323/1314/1269
f 1508/1499/1439 1511/1502/1442 1509/1500/1440
f 1510/1501/1441 1511/1502/1442 1508/1499/1439
f 1512/1503/1443 1510/1501/1441 1324/1315/1270
f 1324/1315/1270 1513/1504/1444 1512/1503/1443
f 1513/1504/1444 1514/1505/1445 1512/1503/1443
f 1515/1506/1446 1512/1503/1443 1514/1505/1445
f 1516/1507/1447 1511/1502/1442 1510/1501/1441
f 1512/1503/1443 1516/1507/1447 1510/1501/1441
f 1515/1506/1446 1517/1508/1448 1512/1503/1443
f 1512/1503/1443 1517/1508/1448 1516/1507/1447
f 1517/1508/1448 1515/1506/1446 1518/1509/1449
f 1511/1502/1442 1519/1510/1450 1509/1500/1440
f 1519/1510/1450 1511/1502/1442 1516/1507/1447
f 1518/1509/1449 1520/1511/1451 1517/1508/1448
f 1520/1511/1451 1518/1509/1449 1521/1512/431
f 1520/1511/1451 1521/1512/431 1522/1513/432
f 1520/1511/1451 1522/1513/432 1523/1514/433
f 1520/1511/1451 1523/1514/433 1517/1508/1448
f 1517/1508/1448 1523/1514/433 1516/1507/1447
f 1524/1515/1452 1516/1507/1447 1523/1514/433
f 1516/1507/1447 1524/1515/1452 1519/1510/1450
f 1519/1510/1450 1525/1516/1453 1509/1500/1440
f 1509/1500/1440 1525/1516/1453 1506/1497/1437
f 1525/1516/1453 1526/1517/405 1506/1497/1437
f 1506/1497/1437 1526/1517/405 1527/1518/1454
f 1528/1519/1455 1506/1497/1437 1527/1518/1454
f 1519/1510/1450 1529/1520/412 1525/1516/1453
f 1506/1497/1437 1528/1519/1455 1504/1495/1434
f 1530/1521/1456 1519/1510/1450 1524/1515/1452
f 1530/1521/1456 1529/1520/412 1519/1510/1450
f 1530/1521/1456 1524/1515/1452 1531/1522/436
f 1532/1523/1457 1529/1520/412 1530/1521/1456
f 1530/1521/1456 1531/1522/436 1532/1523/1457
f 1504/1495/1434 1528/1519/1455 1533/1524/1458
f 1533/1524/1458 1502/1493/1432 1504/1495/1434
f 1533/1524/1458 1528/1519/1455 1534/1525/1459
f 1533/1524/1458 1535/1526/1460 1502/1493/1432
f 1535/1526/1460 1536/1527/1461 1502/1493/1432
f 1534/1525/1459 1537/1528/1462 1533/1524/1458
f 1533/1524/1458 1537/1528/1462 1535/1526/1460
f 1365/1356/437 1536/1527/1461 1535/1526/1460
f 1358/1349/198 1536/1527/1461 1365/1356/437
f 1365/1356/437 1535/1526/1460 1371/1362/1310
f 1371/1362/1310 1535/1526/1460 1537/1528/1462
f 1534/1525/1459 1538/1529/1463 1537/1528/1462
f 1539/1530/1464 1538/1529/1463 1534/1525/1459
f 1538/1529/1463 1539/1530/1464 1540/1531/1465
f 1540/1531/1465 1541/1532/1466 1538/1529/1463
f 1542/1533/1467 1371/1362/1310 1537/1528/1462
f 1537/1528/1462 1538/1529/1463 1542/1533/1467
f 1541/1532/1466 1542/1533/1467 1538/1529/1463
f 1377/1368/1316 1371/1362/1310 1542/1533/1467
f 1543/1534/1468 1542/1533/1467 1541/1532/1466
f 1544/1535/1469 1543/1534/1468 1541/1532/1466
f 1542/1533/1467 1545/1536/1470 1377/1368/1316
f 1543/1534/1468 1545/1536/1470 1542/1533/1467
f 1377/1368/1316 1545/1536/1470 1379/1370/1317
f 1379/1370/1317 1545/1536/1470 1546/1537/1471
f 1543/1534/1468 1546/1537/1471 1545/1536/1470
f 1546/1537/1471 1547/1538/1472 1379/1370/1317
f 1544/1535/1469 1548/1539/1473 1543/1534/1468
f 1549/1540/1474 1548/1539/1473 1544/1535/1469
f 1548/1539/1473 1549/1540/1474 1550/1541/1475
f 1548/1539/1473 1551/1542/1476 1543/1534/1468
f 1546/1537/1471 1543/1534/1468 1551/1542/1476
f 1550/1541/1475 1551/1542/1476 1548/1539/1473
f 1552/1543/1477 1547/1538/1472 1546/1537/1471
f 1546/1537/1471 1551/1542/1476 1552/1543/1477
f 1552/1543/1477 1551/1542/1476 1550/1541/1475
f 1552/1543/1477 1553/1544/233 1547/1538/1472
f 1553/1544/233 1552/1543/1477 1554/1545/1478
f 1555/1546/1479 1552/1543/1477 1550/1541/1475
f 1555/1546/1479 1554/1545/1478 1552/1543/1477
f 1550/1541/1475 1556/1547/225 1555/1546/1479
f 1555/1546/1479 1557/1548/231 1554/1545/1478
f 1556/1547/225 1557/1548/231 1555/1546/1479
f 1147/1138/1100 1336/1327/1282 1145/1136/1098
f 1145/1136/1098 1336/1327/1282 1497/1488/1427
f 1496/1487/1426 1145/1136/1098 1497/1488/1427
f 1146/1137/1099 1145/1136/1098 1496/1487/1426
f 1148/1139/1101 1146/1137/1099 1496/1487/1426
f 1148/1139/1101 1496/1487/1426 1495/1486/1425
f 1558/1549/1480 1559/1550/1481 1560/1551/1482
f 1560/1551/1482 1561/1552/1483 1558/1549/1480
f 1562/1553/1484 1558/1549/1480 1561/1552/1483
f 1561/1552/1483 1563/1554/1485 1562/1553/1484
f 1560/1551/1482 1564/1555/1486 1561/1552/1483
f 1561/1552/1483 1564/1555/1486 1563/1554/1485
f 1564/1555/1486 1560/1551/1482 1565/1556/1487
f 1566/1557/1488 1563/1554/1485 1564/1555/1486
f 1567/1558/177 1564/1555/1486 1565/1556/1487
f 1564/1555/1486 1568/1559/1489 1566/1557/1488
f 1567/1558/177 1568/1559/1489 1564/1555/1486
f 26/17/26 25/16/25 1569/18/1490
f 1569/18/1490 1570/19/1491 26/17/26
f 1571/20/1492 1570/19/1491 1569/18/1490
f 30/21/30 26/17/26 1570/19/1491
f 1571/20/1492 1572/22/1493 1570/19/1491
f 1570/19/1491 1573/23/1494 30/21/30
f 1573/23/1494 33/24/33 30/21/30
f 1574/25/1495 33/24/33 1573/23/1494
f 1575/26/1496 1573/23/1494 1570/19/1491
f 1573/23/1494 1575/26/1496 1574/25/1495
f 1570/19/1491 1572/22/1493 1575/26/1496
f 1574/25/1495 1575/26/1496 1576/27/1497
f 1575/26/1496 1572/22/1493 1577/28/1498
f 1575/26/1496 1577/28/1498 1576/27/1497
f 1572/22/1493 1578/29/1499 1577/28/1498
f 1577/28/1498 1579/30/1500 1576/27/1497
f 1579/30/1500 1577/28/1498 1578/29/1499
f 1580/31/1501 1576/27/1497 1579/30/1500
f 1578/29/1499 1581/32/1502 1579/30/1500
f 1582/33/1503 1581/32/1502 1578/29/1499
f 1581/32/1502 1582/33/1503 1583/34/1504
f 1583/34/1504 1582/33/1503 1584/35/1505
f 1584/35/1505 1585/36/1506 1583/34/1504
f 1580/31/1501 1579/30/1500 1586/37/1507
f 1586/37/1507 1587/38/1508 1580/31/1501
f 1588/39/1509 1587/38/1508 1586/37/1507
f 1579/30/1500 1581/32/1502 1589/40/1510
f 1589/40/1510 1586/37/1507 1579/30/1500
f 1586/37/1507 1590/41/1511 1588/39/1509
f 1586/37/1507 1589/40/1510 1590/41/1511
f 1588/39/1509 1590/41/1511 1591/42/1512
f 1591/42/1512 1590/41/1511 1592/43/1513
f 1593/44/1514 1591/42/1512 1592/43/1513
f 1594/45/1515 1581/32/1502 1583/34/1504
f 1589/40/1510 1581/32/1502 1594/45/1515
f 1589/40/1510 1594/45/1515 1595/46/1516
f 1595/46/1516 1594/45/1515 1583/34/1504
f 1590/41/1511 1589/40/1510 1596/47/1517
f 1590/41/1511 1596/47/1517 1592/43/1513
f 1589/40/1510 1595/46/1516 1596/47/1517
f 1592/43/1513 1597/52/1518 1593/44/1514
f 1593/44/1514 1597/52/1518 1598/53/1519
f 1598/53/1519 1597/52/1518 1599/54/1520
f 1600/50/1521 1595/46/1516 1583/34/1504
f 1595/46/1516 1600/50/1521 1601/51/1522
f 1602/48/1523 1600/50/1521 1583/34/1504
f 1585/36/1506 1602/48/1523 1583/34/1504
f 1585/36/1506 1603/49/1524 1602/48/1523
f 1603/49/1524 1600/50/1521 1602/48/1523
f 1595/46/1516 1604/55/1525 1596/47/1517
f 1605/56/1526 1596/47/1517 1604/55/1525
f 1592/43/1513 1596/47/1517 1605/56/1526
f 1606/57/1527 1604/55/1525 1595/46/1516
f 1606/57/1527 1595/46/1516 1601/51/1522
f 1605/56/1526 1604/55/1525 1606/57/1527
f 1603/49/1524 1607/58/1528 1600/50/1521
f 1608/59/1529 1600/50/1521 1607/58/1528
f 1600/50/1521 1608/59/1529 1601/51/1522
f 1607/58/1528 1603/49/1524 1609/60/1530
f 1608/59/1529 1607/58/1528 1609/60/1530
f 1603/49/1524 1610/61/1531 1609/60/1530
f 1611/62/1532 1609/60/1530 1610/61/1531
f 1608/59/1529 1609/60/1530 1612/63/1533
f 1612/63/1533 1601/51/1522 1608/59/1529
f 1613/64/1534 1609/60/1530 1611/62/1532
f 1609/60/1530 1613/64/1534 1612/63/1533
f 1614/65/1535 1613/64/1534 1611/62/1532
f 1611/62/1532 1615/66/1536 1614/65/1535
f 1616/67/1537 1614/65/1535 1615/66/1536
f 1616/67/1537 1615/66/1536 1617/68/1538
f 1615/66/1536 1618/69/1539 1617/68/1538
f 1614/65/1535 1619/70/1540 1613/64/1534
f 1619/70/1540 1612/63/1533 1613/64/1534
f 1614/65/1535 1620/71/1541 1619/70/1540
f 1621/72/1542 1601/51/1522 1612/63/1533
f 1612/63/1533 1619/70/1540 1621/72/1542
f 1622/73/1543 1619/70/1540 1620/71/1541
f 1620/71/1541 1623/74/1544 1622/73/1543
f 1624/75/1545 1619/70/1540 1622/73/1543
f 1624/75/1545 1621/72/1542 1619/70/1540
f 1624/75/1545 1622/73/1543 1625/76/1546
f 1626/77/1547 1624/75/1545 1625/76/1546
f 1627/78/1548 1624/75/1545 1626/77/1547
f 1627/78/1548 1628/79/1549 1624/75/1545
f 1628/79/1549 1621/72/1542 1624/75/1545
f 1629/80/1550 1621/72/1542 1628/79/1549
f 1601/51/1522 1621/72/1542 1630/81/1551
f 1630/81/1551 1621/72/1542 1629/80/1550
f 1630/81/1551 1631/82/1552 1601/51/1522
f 1601/51/1522 1631/82/1552 1606/57/1527
f 1631/82/1552 1630/81/1551 1632/83/1553
f 1606/57/1527 1631/82/1552 1632/83/1553
f 1629/80/1550 1632/83/1553 1630/81/1551
f 1605/56/1526 1606/57/1527 1632/83/1553
f 1632/83/1553 1633/84/1554 1605/56/1526
f 1632/83/1553 1629/80/1550 1633/84/1554
f 1605/56/1526 1633/84/1554 1634/85/1555
f 1633/84/1554 1629/80/1550 1634/85/1555
f 1592/43/1513 1605/56/1526 1634/85/1555
f 1634/85/1555 1635/86/1556 1592/43/1513
f 1635/86/1556 1634/85/1555 1629/80/1550
f 1597/52/1518 1592/43/1513 1635/86/1556
f 1635/86/1556 1629/80/1550 1636/87/1557
f 1636/87/1557 1629/80/1550 1628/79/1549
f 1597/52/1518 1635/86/1556 1637/88/1558
f 1637/88/1558 1635/86/1556 1636/87/1557
f 1638/89/1559 1597/52/1518 1637/88/1558
f 1636/87/1557 1638/89/1559 1637/88/1558
f 1638/89/1559 1636/87/1557 1628/79/1549
f 1599/54/1520 1597/52/1518 1638/89/1559
f 1628/79/1549 1639/90/1560 1638/89/1559
f 1638/89/1559 1639/90/1560 1599/54/1520
f 1628/79/1549 1627/78/1548 1639/90/1560
f 1627/78/1548 1640/91/1561 1639/90/1560
f 1640/91/1561 1641/92/1562 1639/90/1560
f 1639/90/1560 1641/92/1562 1642/93/1563
f 1599/54/1520 1639/90/1560 1642/93/1563
f 1599/54/1520 1642/93/1563 1643/94/1564
f 1644/95/1565 1599/54/1520 1643/94/1564
f 1644/95/1565 1643/94/1564 1645/96/1566
f 1645/96/1566 1643/94/1564 1646/97/1567
f 1647/98/1568 1599/54/1520 1644/95/1565
f 1644/95/1565 1645/96/1566 1647/98/1568
f 1647/98/1568 1598/53/1519 1599/54/1520
f 1598/53/1519 1647/98/1568 1645/96/1566
f 1648/99/1569 1645/96/1566 1646/97/1567
f 1645/96/1566 1648/99/1569 1598/53/1519
f 1646/97/1567 1649/100/1570 1648/99/1569
f 1598/53/1519 1648/99/1569 1650/101/1571
f 1651/102/1572 1648/99/1569 1649/100/1570
f 1648/99/1569 1651/102/1572 1650/101/1571
f 1652/105/1573 1653/104/1574 1654/103/1575
f 1654/103/1575 1655/106/1576 1652/105/1573
f 1656/107/1577 1652/105/1573 1655/106/1576
f 1655/106/1576 1654/103/1575 1657/108/1578
f 1657/108/1578 1658/109/1579 1655/106/1576
f 1655/106/1576 1659/110/1580 1656/107/1577
f 1659/110/1580 1655/106/1576 1658/109/1579
f 1658/109/1579 1660/111/1581 1659/110/1580
f 1658/109/1579 1657/108/1578 1661/112/1582
f 1660/111/1581 1658/109/1579 1662/113/1583
f 1663/114/1584 1662/113/1583 1658/109/1579
f 1662/113/1583 1664/115/1585 1660/111/1581
f 1665/116/1586 1664/115/1585 1662/113/1583
f 1665/116/1586 1666/117/1587 1664/115/1585
f 1666/117/1587 1665/116/1586 1667/118/1588
f 1667/118/1588 1665/116/1586 1668/119/1589
f 1662/113/1583 1669/120/1590 1665/116/1586
f 1669/120/1590 1668/119/1589 1665/116/1586
f 1663/114/1584 1669/120/1590 1662/113/1583
f 1669/120/1590 1670/121/1591 1668/119/1589
f 1670/121/1591 1669/120/1590 1671/122/1592
f 1671/122/1592 1669/120/1590 1663/114/1584
f 1670/121/1591 1671/122/1592 1672/123/1593
f 1672/123/1593 1673/124/1594 1670/121/1591
f 1661/112/1582 1674/125/1595 1658/109/1579
f 1663/114/1584 1658/109/1579 1674/125/1595
f 1672/123/1593 1671/122/1592 1675/126/1596
f 1675/126/1596 1671/122/1592 1663/114/1584
f 1672/123/1593 1676/127/1597 1673/124/1594
f 1676/127/1597 1677/128/1598 1673/124/1594
f 1675/126/1596 1678/129/1599 1672/123/1593
f 1676/127/1597 1672/123/1593 1678/129/1599
f 1679/130/1600 1677/128/1598 1676/127/1597
f 1679/130/1600 1680/131/1601 1677/128/1598
f 1681/132/1602 1680/131/1601 1679/130/1600
f 1681/132/1602 1679/130/1600 1682/133/1603
f 1683/134/1604 1682/133/1603 1679/130/1600
f 1679/130/1600 1676/127/1597 1683/134/1604
f 1683/134/1604 1676/127/1597 1684/135/1605
f 1678/129/1599 1684/135/1605 1676/127/1597
f 1678/129/1599 1685/136/1606 1684/135/1605
f 1685/136/1606 1678/129/1599 1686/137/1607
f 1687/138/1608 1686/137/1607 1678/129/1599
f 1678/129/1599 1675/126/1596 1687/138/1608
f 1675/126/1596 1688/139/1609 1687/138/1608
f 1688/139/1609 1689/140/1610 1687/138/1608
f 1675/126/1596 1663/114/1584 1688/139/1609
f 1688/139/1609 1690/141/1611 1689/140/1610
f 1689/140/1610 1690/141/1611 1691/142/1612
f 1690/141/1611 1692/143/1613 1691/142/1612
f 1693/144/1614 1692/143/1613 1690/141/1611
f 1693/144/1614 1690/141/1611 1688/139/1609
f 1692/143/1613 1693/144/1614 1694/145/1615
f 1695/146/1616 1688/139/1609 1663/114/1584
f 1693/144/1614 1688/139/1609 1695/146/1616
f 1663/114/1584 1674/125/1595 1695/146/1616
f 1674/125/1595 1696/147/1617 1695/146/1616
f 1693/144/1614 1695/146/1616 1696/147/1617
f 1661/112/1582 1696/147/1617 1674/125/1595
f 1694/145/1615 1693/144/1614 1697/148/1618
f 1693/144/1614 1696/147/1617 1697/148/1618
f 1698/149/1619 1694/145/1615 1697/148/1618
f 1699/150/1620 1698/149/1619 1697/148/1618
f 1700/151/1621 1696/147/1617 1661/112/1582
f 1696/147/1617 1700/151/1621 1697/148/1618
f 1697/148/1618 1700/151/1621 1699/150/1620
f 1661/112/1582 1701/152/1622 1700/151/1621
f 1702/153/1623 1699/150/1620 1700/151/1621
f 1701/152/1622 1702/153/1623 1700/151/1621
f 1703/155/1624 1704/154/1625 1705/156/1626
f 1703/155/1624 1705/156/1626 1706/157/1627
f 1703/155/1624 1706/157/1627 1707/158/1628
f 1708/159/1629 1703/155/1624 1707/158/1628
f 1709/160/1630 1707/158/1628 1706/157/1627
f 1710/161/1631 1709/160/1630 1706/157/1627
f 1710/161/1631 1711/162/1632 1709/160/1630
f 1712/163/1633 1708/159/1629 1707/158/1628
f 1707/158/1628 1709/160/1630 1712/163/1633
f 1712/163/1633 1713/164/1634 1708/159/1629
f 1714/165/1635 1709/160/1630 1711/162/1632
f 1709/160/1630 1714/165/1635 1712/163/1633
f 1711/162/1632 1715/166/1636 1714/165/1635
f 1713/164/1634 1712/163/1633 1716/167/1637
f 1716/167/1637 1717/168/1638 1713/164/1634
f 1716/167/1637 1718/169/1639 1717/168/1638
f 1716/167/1637 1712/163/1633 1719/170/1640
f 1719/170/1640 1718/169/1639 1716/167/1637
f 1714/165/1635 1719/170/1640 1712/163/1633
f 1719/170/1640 1720/171/1641 1718/169/1639
f 1721/172/1642 1720/171/1641 1719/170/1640
f 1714/165/1635 1721/172/1642 1719/170/1640
f 1722/173/1643 1714/165/1635 1715/166/1636
f 1722/173/1643 1721/172/1642 1714/165/1635
f 1723/174/1644 1722/173/1643 1715/166/1636
f 1722/173/1643 1724/175/1645 1721/172/1642
f 1725/176/1646 1722/173/1643 1723/174/1644
f 1724/175/1645 1722/173/1643 1725/176/1646
f 1726/178/1647 1727/177/1648 1728/179/1649
f 1726/178/1647 1729/180/1650 1727/177/1648
f 1726/178/1647 1730/181/1651 1729/180/1650
f 1731/183/1652 1732/182/1653 1733/184/1654
f 1731/183/1652 1733/184/1654 1734/185/1655
f 1735/187/1656 1736/186/1657 1737/188/1647
f 1736/186/1657 1738/189/1651 1737/188/1647
f 1739/191/1658 1740/190/1659 1741/192/1660
f 1742/193/1661 1739/191/1658 1741/192/1660
f 1743/195/1662 1744/194/1663 1745/196/1664
f 1746/197/1665 1743/195/1662 1745/196/1664
f 1747/199/1666 1748/198/1667 1749/200/1668
f 1749/200/1668 1750/201/1669 1747/199/1666
f 1751/204/1670 1752/203/1671 1753/202/1672
f 1753/202/1672 1754/205/1673 1751/204/1670
f 1753/202/1672 1755/206/1674 1754/205/1673
f 1756/207/1675 1755/206/1674 1753/202/1672
f 1757/208/1676 1755/206/1674 1756/207/1675
f 1757/208/1676 1758/209/1677 1755/206/1674
f 1755/206/1674 1758/209/1677 1754/205/1673
f 1758/209/1677 1759/210/1678 1754/205/1673
f 1759/210/1678 1758/209/1677 1760/211/1679
f 1760/211/1679 1761/212/1680 1759/210/1678
f 1761/212/1680 1760/211/1679 1762/213/1681
f 1761/212/1680 1762/213/1681 1763/214/1682
f 1761/212/1680 1763/214/1682 1764/215/1683
f 1765/216/1684 1764/215/1683 1763/214/1682
f 1759/210/1678 1761/212/1680 1766/217/1685
f 1761/212/1680 1764/215/1683 1766/217/1685
f 1759/210/1678 1767/218/1686 1754/205/1673
f 1766/217/1685 1767/218/1686 1759/210/1678
f 1768/219/1687 1751/204/1670 1754/205/1673
f 1767/218/1686 1768/219/1687 1754/205/1673
f 1751/204/1670 1768/219/1687 1769/220/1688
f 1770/221/1689 1764/215/1683 1765/216/1684
f 1765/216/1684 1771/222/1690 1770/221/1689
f 1771/222/1690 1772/223/1691 1770/221/1689
f 1770/221/1689 1772/223/1691 1764/215/1683
f 1773/224/1692 1764/215/1683 1772/223/1691
f 1766/217/1685 1764/215/1683 1773/224/1692
f 1773/224/1692 1774/225/1693 1766/217/1685
f 1766/217/1685 1774/225/1693 1775/226/1694
f 1766/217/1685 1775/226/1694 1767/218/1686
f 1776/227/1695 1767/218/1686 1775/226/1694
f 1777/228/1696 1767/218/1686 1776/227/1695
f 1777/228/1696 1768/219/1687 1767/218/1686
f 1777/228/1696 1778/229/1697 1768/219/1687
f 1769/220/1688 1768/219/1687 1778/229/1697
f 1769/220/1688 1778/229/1697 1779/230/1698
f 1769/220/1688 1779/230/1698 1780/231/1699
f 1780/231/1699 1781/232/1700 1769/220/1688
f 1781/232/1700 1780/231/1699 1782/233/1701
f 1781/232/1700 1783/234/1702 1769/220/1688
f 1783/234/1702 1784/235/1703 1769/220/1688
f 1769/220/1688 1784/235/1703 1751/204/1670
f 1785/236/1704 1751/204/1670 1784/235/1703
f 1751/204/1670 1785/236/1704 1786/237/1705
f 1781/232/1700 1787/238/1706 1783/234/1702
f 1781/232/1700 1788/239/1707 1787/238/1706
f 1781/232/1700 1782/233/1701 1789/240/1708
f 1788/239/1707 1781/232/1700 1789/240/1708
f 1790/241/1709 1789/240/1708 1782/233/1701
f 1782/233/1701 1791/242/1710 1790/241/1709
f 1791/242/1710 1792/243/1711 1790/241/1709
f 1789/240/1708 1793/244/1712 1788/239/1707
f 1790/241/1709 1793/244/1712 1789/240/1708
f 1794/245/1713 1790/241/1709 1792/243/1711
f 1793/244/1712 1790/241/1709 1794/245/1713
f 1792/243/1711 1795/246/1714 1794/245/1713
f 1795/246/1714 1796/247/1715 1794/245/1713
f 1788/239/1707 1793/244/1712 1797/248/1716
f 1797/248/1716 1793/244/1712 1794/245/1713
f 1794/245/1713 1796/247/1715 1797/248/1716
f 1797/248/1716 1798/249/1717 1788/239/1707
f 1797/248/1716 1796/247/1715 1799/250/1718
f 1798/249/1717 1797/248/1716 1799/250/1718
f 1799/250/1718 1800/251/1719 1798/249/1717
f 1801/253/1720 1802/252/1721 1803/254/1722
f 1801/253/1720 1803/254/1722 1804/255/1723
f 1805/256/1724 1801/253/1720 1804/255/1723
f 1803/254/1722 1806/257/1725 1804/255/1723
f 1807/258/1726 1806/257/1725 1803/254/1722
f 268/259/268 1806/257/1725 1807/258/1726
f 1806/257/1725 268/259/268 1808/260/1727
f 1804/255/1723 1806/257/1725 1808/260/1727
f 270/261/270 1808/260/1727 268/259/268
f 1804/255/1723 1809/262/1728 1805/256/1724
f 1805/256/1724 1809/262/1728 1810/263/1729
f 1808/260/1727 270/261/270 1811/264/1730
f 274/265/274 1811/264/1730 270/261/270
f 1811/264/1730 1812/266/1731 1808/260/1727
f 1812/266/1731 1811/264/1730 1813/267/1732
f 277/268/277 1811/264/1730 274/265/274
f 1813/267/1732 1811/264/1730 277/268/277
f 1813/267/1732 277/268/277 278/269/278
f 1804/255/1723 1808/260/1727 1814/270/1733
f 1814/270/1733 1808/260/1727 1812/266/1731
f 1814/270/1733 1812/266/1731 1815/271/1734
f 1814/270/1733 1816/272/1735 1804/255/1723
f 1804/255/1723 1816/272/1735 1809/262/1728
f 1815/271/1734 1816/272/1735 1814/270/1733
f 1809/262/1728 1816/272/1735 1817/273/1736
f 1817/273/1736 1816/272/1735 1815/271/1734
f 1818/274/1737 1810/263/1729 1809/262/1728
f 1809/262/1728 1817/273/1736 1818/274/1737
f 1819/275/1738 1810/263/1729 1818/274/1737
f 1820/276/1739 1810/263/1729 1819/275/1738
f 278/269/278 1821/277/1740 1813/267/1732
f 1821/277/1740 278/269/278 287/278/287
f 288/279/288 1821/277/1740 287/278/287
f 1821/277/1740 288/279/288 1822/280/1741
f 1822/280/1741 1813/267/1732 1821/277/1740
f 1822/280/1741 288/279/288 1823/281/1742
f 288/279/288 291/282/291 1823/281/1742
f 1823/281/1742 291/282/291 292/283/292
f 1824/284/1743 1813/267/1732 1822/280/1741
f 1822/280/1741 1823/281/1742 1824/284/1743
f 1825/285/1744 1818/274/1737 1817/273/1736
f 1819/275/1738 1818/274/1737 1825/285/1744
f 1820/276/1739 1819/275/1738 1826/286/1745
f 1826/286/1745 1827/287/1746 1820/276/1739
f 1813/267/1732 1824/284/1743 1828/288/1747
f 1828/288/1747 1812/266/1731 1813/267/1732
f 1825/285/1744 1829/289/1748 1819/275/1738
f 1819/275/1738 1829/289/1748 1826/286/1745
f 1830/290/1749 1827/287/1746 1826/286/1745
f 1831/291/1750 1827/287/1746 1830/290/1749
f 1830/290/1749 1832/292/1623 1831/291/1750
f 1830/290/1749 1833/293/1751 1832/292/1623
f 1832/292/1623 1833/293/1751 1834/294/1620
f 1833/293/1751 1830/290/1749 1835/295/1752
f 1835/295/1752 1830/290/1749 1826/286/1745
f 1833/293/1751 1835/295/1752 1836/296/1753
f 1836/296/1753 1835/295/1752 1837/297/1754
f 1838/298/1755 1837/297/1754 1835/295/1752
f 1835/295/1752 1839/299/1756 1838/298/1755
f 1835/295/1752 1826/286/1745 1839/299/1756
f 1839/299/1756 1826/286/1745 1829/289/1748
f 1829/289/1748 1840/300/1757 1839/299/1756
f 1837/297/1754 1841/301/1758 1836/296/1753
f 1841/301/1758 1837/297/1754 1842/302/1759
f 1842/302/1759 1843/303/1760 1841/301/1758
f 313/304/312 1842/302/1759 1837/297/1754
f 1837/297/1754 314/305/313 313/304/312
f 1837/297/1754 315/306/314 314/305/313
f 1837/297/1754 1838/298/1755 315/306/314
f 315/306/314 1838/298/1755 316/307/315
f 1838/298/1755 317/308/316 316/307/315
f 318/309/317 317/308/316 1838/298/1755
f 1839/299/1756 1844/310/1761 1838/298/1755
f 1840/300/1757 1844/310/1761 1839/299/1756
f 1845/311/1762 318/309/317 1838/298/1755
f 1844/310/1761 1845/311/1762 1838/298/1755
f 1845/311/1762 321/312/320 318/309/317
f 1840/300/1757 1846/313/1763 1844/310/1761
f 1845/311/1762 1844/310/1761 1846/313/1763
f 1847/314/1764 1846/313/1763 1840/300/1757
f 1848/315/1765 321/312/320 1845/311/1762
f 1848/315/1765 325/316/324 321/312/320
f 325/316/324 1848/315/1765 326/317/325
f 1848/315/1765 327/318/326 326/317/325
f 327/318/326 1848/315/1765 328/319/327
f 1848/315/1765 1845/311/1762 1849/320/1766
f 1849/320/1766 328/319/327 1848/315/1765
f 1846/313/1763 1849/320/1766 1845/311/1762
f 328/319/327 1849/320/1766 1850/321/1767
f 1846/313/1763 1850/321/1767 1849/320/1766
f 331/322/330 328/319/327 1850/321/1767
f 1851/323/1768 1850/321/1767 1846/313/1763
f 1846/313/1763 1847/314/1764 1851/323/1768
f 1852/324/1769 331/322/330 1850/321/1767
f 1851/323/1768 1852/324/1769 1850/321/1767
f 1852/324/1769 334/325/333 331/322/330
f 335/326/334 334/325/333 1852/324/1769
f 335/326/334 1852/324/1769 336/327/335
f 336/327/335 1852/324/1769 1851/323/1768
f 1851/323/1768 337/328/336 336/327/335
f 1853/329/1770 337/328/336 1851/323/1768
f 1853/329/1770 1851/323/1768 1847/314/1764
f 337/328/336 1853/329/1770 339/330/338
f 1854/331/1771 339/330/338 1853/329/1770
f 339/330/338 1854/331/1771 341/332/340
f 1854/331/1771 1855/333/1772 341/332/340
f 1855/333/1772 343/334/342 341/332/340
f 344/335/343 343/334/342 1855/333/1772
f 1847/314/1764 1856/336/1773 1853/329/1770
f 1854/331/1771 1853/329/1770 1856/336/1773
f 1857/337/1774 344/335/343 1855/333/1772
f 344/335/343 1857/337/1774 347/338/346
f 348/339/347 347/338/346 1857/337/1774
f 1857/337/1774 349/340/348 348/339/347
f 1857/337/1774 1855/333/1772 349/340/348
f 350/341/349 349/340/348 1855/333/1772
f 350/341/349 1855/333/1772 1858/342/1775
f 1854/331/1771 1858/342/1775 1855/333/1772
f 1858/342/1775 352/343/351 350/341/349
f 1854/331/1771 1859/344/1776 1858/342/1775
f 352/343/351 1858/342/1775 1859/344/1776
f 1854/331/1771 1856/336/1773 1859/344/1776
f 1859/344/1776 354/345/353 352/343/351
f 1860/346/1777 354/345/353 1859/344/1776
f 1860/346/1777 1859/344/1776 1856/336/1773
f 354/345/353 1860/346/1777 356/347/355
f 357/348/356 356/347/355 1860/346/1777
f 1856/336/1773 1861/349/1778 1860/346/1777
f 1860/346/1777 1861/349/1778 357/348/356
f 1856/336/1773 1862/350/1779 1861/349/1778
f 1862/350/1779 1856/336/1773 1847/314/1764
f 357/348/356 1861/349/1778 1863/351/1780
f 1862/350/1779 1863/351/1780 1861/349/1778
f 357/348/356 1863/351/1780 361/352/360
f 362/353/361 361/352/360 1863/351/1780
f 1863/351/1780 1862/350/1779 362/353/361
f 1862/350/1779 1864/354/1781 362/353/361
f 1847/314/1764 1864/354/1781 1862/350/1779
f 362/353/361 1864/354/1781 364/355/363
f 1865/356/1782 1864/354/1781 1847/314/1764
f 1847/314/1764 1840/300/1757 1865/356/1782
f 1866/357/1783 364/355/363 1864/354/1781
f 1866/357/1783 367/358/366 364/355/363
f 367/358/366 1866/357/1783 368/359/367
f 368/359/367 1866/357/1783 369/360/368
f 1866/357/1783 1864/354/1781 1867/361/1784
f 1866/357/1783 1867/361/1784 369/360/368
f 1865/356/1782 1867/361/1784 1864/354/1781
f 1868/362/1785 369/360/368 1867/361/1784
f 1865/356/1782 1868/362/1785 1867/361/1784
f 369/360/368 1868/362/1785 372/363/371
f 372/363/371 1868/362/1785 373/364/372
f 1868/362/1785 1865/356/1782 373/364/372
f 1840/300/1757 1869/365/1786 1865/356/1782
f 1869/365/1786 373/364/372 1865/356/1782
f 1840/300/1757 1870/366/1787 1869/365/1786
f 1840/300/1757 1829/289/1748 1870/366/1787
f 1829/289/1748 1825/285/1744 1870/366/1787
f 1871/367/1788 373/364/372 1869/365/1786
f 1871/367/1788 377/368/376 373/364/372
f 377/368/376 1871/367/1788 378/369/377
f 1871/367/1788 379/370/378 378/369/377
f 1872/371/1789 1871/367/1788 1869/365/1786
f 1871/367/1788 1872/371/1789 379/370/378
f 1872/371/1789 1869/365/1786 1870/366/1787
f 381/372/380 379/370/378 1872/371/1789
f 1870/366/1787 381/372/380 1872/371/1789
f 1825/285/1744 381/372/380 1870/366/1787
f 1817/273/1736 381/372/380 1825/285/1744
f 1817/273/1736 382/373/381 381/372/380
f 382/373/381 1817/273/1736 1815/271/1734
f 382/373/381 1815/271/1734 383/374/382
f 384/375/383 383/374/382 1815/271/1734
f 385/376/384 384/375/383 1815/271/1734
f 1812/266/1731 385/376/384 1815/271/1734
f 386/377/385 385/376/384 1812/266/1731
f 1873/378/1790 386/377/385 1812/266/1731
f 386/377/385 1873/378/1790 388/379/387
f 388/379/387 1873/378/1790 389/380/388
f 1828/288/1747 1873/378/1790 1812/266/1731
f 1828/288/1747 389/380/388 1873/378/1790
f 389/380/388 1828/288/1747 390/381/389
f 1828/288/1747 391/382/390 390/381/389
f 1824/284/1743 391/382/390 1828/288/1747
f 392/383/391 391/382/390 1824/284/1743
f 1824/284/1743 1874/384/1791 392/383/391
f 394/385/393 392/383/391 1874/384/1791
f 1823/281/1742 1874/384/1791 1824/284/1743
f 1874/384/1791 1875/387/1792 394/385/393
f 1875/387/1792 397/388/396 394/385/393
f 397/388/396 1875/387/1792 398/389/397
f 1874/384/1791 1823/281/1742 1876/386/1793
f 1874/384/1791 1876/386/1793 1875/387/1792
f 398/389/397 1875/387/1792 1876/386/1793
f 292/283/292 1876/386/1793 1823/281/1742
f 1877/390/1794 398/389/397 1876/386/1793
f 292/283/292 1877/390/1794 1876/386/1793
f 1877/390/1794 401/392/400 398/389/397
f 400/391/399 1877/390/1794 292/283/292
f 402/393/401 401/392/400 1877/390/1794
f 1877/390/1794 400/391/399 402/393/401
f 1878/395/1795 1879/394/1796 1880/396/1797
f 1879/394/1796 1881/397/1798 1880/396/1797
f 1880/396/1797 1881/397/1798 1882/398/1799
f 1879/394/1796 1883/399/1800 1881/397/1798
f 1881/397/1798 1884/400/1801 1882/398/1799
f 1885/401/1802 1881/397/1798 1883/399/1800
f 1883/399/1800 1886/402/1803 1885/401/1802
f 1887/403/1804 1884/400/1801 1881/397/1798
f 1887/403/1804 1881/397/1798 1885/401/1802
f 1885/401/1802 1888/404/1805 1887/403/1804
f 1889/405/1806 1884/400/1801 1887/403/1804
f 1887/403/1804 1890/406/1807 1889/405/1806
f 1890/406/1807 1887/403/1804 1888/404/1805
f 1891/407/1808 1889/405/1806 1890/406/1807
f 1885/401/1802 1886/402/1803 1892/408/1809
f 1893/409/1739 1892/408/1809 1886/402/1803
f 1894/410/1810 1888/404/1805 1885/401/1802
f 1894/410/1810 1885/401/1802 1892/408/1809
f 1895/411/1811 1894/410/1810 1892/408/1809
f 1895/411/1811 1892/408/1809 1896/412/1812
f 1896/412/1812 1892/408/1809 1893/409/1739
f 1897/413/1813 1896/412/1812 1893/409/1739
f 1893/409/1739 1898/414/1746 1897/413/1813
f 1897/413/1813 1898/414/1746 1899/415/1814
f 1888/404/1805 1894/410/1810 1900/416/1815
f 1888/404/1805 1900/416/1815 1901/417/1816
f 1901/417/1816 1902/418/1817 1888/404/1805
f 1902/418/1817 1901/417/1816 1903/419/1818
f 1902/418/1817 1903/419/1818 1904/420/1819
f 1888/404/1805 1902/418/1817 1905/421/1820
f 1888/404/1805 1905/421/1820 1890/406/1807
f 1902/418/1817 1904/420/1819 1906/422/1821
f 1906/422/1821 1905/421/1820 1902/418/1817
f 1907/423/1822 1906/422/1821 1904/420/1819
f 1908/424/1823 1906/422/1821 1907/423/1822
f 1909/425/1824 1908/424/1823 1907/423/1822
f 1908/424/1823 1909/425/1824 1910/426/1825
f 1906/422/1821 1908/424/1823 1910/426/1825
f 1910/426/1825 1911/427/1826 1906/422/1821
f 1906/422/1821 1911/427/1826 1905/421/1820
f 1905/421/1820 1911/427/1826 1912/428/1827
f 1905/421/1820 1912/428/1827 1890/406/1807
f 1913/429/1828 1890/406/1807 1912/428/1827
f 1914/430/1829 1913/429/1828 1912/428/1827
f 1913/429/1828 1891/407/1808 1890/406/1807
f 1914/430/1829 1891/407/1808 1913/429/1828
f 1915/432/1830 1916/431/1651 1917/433/1652
f 1915/432/1830 1917/433/1652 1918/434/1655
f 1919/436/1831 1920/435/1832 1921/437/1658
f 1919/436/1831 1921/437/1658 1922/438/1661
f 1642/93/1563 1646/97/1567 1643/94/1564
f 1642/93/1563 1641/92/1562 1646/97/1567
f 1649/100/1570 1646/97/1567 1641/92/1562
f 1923/439/1833 1649/100/1570 1641/92/1562
f 1923/439/1833 1641/92/1562 1924/440/1834
f 1924/440/1834 1641/92/1562 1640/91/1561
f 1924/440/1834 1640/91/1561 1627/78/1548
f 1925/441/1835 1649/100/1570 1923/439/1833
f 1926/442/1836 1649/100/1570 1925/441/1835
f 1651/102/1572 1649/100/1570 1926/442/1836
f 1927/443/1837 1924/440/1834 1627/78/1548
f 1927/443/1837 1928/444/1838 1924/440/1834
f 1928/444/1838 1923/439/1833 1924/440/1834
f 1929/445/1839 1927/443/1837 1627/78/1548
f 1927/443/1837 1929/445/1839 1928/444/1838
f 1930/446/1840 1929/445/1839 1627/78/1548
f 1929/445/1839 1930/446/1840 1928/444/1838
f 1930/446/1840 1627/78/1548 1626/77/1547
f 1930/446/1840 1931/447/1841 1928/444/1838
f 1932/448/1842 1930/446/1840 1626/77/1547
f 1930/446/1840 1932/448/1842 1931/447/1841
f 1933/449/1843 1932/448/1842 1626/77/1547
f 1933/449/1843 1931/447/1841 1932/448/1842
f 1625/76/1546 1933/449/1843 1626/77/1547
f 1625/76/1546 1934/450/1844 1933/449/1843
f 1935/451/1845 1934/450/1844 1625/76/1546
f 1933/449/1843 1934/450/1844 1936/452/1846
f 1936/452/1846 1934/450/1844 1935/451/1845
f 1933/449/1843 1936/452/1846 1931/447/1841
f 1937/453/1847 1928/444/1838 1931/447/1841
f 1928/444/1838 1937/453/1847 1923/439/1833
f 1938/454/1848 1936/452/1846 1935/451/1845
f 1938/454/1848 1935/451/1845 1939/455/1849
f 1940/456/1850 1938/454/1848 1939/455/1849
f 1931/447/1841 1936/452/1846 1941/457/1851
f 1941/457/1851 1936/452/1846 1938/454/1848
f 1937/453/1847 1931/447/1841 1941/457/1851
f 1938/454/1848 1940/456/1850 1942/458/1852
f 1942/458/1852 1941/457/1851 1938/454/1848
f 1943/459/1853 1942/458/1852 1940/456/1850
f 1943/459/1853 1940/456/1850 1944/460/1854
f 1944/460/1854 1945/461/1855 1943/459/1853
f 1945/461/1855 1944/460/1854 1946/462/1856
f 1937/453/1847 1947/463/1857 1923/439/1833
f 1948/464/1858 1937/453/1847 1941/457/1851
f 1937/453/1847 1948/464/1858 1947/463/1857
f 1923/439/1833 1947/463/1857 1949/465/1859
f 1948/464/1858 1949/465/1859 1947/463/1857
f 1923/439/1833 1949/465/1859 1925/441/1835
f 1949/465/1859 1950/466/1860 1925/441/1835
f 1950/466/1860 1926/442/1836 1925/441/1835
f 1942/458/1852 1951/467/1861 1941/457/1851
f 1951/467/1861 1948/464/1858 1941/457/1851
f 1948/464/1858 1951/467/1861 1952/468/1862
f 1953/469/1863 1949/465/1859 1948/464/1858
f 1950/466/1860 1949/465/1859 1953/469/1863
f 1953/469/1863 1948/464/1858 1952/468/1862
f 1954/470/1864 1951/467/1861 1942/458/1852
f 1952/468/1862 1951/467/1861 1955/471/1865
f 1954/470/1864 1955/471/1865 1951/467/1861
f 1956/472/1866 1954/470/1864 1942/458/1852
f 1957/473/1867 1954/470/1864 1956/472/1866
f 1956/472/1866 1942/458/1852 1943/459/1853
f 1958/474/1868 1926/442/1836 1950/466/1860
f 1958/474/1868 1959/475/1869 1926/442/1836
f 1959/475/1869 1958/474/1868 1960/476/1870
f 1651/102/1572 1926/442/1836 1959/475/1869
f 1961/477/1871 1651/102/1572 1959/475/1869
f 1650/101/1571 1651/102/1572 1961/477/1871
f 1961/477/1871 1962/478/1872 1650/101/1571
f 1961/477/1871 1959/475/1869 1963/479/1873
f 1960/476/1870 1963/479/1873 1959/475/1869
f 1961/477/1871 1964/480/1874 1962/478/1872
f 1961/477/1871 1963/479/1873 1964/480/1874
f 1964/480/1874 1965/481/1875 1962/478/1872
f 1964/480/1874 1966/482/1876 1965/481/1875
f 1950/466/1860 1967/483/1877 1958/474/1868
f 1958/474/1868 1967/483/1877 1968/484/1878
f 1960/476/1870 1958/474/1868 1968/484/1878
f 1967/483/1877 1950/466/1860 1969/485/1879
f 1967/483/1877 1969/485/1879 1968/484/1878
f 1953/469/1863 1969/485/1879 1950/466/1860
f 1968/484/1878 1969/485/1879 1970/486/1880
f 1968/484/1878 1970/486/1880 1960/476/1870
f 1969/485/1879 1953/469/1863 1971/487/1881
f 1971/487/1881 1970/486/1880 1969/485/1879
f 1971/487/1881 1953/469/1863 1972/488/1882
f 1971/487/1881 1972/488/1882 1970/486/1880
f 1952/468/1862 1972/488/1882 1953/469/1863
f 1966/482/1876 1964/480/1874 1973/490/1883
f 1973/490/1883 1974/492/1884 1966/482/1876
f 1974/492/1884 1975/493/1885 1966/482/1876
f 1975/493/1885 1974/492/1884 503/494/498
f 504/495/499 503/494/498 1974/492/1884
f 1974/492/1884 1973/490/1883 504/495/499
f 1973/490/1883 505/496/500 504/495/499
f 1976/489/1886 1973/490/1883 1964/480/1874
f 1976/489/1886 1964/480/1874 1963/479/1873
f 1973/490/1883 1977/497/1887 505/496/500
f 1976/489/1886 1977/497/1887 1973/490/1883
f 505/496/500 1977/497/1887 507/498/502
f 1976/489/1886 507/498/502 1977/497/1887
f 507/498/502 1976/489/1886 508/499/503
f 1976/489/1886 1963/479/1873 1978/491/1888
f 1976/489/1886 1978/491/1888 508/499/503
f 1978/491/1888 1963/479/1873 1960/476/1870
f 1978/491/1888 1979/500/1889 508/499/503
f 1960/476/1870 1979/500/1889 1978/491/1888
f 1979/500/1889 510/501/505 508/499/503
f 510/501/505 1979/500/1889 511/502/506
f 1979/500/1889 1960/476/1870 1980/503/1890
f 1980/503/1890 1960/476/1870 1970/486/1880
f 1979/500/1889 1981/504/1891 511/502/506
f 1979/500/1889 1980/503/1890 1981/504/1891
f 1980/503/1890 1982/505/1892 1981/504/1891
f 515/506/510 511/502/506 1981/504/1891
f 515/506/510 1981/504/1891 1982/505/1892
f 1983/507/1893 1980/503/1890 1970/486/1880
f 1982/505/1892 1980/503/1890 1983/507/1893
f 1972/488/1882 1983/507/1893 1970/486/1880
f 1983/507/1893 1972/488/1882 1984/508/1894
f 1952/468/1862 1984/508/1894 1972/488/1882
f 1984/508/1894 1985/509/1895 1983/507/1893
f 1952/468/1862 1985/509/1895 1984/508/1894
f 1983/507/1893 1986/510/1896 1982/505/1892
f 1983/507/1893 1985/509/1895 1986/510/1896
f 1987/511/1897 1985/509/1895 1952/468/1862
f 1955/471/1865 1987/511/1897 1952/468/1862
f 1987/511/1897 1955/471/1865 1988/512/1898
f 1989/513/1899 1988/512/1898 1955/471/1865
f 1989/513/1899 1955/471/1865 1954/470/1864
f 1989/513/1899 1954/470/1864 1990/514/1900
f 1990/514/1900 1988/512/1898 1989/513/1899
f 1990/514/1900 1954/470/1864 1957/473/1867
f 1987/511/1897 1991/515/1901 1985/509/1895
f 1991/515/1901 1986/510/1896 1985/509/1895
f 1987/511/1897 1992/516/1902 1991/515/1901
f 1991/515/1901 1992/516/1902 1986/510/1896
f 1992/516/1902 1987/511/1897 1988/512/1898
f 1992/516/1902 1993/517/1903 1986/510/1896
f 1986/510/1896 1993/517/1903 1982/505/1892
f 1994/518/1904 1990/514/1900 1957/473/1867
f 1988/512/1898 1990/514/1900 1994/518/1904
f 1988/512/1898 1995/519/1905 1992/516/1902
f 1993/517/1903 1992/516/1902 1995/519/1905
f 1988/512/1898 1996/520/1906 1995/519/1905
f 1993/517/1903 1995/519/1905 1996/520/1906
f 1993/517/1903 1997/521/1907 1982/505/1892
f 1996/520/1906 1997/521/1907 1993/517/1903
f 1996/520/1906 1988/512/1898 1998/522/1908
f 1994/518/1904 1998/522/1908 1988/512/1898
f 1999/523/1909 1982/505/1892 1997/521/1907
f 1982/505/1892 1999/523/1909 515/506/510
f 1998/522/1908 2000/524/1910 1996/520/1906
f 1997/521/1907 1996/520/1906 2000/524/1910
f 1997/521/1907 2000/524/1910 2001/525/1911
f 1998/522/1908 2001/525/1911 2000/524/1910
f 1999/523/1909 2002/526/1912 515/506/510
f 2002/526/1912 536/527/531 515/506/510
f 536/527/531 2002/526/1912 2003/528/1913
f 2003/528/1913 538/529/533 536/527/531
f 539/530/534 538/529/533 2003/528/1913
f 2001/525/1911 2004/531/1914 1997/521/1907
f 1999/523/1909 1997/521/1907 2004/531/1914
f 2003/528/1913 2005/532/1915 539/530/534
f 542/533/537 539/530/534 2005/532/1915
f 2005/532/1915 2006/534/1916 542/533/537
f 2007/535/1917 2006/534/1916 2005/532/1915
f 2007/535/1917 2005/532/1915 2003/528/1913
f 2008/536/1918 2006/534/1916 2007/535/1917
f 2009/537/1919 2008/536/1918 2007/535/1917
f 2007/535/1917 2010/538/1920 2009/537/1919
f 2009/537/1919 2010/538/1920 1946/462/1856
f 2003/528/1913 2011/539/1921 2007/535/1917
f 2010/538/1920 2007/535/1917 2011/539/1921
f 2010/538/1920 2012/540/1922 1946/462/1856
f 2012/540/1922 1945/461/1855 1946/462/1856
f 2011/539/1921 2003/528/1913 2013/541/1923
f 2003/528/1913 2002/526/1912 2013/541/1923
f 1999/523/1909 2014/542/1924 2002/526/1912
f 2013/541/1923 2002/526/1912 2014/542/1924
f 2015/543/1925 2014/542/1924 1999/523/1909
f 2004/531/1914 2015/543/1925 1999/523/1909
f 2016/544/1926 2015/543/1925 2004/531/1914
f 2001/525/1911 2016/544/1926 2004/531/1914
f 2017/545/1927 2016/544/1926 2001/525/1911
f 2001/525/1911 1998/522/1908 2017/545/1927
f 2016/544/1926 2017/545/1927 2018/546/1928
f 2019/547/1929 2016/544/1926 2018/546/1928
f 2015/543/1925 2016/544/1926 2019/547/1929
f 2018/546/1928 2020/548/1930 2019/547/1929
f 2015/543/1925 2019/547/1929 2020/548/1930
f 2015/543/1925 2020/548/1930 2014/542/1924
f 2017/545/1927 1998/522/1908 2021/549/1931
f 2021/549/1931 1998/522/1908 1994/518/1904
f 2020/548/1930 2022/550/1932 2014/542/1924
f 2018/546/1928 2022/550/1932 2020/548/1930
f 2022/550/1932 2023/551/1933 2014/542/1924
f 2023/551/1933 2013/541/1923 2014/542/1924
f 2018/546/1928 2023/551/1933 2022/550/1932
f 2021/549/1931 2024/552/1934 2017/545/1927
f 2018/546/1928 2017/545/1927 2024/552/1934
f 1994/518/1904 2025/553/1935 2021/549/1931
f 2021/549/1931 2025/553/1935 2024/552/1934
f 1994/518/1904 2026/554/1936 2025/553/1935
f 1957/473/1867 2026/554/1936 1994/518/1904
f 2023/551/1933 2027/555/1937 2013/541/1923
f 2013/541/1923 2027/555/1937 2028/556/1938
f 2013/541/1923 2028/556/1938 2011/539/1921
f 2027/555/1937 2023/551/1933 2029/557/1939
f 2029/557/1939 2028/556/1938 2027/555/1937
f 2028/556/1938 2029/557/1939 2011/539/1921
f 2018/546/1928 2029/557/1939 2023/551/1933
f 2011/539/1921 2029/557/1939 2010/538/1920
f 2010/538/1920 2029/557/1939 2030/558/1940
f 2030/558/1940 2029/557/1939 2018/546/1928
f 2010/538/1920 2030/558/1940 2012/540/1922
f 2018/546/1928 2031/559/1941 2030/558/1940
f 2018/546/1928 2024/552/1934 2031/559/1941
f 2032/560/1942 2012/540/1922 2030/558/1940
f 2032/560/1942 2030/558/1940 2031/559/1941
f 2032/560/1942 1945/461/1855 2012/540/1922
f 2033/561/1943 2031/559/1941 2024/552/1934
f 2032/560/1942 2031/559/1941 2033/561/1943
f 2034/562/1944 1945/461/1855 2032/560/1942
f 1945/461/1855 2034/562/1944 1943/459/1853
f 2033/561/1943 2024/552/1934 2035/563/1945
f 2035/563/1945 2024/552/1934 2025/553/1935
f 2033/561/1943 2036/564/1946 2032/560/1942
f 2032/560/1942 2036/564/1946 2034/562/1944
f 2035/563/1945 2036/564/1946 2033/561/1943
f 2034/562/1944 2037/565/1947 1943/459/1853
f 1956/472/1866 1943/459/1853 2037/565/1947
f 2025/553/1935 2038/566/1948 2035/563/1945
f 2038/566/1948 2039/568/1949 2035/563/1945
f 2038/566/1948 2025/553/1935 2040/567/1950
f 2025/553/1935 2026/554/1936 2040/567/1950
f 2041/569/1951 2040/567/1950 2026/554/1936
f 2035/563/1945 2039/568/1949 2042/570/1952
f 2042/570/1952 2036/564/1946 2035/563/1945
f 2026/554/1936 1957/473/1867 2041/569/1951
f 2043/571/1953 2041/569/1951 1957/473/1867
f 2036/564/1946 2042/570/1952 2044/572/1954
f 2034/562/1944 2036/564/1946 2044/572/1954
f 2045/573/1955 2044/572/1954 2042/570/1952
f 2034/562/1944 2044/572/1954 2046/574/1956
f 2046/574/1956 2044/572/1954 2045/573/1955
f 2045/573/1955 2047/575/1957 2046/574/1956
f 2046/574/1956 2037/565/1947 2034/562/1944
f 2046/574/1956 2047/575/1957 2048/576/1958
f 2046/574/1956 2049/577/1959 2037/565/1947
f 2048/576/1958 2049/577/1959 2046/574/1956
f 2048/576/1958 2043/571/1953 2049/577/1959
f 1956/472/1866 2037/565/1947 2049/577/1959
f 1957/473/1867 2050/578/1960 2043/571/1953
f 2049/577/1959 2043/571/1953 2050/578/1960
f 2049/577/1959 2050/578/1960 1956/472/1866
f 1956/472/1866 2050/578/1960 1957/473/1867
f 589/580/584 588/579/583 2051/581/1961
f 589/580/584 2051/581/1961 591/582/585
f 591/582/585 2051/581/1961 2052/583/1962
f 2052/583/1962 2051/581/1961 2053/584/1704
f 2052/583/1962 2054/585/1963 591/582/585
f 591/582/585 2054/585/1963 595/586/589
f 596/587/590 595/586/589 2054/585/1963
f 2055/588/1964 2052/583/1962 2053/584/1704
f 2053/584/1704 2056/589/1703 2055/588/1964
f 2057/590/1965 2055/588/1964 2056/589/1703
f 2057/590/1965 2058/591/1966 2055/588/1964
f 2057/590/1965 2059/592/1967 2058/591/1966
f 2055/588/1964 2060/593/1968 2052/583/1962
f 2052/583/1962 2060/593/1968 2054/585/1963
f 2054/585/1963 2061/594/1969 596/587/590
f 2061/594/1969 604/595/598 596/587/590
f 604/595/598 2061/594/1969 605/596/599
f 2061/594/1969 2054/585/1963 2062/597/1970
f 2060/593/1968 2062/597/1970 2054/585/1963
f 2062/597/1970 605/596/599 2061/594/1969
f 2063/598/1971 2060/593/1968 2055/588/1964
f 2055/588/1964 2058/591/1966 2063/598/1971
f 2060/593/1968 2064/599/1972 2062/597/1970
f 2064/599/1972 2060/593/1968 2063/598/1971
f 605/596/599 2062/597/1970 2065/600/1973
f 2065/600/1973 2062/597/1970 2064/599/1972
f 2066/601/1974 605/596/599 2065/600/1973
f 605/596/599 2066/601/1974 611/602/605
f 611/602/605 2066/601/1974 612/603/606
f 613/604/607 612/603/606 2066/601/1974
f 2067/605/1975 2066/601/1974 2065/600/1973
f 613/604/607 2066/601/1974 2067/605/1975
f 2067/605/1975 2065/600/1973 2064/599/1972
f 2068/606/1976 613/604/607 2067/605/1975
f 2068/606/1976 616/607/610 613/604/607
f 616/607/610 2068/606/1976 617/608/611
f 617/608/611 2068/606/1976 618/609/612
f 619/610/613 618/609/612 2068/606/1976
f 2068/606/1976 2067/605/1975 619/610/613
f 619/610/613 2067/605/1975 620/611/614
f 2064/599/1972 620/611/614 2067/605/1975
f 2064/599/1972 2069/612/1977 620/611/614
f 2069/612/1977 622/613/616 620/611/614
f 622/613/616 2069/612/1977 623/614/617
f 624/615/618 623/614/617 2069/612/1977
f 2063/598/1971 2069/612/1977 2064/599/1972
f 2069/612/1977 2063/598/1971 624/615/618
f 625/616/619 624/615/618 2063/598/1971
f 2058/591/1966 625/616/619 2063/598/1971
f 2058/591/1966 2070/617/1978 625/616/619
f 2070/617/1978 627/618/621 625/616/619
f 2070/617/1978 628/619/622 627/618/621
f 628/619/622 2070/617/1978 2058/591/1966
f 2058/591/1966 629/620/623 628/619/622
f 2058/591/1966 2071/621/1979 629/620/623
f 2071/621/1979 631/622/625 629/620/623
f 2059/592/1967 2071/621/1979 2058/591/1966
f 632/623/626 631/622/625 2071/621/1979
f 2072/624/1980 632/623/626 2071/621/1979
f 634/625/628 632/623/626 2072/624/1980
f 634/625/628 2072/624/1980 635/626/629
f 2073/627/1981 2071/621/1979 2059/592/1967
f 2072/624/1980 2071/621/1979 2073/627/1981
f 2074/628/1982 2073/627/1981 2059/592/1967
f 2074/628/1982 2075/629/1717 2073/627/1981
f 2075/629/1717 2076/630/1983 2073/627/1981
f 2072/624/1980 2073/627/1981 2076/630/1983
f 2077/631/1984 2076/630/1983 2075/629/1717
f 2078/632/1985 2076/630/1983 2077/631/1984
f 635/626/629 2072/624/1980 2079/633/1986
f 643/634/634 635/626/629 2079/633/1986
f 2076/630/1983 2080/635/1987 2072/624/1980
f 2080/635/1987 2076/630/1983 2078/632/1985
f 2080/635/1987 2079/633/1986 2072/624/1980
f 2078/632/1985 2081/636/1988 2080/635/1987
f 2081/636/1988 2078/632/1985 646/637/637
f 646/637/637 647/638/638 2081/636/1988
f 2080/635/1987 2081/636/1988 2082/639/1989
f 2081/636/1988 647/638/638 2082/639/1989
f 2082/639/1989 2079/633/1986 2080/635/1987
f 647/638/638 649/640/640 2082/639/1989
f 2083/641/1990 2082/639/1989 649/640/640
f 649/640/640 651/642/642 2083/641/1990
f 652/643/643 2083/641/1990 651/642/642
f 2084/644/1991 643/634/634 2079/633/1986
f 643/634/634 2084/644/1991 654/645/645
f 655/646/646 654/645/645 2084/644/1991
f 655/646/646 2084/644/1991 656/647/647
f 2082/639/1989 2085/648/1992 2079/633/1986
f 2085/648/1992 2084/644/1991 2079/633/1986
f 656/647/647 2084/644/1991 2085/648/1992
f 2082/639/1989 2083/641/1990 2085/648/1992
f 656/647/647 2085/648/1992 2086/649/1993
f 2086/649/1993 659/650/650 656/647/647
f 659/650/650 2086/649/1993 660/651/651
f 661/652/652 660/651/651 2086/649/1993
f 2086/649/1993 2085/648/1992 661/652/652
f 2085/648/1992 2083/641/1990 661/652/652
f 662/653/653 661/652/652 2083/641/1990
f 2083/641/1990 652/643/643 2087/654/1994
f 2083/641/1990 2087/654/1994 662/653/653
f 664/655/655 2087/654/1994 652/643/643
f 662/653/653 2087/654/1994 664/655/655
f 2088/657/1995 2089/656/1996 2090/658/1626
f 2090/658/1626 2089/656/1996 2091/659/1627
f 2091/659/1627 2089/656/1996 2092/660/1997
f 2089/656/1996 2093/661/1998 2092/660/1997
f 2094/662/1999 2091/659/1627 2092/660/1997
f 2095/663/2000 2091/659/1627 2094/662/1999
f 2096/664/1632 2095/663/2000 2094/662/1999
f 2093/661/1998 2097/665/2001 2092/660/1997
f 2094/662/1999 2092/660/1997 2097/665/2001
f 2096/664/1632 2094/662/1999 2098/666/2002
f 2098/666/2002 2094/662/1999 2097/665/2001
f 2098/666/2002 2099/667/2003 2096/664/1632
f 2097/665/2001 2093/661/1998 2100/668/2004
f 2101/669/2005 2100/668/2004 2093/661/1998
f 2102/670/2006 2100/668/2004 2101/669/2005
f 2097/665/2001 2100/668/2004 2103/671/2007
f 2102/670/2006 2103/671/2007 2100/668/2004
f 2103/671/2007 2098/666/2002 2097/665/2001
f 2104/672/2008 2103/671/2007 2102/670/2006
f 2104/672/2008 2105/673/1642 2103/671/2007
f 2105/673/1642 2098/666/2002 2103/671/2007
f 2106/674/2009 2099/667/2003 2098/666/2002
f 2105/673/1642 2106/674/2009 2098/666/2002
f 2106/674/2009 2107/675/1644 2099/667/2003
f 2108/676/1645 2106/674/2009 2105/673/1642
f 2106/674/2009 2109/677/2010 2107/675/1644
f 2106/674/2009 2108/676/1645 2109/677/2010
f 2110/680/2011 2111/679/2012 2112/678/2013
f 2111/679/2012 2110/680/2011 2113/681/2014
f 2110/680/2011 2114/682/2015 2113/681/2014
f 2115/683/2016 2111/679/2012 2113/681/2014
f 2115/683/2016 2113/681/2014 2116/684/2017
f 2117/685/2018 2113/681/2014 2114/682/2015
f 2116/684/2017 2113/681/2014 2117/685/2018
f 2117/685/2018 2118/686/2019 2116/684/2017
f 2115/683/2016 2116/684/2017 2119/687/2020
f 2120/688/2021 2116/684/2017 2118/686/2019
f 2120/688/2021 2121/689/2022 2116/684/2017
f 2118/686/2019 2122/690/1585 2120/688/2021
f 2116/684/2017 2123/691/2023 2119/687/2020
f 2121/689/2022 2123/691/2023 2116/684/2017
f 2119/687/2020 2123/691/2023 2124/692/2024
f 2123/691/2023 2121/689/2022 2124/692/2024
f 2124/692/2024 2125/693/2025 2119/687/2020
f 2120/688/2021 2122/690/1585 2126/694/2026
f 2122/690/1585 2127/695/1587 2126/694/2026
f 2126/694/2026 2127/695/1587 2128/696/2027
f 2126/694/2026 2128/696/2027 2129/697/2028
f 2130/698/2029 2120/688/2021 2126/694/2026
f 2126/694/2026 2129/697/2028 2130/698/2029
f 2130/698/2029 2121/689/2022 2120/688/2021
f 2131/699/1591 2130/698/2029 2129/697/2028
f 2130/698/2029 2131/699/1591 2132/700/2030
f 2130/698/2029 2132/700/2030 2121/689/2022
f 2125/693/2025 2124/692/2024 2133/701/2031
f 2125/693/2025 2133/701/2031 2134/702/1620
f 2135/703/2032 2134/702/1620 2133/701/2031
f 2133/701/2031 2136/704/2033 2135/703/2032
f 2137/705/2034 2136/704/2033 2133/701/2031
f 2124/692/2024 2137/705/2034 2133/701/2031
f 2136/704/2033 2137/705/2034 2138/706/2035
f 2139/707/2036 2124/692/2024 2121/689/2022
f 2139/707/2036 2137/705/2034 2124/692/2024
f 2140/708/2037 2138/706/2035 2137/705/2034
f 2140/708/2037 2137/705/2034 2139/707/2036
f 2138/706/2035 2140/708/2037 2141/709/2038
f 2140/708/2037 2142/710/2039 2141/709/2038
f 2139/707/2036 2142/710/2039 2140/708/2037
f 2142/710/2039 2139/707/2036 2143/711/2040
f 2121/689/2022 2144/712/2041 2139/707/2036
f 2144/712/2041 2143/711/2040 2139/707/2036
f 2143/711/2040 2144/712/2041 2145/713/2042
f 2132/700/2030 2144/712/2041 2121/689/2022
f 2146/714/2043 2145/713/2042 2144/712/2041
f 2132/700/2030 2146/714/2043 2144/712/2041
f 2146/714/2043 2147/715/2044 2145/713/2042
f 2147/715/2044 2146/714/2043 2148/716/2045
f 2149/717/2046 2148/716/2045 2146/714/2043
f 2149/717/2046 2150/718/2047 2148/716/2045
f 2149/717/2046 2151/719/2048 2150/718/2047
f 2152/720/2049 2146/714/2043 2132/700/2030
f 2146/714/2043 2152/720/2049 2149/717/2046
f 2152/720/2049 2132/700/2030 2131/699/1591
f 2131/699/1591 2153/721/2050 2152/720/2049
f 2149/717/2046 2152/720/2049 2153/721/2050
f 2153/721/2050 2154/722/2051 2149/717/2046
f 2149/717/2046 2155/723/2052 2151/719/2048
f 2155/723/2052 2149/717/2046 2154/722/2051
f 2155/723/2052 2156/724/2053 2151/719/2048
f 2154/722/2051 2157/725/2054 2155/723/2052
f 2157/725/2054 2156/724/2053 2155/723/2052
f 2158/728/1625 2159/727/2055 2160/726/2012
f 2161/729/2056 2158/728/1625 2160/726/2012
f 2162/730/2057 2161/729/2056 2160/726/2012
f 2162/730/2057 2163/731/2058 2161/729/2056
f 741/732/715 2163/731/2058 2162/730/2057
f 2163/731/2058 741/732/715 742/733/716
f 2161/729/2056 2163/731/2058 2164/734/2059
f 2164/734/2059 2165/735/2060 2161/729/2056
f 742/733/716 2166/736/2061 2163/731/2058
f 2166/736/2061 742/733/716 746/737/720
f 747/738/721 2166/736/2061 746/737/720
f 2166/736/2061 747/738/721 748/739/722
f 2163/731/2058 2166/736/2061 2167/740/2062
f 2163/731/2058 2167/740/2062 2164/734/2059
f 2168/741/2063 2166/736/2061 748/739/722
f 2166/736/2061 2168/741/2063 2167/740/2062
f 2168/741/2063 2169/742/2064 2167/740/2062
f 2169/742/2064 752/743/726 2167/740/2062
f 752/743/726 753/744/727 2167/740/2062
f 2164/734/2059 2167/740/2062 753/744/727
f 752/743/726 2169/742/2064 754/745/728
f 753/744/727 755/746/729 2164/734/2059
f 756/747/730 754/745/728 2169/742/2064
f 2170/748/2065 2165/735/2060 2164/734/2059
f 2170/748/2065 2164/734/2059 755/746/729
f 2170/748/2065 2171/749/2005 2165/735/2060
f 755/746/729 759/750/732 2170/748/2065
f 2170/748/2065 2172/751/2066 2171/749/2005
f 2173/752/2067 2168/741/2063 748/739/722
f 748/739/722 762/753/735 2173/752/2067
f 762/753/735 763/754/736 2173/752/2067
f 764/755/737 2173/752/2067 763/754/736
f 2173/752/2067 2174/756/2068 2168/741/2063
f 764/755/737 2174/756/2068 2173/752/2067
f 2174/756/2068 764/755/737 767/758/740
f 2168/741/2063 2174/756/2068 2169/742/2064
f 2169/742/2064 2174/756/2068 2175/757/2069
f 767/758/740 2176/759/2070 2174/756/2068
f 2175/757/2069 2174/756/2068 2176/759/2070
f 769/760/742 2176/759/2070 767/758/740
f 2176/759/2070 769/760/742 770/761/743
f 2170/748/2065 2177/762/2071 2172/751/2066
f 2177/762/2071 2178/763/2072 2172/751/2066
f 2170/748/2065 759/750/732 2177/762/2071
f 2178/763/2072 2179/764/2073 2172/751/2066
f 2178/763/2072 2180/765/2074 2179/764/2073
f 2179/764/2073 2180/765/2074 2181/766/2075
f 2181/766/2075 2180/765/2074 776/767/749
f 776/767/749 2180/765/2074 777/768/750
f 2180/765/2074 778/769/751 777/768/750
f 2177/762/2071 759/750/732 2182/770/2076
f 2178/763/2072 2177/762/2071 2182/770/2076
f 759/750/732 780/771/753 2182/770/2076
f 2182/770/2076 780/771/753 781/772/754
f 2182/770/2076 781/772/754 782/773/755
f 2182/770/2076 782/773/755 2183/774/2077
f 2178/763/2072 2182/770/2076 2183/774/2077
f 782/773/755 784/775/757 2183/774/2077
f 785/776/758 2183/774/2077 784/775/757
f 785/776/758 2184/777/2078 2183/774/2077
f 2178/763/2072 2183/774/2077 2184/777/2078
f 785/776/758 787/778/760 2184/777/2078
f 2184/777/2078 787/778/760 788/779/761
f 2185/780/2079 778/769/751 2180/765/2074
f 2185/780/2079 790/781/763 778/769/751
f 791/782/764 790/781/763 2185/780/2079
f 2180/765/2074 2178/763/2072 2186/783/2080
f 2180/765/2074 2186/783/2080 2185/780/2079
f 2186/783/2080 791/782/764 2185/780/2079
f 2178/763/2072 2184/777/2078 2186/783/2080
f 2186/783/2080 793/784/766 791/782/764
f 2187/785/2081 2184/777/2078 788/779/761
f 2184/777/2078 2187/785/2081 2186/783/2080
f 2186/783/2080 2187/785/2081 793/784/766
f 795/786/768 2187/785/2081 788/779/761
f 793/784/766 2187/785/2081 795/786/768
f 1615/66/1536 2188/787/2082 1618/69/1539
f 2189/788/2083 2188/787/2082 1615/66/1536
f 2189/788/2083 1615/66/1536 1611/62/1532
f 2190/789/2084 2189/788/2083 1611/62/1532
f 2190/789/2084 1611/62/1532 1610/61/1531
f 2189/788/2083 2191/790/2085 2188/787/2082
f 2191/790/2085 2189/788/2083 2190/789/2084
f 2192/791/2086 2188/787/2082 2191/790/2085
f 2193/792/2087 2192/791/2086 2191/790/2085
f 2194/793/2088 2192/791/2086 2193/792/2087
f 2190/789/2084 2195/794/2089 2191/790/2085
f 2193/792/2087 2191/790/2085 2195/794/2089
f 2196/795/2090 2194/793/2088 2193/792/2087
f 2196/795/2090 2197/796/2091 2194/793/2088
f 2198/797/2092 2197/796/2091 2196/795/2090
f 2198/797/2092 2196/795/2090 2199/798/2093
f 2196/795/2090 2193/792/2087 2199/798/2093
f 2199/798/2093 2200/799/2094 2198/797/2092
f 2200/799/2094 2201/800/2095 2198/797/2092
f 2202/801/2096 2201/800/2095 2200/799/2094
f 2195/794/2089 2203/802/2097 2193/792/2087
f 2193/792/2087 2204/803/2098 2199/798/2093
f 2203/802/2097 2204/803/2098 2193/792/2087
f 2205/804/2099 2203/802/2097 2195/794/2089
f 2195/794/2089 2190/789/2084 2206/805/2100
f 2195/794/2089 2206/805/2100 2205/804/2099
f 2204/803/2098 2203/802/2097 2207/806/2101
f 2205/804/2099 2207/806/2101 2203/802/2097
f 2199/798/2093 2204/803/2098 2208/807/2102
f 2200/799/2094 2199/798/2093 2209/808/2103
f 2208/807/2102 2209/808/2103 2199/798/2093
f 2210/809/2104 2200/799/2094 2209/808/2103
f 2208/807/2102 2210/809/2104 2209/808/2103
f 2211/810/2105 2202/801/2096 2200/799/2094
f 2200/799/2094 2210/809/2104 2211/810/2105
f 2212/811/2106 2202/801/2096 2211/810/2105
f 2202/801/2096 2212/811/2106 821/812/794
f 2212/811/2106 822/813/795 821/812/794
f 822/813/795 2212/811/2106 823/814/796
f 2213/815/2107 2212/811/2106 2211/810/2105
f 2212/811/2106 2213/815/2107 823/814/796
f 2213/815/2107 2211/810/2105 2210/809/2104
f 825/816/798 823/814/796 2213/815/2107
f 2210/809/2104 2214/817/2108 2213/815/2107
f 2208/807/2102 2214/817/2108 2210/809/2104
f 825/816/798 2213/815/2107 2215/818/2109
f 2214/817/2108 2215/818/2109 2213/815/2107
f 828/819/801 825/816/798 2215/818/2109
f 828/819/801 2215/818/2109 2216/820/2110
f 2216/820/2110 830/821/803 828/819/801
f 2215/818/2109 2214/817/2108 2217/822/2111
f 2214/817/2108 2208/807/2102 2217/822/2111
f 2217/822/2111 2216/820/2110 2215/818/2109
f 830/821/803 2216/820/2110 2218/823/2112
f 2218/823/2112 833/824/806 830/821/803
f 2218/823/2112 2219/825/2113 833/824/806
f 2216/820/2110 2219/825/2113 2218/823/2112
f 2219/825/2113 2220/826/2114 833/824/806
f 833/824/806 2220/826/2114 836/827/809
f 2216/820/2110 2221/828/2115 2219/825/2113
f 2219/825/2113 2221/828/2115 2220/826/2114
f 2222/829/2116 2221/828/2115 2216/820/2110
f 2217/822/2111 2222/829/2116 2216/820/2110
f 2222/829/2116 2220/826/2114 2221/828/2115
f 2208/807/2102 2223/830/2117 2217/822/2111
f 2223/830/2117 2208/807/2102 2204/803/2098
f 2204/803/2098 2207/806/2101 2223/830/2117
f 2217/822/2111 2224/831/2118 2222/829/2116
f 2222/829/2116 2224/831/2118 2220/826/2114
f 2217/822/2111 2223/830/2117 2224/831/2118
f 2225/832/2119 836/827/809 2220/826/2114
f 2225/832/2119 2220/826/2114 2224/831/2118
f 2223/830/2117 2226/833/2120 2224/831/2118
f 2226/833/2120 2225/832/2119 2224/831/2118
f 2223/830/2117 2227/834/2121 2226/833/2120
f 2223/830/2117 2207/806/2101 2227/834/2121
f 2226/833/2120 2227/834/2121 2225/832/2119
f 2207/806/2101 2228/835/2122 2227/834/2121
f 2228/835/2122 2225/832/2119 2227/834/2121
f 2228/835/2122 2207/806/2101 2205/804/2099
f 2225/832/2119 2229/836/2123 836/827/809
f 2228/835/2122 2229/836/2123 2225/832/2119
f 2228/835/2122 2205/804/2099 2229/836/2123
f 2229/836/2123 846/837/819 836/827/809
f 25/16/25 846/837/819 2229/836/2123
f 2229/836/2123 1569/18/1490 25/16/25
f 1569/18/1490 2229/836/2123 2205/804/2099
f 2206/805/2100 1569/18/1490 2205/804/2099
f 1571/20/1492 1569/18/1490 2206/805/2100
f 1571/20/1492 2206/805/2100 2190/789/2084
f 2190/789/2084 2230/838/2124 1571/20/1492
f 2230/838/2124 1572/22/1493 1571/20/1492
f 1610/61/1531 2230/838/2124 2190/789/2084
f 1572/22/1493 2230/838/2124 2231/839/2125
f 1572/22/1493 2231/839/2125 1578/29/1499
f 2231/839/2125 1582/33/1503 1578/29/1499
f 1584/35/1505 1582/33/1503 2231/839/2125
f 2230/838/2124 1584/35/1505 2231/839/2125
f 1584/35/1505 2230/838/2124 1610/61/1531
f 1585/36/1506 1584/35/1505 1610/61/1531
f 1585/36/1506 1610/61/1531 1603/49/1524
f 850/841/823 849/840/822 2232/842/2126
f 2232/842/2126 2233/843/2127 850/841/823
f 2232/842/2126 2234/844/2128 2233/843/2127
f 2233/843/2127 2234/844/2128 2235/845/2129
f 2236/846/2130 2235/845/2129 2234/844/2128
f 2236/846/2130 2237/847/2131 2235/845/2129
f 2233/843/2127 2238/848/2132 850/841/823
f 2239/849/2133 850/841/823 2238/848/2132
f 2239/849/2133 859/850/832 850/841/823
f 860/851/833 859/850/832 2239/849/2133
f 2240/852/2134 2233/843/2127 2235/845/2129
f 2240/852/2134 2238/848/2132 2233/843/2127
f 2241/853/2086 2235/845/2129 2237/847/2131
f 2241/853/2086 2240/852/2134 2235/845/2129
f 2241/853/2086 2237/847/2131 2242/854/2135
f 2242/854/2135 2237/847/2131 2243/855/2136
f 2243/855/2136 2244/856/2137 2242/854/2135
f 2241/853/2086 2245/857/2138 2240/852/2134
f 2243/855/2136 2246/858/2139 2244/856/2137
f 2240/852/2134 2245/857/2138 2247/859/2140
f 2248/860/1538 2244/856/2137 2246/858/2139
f 2240/852/2134 2249/861/2141 2238/848/2132
f 2249/861/2141 2240/852/2134 2247/859/2140
f 2239/849/2133 2238/848/2132 2249/861/2141
f 2250/862/2142 2249/861/2141 2247/859/2140
f 2250/862/2142 2239/849/2133 2249/861/2141
f 2247/859/2140 2251/863/2143 2250/862/2142
f 2252/864/2144 2250/862/2142 2251/863/2143
f 2252/864/2144 2239/849/2133 2250/862/2142
f 2251/863/2143 2253/865/2145 2252/864/2144
f 2252/864/2144 2253/865/2145 2254/866/2096
f 2255/867/2146 2239/849/2133 2252/864/2144
f 860/851/833 2239/849/2133 2255/867/2146
f 2256/868/2147 2252/864/2144 2254/866/2096
f 2255/867/2146 2252/864/2144 2256/868/2147
f 2257/869/2148 860/851/833 2255/867/2146
f 2257/869/2148 2255/867/2146 2256/868/2147
f 2257/869/2148 879/870/847 860/851/833
f 2258/871/2149 2256/868/2147 2254/866/2096
f 2257/869/2148 2256/868/2147 2258/871/2149
f 879/870/847 2257/869/2148 2258/871/2149
f 881/872/794 2258/871/2149 2254/866/2096
f 879/870/847 2258/871/2149 881/872/794
f 883/874/850 2259/873/2150 884/875/851
f 2259/873/2150 2260/876/2151 884/875/851
f 2259/873/2150 2261/877/2152 2260/876/2151
f 884/875/851 2260/876/2151 887/878/854
f 2261/877/2152 2262/879/2153 2260/876/2151
f 2260/876/2151 2263/880/2154 887/878/854
f 2260/876/2151 2262/879/2153 2263/880/2154
f 890/881/857 887/878/854 2263/880/2154
f 2262/879/2153 2264/882/2155 2263/880/2154
f 2263/880/2154 2265/883/2156 890/881/857
f 2263/880/2154 2264/882/2155 2265/883/2156
f 893/884/860 890/881/857 2265/883/2156
f 2264/882/2155 2266/885/2157 2265/883/2156
f 2265/883/2156 2267/886/2158 893/884/860
f 896/887/863 893/884/860 2267/886/2158
f 2266/885/2157 2268/888/2159 2265/883/2156
f 2267/886/2158 2265/883/2156 2268/888/2159
f 2268/888/2159 2266/885/2157 2269/889/2160
f 2269/889/2160 2270/890/2161 2268/888/2159
f 2270/890/2161 2269/889/2160 2271/891/2131
f 2270/890/2161 2271/891/2131 2272/892/2162
f 2273/893/2163 2270/890/2161 2272/892/2162
f 2274/894/2164 2270/890/2161 2273/893/2163
f 2268/888/2159 2270/890/2161 2274/894/2164
f 2275/895/2165 2274/894/2164 2273/893/2163
f 2276/896/2166 2274/894/2164 2275/895/2165
f 2276/896/2166 2275/895/2165 906/897/871
f 907/898/872 2276/896/2166 906/897/871
f 2274/894/2164 2277/899/2167 2268/888/2159
f 2268/888/2159 2277/899/2167 2267/886/2158
f 2276/896/2166 2277/899/2167 2274/894/2164
f 2267/886/2158 2277/899/2167 2278/900/2168
f 2276/896/2166 2278/900/2168 2277/899/2167
f 896/887/863 2267/886/2158 2278/900/2168
f 2279/901/2169 2276/896/2166 907/898/872
f 907/898/872 911/902/876 2279/901/2169
f 2278/900/2168 2276/896/2166 2280/903/2170
f 2280/903/2170 2276/896/2166 2279/901/2169
f 896/887/863 2278/900/2168 2281/904/2171
f 2281/904/2171 2278/900/2168 2280/903/2170
f 914/905/879 896/887/863 2281/904/2171
f 2282/906/2172 2279/901/2169 911/902/876
f 2282/906/2172 2280/903/2170 2279/901/2169
f 911/902/876 916/907/881 2282/906/2172
f 2282/906/2172 916/907/881 917/908/882
f 2281/904/2171 2280/903/2170 2283/909/2173
f 914/905/879 2281/904/2171 2283/909/2173
f 914/905/879 2283/909/2173 917/908/882
f 2283/909/2173 2282/906/2172 917/908/882
f 2282/906/2172 2283/909/2173 2280/903/2170
f 1625/76/1546 1622/73/1543 1623/74/1544
f 1623/74/1544 2284/910/2174 1625/76/1546
f 2284/910/2174 1935/451/1845 1625/76/1546
f 2284/910/2174 1939/455/1849 1935/451/1845
f 1939/455/1849 2284/910/2174 1940/456/1850
f 1940/456/1850 2284/910/2174 2285/911/2175
f 2284/910/2174 2286/912/2176 2285/911/2175
f 2284/910/2174 1623/74/1544 2287/913/2177
f 2287/913/2177 2286/912/2176 2284/910/2174
f 2287/913/2177 1623/74/1544 1620/71/1541
f 2286/912/2176 2287/913/2177 2288/914/2178
f 2289/915/2179 2286/912/2176 2288/914/2178
f 2289/915/2179 2288/914/2178 2290/916/2180
f 1620/71/1541 2291/917/2181 2287/913/2177
f 2291/917/2181 1620/71/1541 1614/65/1535
f 2291/917/2181 1614/65/1535 1616/67/1537
f 2287/913/2177 2291/917/2181 2292/918/2182
f 2291/917/2181 1616/67/1537 2292/918/2182
f 2287/913/2177 2292/918/2182 2288/914/2178
f 2293/919/2183 2292/918/2182 1616/67/1537
f 2292/918/2182 2293/919/2183 2288/914/2178
f 2294/920/2184 2288/914/2178 2293/919/2183
f 2288/914/2178 2294/920/2184 2290/916/2180
f 2295/921/2185 2290/916/2180 2294/920/2184
f 2290/916/2180 2295/921/2185 2296/922/2186
f 2290/916/2180 2296/922/2186 2297/923/2187
f 2297/923/2187 2296/922/2186 2298/924/2188
f 2290/916/2180 2297/923/2187 2289/915/2179
f 2298/924/2188 2299/925/2189 2297/923/2187
f 2298/924/2188 2300/926/2190 2299/925/2189
f 2289/915/2179 2297/923/2187 2301/927/2191
f 2297/923/2187 2299/925/2189 2301/927/2191
f 2300/926/2190 2302/928/2192 2299/925/2189
f 2302/928/2192 2300/926/2190 2303/929/2193
f 2301/927/2191 2299/925/2189 2304/930/2194
f 2299/925/2189 2302/928/2192 2304/930/2194
f 2302/928/2192 2303/929/2193 2305/931/2195
f 2306/932/2196 2304/930/2194 2302/928/2192
f 2305/931/2195 2306/932/2196 2302/928/2192
f 2301/927/2191 2304/930/2194 2307/933/2197
f 2306/932/2196 2307/933/2197 2304/930/2194
f 2303/929/2193 2308/934/2198 2305/931/2195
f 2303/929/2193 2309/935/2199 2308/934/2198
f 2309/935/2199 2310/936/2200 2308/934/2198
f 2308/934/2198 2310/936/2200 946/937/911
f 2308/934/2198 946/937/911 947/938/912
f 2308/934/2198 947/938/912 2305/931/2195
f 947/938/912 2311/939/2201 2305/931/2195
f 2305/931/2195 2311/939/2201 2306/932/2196
f 947/938/912 949/940/914 2311/939/2201
f 2311/939/2201 949/940/914 2312/941/2202
f 949/940/914 951/942/916 2312/941/2202
f 2313/943/2203 2312/941/2202 951/942/916
f 2312/941/2202 2313/943/2203 2314/944/2204
f 951/942/916 954/945/919 2313/943/2203
f 2313/943/2203 954/945/919 955/946/920
f 2315/947/2205 2313/943/2203 955/946/920
f 2314/944/2204 2313/943/2203 2315/947/2205
f 957/948/922 2315/947/2205 955/946/920
f 957/948/922 2316/949/2206 2315/947/2205
f 2316/949/2206 957/948/922 542/533/537
f 2316/949/2206 542/533/537 2006/534/1916
f 2312/941/2202 2317/950/2207 2311/939/2201
f 2314/944/2204 2317/950/2207 2312/941/2202
f 2318/951/2208 2314/944/2204 2315/947/2205
f 2318/951/2208 2315/947/2205 2316/949/2206
f 2316/949/2206 2006/534/1916 2319/952/2209
f 2006/534/1916 2008/536/1918 2319/952/2209
f 2311/939/2201 2317/950/2207 2320/953/2210
f 2311/939/2201 2320/953/2210 2306/932/2196
f 2320/953/2210 2321/954/2211 2306/932/2196
f 2321/954/2211 2307/933/2197 2306/932/2196
f 2322/955/2212 2320/953/2210 2317/950/2207
f 2322/955/2212 2321/954/2211 2320/953/2210
f 2307/933/2197 2321/954/2211 2323/956/2213
f 2324/957/2214 2307/933/2197 2323/956/2213
f 2325/958/2215 2323/956/2213 2321/954/2211
f 2325/958/2215 2321/954/2211 2322/955/2212
f 2307/933/2197 2324/957/2214 2301/927/2191
f 2322/955/2212 2317/950/2207 2326/959/2216
f 2314/944/2204 2326/959/2216 2317/950/2207
f 2322/955/2212 2326/959/2216 2314/944/2204
f 2314/944/2204 2327/960/2217 2322/955/2212
f 2327/960/2217 2325/958/2215 2322/955/2212
f 2314/944/2204 2318/951/2208 2327/960/2217
f 2325/958/2215 2327/960/2217 2328/961/2218
f 2318/951/2208 2328/961/2218 2327/960/2217
f 2328/961/2218 2323/956/2213 2325/958/2215
f 2329/962/2219 2328/961/2218 2318/951/2208
f 2328/961/2218 2329/962/2219 2323/956/2213
f 2316/949/2206 2329/962/2219 2318/951/2208
f 2316/949/2206 2330/963/2220 2329/962/2219
f 2329/962/2219 2330/963/2220 2323/956/2213
f 2316/949/2206 2331/964/2221 2330/963/2220
f 2331/964/2221 2323/956/2213 2330/963/2220
f 2319/952/2209 2331/964/2221 2316/949/2206
f 2331/964/2221 2332/965/2222 2323/956/2213
f 2331/964/2221 2319/952/2209 2332/965/2222
f 2009/537/1919 2323/956/2213 2332/965/2222
f 2009/537/1919 2324/957/2214 2323/956/2213
f 2332/965/2222 2319/952/2209 2333/966/2223
f 2009/537/1919 2332/965/2222 2333/966/2223
f 2008/536/1918 2333/966/2223 2319/952/2209
f 2008/536/1918 2009/537/1919 2333/966/2223
f 2324/957/2214 2009/537/1919 1946/462/1856
f 2324/957/2214 1946/462/1856 2334/967/2224
f 2301/927/2191 2324/957/2214 2334/967/2224
f 2334/967/2224 1946/462/1856 1944/460/1854
f 2334/967/2224 2289/915/2179 2301/927/2191
f 2335/968/2225 2334/967/2224 1944/460/1854
f 2334/967/2224 2335/968/2225 2289/915/2179
f 1944/460/1854 1940/456/1850 2335/968/2225
f 2335/968/2225 2286/912/2176 2289/915/2179
f 1940/456/1850 2285/911/2175 2335/968/2225
f 2335/968/2225 2285/911/2175 2286/912/2176
f 979/970/944 978/969/943 2336/971/2200
f 2337/972/2199 979/970/944 2336/971/2200
f 2337/972/2199 2338/973/2226 979/970/944
f 2339/974/2227 2338/973/2226 2337/972/2199
f 2340/975/2228 979/970/944 2338/973/2226
f 2340/975/2228 985/976/949 979/970/944
f 2341/977/2229 985/976/949 2340/975/2228
f 2342/978/2230 2338/973/2226 2339/974/2227
f 2340/975/2228 2338/973/2226 2342/978/2230
f 2341/977/2229 2340/975/2228 2342/978/2230
f 2339/974/2227 2343/979/2190 2342/978/2230
f 2342/978/2230 2343/979/2190 2344/980/2231
f 2344/980/2231 2345/981/2232 2342/978/2230
f 2341/977/2229 2342/978/2230 2345/981/2232
f 2345/981/2232 2344/980/2231 2346/982/2233
f 2346/982/2233 2347/983/2234 2345/981/2232
f 2341/977/2229 2345/981/2232 2347/983/2234
f 2347/983/2234 2346/982/2233 2348/984/2185
f 2348/984/2185 2349/985/2235 2347/983/2234
f 2341/977/2229 2347/983/2234 2349/985/2235
f 2349/985/2235 2348/984/2185 2350/986/2236
f 2341/977/2229 2351/987/2237 985/976/949
f 2351/987/2237 997/988/957 985/976/949
f 998/989/958 997/988/957 2351/987/2237
f 2350/986/2236 2352/990/2238 2349/985/2235
f 2352/990/2238 2350/986/2236 2353/991/2239
f 2349/985/2235 2354/992/2240 2341/977/2229
f 2354/992/2240 2351/987/2237 2341/977/2229
f 2354/992/2240 2349/985/2235 2352/990/2238
f 2355/993/2241 998/989/958 2351/987/2237
f 2355/993/2241 2351/987/2237 2354/992/2240
f 2352/990/2238 2353/991/2239 2356/994/2242
f 2357/995/2243 2356/994/2242 2353/991/2239
f 2357/995/2243 2248/860/1538 2356/994/2242
f 2358/996/2244 2354/992/2240 2352/990/2238
f 2358/996/2244 2352/990/2238 2356/994/2242
f 2358/996/2244 2355/993/2241 2354/992/2240
f 2248/860/1538 2358/996/2244 2356/994/2242
f 2359/997/2245 998/989/958 2355/993/2241
f 2359/997/2245 2355/993/2241 2358/996/2244
f 2358/996/2244 2248/860/1538 2359/997/2245
f 998/989/958 2359/997/2245 1007/998/967
f 2359/997/2245 2248/860/1538 2246/858/2139
f 1007/998/967 2359/997/2245 2360/999/2246
f 2360/999/2246 2359/997/2245 2246/858/2139
f 2360/999/2246 2246/858/2139 2361/1000/2155
f 1010/1001/969 1007/998/967 2360/999/2246
f 2360/999/2246 2361/1000/2155 2362/1002/2247
f 1010/1001/969 2360/999/2246 2362/1002/2247
f 2363/1003/2248 2362/1002/2247 2361/1000/2155
f 1010/1001/969 2362/1002/2247 2364/1004/2249
f 2362/1002/2247 2363/1003/2248 2364/1004/2249
f 1010/1001/969 2364/1004/2249 1014/1005/972
f 2365/1006/2250 2364/1004/2249 2363/1003/2248
f 1016/1007/974 1014/1005/972 2364/1004/2249
f 2364/1004/2249 2365/1006/2250 1016/1007/974
f 2366/1009/2251 2367/1008/2252 2368/1010/2253
f 2368/1010/2253 2367/1008/2252 2369/1011/2254
f 2370/1012/2255 2368/1010/2253 2369/1011/2254
f 2370/1012/2255 2371/1013/2256 2368/1010/2253
f 2372/1015/2257 2373/1014/2258 2374/1016/2259
f 2374/1016/2259 2373/1014/2258 2375/1017/2260
f 2376/1018/2261 2374/1016/2259 2375/1017/2260
f 2376/1018/2261 2377/1019/2257 2374/1016/2259
f 2378/1021/2262 2379/1020/2263 2380/1022/2264
f 2379/1020/2263 2381/1023/2265 2380/1022/2264
f 2382/1024/2266 2381/1023/2265 2379/1020/2263
f 2383/1025/2267 2382/1024/2266 2379/1020/2263
f 2384/1027/2268 2385/1026/2269 2386/1028/2270
f 2385/1026/2269 2387/1029/2271 2386/1028/2270
f 2385/1026/2269 2388/1030/2272 2387/1029/2271
f 2385/1026/2269 2389/1031/2273 2388/1030/2272
f 2390/1033/2274 2391/1032/2275 2392/1034/2276
f 2391/1032/2275 2393/1035/2277 2392/1034/2276
f 2391/1032/2275 2394/1036/2278 2393/1035/2277
f 2391/1032/2275 2395/1037/2279 2394/1036/2278
f 2396/1039/2280 2397/1038/2281 2398/1040/2282
f 2398/1040/2282 2397/1038/2281 2399/1041/2283
f 2400/1042/2284 2399/1041/2283 2397/1038/2281
f 2401/1043/2285 2400/1042/2284 2397/1038/2281
f 2402/1045/2286 2403/1044/2287 2404/1046/2288
f 2403/1044/2287 2405/1047/2289 2404/1046/2288
f 2406/1048/2290 2405/1047/2289 2403/1044/2287
f 2407/1049/2291 2406/1048/2290 2403/1044/2287
f 2408/1051/2292 2409/1050/2293 2410/1052/2294
f 2409/1050/2293 2411/1053/2295 2410/1052/2294
f 2412/1054/2296 2410/1052/2294 2411/1053/2295
f 2413/1055/2292 2410/1052/2294 2412/1054/2296
f 2414/1057/2297 2415/1056/2298 2416/1058/2299
f 2415/1056/2298 2417/1059/2300 2416/1058/2299
f 2418/1060/2301 2417/1059/2300 2415/1056/2298
f 2419/1061/2302 2418/1060/2301 2415/1056/2298
f 2420/1063/2303 2421/1062/2304 2422/1064/2305
f 2423/1065/2306 2420/1063/2303 2422/1064/2305
f 2423/1065/2306 2424/1066/2307 2420/1063/2303
f 2424/1066/2307 2425/1067/2308 2420/1063/2303
f 2426/1069/2309 2427/1068/2310 2428/1070/2311
f 2426/1069/2309 2429/1071/2312 2427/1068/2310
f 2429/1071/2312 2430/1072/2313 2427/1068/2310
f 2430/1072/2313 2431/1073/2311 2427/1068/2310
f 2432/1075/2314 2433/1074/2315 2434/1076/2316
f 2432/1075/2314 2435/1077/2317 2433/1074/2315
f 2435/1077/2317 2436/1078/2318 2433/1074/2315
f 2436/1078/2318 2437/1079/2316 2433/1074/2315
f 2438/1081/2319 2439/1080/2320 2440/1082/2321
f 2439/1080/2320 2441/1083/2322 2440/1082/2321
f 2441/1083/2322 2439/1080/2320 2442/1084/2323
f 2441/1083/2322 2443/1085/2324 2440/1082/2321
f 2443/1085/2324 2441/1083/2322 2442/1084/2323
f 2444/1086/2325 2440/1082/2321 2443/1085/2324
f 2443/1085/2324 2442/1084/2323 2445/1087/2326
f 2444/1086/2325 2443/1085/2324 2445/1087/2326
f 2445/1087/2326 2442/1084/2323 2446/1088/2327
f 2445/1087/2326 2447/1089/2328 2444/1086/2325
f 2445/1087/2326 2446/1088/2327 2448/1090/2329
f 2445/1087/2326 2448/1090/2329 2447/1089/2328
f 2449/1092/2330 2450/1091/2331 2451/1093/2332
f 2452/1094/2333 2449/1092/2330 2451/1093/2332
f 2452/1094/2333 2451/1093/2332 2453/1095/2334
f 2453/1095/2334 2451/1093/2332 2454/1096/2335
f 2455/1099/2336 1107/1098/1060 1106/1097/1059
f 1106/1097/1059 2456/1100/2337 2455/1099/2336
f 2457/1102/2338 2455/1099/2336 2456/1100/2337
f 2456/1100/2337 1106/1097/1059 1110/1101/1063
f 2458/1104/2339 2457/1102/2338 2456/1100/2337
f 1110/1101/1063 2459/1103/2340 2456/1100/2337
f 2460/1105/2341 2458/1104/2339 2456/1100/2337
f 2456/1100/2337 2459/1103/2340 2460/1105/2341
f 2461/1107/2342 1115/1106/1068 1107/1098/1060
f 1107/1098/1060 2455/1099/2336 2461/1107/2342
f 2457/1102/2338 2461/1107/2342 2455/1099/2336
f 2462/1108/2343 2461/1107/2342 2457/1102/2338
f 2457/1102/2338 2463/1109/2344 2462/1108/2343
f 2462/1108/2343 2463/1109/2344 2464/1110/2345
f 2464/1110/2345 2465/1111/2346 2462/1108/2343
f 2466/1112/2347 2465/1111/2346 2464/1110/2345
f 2464/1110/2345 2467/1113/2348 2466/1112/2347
f 2468/1114/2349 2467/1113/2348 2464/1110/2345
f 2468/1114/2349 2464/1110/2345 2469/1115/2350
f 2469/1115/2350 2464/1110/2345 2463/1109/2344
f 2470/1116/2351 2468/1114/2349 2469/1115/2350
f 2457/1102/2338 2471/1117/2352 2463/1109/2344
f 2463/1109/2344 2472/1118/2353 2469/1115/2350
f 2463/1109/2344 2471/1117/2352 2472/1118/2353
f 2470/1116/2351 2469/1115/2350 2473/1119/2354
f 2473/1119/2354 2469/1115/2350 2472/1118/2353
f 2471/1117/2352 2457/1102/2338 2474/1120/2355
f 2457/1102/2338 2458/1104/2339 2474/1120/2355
f 2473/1119/2354 2475/1121/2356 2470/1116/2351
f 2475/1121/2356 2476/1122/2357 2470/1116/2351
f 2472/1118/2353 2477/1123/2358 2473/1119/2354
f 2475/1121/2356 2473/1119/2354 2477/1123/2358
f 2471/1117/2352 2478/1124/2359 2472/1118/2353
f 2478/1124/2359 2471/1117/2352 2474/1120/2355
f 2479/1125/2360 2477/1123/2358 2472/1118/2353
f 2472/1118/2353 2478/1124/2359 2479/1125/2360
f 2474/1120/2355 2458/1104/2339 2480/1126/2361
f 2481/1127/2362 2478/1124/2359 2474/1120/2355
f 2481/1127/2362 2474/1120/2355 2480/1126/2361
f 2482/1128/2363 2480/1126/2361 2458/1104/2339
f 2460/1105/2341 2482/1128/2363 2458/1104/2339
f 2483/1129/2364 2482/1128/2363 2460/1105/2341
f 2484/1130/2365 2478/1124/2359 2481/1127/2362
f 2478/1124/2359 2484/1130/2365 2479/1125/2360
f 2480/1126/2361 2485/1131/2366 2481/1127/2362
f 2485/1131/2366 2480/1126/2361 2482/1128/2363
f 2485/1131/2366 2484/1130/2365 2481/1127/2362
f 2486/1132/2367 2482/1128/2363 2483/1129/2364
f 2483/1129/2364 2487/1133/2368 2486/1132/2367
f 2482/1128/2363 2488/1134/2369 2485/1131/2366
f 2486/1132/2367 2488/1134/2369 2482/1128/2363
f 2489/1135/2370 2484/1130/2365 2485/1131/2366
f 2485/1131/2366 2488/1134/2369 2489/1135/2370
f 2479/1125/2360 2484/1130/2365 2490/1136/2371
f 2484/1130/2365 2491/1137/2372 2490/1136/2371
f 2491/1137/2372 2484/1130/2365 2489/1135/2370
f 2479/1125/2360 2490/1136/2371 2492/1138/2373
f 2489/1135/2370 2493/1139/2374 2491/1137/2372
f 2477/1123/2358 2479/1125/2360 2492/1138/2373
f 2494/1140/2375 2493/1139/2374 2489/1135/2370
f 2493/1139/2374 2494/1140/2375 2495/1141/2376
f 2489/1135/2370 2488/1134/2369 2496/1142/2377
f 2496/1142/2377 2494/1140/2375 2489/1135/2370
f 2486/1132/2367 2497/1143/2378 2488/1134/2369
f 2497/1143/2378 2496/1142/2377 2488/1134/2369
f 2492/1138/2373 2498/1144/2379 2477/1123/2358
f 2477/1123/2358 2498/1144/2379 2475/1121/2356
f 2494/1140/2375 2499/1145/2380 2495/1141/2376
f 2499/1145/2380 2500/1146/1512 2495/1141/2376
f 2499/1145/2380 2501/1147/2381 2500/1146/1512
f 2499/1145/2380 2494/1140/2375 2502/1148/2382
f 2502/1148/2382 2501/1147/2381 2499/1145/2380
f 2502/1148/2382 2494/1140/2375 2496/1142/2377
f 2501/1147/2381 2502/1148/2382 2503/1149/2383
f 2496/1142/2377 2503/1149/2383 2502/1148/2382
f 2501/1147/2381 2503/1149/2383 2504/1150/2384
f 2505/1151/2385 2503/1149/2383 2496/1142/2377
f 2496/1142/2377 2497/1143/2378 2505/1151/2385
f 2504/1150/2384 2503/1149/2383 2505/1151/2385
f 2506/1152/2386 2505/1151/2385 2497/1143/2378
f 2505/1151/2385 2506/1152/2386 2504/1150/2384
f 2497/1143/2378 2486/1132/2367 2506/1152/2386
f 2506/1152/2386 2507/1153/2387 2504/1150/2384
f 2487/1133/2368 2506/1152/2386 2486/1132/2367
f 2506/1152/2386 2487/1133/2368 2507/1153/2387
f 2508/1154/2388 2507/1153/2387 2487/1133/2368
f 2460/1105/2341 2459/1103/2340 2483/1129/2364
f 2483/1129/2364 2459/1103/2340 2487/1133/2368
f 2459/1103/2340 2509/1155/2389 2487/1133/2368
f 2509/1155/2389 2459/1103/2340 1110/1101/1063
f 1110/1101/1063 1165/1156/1116 2509/1155/2389
f 2509/1155/2389 1165/1156/1116 1166/1157/33
f 1166/1157/33 2510/1158/1495 2509/1155/2389
f 2487/1133/2368 2509/1155/2389 2510/1158/1495
f 2510/1158/1495 2508/1154/2388 2487/1133/2368
f 2511/1161/2390 2512/1160/2391 2513/1159/2392
f 2511/1161/2390 2513/1159/2392 2514/1162/2393
f 2511/1161/2390 2514/1162/2393 2515/1163/2394
f 2514/1162/2393 2513/1159/2392 2516/1164/2395
f 2513/1159/2392 5/1/5 2516/1164/2395
f 2517/1165/2396 2515/1163/2394 2514/1162/2393
f 2518/1166/2397 2515/1163/2394 2517/1165/2396
f 2516/1164/2395 2519/1167/2398 2514/1162/2393
f 2517/1165/2396 2514/1162/2393 2519/1167/2398
f 2516/1164/2395 5/1/5 2520/1168/2399
f 2520/1168/2399 5/1/5 4/2/4
f 2518/1166/2397 2517/1165/2396 2521/1169/2400
f 2518/1166/2397 2521/1169/2400 2522/1170/2401
f 2520/1168/2399 4/2/4 2523/1171/2402
f 2523/1171/2402 4/2/4 2524/1172/2403
f 2525/1173/2404 2523/1171/2402 2524/1172/2403
f 2526/1174/2405 2525/1173/2404 2524/1172/2403
f 2523/1171/2402 2527/1175/2406 2520/1168/2399
f 2523/1171/2402 2525/1173/2404 2527/1175/2406
f 2528/1176/2407 2516/1164/2395 2520/1168/2399
f 2520/1168/2399 2527/1175/2406 2528/1176/2407
f 2526/1174/2405 2529/1177/2408 2525/1173/2404
f 2526/1174/2405 2530/1178/2409 2529/1177/2408
f 2531/1179/2410 2527/1175/2406 2525/1173/2404
f 2525/1173/2404 2529/1177/2408 2531/1179/2410
f 1189/1180/1138 2529/1177/2408 2530/1178/2409
f 2530/1178/2409 1190/1181/1139 1189/1180/1138
f 2529/1177/2408 1189/1180/1138 1191/1182/1140
f 1191/1182/1140 2531/1179/2410 2529/1177/2408
f 2531/1179/2410 1191/1182/1140 1192/1183/1141
f 2527/1175/2406 2531/1179/2410 2532/1184/2411
f 1192/1183/1141 2532/1184/2411 2531/1179/2410
f 2532/1184/2411 2528/1176/2407 2527/1175/2406
f 2533/1185/2412 2516/1164/2395 2528/1176/2407
f 2519/1167/2398 2516/1164/2395 2533/1185/2412
f 2534/1186/2413 2532/1184/2411 1192/1183/1141
f 1192/1183/1141 1196/1187/1145 2534/1186/2413
f 2532/1184/2411 2535/1188/2414 2528/1176/2407
f 2533/1185/2412 2528/1176/2407 2535/1188/2414
f 2535/1188/2414 2532/1184/2411 2534/1186/2413
f 2536/1189/2415 2519/1167/2398 2533/1185/2412
f 2535/1188/2414 2536/1189/2415 2533/1185/2412
f 2537/1190/2416 2534/1186/2413 1196/1187/1145
f 1196/1187/1145 1200/1191/1149 2537/1190/2416
f 2534/1186/2413 2538/1192/2417 2535/1188/2414
f 2538/1192/2417 2534/1186/2413 2537/1190/2416
f 2539/1193/2418 2519/1167/2398 2536/1189/2415
f 2519/1167/2398 2539/1193/2418 2517/1165/2396
f 2536/1189/2415 2535/1188/2414 2540/1194/2419
f 2538/1192/2417 2540/1194/2419 2535/1188/2414
f 2517/1165/2396 2539/1193/2418 2541/1195/2420
f 2541/1195/2420 2521/1169/2400 2517/1165/2396
f 2536/1189/2415 2542/1196/2421 2539/1193/2418
f 2536/1189/2415 2540/1194/2419 2542/1196/2421
f 2539/1193/2418 2542/1196/2421 2541/1195/2420
f 2543/1197/2422 2540/1194/2419 2538/1192/2417
f 2543/1197/2422 2542/1196/2421 2540/1194/2419
f 2544/1198/2423 2537/1190/2416 1200/1191/1149
f 1200/1191/1149 1208/1199/1157 2544/1198/2423
f 2544/1198/2423 1208/1199/1157 1209/1200/1158
f 2538/1192/2417 2537/1190/2416 2545/1201/2424
f 2538/1192/2417 2545/1201/2424 2543/1197/2422
f 1209/1200/1158 2546/1202/2425 2544/1198/2423
f 2546/1202/2425 1209/1200/1158 1212/1203/1161
f 2544/1198/2423 2547/1204/2426 2537/1190/2416
f 2537/1190/2416 2547/1204/2426 2545/1201/2424
f 2548/1205/2427 2547/1204/2426 2544/1198/2423
f 2544/1198/2423 2546/1202/2425 2548/1205/2427
f 2545/1201/2424 2547/1204/2426 2548/1205/2427
f 2549/1206/2428 2546/1202/2425 1212/1203/1161
f 2546/1202/2425 2549/1206/2428 2548/1205/2427
f 2548/1205/2427 2550/1207/2429 2545/1201/2424
f 2550/1207/2429 2543/1197/2422 2545/1201/2424
f 2551/1208/2430 2549/1206/2428 1212/1203/1161
f 1212/1203/1161 1218/1209/1167 2551/1208/2430
f 2551/1208/2430 1218/1209/1167 1219/1210/1168
f 2552/1211/2431 2548/1205/2427 2549/1206/2428
f 2550/1207/2429 2548/1205/2427 2552/1211/2431
f 2553/1213/2432 2551/1208/2430 1219/1210/1168
f 2553/1213/2432 1219/1210/1168 1223/1214/1172
f 2549/1206/2428 2551/1208/2430 2554/1212/2433
f 2554/1212/2433 2552/1211/2431 2549/1206/2428
f 2554/1212/2433 2551/1208/2430 2553/1213/2432
f 2553/1213/2432 1223/1214/1172 2555/1215/2434
f 2555/1215/2434 1223/1214/1172 1225/1216/1174
f 2556/1217/2435 2554/1212/2433 2553/1213/2432
f 2556/1217/2435 2553/1213/2432 2555/1215/2434
f 2552/1211/2431 2554/1212/2433 2557/1218/2436
f 2556/1217/2435 2557/1218/2436 2554/1212/2433
f 2558/1219/2437 2555/1215/2434 1225/1216/1174
f 2558/1219/2437 1225/1216/1174 1229/1220/1178
f 2557/1218/2436 2559/1221/2438 2552/1211/2431
f 2552/1211/2431 2559/1221/2438 2550/1207/2429
f 2559/1221/2438 2557/1218/2436 2560/1222/2439
f 2560/1222/2439 2557/1218/2436 2556/1217/2435
f 2556/1217/2435 2555/1215/2434 2561/1223/2440
f 2561/1223/2440 2555/1215/2434 2558/1219/2437
f 2562/1224/2441 2550/1207/2429 2559/1221/2438
f 2560/1222/2439 2562/1224/2441 2559/1221/2438
f 2556/1217/2435 2563/1225/2442 2560/1222/2439
f 2563/1225/2442 2556/1217/2435 2561/1223/2440
f 2562/1224/2441 2564/1226/2443 2550/1207/2429
f 2550/1207/2429 2564/1226/2443 2543/1197/2422
f 2565/1227/2444 2562/1224/2441 2560/1222/2439
f 2565/1227/2444 2560/1222/2439 2563/1225/2442
f 2564/1226/2443 2562/1224/2441 2565/1227/2444
f 2564/1226/2443 2566/1228/2445 2543/1197/2422
f 2543/1197/2422 2566/1228/2445 2542/1196/2421
f 2565/1227/2444 2567/1229/2446 2564/1226/2443
f 2567/1229/2446 2566/1228/2445 2564/1226/2443
f 2568/1230/2447 2565/1227/2444 2563/1225/2442
f 2568/1230/2447 2567/1229/2446 2565/1227/2444
f 2568/1230/2447 2569/1231/2448 2567/1229/2446
f 2568/1230/2447 2563/1225/2442 2570/1232/2449
f 2570/1232/2449 2563/1225/2442 2561/1223/2440
f 2571/1233/2450 2542/1196/2421 2566/1228/2445
f 2571/1233/2450 2541/1195/2420 2542/1196/2421
f 2569/1231/2448 2568/1230/2447 2572/1234/2451
f 2570/1232/2449 2572/1234/2451 2568/1230/2447
f 2573/1235/2452 2541/1195/2420 2571/1233/2450
f 2541/1195/2420 2573/1235/2452 2521/1169/2400
f 2574/1236/2453 2521/1169/2400 2573/1235/2452
f 2574/1236/2453 2522/1170/2401 2521/1169/2400
f 2575/1237/2454 2522/1170/2401 2574/1236/2453
f 2574/1236/2453 2576/1238/2455 2575/1237/2454
f 2575/1237/2454 2576/1238/2455 2577/1239/2456
f 2577/1239/2456 2578/1240/2457 2575/1237/2454
f 2577/1239/2456 2579/1241/2458 2578/1240/2457
f 2580/1242/2459 2579/1241/2458 2577/1239/2456
f 2571/1233/2450 2581/1243/2460 2573/1235/2452
f 2582/1244/2461 2579/1241/2458 2580/1242/2459
f 2580/1242/2459 2583/1245/2462 2582/1244/2461
f 2582/1244/2461 2476/1122/2357 2579/1241/2458
f 2582/1244/2461 2470/1116/2351 2476/1122/2357
f 2582/1244/2461 2583/1245/2462 2584/1246/2463
f 2470/1116/2351 2582/1244/2461 2585/1247/2464
f 2584/1246/2463 2585/1247/2464 2582/1244/2461
f 2585/1247/2464 2468/1114/2349 2470/1116/2351
f 2586/1248/2465 2585/1247/2464 2584/1246/2463
f 2468/1114/2349 2585/1247/2464 2586/1248/2465
f 2586/1248/2465 2467/1113/2348 2468/1114/2349
f 2584/1246/2463 2587/1249/2466 2586/1248/2465
f 2466/1112/2347 2467/1113/2348 2586/1248/2465
f 2586/1248/2465 2587/1249/2466 2588/1250/2467
f 2588/1250/2467 2466/1112/2347 2586/1248/2465
f 2588/1250/2467 2587/1249/2466 2589/1251/2468
f 2590/1252/2469 2466/1112/2347 2588/1250/2467
f 2465/1111/2346 2466/1112/2347 2590/1252/2469
f 2589/1251/2468 2591/1253/2470 2588/1250/2467
f 2588/1250/2467 2591/1253/2470 2590/1252/2469
f 2589/1251/2468 2592/1254/2471 2591/1253/2470
f 2593/1255/2472 2592/1254/2471 2589/1251/2468
f 2591/1253/2470 2594/1256/2473 2590/1252/2469
f 2592/1254/2471 2594/1256/2473 2591/1253/2470
f 2595/1257/2474 2592/1254/2471 2593/1255/2472
f 2595/1257/2474 2593/1255/2472 2596/1258/2475
f 2592/1254/2471 2597/1259/2476 2594/1256/2473
f 2595/1257/2474 2597/1259/2476 2592/1254/2471
f 2590/1252/2469 2598/1260/2477 2465/1111/2346
f 2594/1256/2473 2599/1261/2478 2590/1252/2469
f 2590/1252/2469 2599/1261/2478 2598/1260/2477
f 2465/1111/2346 2598/1260/2477 2600/1262/2479
f 2600/1262/2479 2462/1108/2343 2465/1111/2346
f 2462/1108/2343 2600/1262/2479 2461/1107/2342
f 2597/1259/2476 2601/1263/2480 2594/1256/2473
f 2599/1261/2478 2594/1256/2473 2601/1263/2480
f 2598/1260/2477 2599/1261/2478 2602/1264/2481
f 2602/1264/2481 2600/1262/2479 2598/1260/2477
f 2600/1262/2479 2603/1265/2482 2461/1107/2342
f 2603/1265/2482 1115/1106/1068 2461/1107/2342
f 2603/1265/2482 1275/1266/1224 1115/1106/1068
f 2600/1262/2479 2604/1267/2483 2603/1265/2482
f 2603/1265/2482 2604/1267/2483 1275/1266/1224
f 2602/1264/2481 2604/1267/2483 2600/1262/2479
f 2604/1267/2483 1229/1220/1178 1275/1266/1224
f 2604/1267/2483 2558/1219/2437 1229/1220/1178
f 2602/1264/2481 2558/1219/2437 2604/1267/2483
f 2599/1261/2478 2605/1268/2484 2602/1264/2481
f 2605/1268/2484 2558/1219/2437 2602/1264/2481
f 2601/1263/2480 2605/1268/2484 2599/1261/2478
f 2561/1223/2440 2558/1219/2437 2605/1268/2484
f 2561/1223/2440 2605/1268/2484 2601/1263/2480
f 2601/1263/2480 2570/1232/2449 2561/1223/2440
f 2601/1263/2480 2597/1259/2476 2570/1232/2449
f 2572/1234/2451 2570/1232/2449 2597/1259/2476
f 2597/1259/2476 2595/1257/2474 2572/1234/2451
f 2606/1269/2485 2572/1234/2451 2595/1257/2474
f 2596/1258/2475 2606/1269/2485 2595/1257/2474
f 2572/1234/2451 2606/1269/2485 2569/1231/2448
f 2569/1231/2448 2606/1269/2485 2596/1258/2475
f 2596/1258/2475 2607/1270/2486 2569/1231/2448
f 2608/1271/2487 2569/1231/2448 2607/1270/2486
f 2608/1271/2487 2609/1272/2488 2569/1231/2448
f 2609/1272/2488 2567/1229/2446 2569/1231/2448
f 2610/1273/2489 2609/1272/2488 2608/1271/2487
f 2611/1274/2490 2567/1229/2446 2609/1272/2488
f 2567/1229/2446 2611/1274/2490 2566/1228/2445
f 2610/1273/2489 2612/1275/2491 2609/1272/2488
f 2609/1272/2488 2612/1275/2491 2611/1274/2490
f 2612/1275/2491 2610/1273/2489 2613/1276/2492
f 2613/1276/2492 2611/1274/2490 2612/1275/2491
f 2614/1277/2493 2613/1276/2492 2610/1273/2489
f 2614/1277/2493 2581/1243/2460 2613/1276/2492
f 2611/1274/2490 2615/1278/2494 2566/1228/2445
f 2611/1274/2490 2613/1276/2492 2615/1278/2494
f 2581/1243/2460 2615/1278/2494 2613/1276/2492
f 2566/1228/2445 2615/1278/2494 2571/1233/2450
f 2615/1278/2494 2581/1243/2460 2571/1233/2450
f 2513/1159/2392 2512/1160/2391 5/1/5
f 2616/1279/2495 5/1/5 2512/1160/2391
f 5/1/5 2616/1279/2495 6/3/6
f 6/3/6 2616/1279/2495 2617/1280/2496
f 2618/1281/2497 2616/1279/2495 2512/1160/2391
f 2617/1280/2496 2616/1279/2495 2619/1282/2498
f 2618/1281/2497 2619/1282/2498 2616/1279/2495
f 2620/1283/2499 2617/1280/2496 2619/1282/2498
f 2620/1283/2499 2621/1284/2500 2617/1280/2496
f 2618/1281/2497 2512/1160/2391 2622/1285/2501
f 2622/1285/2501 2512/1160/2391 2511/1161/2390
f 2618/1281/2497 2623/1286/2502 2619/1282/2498
f 2620/1283/2499 2619/1282/2498 2623/1286/2502
f 2621/1284/2500 2620/1283/2499 2624/1287/1578
f 2624/1287/1578 2625/1288/2503 2621/1284/2500
f 2626/1289/1582 2624/1287/1578 2620/1283/2499
f 2620/1283/2499 2623/1286/2502 2626/1289/1582
f 2624/1287/1578 2627/1290/1575 2625/1288/2503
f 2623/1286/2502 2618/1281/2497 2628/1291/2504
f 2628/1291/2504 2626/1289/1582 2623/1286/2502
f 2618/1281/2497 2622/1285/2501 2628/1291/2504
f 2629/1292/1622 2626/1289/1582 2628/1291/2504
f 2630/1293/2505 2622/1285/2501 2511/1161/2390
f 2630/1293/2505 2628/1291/2504 2622/1285/2501
f 2515/1163/2394 2630/1293/2505 2511/1161/2390
f 2627/1290/1575 2631/1294/2506 2625/1288/2503
f 2625/1288/2503 2631/1294/2506 2632/1295/2507
f 2633/1296/1625 2631/1294/2506 2627/1290/1575
f 2627/1290/1575 2634/1297/2013 2633/1296/1625
f 2629/1292/1622 2628/1291/2504 2635/1298/2508
f 2635/1298/2508 2628/1291/2504 2630/1293/2505
f 2636/1299/2509 2630/1293/2505 2515/1163/2394
f 2635/1298/2508 2630/1293/2505 2636/1299/2509
f 2636/1299/2509 2515/1163/2394 2518/1166/2397
f 2635/1298/2508 2637/1300/2510 2629/1292/1622
f 2638/1301/2511 2629/1292/1622 2637/1300/2510
f 2637/1300/2510 2639/1302/1750 2638/1301/2511
f 2640/1303/2512 2636/1299/2509 2518/1166/2397
f 2640/1303/2512 2518/1166/2397 2522/1170/2401
f 2636/1299/2509 2641/1304/2513 2635/1298/2508
f 2637/1300/2510 2635/1298/2508 2641/1304/2513
f 2641/1304/2513 2636/1299/2509 2640/1303/2512
f 2642/1305/2514 2639/1302/1750 2637/1300/2510
f 2643/1306/2515 2639/1302/1750 2642/1305/2514
f 2644/1307/2516 2643/1306/2515 2642/1305/2514
f 2640/1303/2512 2522/1170/2401 2645/1308/2517
f 2575/1237/2454 2645/1308/2517 2522/1170/2401
f 2641/1304/2513 2646/1309/2518 2637/1300/2510
f 2642/1305/2514 2637/1300/2510 2646/1309/2518
f 2647/1310/2519 2644/1307/2516 2642/1305/2514
f 2648/1311/2520 2644/1307/2516 2647/1310/2519
f 2649/1312/1810 2648/1311/2520 2647/1310/2519
f 2642/1305/2514 2650/1313/2521 2647/1310/2519
f 2646/1309/2518 2650/1313/2521 2642/1305/2514
f 2649/1312/1810 2647/1310/2519 2651/1314/2522
f 2651/1314/2522 2647/1310/2519 2650/1313/2521
f 2652/1315/2523 2649/1312/1810 2651/1314/2522
f 2653/1316/2524 2645/1308/2517 2575/1237/2454
f 2653/1316/2524 2575/1237/2454 2578/1240/2457
f 2654/1317/2525 2650/1313/2521 2646/1309/2518
f 2651/1314/2522 2650/1313/2521 2654/1317/2525
f 2655/1318/2526 2653/1316/2524 2578/1240/2457
f 2655/1318/2526 2578/1240/2457 2579/1241/2458
f 2655/1318/2526 2579/1241/2458 2476/1122/2357
f 2655/1318/2526 2476/1122/2357 2656/1319/2527
f 2656/1319/2527 2476/1122/2357 2475/1121/2356
f 2653/1316/2524 2655/1318/2526 2657/1320/2528
f 2657/1320/2528 2655/1318/2526 2656/1319/2527
f 2658/1321/2529 2645/1308/2517 2653/1316/2524
f 2658/1321/2529 2653/1316/2524 2657/1320/2528
f 2656/1319/2527 2475/1121/2356 2659/1322/2530
f 2659/1322/2530 2475/1121/2356 2498/1144/2379
f 2658/1321/2529 2660/1323/2531 2645/1308/2517
f 2645/1308/2517 2660/1323/2531 2640/1303/2512
f 2656/1319/2527 2661/1324/2532 2657/1320/2528
f 2656/1319/2527 2659/1322/2530 2661/1324/2532
f 2657/1320/2528 2661/1324/2532 2662/1325/2533
f 2661/1324/2532 2659/1322/2530 2662/1325/2533
f 2659/1322/2530 2498/1144/2379 2663/1326/2534
f 2663/1326/2534 2498/1144/2379 2492/1138/2373
f 2663/1326/2534 2492/1138/2373 2664/1327/2535
f 2663/1326/2534 2665/1328/2536 2659/1322/2530
f 2662/1325/2533 2659/1322/2530 2665/1328/2536
f 2665/1328/2536 2666/1329/2537 2662/1325/2533
f 2664/1327/2535 2667/1330/2538 2663/1326/2534
f 2665/1328/2536 2663/1326/2534 2667/1330/2538
f 2668/1331/2539 2667/1330/2538 2664/1327/2535
f 2667/1330/2538 2668/1331/2539 2665/1328/2536
f 2668/1331/2539 2666/1329/2537 2665/1328/2536
f 2664/1327/2535 2669/1332/2540 2668/1331/2539
f 2662/1325/2533 2670/1347/2541 2657/1320/2528
f 2657/1320/2528 2670/1347/2541 2658/1321/2529
f 2662/1325/2533 2671/1350/2542 2670/1347/2541
f 2670/1347/2541 2672/1346/2543 2658/1321/2529
f 2671/1350/2542 2672/1346/2543 2670/1347/2541
f 2671/1350/2542 2662/1325/2533 2673/1352/1661
f 2666/1329/2537 2673/1352/1661 2662/1325/2533
f 2658/1321/2529 2672/1346/2543 2674/1340/2544
f 2674/1340/2544 2660/1323/2531 2658/1321/2529
f 2675/1348/1654 2672/1346/2543 2671/1350/2542
f 2671/1350/2542 2676/1351/1832 2675/1348/1654
f 2672/1346/2543 2675/1348/1654 2677/1344/2545
f 2674/1340/2544 2672/1346/2543 2677/1344/2545
f 2675/1348/1654 2678/1349/1651 2677/1344/2545
f 2674/1340/2544 2677/1344/2545 2679/1343/2546
f 2680/1345/1649 2679/1343/2546 2677/1344/2545
f 2681/1341/2547 2674/1340/2544 2679/1343/2546
f 2674/1340/2544 2682/1338/2548 2660/1323/2531
f 2679/1343/2546 2683/1342/2549 2681/1341/2547
f 2660/1323/2531 2682/1338/2548 2684/1333/2550
f 2684/1333/2550 2640/1303/2512 2660/1323/2531
f 2684/1333/2550 2682/1338/2548 2685/1339/2551
f 2640/1303/2512 2684/1333/2550 2641/1304/2513
f 2685/1339/2551 2681/1341/2547 2686/1337/2552
f 2684/1333/2550 2685/1339/2551 2686/1337/2552
f 2686/1337/2552 2681/1341/2547 2683/1342/2549
f 2684/1333/2550 2686/1337/2552 2687/1334/2553
f 2687/1334/2553 2641/1304/2513 2684/1333/2550
f 2641/1304/2513 2687/1334/2553 2646/1309/2518
f 2646/1309/2518 2687/1334/2553 2688/1335/2554
f 2689/1336/2555 2688/1335/2554 2687/1334/2553
f 2646/1309/2518 2688/1335/2554 2654/1317/2525
f 2654/1317/2525 2688/1335/2554 2689/1336/2555
f 2689/1336/2555 2683/1342/2556 2690/1496/2557
f 2689/1336/2555 2691/1498/2558 2654/1317/2525
f 2690/1496/2557 2691/1498/2558 2689/1336/2555
f 2691/1498/2558 2690/1496/2557 2692/1497/2559
f 2693/1495/2560 2690/1496/2557 2683/1342/2556
f 2692/1497/2559 2690/1496/2557 2693/1495/2560
f 2683/1342/2556 2694/1494/2561 2693/1495/2560
f 2691/1498/2558 2695/1499/2562 2654/1317/2525
f 2651/1314/2522 2654/1317/2525 2695/1499/2562
f 2696/1500/2563 2691/1498/2558 2692/1497/2559
f 2695/1499/2562 2691/1498/2558 2696/1500/2563
f 2697/1501/2564 2651/1314/2522 2695/1499/2562
f 2697/1501/2564 2652/1315/2523 2651/1314/2522
f 2693/1495/2560 2694/1494/2561 2698/1493/2565
f 2680/1345/1649 2698/1493/2565 2694/1494/2561
f 2699/1502/2566 2695/1499/2562 2696/1500/2563
f 2695/1499/2562 2699/1502/2566 2697/1501/2564
f 2652/1315/2523 2697/1501/2564 2700/1503/2567
f 2700/1503/2567 2701/1504/2568 2652/1315/2523
f 2702/1505/2569 2701/1504/2568 2700/1503/2567
f 2700/1503/2567 2703/1506/2570 2702/1505/2569
f 2704/1507/2571 2697/1501/2564 2699/1502/2566
f 2704/1507/2571 2700/1503/2567 2697/1501/2564
f 2705/1508/2572 2703/1506/2570 2700/1503/2567
f 2705/1508/2572 2700/1503/2567 2704/1507/2571
f 2703/1506/2570 2705/1508/2572 2706/1509/2573
f 2696/1500/2563 2707/1510/2574 2699/1502/2566
f 2704/1507/2571 2699/1502/2566 2707/1510/2574
f 2708/1511/2575 2706/1509/2573 2705/1508/2572
f 2706/1509/2573 2708/1511/2575 2709/1512/1824
f 2709/1512/1824 2708/1511/2575 2710/1513/1825
f 2710/1513/1825 2708/1511/2575 2711/1514/1826
f 2705/1508/2572 2711/1514/1826 2708/1511/2575
f 2711/1514/1826 2705/1508/2572 2704/1507/2571
f 2711/1514/1826 2704/1507/2571 2712/1515/2576
f 2707/1510/2574 2712/1515/2576 2704/1507/2571
f 2713/1516/2577 2707/1510/2574 2696/1500/2563
f 2713/1516/2577 2696/1500/2563 2692/1497/2559
f 2714/1517/2578 2713/1516/2577 2692/1497/2559
f 2714/1517/2578 2692/1497/2559 2715/1518/2579
f 2715/1518/2579 2692/1497/2559 2716/1519/2580
f 2717/1520/2581 2707/1510/2574 2713/1516/2577
f 2692/1497/2559 2693/1495/2560 2716/1519/2580
f 2707/1510/2574 2718/1521/2582 2712/1515/2576
f 2718/1521/2582 2707/1510/2574 2717/1520/2581
f 2712/1515/2576 2718/1521/2582 2719/1522/1829
f 2717/1520/2581 2720/1523/2583 2718/1521/2582
f 2719/1522/1829 2718/1521/2582 2720/1523/2583
f 2716/1519/2580 2693/1495/2560 2721/1524/2584
f 2698/1493/2565 2721/1524/2584 2693/1495/2560
f 2722/1525/2585 2716/1519/2580 2721/1524/2584
f 2723/1526/2586 2721/1524/2584 2698/1493/2565
f 2698/1493/2565 2724/1527/2587 2723/1526/2586
f 2721/1524/2584 2725/1528/2588 2722/1525/2585
f 2725/1528/2588 2721/1524/2584 2723/1526/2586
f 2724/1527/2587 2726/1356/1830 2723/1526/2586
f 2724/1527/2587 2678/1349/1651 2726/1356/1830
f 2727/1529/2589 2722/1525/2585 2725/1528/2588
f 2722/1525/2585 2727/1529/2589 2728/1530/2590
f 2728/1530/2590 2727/1529/2589 2729/1531/1676
f 2730/1532/2591 2729/1531/1676 2727/1529/2589
f 2723/1526/2586 2731/1362/2592 2725/1528/2588
f 2723/1526/2586 2726/1356/1830 2731/1362/2592
f 2727/1529/2589 2725/1528/2588 2732/1533/2593
f 2732/1533/2593 2730/1532/2591 2727/1529/2589
f 2731/1362/2592 2732/1533/2593 2725/1528/2588
f 2732/1533/2593 2733/1534/2594 2730/1532/2591
f 2734/1535/1679 2730/1532/2591 2733/1534/2594
f 2733/1534/2594 2735/1539/2595 2734/1535/1679
f 2735/1539/2595 2736/1540/1681 2734/1535/1679
f 2736/1540/1681 2735/1539/2595 2737/1541/2596
f 2738/1542/2597 2735/1539/2595 2733/1534/2594
f 2738/1542/2597 2737/1541/2596 2735/1539/2595
f 2739/1536/2598 2733/1534/2594 2732/1533/2593
f 2733/1534/2594 2740/1537/2599 2738/1542/2597
f 2740/1537/2599 2733/1534/2594 2739/1536/2598
f 2738/1542/2597 2741/1543/2600 2737/1541/2596
f 2738/1542/2597 2740/1537/2599 2741/1543/2600
f 2739/1536/2598 2732/1533/2593 2742/1368/2601
f 2731/1362/2592 2742/1368/2601 2732/1533/2593
f 2739/1536/2598 2743/1370/2602 2740/1537/2599
f 2743/1370/2602 2739/1536/2598 2742/1368/2601
f 2743/1370/2602 2744/1538/1693 2740/1537/2599
f 2741/1543/2600 2740/1537/2599 2744/1538/1693
f 2742/1368/2601 2745/1369/1695 2743/1370/2602
f 2744/1538/1693 2746/1544/2603 2741/1543/2600
f 2745/1369/1695 2742/1368/2601 2747/1366/2604
f 2748/1545/1691 2741/1543/2600 2746/1544/2603
f 2737/1541/2596 2741/1543/2600 2749/1546/2605
f 2748/1545/1691 2749/1546/2605 2741/1543/2600
f 2749/1546/2605 2750/1547/2606 2737/1541/2596
f 2751/1548/1690 2749/1546/2605 2748/1545/1691
f 2751/1548/1690 2750/1547/2606 2749/1546/2605
f 2742/1368/2601 2752/1363/2607 2747/1366/2604
f 2731/1362/2592 2752/1363/2607 2742/1368/2601
f 2747/1366/2604 2752/1363/2607 2753/1365/2608
f 2731/1362/2592 2754/1359/2609 2752/1363/2607
f 2731/1362/2592 2726/1356/1830 2754/1359/2609
f 2755/1361/2610 2753/1365/2608 2752/1363/2607
f 2755/1361/2610 2752/1363/2607 2754/1359/2609
f 2756/1364/2611 2753/1365/2608 2755/1361/2610
f 2757/1358/2612 2756/1364/2611 2755/1361/2610
f 2757/1358/2612 2758/1367/2613 2756/1364/2611
f 2759/1355/2614 2754/1359/2609 2726/1356/1830
f 2726/1356/1830 2676/1351/1832 2759/1355/2614
f 2759/1355/2614 2676/1351/1832 2760/1354/2615
f 2754/1359/2609 2761/1357/2616 2755/1361/2610
f 2759/1355/2614 2761/1357/2616 2754/1359/2609
f 2761/1357/2616 2759/1355/2614 2760/1354/2615
f 2757/1358/2612 2755/1361/2610 2761/1357/2616
f 2760/1354/2615 2762/1353/2617 2761/1357/2616
f 2761/1357/2616 2762/1353/2617 2757/1358/2612
f 2760/1354/2615 2673/1352/1661 2762/1353/2617
f 2762/1353/2617 2673/1352/1661 2666/1329/2537
f 2758/1367/2613 2757/1358/2612 2763/1371/2618
f 2758/1367/2613 2763/1371/2618 2764/1372/1701
f 2757/1358/2612 2762/1353/2617 2765/1360/2619
f 2666/1329/2537 2765/1360/2619 2762/1353/2617
f 2764/1372/1701 2763/1371/2618 2766/1374/2620
f 2764/1372/1701 2766/1374/2620 2767/1375/1710
f 2768/1376/1711 2767/1375/1710 2766/1374/2620
f 2768/1376/1711 2766/1374/2620 2769/1377/2621
f 2769/1377/2621 2766/1374/2620 2763/1371/2618
f 2769/1377/2621 2770/1378/2622 2768/1376/1711
f 2769/1377/2621 2771/1379/1715 2770/1378/2622
f 2772/1380/1718 2771/1379/1715 2769/1377/2621
f 2757/1358/2612 2773/1373/2623 2763/1371/2618
f 2763/1371/2618 2773/1373/2623 2769/1377/2621
f 2769/1377/2621 2773/1373/2623 2772/1380/1718
f 2765/1360/2619 2773/1373/2623 2757/1358/2612
f 2774/1381/1719 2772/1380/1718 2773/1373/2623
f 2765/1360/2619 2775/1382/2624 2773/1373/2623
f 2773/1373/2623 2775/1382/2624 2774/1381/1719
f 2666/1329/2537 2776/1383/2625 2765/1360/2619
f 2775/1382/2624 2765/1360/2619 2776/1383/2625
f 2666/1329/2537 2777/1384/2626 2776/1383/2625
f 2668/1331/2539 2777/1384/2626 2666/1329/2537
f 2775/1382/2624 2776/1383/2625 2778/1385/2627
f 2776/1383/2625 2777/1384/2626 2778/1385/2627
f 2668/1331/2539 2779/1386/2628 2777/1384/2626
f 2669/1332/2540 2779/1386/2628 2668/1331/2539
f 2778/1385/2627 2777/1384/2626 2780/1387/2629
f 2775/1382/2624 2778/1385/2627 2780/1387/2629
f 2777/1384/2626 2779/1386/2628 2780/1387/2629
f 2781/1388/2630 2774/1381/1719 2775/1382/2624
f 2781/1388/2630 2775/1382/2624 2780/1387/2629
f 2669/1332/2540 2782/1389/2631 2779/1386/2628
f 2780/1387/2629 2779/1386/2628 2782/1389/2631
f 2781/1388/2630 2783/1390/2632 2774/1381/1719
f 2781/1388/2630 2784/1391/2633 2783/1390/2632
f 2783/1390/2632 2785/1392/2634 2774/1381/1719
f 2785/1392/2634 2783/1390/2632 2786/1393/2635
f 2786/1393/2635 2783/1390/2632 2784/1391/2633
f 2785/1392/2634 2786/1393/2635 1403/1394/1336
f 1403/1394/1336 2786/1393/2635 2787/1395/2636
f 2788/1396/2637 2787/1395/2636 2786/1393/2635
f 2787/1395/2636 1406/1397/1339 1403/1394/1336
f 1406/1397/1339 2787/1395/2636 1407/1398/1340
f 2780/1387/2629 2789/1399/2638 2781/1388/2630
f 2782/1389/2631 2789/1399/2638 2780/1387/2629
f 2790/1400/2639 2781/1388/2630 2789/1399/2638
f 2784/1391/2633 2781/1388/2630 2790/1400/2639
f 2786/1393/2635 2791/1401/2640 2788/1396/2637
f 2784/1391/2633 2791/1401/2640 2786/1393/2635
f 2787/1395/2636 2792/1402/2641 1407/1398/1340
f 2792/1402/2641 1412/1403/1345 1407/1398/1340
f 1412/1403/1345 2792/1402/2641 2793/1404/2642
f 2787/1395/2636 2793/1404/2642 2792/1402/2641
f 1414/1405/1347 1412/1403/1345 2793/1404/2642
f 2787/1395/2636 2794/1406/2643 2793/1404/2642
f 1414/1405/1347 2793/1404/2642 2794/1406/2643
f 2788/1396/2637 2794/1406/2643 2787/1395/2636
f 2794/1406/2643 1416/1407/1349 1414/1405/1347
f 1416/1407/1349 2794/1406/2643 2795/1408/2644
f 2788/1396/2637 2795/1408/2644 2794/1406/2643
f 1418/1409/1351 1416/1407/1349 2795/1408/2644
f 1418/1409/1351 2795/1408/2644 1419/1410/1352
f 2788/1396/2637 1419/1410/1352 2795/1408/2644
f 1419/1410/1352 2788/1396/2637 1420/1411/1353
f 1421/1412/1354 1420/1411/1353 2788/1396/2637
f 2788/1396/2637 2791/1401/2640 1421/1412/1354
f 1421/1412/1354 2791/1401/2640 1422/1413/1355
f 2791/1401/2640 2796/1414/2645 1422/1413/1355
f 2784/1391/2633 2796/1414/2645 2791/1401/2640
f 1422/1413/1355 2796/1414/2645 2797/1415/2646
f 2784/1391/2633 2798/1416/2647 2796/1414/2645
f 2797/1415/2646 2796/1414/2645 2798/1416/2647
f 2784/1391/2633 2799/1417/2648 2798/1416/2647
f 2799/1417/2648 2784/1391/2633 2790/1400/2639
f 2797/1415/2646 2800/1418/2649 1422/1413/1355
f 1422/1413/1355 2800/1418/2649 1428/1419/1361
f 1428/1419/1361 2800/1418/2649 1429/1420/1362
f 2801/1421/2650 2797/1415/2646 2798/1416/2647
f 2801/1421/2650 2798/1416/2647 2799/1417/2648
f 2800/1418/2649 2802/1422/2651 1429/1420/1362
f 2802/1422/2651 1432/1423/1365 1429/1420/1362
f 1433/1424/1366 1432/1423/1365 2802/1422/2651
f 2802/1422/2651 1434/1425/1367 1433/1424/1366
f 1434/1425/1367 2802/1422/2651 2800/1418/2649
f 2800/1418/2649 1435/1426/1368 1434/1425/1367
f 1435/1426/1368 2800/1418/2649 2797/1415/2646
f 2797/1415/2646 1436/1427/1369 1435/1426/1368
f 2797/1415/2646 2801/1421/2650 1436/1427/1369
f 2801/1421/2650 1437/1428/1370 1436/1427/1369
f 1437/1428/1370 2801/1421/2650 2803/1429/2652
f 1437/1428/1370 2803/1429/2652 1439/1430/1372
f 2799/1417/2648 2804/1431/2653 2801/1421/2650
f 2804/1431/2653 2803/1429/2652 2801/1421/2650
f 2804/1431/2653 2799/1417/2648 2805/1432/2654
f 2799/1417/2648 2806/1433/2655 2805/1432/2654
f 2790/1400/2639 2806/1433/2655 2799/1417/2648
f 2803/1429/2652 2807/1434/2656 1439/1430/1372
f 1439/1430/1372 2807/1434/2656 1444/1435/1377
f 2807/1434/2656 2808/1436/2657 1444/1435/1377
f 1444/1435/1377 2808/1436/2657 1446/1437/1379
f 1447/1438/1380 1446/1437/1379 2808/1436/2657
f 2809/1439/2658 2808/1436/2657 2807/1434/2656
f 1447/1438/1380 2808/1436/2657 2809/1439/2658
f 2809/1439/2658 2807/1434/2656 2803/1429/2652
f 2809/1439/2658 1449/1440/1382 1447/1438/1380
f 2803/1429/2652 2810/1441/2659 2809/1439/2658
f 1449/1440/1382 2809/1439/2658 2810/1441/2659
f 2804/1431/2653 2810/1441/2659 2803/1429/2652
f 2810/1441/2659 1451/1442/1384 1449/1440/1382
f 1451/1442/1384 2810/1441/2659 1452/1443/1385
f 2811/1444/2660 2810/1441/2659 2804/1431/2653
f 2811/1444/2660 1452/1443/1385 2810/1441/2659
f 2805/1432/2654 2811/1444/2660 2804/1431/2653
f 2811/1444/2660 2812/1445/2661 1452/1443/1385
f 2805/1432/2654 2812/1445/2661 2811/1444/2660
f 2813/1446/2662 2812/1445/2661 2805/1432/2654
f 1452/1443/1385 2812/1445/2661 1456/1447/1389
f 2813/1446/2662 1456/1447/1389 2812/1445/2661
f 1457/1448/1390 1456/1447/1389 2813/1446/2662
f 2813/1446/2662 1458/1449/1391 1457/1448/1390
f 2814/1450/2663 1458/1449/1391 2813/1446/2662
f 2814/1450/2663 1460/1451/1393 1458/1449/1391
f 1461/1452/1394 1460/1451/1393 2814/1450/2663
f 2815/1453/2664 1461/1452/1394 2814/1450/2663
f 1463/1454/1396 1461/1452/1394 2815/1453/2664
f 1463/1454/1396 2815/1453/2664 1464/1455/1397
f 2813/1446/2662 2816/1456/2665 2814/1450/2663
f 2814/1450/2663 2816/1456/2665 2815/1453/2664
f 2815/1453/2664 2816/1456/2665 2817/1457/2666
f 1464/1455/1397 2815/1453/2664 2818/1458/2667
f 2817/1457/2666 2818/1458/2667 2815/1453/2664
f 2818/1458/2667 1468/1459/1401 1464/1455/1397
f 1468/1459/1401 2818/1458/2667 2819/1460/2668
f 2819/1460/2668 2818/1458/2667 2817/1457/2666
f 1470/1461/1403 1468/1459/1401 2819/1460/2668
f 1471/1462/498 1470/1461/1403 2819/1460/2668
f 2819/1460/2668 2820/1463/2669 1471/1462/498
f 2817/1457/2666 2820/1463/2669 2819/1460/2668
f 2821/1464/2670 2820/1463/2669 2817/1457/2666
f 2816/1456/2665 2813/1446/2662 2822/1465/2671
f 2805/1432/2654 2822/1465/2671 2813/1446/2662
f 2816/1456/2665 2823/1466/2672 2817/1457/2666
f 2823/1466/2672 2816/1456/2665 2822/1465/2671
f 2821/1464/2670 2817/1457/2666 2824/1467/2673
f 2824/1467/2673 2817/1457/2666 2823/1466/2672
f 2821/1464/2670 2824/1467/2673 2825/1468/2674
f 2824/1467/2673 2823/1466/2672 2825/1468/2674
f 2825/1468/2674 2826/1469/2675 2821/1464/2670
f 2826/1469/2675 2825/1468/2674 2827/1470/1872
f 2828/1471/2676 2822/1465/2671 2805/1432/2654
f 2823/1466/2672 2822/1465/2671 2828/1471/2676
f 2825/1468/2674 2823/1466/2672 2829/1472/2677
f 2823/1466/2672 2828/1471/2676 2829/1472/2677
f 2825/1468/2674 2830/1473/2678 2827/1470/1872
f 2825/1468/2674 2829/1472/2677 2830/1473/2678
f 2827/1470/1872 2830/1473/2678 2831/1474/2679
f 2831/1474/2679 2832/1475/1571 2827/1470/1872
f 2833/1476/2680 2831/1474/2679 2830/1473/2678
f 2830/1473/2678 2829/1472/2677 2833/1476/2680
f 2805/1432/2654 2834/1477/2681 2828/1471/2676
f 2834/1477/2681 2805/1432/2654 2806/1433/2655
f 2833/1476/2680 2829/1472/2677 2835/1478/2682
f 2836/1479/2683 2833/1476/2680 2835/1478/2682
f 2835/1478/2682 2837/1480/2684 2836/1479/2683
f 2838/1481/2685 2829/1472/2677 2828/1471/2676
f 2828/1471/2676 2834/1477/2681 2838/1481/2685
f 2838/1481/2685 2835/1478/2682 2829/1472/2677
f 2839/1482/2686 2837/1480/2684 2835/1478/2682
f 2835/1478/2682 2838/1481/2685 2839/1482/2686
f 2837/1480/2684 2839/1482/2686 2840/1483/2687
f 2669/1332/2540 2840/1483/2687 2839/1482/2686
f 2839/1482/2686 2782/1389/2631 2669/1332/2540
f 2841/1484/2688 2838/1481/2685 2834/1477/2681
f 2841/1484/2688 2839/1482/2686 2838/1481/2685
f 2834/1477/2681 2806/1433/2655 2841/1484/2688
f 2782/1389/2631 2839/1482/2686 2841/1484/2688
f 2842/1485/2689 2841/1484/2688 2806/1433/2655
f 2841/1484/2688 2842/1485/2689 2782/1389/2631
f 2806/1433/2655 2790/1400/2639 2842/1485/2689
f 2782/1389/2631 2842/1485/2689 2789/1399/2638
f 2790/1400/2639 2789/1399/2638 2842/1485/2689
f 2843/1486/2690 2836/1479/2683 2837/1480/2684
f 2844/1487/2691 2843/1486/2690 2837/1480/2684
f 2844/1487/2691 2837/1480/2684 2840/1483/2687
f 2840/1483/2687 2845/1488/2692 2844/1487/2691
f 2845/1488/2692 2840/1483/2687 2669/1332/2540
f 2669/1332/2540 2664/1327/2535 2845/1488/2692
f 2831/1474/2679 2846/1489/2693 2832/1475/1571
f 2847/1490/2694 2846/1489/2693 2831/1474/2679
f 2847/1490/2694 2831/1474/2679 2833/1476/2680
f 2847/1490/2694 2848/1491/1514 2846/1489/2693
f 2833/1476/2680 2836/1479/2683 2847/1490/2694
f 2849/1492/2695 2848/1491/1514 2847/1490/2694
f 2849/1492/2695 2847/1490/2694 2836/1479/2683
f 2500/1146/1512 2848/1491/1514 2849/1492/2695
f 2836/1479/2683 2843/1486/2690 2849/1492/2695
f 2849/1492/2695 2495/1141/2376 2500/1146/1512
f 2843/1486/2690 2493/1139/2374 2849/1492/2695
f 2493/1139/2374 2495/1141/2376 2849/1492/2695
f 2664/1327/2535 2492/1138/2373 2490/1136/2371
f 2664/1327/2535 2490/1136/2371 2845/1488/2692
f 2844/1487/2691 2845/1488/2692 2490/1136/2371
f 2490/1136/2371 2491/1137/2372 2844/1487/2691
f 2491/1137/2372 2493/1139/2374 2844/1487/2691
f 2844/1487/2691 2493/1139/2374 2843/1486/2690
f 2850/1551/2696 2851/1550/2697 2852/1549/2698
f 2852/1549/2698 2853/1552/2699 2850/1551/2696
f 2852/1549/2698 2854/1553/2700 2853/1552/2699
f 2855/1554/2701 2853/1552/2699 2854/1553/2700
f 2853/1552/2699 2856/1555/2702 2850/1551/2696
f 2856/1555/2702 2853/1552/2699 2855/1554/2701
f 2856/1555/2702 2857/1556/2703 2850/1551/2696
f 2855/1554/2701 2858/1557/2704 2856/1555/2702
f 2856/1555/2702 2859/1558/2705 2857/1556/2703
f 2860/1559/2706 2856/1555/2702 2858/1557/2704
f 2860/1559/2706 2859/1558/2705 2856/1555/2702
f 2861/1560/2707 2862/1561/2708 2863/1562/2709
f 2864/1563/2710 2863/1562/2709 2862/1561/2708
f 2865/1564/2711 2863/1562/2709 2864/1563/2710
f 2864/1563/2710 2862/1561/2708 2866/1565/2712
f 2866/1565/2712 2867/1566/2713 2864/1563/2710
f 2866/1565/2712 2868/1567/2714 2867/1566/2713
f 2868/1567/2714 2869/1568/2715 2867/1566/2713
f 2868/1567/2714 2870/1569/2716 2869/1568/2715
f 2870/1569/2716 2871/1570/2717 2869/1568/2715
f 2872/1571/2718 2871/1570/2717 2870/1569/2716
f 2872/1571/2718 2873/1572/2719 2871/1570/2717
f 2874/1573/2720 2873/1572/2719 2872/1571/2718
f 2874/1573/2720 2875/1574/2721 2873/1572/2719
f 2876/1575/2722 2877/1576/2723 2878/1577/2724
f 2878/1577/2724 2879/1578/2725 2876/1575/2722
f 2879/1578/2725 2878/1577/2724 2880/1579/2726
f 2879/1578/2725 2880/1579/2726 2881/1580/2727
f 2876/1575/2722 2879/1578/2725 2882/1581/2728
f 2883/1582/2729 2876/1575/2722 2882/1581/2728
f 2882/1581/2728 2879/1578/2725 2884/1583/2730
f 2881/1580/2727 2885/1584/2731 2879/1578/2725
f 2881/1580/2727 2865/1564/2711 2885/1584/2731
f 2865/1564/2711 2864/1563/2710 2885/1584/2731
f 2864/1563/2710 2867/1566/2713 2885/1584/2731
f 2884/1583/2730 2879/1578/2725 2886/1585/2732
f 2886/1585/2732 2879/1578/2725 2885/1584/2731
f 2885/1584/2731 2867/1566/2713 2886/1585/2732
f 2887/1586/2733 2884/1583/2730 2886/1585/2732
f 2886/1585/2732 2867/1566/2713 2888/1587/2734
f 2867/1566/2713 2889/1588/2735 2888/1587/2734
f 2867/1566/2713 2869/1568/2715 2889/1588/2735
f 2889/1588/2735 2869/1568/2715 2890/1589/2736
f 2869/1568/2715 2871/1570/2717 2890/1589/2736
f 2890/1589/2736 2871/1570/2717 2873/1572/2719
f 2890/1589/2736 2873/1572/2719 2891/1590/2737
f 2873/1572/2719 2875/1574/2721 2891/1590/2737
f 2891/1590/2737 2875/1574/2721 2892/1591/2738
f 2893/1592/2739 2886/1585/2732 2888/1587/2734
f 2886/1585/2732 2893/1592/2739 2887/1586/2733
f 2888/1587/2734 2889/1588/2735 2894/1593/2740
f 2887/1586/2733 2893/1592/2739 2895/1594/2741
f 2893/1592/2739 2896/1595/2742 2895/1594/2741
f 2896/1595/2742 2894/1593/2743 2897/1596/2744
f 2895/1594/2741 2896/1595/2742 2897/1596/2744
f 2898/1597/2745 2894/1593/2740 2889/1588/2735
f 2894/1593/2743 2899/1598/2746 2897/1596/2744
f 2897/1596/2744 2899/1598/2746 2900/1599/2747
f 2899/1598/2746 2901/1600/2748 2900/1599/2747
f 2902/1601/2749 2898/1597/2745 2889/1588/2735
f 2901/1600/2748 2898/1597/2745 2902/1601/2749
f 2902/1601/2749 2889/1588/2735 2890/1589/2736
f 2890/1589/2736 2903/1602/2750 2902/1601/2749
f 2900/1599/2747 2901/1600/2748 2904/1603/2751
f 2904/1603/2751 2905/1604/2752 2900/1599/2747
f 2904/1603/2751 2906/1605/2753 2905/1604/2752
f 2890/1589/2736 2907/1606/2754 2903/1602/2750
f 2903/1602/2750 2907/1606/2754 2908/1607/2753
f 2905/1604/2752 2906/1605/2753 2909/1608/2755
f 2906/1605/2753 2910/1609/2756 2909/1608/2755
f 2891/1590/2737 2910/1609/2756 2890/1589/2736
f 2909/1608/2755 2910/1609/2756 2911/1610/2757
f 2891/1590/2737 2911/1610/2757 2910/1609/2756
f 2911/1610/2757 2891/1590/2737 2912/1611/2758
f 2913/1612/2759 2911/1610/2757 2912/1611/2758
f 2912/1611/2758 2891/1590/2737 2914/1613/2760
f 2891/1590/2737 2892/1591/2738 2914/1613/2760
f 2915/1614/2761 2913/1612/2759 2912/1611/2758
f 2892/1591/2738 2916/1615/8 2914/1613/2760
f 2914/1613/2760 2916/1615/8 2917/1616/2762
f 2918/1617/2763 2916/1615/8 2892/1591/2738
f 2916/1615/8 2918/1617/2763 2919/1618/2764
f 2919/1618/2764 2918/1617/2763 2920/1619/2765
f 2921/1620/2766 2909/1608/2755 2913/1612/2759
f 2915/1614/2761 2921/1620/2766 2913/1612/2759
f 2919/1618/2764 2920/1619/2765 2922/1621/2767
f 2920/1619/2765 2923/1622/2768 2922/1621/2767
f 2922/1621/2767 2924/1623/2769 2919/1618/2764
f 2919/1618/2764 2925/1624/2770 2917/1616/2771
f 2924/1623/2769 2925/1624/2770 2919/1618/2764
f 2925/1624/2770 2926/1625/2772 2917/1616/2771
f 2926/1625/2772 2927/1626/2773 2915/1614/2761
f 2927/1626/2773 2926/1625/2772 2925/1624/2770
f 2927/1626/2773 2921/1620/2766 2915/1614/2761
f 2925/1624/2770 2924/1623/2769 2928/1627/2774
f 2924/1623/2769 2929/1628/2775 2928/1627/2774
f 2929/1628/2775 2921/1620/2766 2928/1627/2774
f 2930/1629/2776 2909/1608/2755 2921/1620/2766
f 2921/1620/2766 2929/1628/2775 2930/1629/2776
f 2930/1629/2776 2929/1628/2775 2931/1630/2777
f 2932/1631/2778 2930/1629/2776 2931/1630/2777
f 2905/1604/2752 2909/1608/2755 2930/1629/2776
f 2930/1629/2776 2932/1631/2778 2905/1604/2752
f 2905/1604/2752 2932/1631/2778 2933/1632/2779
f 2933/1632/2779 2934/1633/2780 2905/1604/2752
f 2934/1633/2780 2900/1599/2747 2905/1604/2752
f 2900/1599/2747 2934/1633/2780 2935/1634/2781
f 2936/1635/2782 2900/1599/2747 2935/1634/2781
f 2936/1635/2782 2897/1596/2744 2900/1599/2747
f 2937/1636/2783 2897/1596/2744 2936/1635/2782
f 2936/1635/2782 2938/1637/2784 2937/1636/2783
f 2937/1636/2783 2938/1637/2784 2939/1638/2785
f 2940/1639/2786 2937/1636/2783 2939/1638/2785
f 2940/1639/2786 2941/1640/2787 2937/1636/2783
f 2942/1641/2788 2937/1636/2783 2941/1640/2787
f 2937/1636/2783 2942/1641/2788 2897/1596/2744
f 2943/1642/2789 2897/1596/2744 2942/1641/2788
f 2943/1642/2789 2942/1641/2788 2944/1643/2790
f 2895/1594/2741 2897/1596/2744 2943/1642/2789
f 2944/1643/2790 2945/1644/2791 2943/1642/2789
f 2943/1642/2789 2945/1644/2791 2895/1594/2741
f 2887/1586/2733 2895/1594/2741 2945/1644/2791
f 2887/1586/2733 2945/1644/2791 2946/1645/2792
f 2947/1646/2793 2887/1586/2733 2946/1645/2792
f 2946/1645/2792 2948/1647/2794 2947/1646/2793
f 2883/1582/2795 2947/1646/2793 2948/1647/2794
f 2946/1645/2792 2945/1644/2791 2949/1648/2796
f 2946/1645/2792 2949/1648/2796 2948/1647/2794
f 2949/1648/2796 2945/1644/2791 2950/1649/2797
f 2949/1648/2796 2950/1649/2797 2951/1650/2798
f 2948/1647/2794 2949/1648/2796 2951/1650/2798
f 2951/1650/2798 2952/1651/2799 2948/1647/2794
f 2953/1652/2800 2948/1647/2794 2952/1651/2799
f 2883/1582/2795 2948/1647/2794 2954/1653/2801
f 2954/1653/2801 2948/1647/2794 2953/1652/2800
f 2954/1653/2801 2955/1654/2802 2883/1582/2795
f 2954/1653/2801 2956/1655/1480 2955/1654/2802
f 2956/1655/1480 2954/1653/2801 2953/1652/2800
f 2957/1656/2803 2956/1655/1480 2953/1652/2800
f 2957/1656/2803 2958/1657/2804 2956/1655/1480
f 2959/1658/2805 2960/1659/2806 2961/1660/2807
f 2960/1659/2806 2959/1658/2805 2962/1661/2743
f 2963/1662/2730 2964/1663/2808 2965/1664/2809
f 2963/1662/2730 2966/1665/2810 2964/1663/2808
f 2967/1666/2811 2968/1667/2812 2969/1668/2729
f 2970/1669/2808 2968/1667/2812 2967/1666/2811
f 2971/1670/2733 2968/1667/2812 2970/1669/2808
f 2972/1671/2740 2973/1672/2813 2974/1673/2806
f 2973/1672/2813 2975/1674/2814 2974/1673/2806
f 2976/1675/2815 2977/1676/2740 2978/1677/2816
f 2976/1675/2815 2978/1677/2816 2979/1678/2817
f 2980/1679/2745 2981/1680/2818 2982/1681/2740
f 2980/1679/2745 2983/1682/2817 2981/1680/2818
f 2984/1683/2819 2985/1684/2749 2986/1685/2820
f 2986/1685/2820 2987/1686/2821 2984/1683/2819
f 2988/1687/2822 2989/1688/12 2990/1689/11
f 2991/1690/2759 2989/1688/12 2988/1687/2822
f 2992/1691/2823 2993/1692/2760 2994/1693/2824
f 2993/1692/2760 2995/1694/2762 2994/1693/2824
f 2996/1695/2722 2997/1696/2825 2998/1697/2826
f 2996/1695/2722 2999/1698/2827 2997/1696/2825
f 3000/1699/7 3001/1700/2828 3002/1701/2829
f 3003/1702/8 3002/1701/2829 3001/1700/2828
f 3004/1703/2830 3005/1704/2831 3006/1705/2773
f 3006/1705/2773 3005/1704/2831 3007/1706/2832
f 3008/1707/2833 3009/1708/2824 3010/1709/7
f 3009/1708/2824 3008/1707/2833 3011/1710/2834
f 3009/1708/2824 3011/1710/2834 3012/1711/2758
f 3013/1712/2748 3014/1713/2835 3015/1714/2836
f 3015/1714/2836 3016/1715/2837 3013/1712/2748
f 3017/1716/2753 3016/1715/2837 3015/1714/2836
f 3018/1717/2738 3019/1718/2838 3020/1719/2839
f 3020/1719/2839 3021/1720/2840 3018/1717/2738
f 3020/1719/2839 3022/1721/2841 3021/1720/2840
f 3021/1720/2840 3023/1722/2842 3018/1717/2738
f 3024/1723/2843 3018/1717/2738 3023/1722/2842
f 3023/1722/2842 3021/1720/2840 3025/1724/2844
f 3021/1720/2840 3022/1721/2841 3026/1725/2845
f 3022/1721/2841 3027/1726/2846 3026/1725/2845
f 3028/1727/2847 3021/1720/2840 3026/1725/2845
f 3029/1728/2848 3021/1720/2840 3028/1727/2847
f 3029/1728/2848 3025/1724/2844 3021/1720/2840
f 3030/1729/2849 3028/1727/2847 3026/1725/2845
f 3025/1724/2844 3029/1728/2848 3031/1730/2850
f 3031/1730/2850 3029/1728/2848 3032/1731/2851
f 3031/1730/2850 3033/1732/2852 3025/1724/2844
f 3025/1724/2844 3033/1732/2852 3034/1733/2853
f 3031/1730/2850 3035/1734/2854 3033/1732/2852
f 3034/1733/2853 3033/1732/2852 3036/1735/2768
f 3036/1735/2768 3037/1736/2855 3034/1733/2853
f 3034/1733/2853 3037/1736/2855 3024/1723/2843
f 3031/1730/2850 3038/1737/2856 3035/1734/2854
f 3032/1731/2851 3038/1737/2856 3031/1730/2850
f 3038/1737/2856 3032/1731/2851 3039/1738/2857
f 3032/1731/2851 3030/1729/2849 3039/1738/2857
f 3038/1737/2856 3039/1738/2857 3040/1739/2858
f 3041/1740/2859 3040/1739/2858 3039/1738/2857
f 3041/1740/2859 3039/1738/2857 3042/1741/2860
f 3043/1742/2861 3039/1738/2857 3030/1729/2849
f 3042/1741/2860 3039/1738/2857 3043/1742/2861
f 3030/1729/2849 3026/1725/2845 3043/1742/2861
f 3026/1725/2845 3044/1743/2862 3043/1742/2861
f 3026/1725/2845 3027/1726/2846 3044/1743/2862
f 3044/1743/2862 3027/1726/2846 3045/1744/2863
f 3027/1726/2846 3046/1745/2864 3045/1744/2863
f 3047/1746/2865 3044/1743/2862 3045/1744/2863
f 3044/1743/2862 3047/1746/2865 3048/1747/2866
f 3045/1744/2863 3046/1745/2864 3049/1748/2867
f 3049/1748/2867 3050/1749/2868 3045/1744/2863
f 3051/1750/2869 3050/1749/2868 3049/1748/2867
f 3049/1748/2867 3052/1751/2870 3051/1750/2869
f 3051/1750/2869 3052/1751/2870 3053/1752/2871
f 3054/1753/2872 3043/1742/2861 3044/1743/2862
f 3043/1742/2861 3054/1753/2872 3042/1741/2860
f 3044/1743/2862 3048/1747/2866 3054/1753/2872
f 3054/1753/2872 3055/1754/2873 3042/1741/2860
f 3055/1754/2873 3054/1753/2872 3048/1747/2866
f 3042/1741/2860 3055/1754/2873 3056/1755/2874
f 3056/1755/2874 3055/1754/2873 3057/1756/2875
f 3058/1757/2876 3057/1756/2875 3055/1754/2873
f 3059/1758/2877 3058/1757/2876 3055/1754/2873
f 3055/1754/2873 3048/1747/2866 3060/1759/2878
f 3059/1758/2877 3055/1754/2873 3060/1759/2878
f 3060/1759/2878 3061/1760/2879 3059/1758/2877
f 3060/1759/2878 3048/1747/2866 3047/1746/2865
f 3061/1760/2879 3060/1759/2878 3062/1761/2880
f 3062/1761/2880 3060/1759/2878 3047/1746/2865
f 3047/1746/2865 3063/1762/2881 3062/1761/2880
f 3062/1761/2880 3063/1762/2881 3064/1763/2882
f 3064/1763/2882 3063/1762/2881 3065/1764/2883
f 3063/1762/2881 3047/1746/2865 3065/1764/2883
f 3047/1746/2865 3066/1765/2884 3065/1764/2883
f 3066/1765/2884 3067/1766/2885 3065/1764/2883
f 3066/1765/2884 3068/1767/2886 3067/1766/2885
f 3047/1746/2865 3069/1768/2887 3066/1765/2884
f 3066/1765/2884 3069/1768/2887 3068/1767/2886
f 3069/1768/2887 3047/1746/2865 3045/1744/2863
f 3069/1768/2887 3070/1769/2888 3068/1767/2886
f 3045/1744/2863 3070/1769/2888 3069/1768/2887
f 3068/1767/2886 3070/1769/2888 3071/1770/2889
f 3045/1744/2863 3050/1749/2868 3070/1769/2888
f 3070/1769/2888 3072/1771/2890 3071/1770/2889
f 3070/1769/2888 3050/1749/2868 3072/1771/2890
f 3072/1771/2890 3050/1749/2868 3073/1772/2891
f 3072/1771/2890 3073/1772/2891 3074/1773/2892
f 3073/1772/2891 3075/1774/2893 3074/1773/2892
f 3076/1775/2894 3075/1774/2893 3073/1772/2891
f 3076/1775/2894 3073/1772/2891 3050/1749/2868
f 3077/1776/2895 3075/1774/2893 3076/1775/2894
f 3076/1775/2894 3078/1777/2896 3077/1776/2895
f 3076/1775/2894 3050/1749/2868 3079/1778/2897
f 3079/1778/2897 3078/1777/2896 3076/1775/2894
f 3078/1777/2896 3079/1778/2897 3080/1779/2898
f 3050/1749/2868 3051/1750/2869 3079/1778/2897
f 3079/1778/2897 3081/1780/2899 3080/1779/2898
f 3051/1750/2869 3081/1780/2899 3079/1778/2897
f 3081/1780/2899 3082/1781/2900 3080/1779/2898
f 3083/1782/2901 3082/1781/2900 3081/1780/2899
f 3084/1783/2902 3083/1782/2901 3081/1780/2899
f 3084/1783/2902 3081/1780/2899 3051/1750/2869
f 3085/1784/2903 3083/1782/2901 3084/1783/2902
f 3086/1785/2904 3084/1783/2902 3051/1750/2869
f 3053/1752/2871 3086/1785/2904 3051/1750/2869
f 3087/1786/2905 3085/1784/2903 3084/1783/2902
f 3086/1785/2904 3087/1786/2905 3084/1783/2902
f 3085/1784/2903 3087/1786/2905 3088/1787/2906
f 3088/1787/2906 3087/1786/2905 3086/1785/2904
f 3088/1787/2906 3089/1788/2907 3085/1784/2903
f 3088/1787/2906 3090/1789/2908 3089/1788/2907
f 3086/1785/2904 3053/1752/2871 3091/1790/2909
f 3086/1785/2904 3091/1790/2909 3088/1787/2906
f 3091/1790/2909 3090/1789/2908 3088/1787/2906
f 3053/1752/2871 3092/1791/2910 3091/1790/2909
f 3090/1789/2908 3091/1790/2909 3093/1792/2911
f 3092/1791/2910 3094/1793/2912 3091/1790/2909
f 3093/1792/2911 3091/1790/2909 3094/1793/2912
f 3095/1794/2913 3093/1792/2911 3094/1793/2912
f 3094/1793/2912 3096/1795/2914 3095/1794/2913
f 3095/1794/2913 3096/1795/2914 3097/1796/2915
f 3098/1797/2916 3099/1798/2917 3019/1718/2838
f 3099/1798/2917 3020/1719/2839 3019/1718/2838
f 3100/1799/2918 3020/1719/2839 3099/1798/2917
f 3100/1799/2918 3022/1721/2841 3020/1719/2839
f 3022/1721/2841 3100/1799/2918 3101/1800/2919
f 3101/1800/2919 3027/1726/2846 3022/1721/2841
f 3046/1745/2864 3027/1726/2846 3101/1800/2919
f 3101/1800/2919 3102/1801/2920 3046/1745/2864
f 3103/1802/2921 3046/1745/2864 3102/1801/2920
f 3103/1802/2921 3049/1748/2867 3046/1745/2864
f 3104/1803/2922 3049/1748/2867 3103/1802/2921
f 3104/1803/2922 3052/1751/2870 3049/1748/2867
f 3105/1804/2923 3052/1751/2870 3104/1803/2922
f 3052/1751/2870 3105/1804/2923 3053/1752/2871
f 3053/1752/2871 3105/1804/2923 3106/1805/2924
f 3106/1805/2924 3092/1791/2910 3053/1752/2871
f 3106/1805/2924 3107/1806/2925 3092/1791/2910
f 3107/1806/2925 3094/1793/2912 3092/1791/2910
f 3094/1793/2912 3107/1806/2925 3108/1807/2926
f 3108/1807/2926 3096/1795/2914 3094/1793/2912
f 3108/1807/2926 3097/1796/2915 3096/1795/2914
f 3109/1808/2927 3110/1809/2928 3111/1810/2843
f 3109/1808/2927 3112/1811/2929 3110/1809/2928
f 3113/1812/2842 3114/1813/2930 3115/1814/2843
f 3113/1812/2842 3116/1815/2931 3114/1813/2930
f 3117/1816/2932 3118/1817/2933 3119/1818/2848
f 3118/1817/2933 3117/1816/2932 3120/1819/2849
f 3121/1820/2851 3122/1821/2933 3123/1822/2934
f 3121/1820/2851 3124/1823/2935 3122/1821/2933
f 2862/1561/2708 2861/1560/2707 3125/1562/2936
f 3125/1562/2936 3126/1563/2937 2862/1561/2708
f 3125/1562/2936 3127/1564/2938 3126/1563/2937
f 2866/1565/2712 2862/1561/2708 3126/1563/2937
f 3126/1563/2937 3128/1566/2939 2866/1565/2712
f 3128/1566/2939 2868/1567/2714 2866/1565/2712
f 2868/1567/2714 3128/1566/2939 3129/1568/2940
f 2870/1569/2716 2868/1567/2714 3129/1568/2940
f 3130/1570/2941 2870/1569/2716 3129/1568/2940
f 2872/1571/2718 2870/1569/2716 3130/1570/2941
f 3130/1570/2941 3131/1572/2942 2872/1571/2718
f 2872/1571/2718 3131/1572/2942 2874/1573/2720
f 3132/1574/2943 2874/1573/2720 3131/1572/2942
f 3133/1576/2944 3134/1575/2945 3135/1577/2946
f 3136/1578/2947 3135/1577/2946 3134/1575/2945
f 3135/1577/2946 3136/1578/2947 3137/1579/2948
f 3138/1580/2949 3137/1579/2948 3136/1578/2947
f 3136/1578/2947 3134/1575/2945 3139/1581/2950
f 3134/1575/2945 3140/1582/2951 3139/1581/2950
f 3136/1578/2947 3139/1581/2950 3141/1583/2952
f 3142/1584/2953 3138/1580/2949 3136/1578/2947
f 3127/1564/2938 3138/1580/2949 3142/1584/2953
f 3126/1563/2937 3127/1564/2938 3142/1584/2953
f 3128/1566/2939 3126/1563/2937 3142/1584/2953
f 3136/1578/2947 3141/1583/2952 3143/1585/2954
f 3136/1578/2947 3143/1585/2954 3142/1584/2953
f 3128/1566/2939 3142/1584/2953 3143/1585/2954
f 3141/1583/2952 3144/1586/2955 3143/1585/2954
f 3128/1566/2939 3143/1585/2954 3145/1587/2956
f 3145/1587/2956 3146/1588/2957 3128/1566/2939
f 3146/1588/2957 3129/1568/2940 3128/1566/2939
f 3129/1568/2940 3146/1588/2957 3147/1589/2958
f 3130/1570/2941 3129/1568/2940 3147/1589/2958
f 3130/1570/2941 3147/1589/2958 3131/1572/2942
f 3148/1590/2959 3131/1572/2942 3147/1589/2958
f 3132/1574/2943 3131/1572/2942 3148/1590/2959
f 3148/1590/2959 3149/1591/2960 3132/1574/2943
f 3143/1585/2954 3150/1592/2961 3145/1587/2956
f 3150/1592/2961 3143/1585/2954 3144/1586/2955
f 3146/1588/2957 3145/1587/2956 3151/1593/2962
f 3152/1594/2963 3150/1592/2961 3144/1586/2955
f 3153/1595/2964 3150/1592/2961 3152/1594/2963
f 3151/1593/2965 3153/1595/2964 3154/1596/2966
f 3153/1595/2964 3152/1594/2963 3154/1596/2966
f 3151/1593/2962 3155/1597/2967 3146/1588/2957
f 3156/1598/2968 3151/1593/2965 3154/1596/2966
f 3156/1598/2968 3154/1596/2966 3157/1599/2969
f 3158/1600/2970 3156/1598/2968 3157/1599/2969
f 3155/1597/2967 3159/1601/2971 3146/1588/2957
f 3155/1597/2967 3158/1600/2972 3159/1601/2971
f 3146/1588/2957 3159/1601/2971 3147/1589/2958
f 3160/1602/2973 3147/1589/2958 3159/1601/2971
f 3161/1603/2974 3158/1600/2970 3157/1599/2969
f 3157/1599/2969 3162/1604/2975 3161/1603/2974
f 3163/1605/2976 3161/1603/2974 3162/1604/2975
f 3164/1606/2977 3147/1589/2958 3160/1602/2973
f 3164/1606/2977 3160/1602/2973 3165/1607/2978
f 3163/1605/2976 3162/1604/2975 3166/1608/2979
f 3167/1609/2980 3163/1605/2976 3166/1608/2979
f 3147/1589/2958 3167/1609/2980 3148/1590/2959
f 3167/1609/2980 3166/1608/2979 3168/1610/2981
f 3167/1609/2980 3168/1610/2981 3148/1590/2959
f 3148/1590/2959 3168/1610/2981 3169/1611/2982
f 3168/1610/2981 3170/1612/2983 3169/1611/2982
f 3148/1590/2959 3169/1611/2982 3171/1613/2984
f 3149/1591/2960 3148/1590/2959 3171/1613/2984
f 3170/1612/2983 3172/1614/2985 3169/1611/2982
f 3173/1615/2986 3149/1591/2960 3171/1613/2984
f 3173/1615/2986 3171/1613/2984 3174/1616/2987
f 3173/1615/2986 3175/1617/2988 3149/1591/2960
f 3175/1617/2988 3173/1615/2986 3176/1618/2989
f 3175/1617/2988 3176/1618/2989 3177/1619/2990
f 3166/1608/2979 3178/1620/2991 3170/1612/2983
f 3178/1620/2991 3172/1614/2985 3170/1612/2983
f 3177/1619/2990 3176/1618/2989 2922/1621/2767
f 2923/1622/2768 3177/1619/2990 2922/1621/2767
f 3176/1618/2989 2924/1623/2769 2922/1621/2767
f 3179/1624/2992 3176/1618/2989 3174/1616/2993
f 3176/1618/2989 3179/1624/2992 2924/1623/2769
f 3180/1625/2994 3179/1624/2992 3174/1616/2993
f 3181/1626/2995 3180/1625/2994 3172/1614/2985
f 3180/1625/2994 3181/1626/2995 3179/1624/2992
f 3178/1620/2991 3181/1626/2995 3172/1614/2985
f 2924/1623/2769 3179/1624/2992 3182/1627/2996
f 2929/1628/2775 2924/1623/2769 3182/1627/2996
f 3178/1620/2991 2929/1628/2775 3182/1627/2996
f 3166/1608/2979 3183/1629/2997 3178/1620/2991
f 2929/1628/2775 3178/1620/2991 3183/1629/2997
f 2929/1628/2775 3183/1629/2997 2931/1630/2777
f 3183/1629/2997 2932/1631/2778 2931/1630/2777
f 3166/1608/2979 3162/1604/2975 3183/1629/2997
f 2932/1631/2778 3183/1629/2997 3162/1604/2975
f 2932/1631/2778 3162/1604/2975 2933/1632/2779
f 2934/1633/2780 2933/1632/2779 3162/1604/2975
f 3157/1599/2969 2934/1633/2780 3162/1604/2975
f 2934/1633/2780 3157/1599/2969 2935/1634/2781
f 3157/1599/2969 2936/1635/2782 2935/1634/2781
f 3154/1596/2966 2936/1635/2782 3157/1599/2969
f 2936/1635/2782 3154/1596/2966 3184/1636/2998
f 3184/1636/2998 2938/1637/2784 2936/1635/2782
f 2938/1637/2784 3184/1636/2998 2939/1638/2785
f 3184/1636/2998 2940/1639/2786 2939/1638/2785
f 2941/1640/2787 2940/1639/2786 3184/1636/2998
f 3184/1636/2998 2942/1641/2788 2941/1640/2787
f 2942/1641/2788 3184/1636/2998 3154/1596/2966
f 3154/1596/2966 3185/1642/2999 2942/1641/2788
f 2942/1641/2788 3185/1642/2999 2944/1643/2790
f 3154/1596/2966 3152/1594/2963 3185/1642/2999
f 2945/1644/2791 2944/1643/2790 3185/1642/2999
f 2945/1644/2791 3185/1642/2999 3152/1594/2963
f 2945/1644/2791 3152/1594/2963 3144/1586/2955
f 2945/1644/2791 3144/1586/2955 3186/1645/3000
f 3144/1586/2955 3187/1646/3001 3186/1645/3000
f 3188/1647/3002 3186/1645/3000 3187/1646/3001
f 3187/1646/3001 3140/1582/3003 3188/1647/3002
f 2945/1644/2791 3186/1645/3000 3189/1648/3004
f 3189/1648/3004 3186/1645/3000 3188/1647/3002
f 2945/1644/2791 3189/1648/3004 2950/1649/2797
f 2950/1649/2797 3189/1648/3004 2951/1650/2798
f 3189/1648/3004 3188/1647/3002 2951/1650/2798
f 2952/1651/2799 2951/1650/2798 3188/1647/3002
f 3188/1647/3002 2953/1652/2800 2952/1651/2799
f 3188/1647/3002 3140/1582/3003 3190/1653/3005
f 3188/1647/3002 3190/1653/3005 2953/1652/2800
f 3191/1654/3006 3190/1653/3005 3140/1582/3003
f 3192/1655/2698 3190/1653/3005 3191/1654/3006
f 3190/1653/3005 3192/1655/2698 2953/1652/2800
f 3192/1655/2698 2957/1656/2803 2953/1652/2800
f 3193/1657/3007 2957/1656/2803 3192/1655/2698
f 3194/1659/3008 3195/1658/3009 3196/1660/3010
f 3195/1658/3009 3194/1659/3008 3197/1661/2962
f 3198/1663/3011 3199/1662/2952 3200/1664/3012
f 3201/1665/3013 3199/1662/2952 3198/1663/3011
f 3202/1667/3014 3203/1666/3012 3204/1668/2951
f 3202/1667/3014 3205/1669/3011 3203/1666/3012
f 3202/1667/3014 3206/1670/3015 3205/1669/3011
f 3207/1672/2964 3208/1671/3016 3209/1673/3017
f 3210/1674/3018 3207/1672/2964 3209/1673/3017
f 3211/1676/2962 3212/1675/3019 3213/1677/3020
f 3213/1677/3020 3212/1675/3019 3214/1678/3021
f 3215/1680/3022 3216/1679/2967 3217/1681/3016
f 3218/1682/2970 3216/1679/2967 3215/1680/3022
f 3219/1684/2971 3220/1683/3023 3221/1685/3024
f 3222/1686/2978 3221/1685/3024 3220/1683/3023
f 3223/1688/3025 3224/1687/3026 3225/1689/2979
f 3223/1688/3025 3226/1690/2983 3224/1687/3026
f 3227/1692/2984 3228/1691/3027 3229/1693/3028
f 3230/1694/3029 3227/1692/2984 3229/1693/3028
f 3231/1696/3030 3232/1695/2945 3233/1697/3031
f 3234/1698/2951 3232/1695/2945 3231/1696/3030
f 3235/1700/15 3236/1699/3029 3237/1701/3032
f 3237/1701/3032 3238/1702/3033 3235/1700/15
f 3239/1704/3034 3240/1703/2992 3241/1705/2995
f 3239/1704/3034 3241/1705/2995 3242/1706/3035
f 3243/1708/3028 3244/1707/2994 3245/1709/3029
f 3246/1710/3036 3244/1707/2994 3243/1708/3028
f 3247/1711/2982 3246/1710/3036 3243/1708/3028
f 3248/1713/3037 3249/1712/3038 3250/1714/3039
f 3251/1715/3040 3250/1714/3039 3249/1712/3038
f 3251/1715/3040 3252/1716/2978 3250/1714/3039
f 3253/1718/3041 3254/1717/2960 3255/1719/3042
f 3256/1720/3043 3255/1719/3042 3254/1717/2960
f 3257/1721/3044 3255/1719/3042 3256/1720/3043
f 3258/1722/3045 3256/1720/3043 3254/1717/2960
f 3254/1717/2960 3259/1723/3046 3258/1722/3045
f 3256/1720/3043 3258/1722/3045 3260/1724/3047
f 3256/1720/3043 3261/1725/3048 3257/1721/3044
f 3262/1726/3049 3257/1721/3044 3261/1725/3048
f 3256/1720/3043 3263/1727/3050 3261/1725/3048
f 3256/1720/3043 3264/1728/3051 3263/1727/3050
f 3260/1724/3047 3264/1728/3051 3256/1720/3043
f 3263/1727/3050 3265/1729/3052 3261/1725/3048
f 3264/1728/3051 3260/1724/3047 3266/1730/3053
f 3267/1731/3054 3264/1728/3051 3266/1730/3053
f 3266/1730/3053 3260/1724/3047 3033/1732/2852
f 3268/1733/3055 3033/1732/2852 3260/1724/3047
f 3035/1734/2854 3266/1730/3053 3033/1732/2852
f 3036/1735/2768 3033/1732/2852 3268/1733/3055
f 3268/1733/3055 3269/1736/3056 3036/1735/2768
f 3269/1736/3056 3268/1733/3055 3259/1723/3046
f 3038/1737/2856 3266/1730/3053 3035/1734/2854
f 3266/1730/3053 3038/1737/2856 3267/1731/3054
f 3267/1731/3054 3038/1737/2856 3270/1738/3057
f 3265/1729/3052 3267/1731/3054 3270/1738/3057
f 3270/1738/3057 3038/1737/2856 3040/1739/2858
f 3040/1739/2858 3041/1740/2859 3270/1738/3057
f 3270/1738/3057 3041/1740/2859 3042/1741/2860
f 3270/1738/3057 3271/1742/3058 3265/1729/3052
f 3271/1742/3058 3270/1738/3057 3042/1741/2860
f 3261/1725/3048 3265/1729/3052 3271/1742/3058
f 3272/1743/3059 3261/1725/3048 3271/1742/3058
f 3262/1726/3049 3261/1725/3048 3272/1743/3059
f 3262/1726/3049 3272/1743/3059 3273/1744/3060
f 3273/1744/3060 3274/1745/3061 3262/1726/3049
f 3272/1743/3059 3275/1746/3062 3273/1744/3060
f 3275/1746/3062 3272/1743/3059 3276/1747/3063
f 3277/1748/3064 3274/1745/3061 3273/1744/3060
f 3273/1744/3060 3278/1749/3065 3277/1748/3064
f 3277/1748/3064 3278/1749/3065 3279/1750/3066
f 3279/1750/3066 3280/1751/3067 3277/1748/3064
f 3281/1752/3068 3280/1751/3067 3279/1750/3066
f 3271/1742/3058 3282/1753/3069 3272/1743/3059
f 3282/1753/3069 3276/1747/3063 3272/1743/3059
f 3282/1753/3069 3283/1754/3070 3276/1747/3063
f 3042/1741/2860 3282/1753/3069 3271/1742/3058
f 3283/1754/3070 3282/1753/3069 3042/1741/2860
f 3283/1754/3070 3042/1741/2860 3056/1755/2874
f 3283/1754/3070 3056/1755/2874 3057/1756/2875
f 3057/1756/2875 3058/1757/2876 3283/1754/3070
f 3058/1757/2876 3059/1758/2877 3283/1754/3070
f 3276/1747/3063 3283/1754/3070 3284/1759/3071
f 3283/1754/3070 3059/1758/2877 3284/1759/3071
f 3061/1760/2879 3284/1759/3071 3059/1758/2877
f 3276/1747/3063 3284/1759/3071 3275/1746/3062
f 3284/1759/3071 3061/1760/2879 3062/1761/2880
f 3284/1759/3071 3062/1761/2880 3275/1746/3062
f 3285/1762/3072 3275/1746/3062 3062/1761/2880
f 3285/1762/3072 3062/1761/2880 3064/1763/2882
f 3285/1762/3072 3064/1763/2882 3065/1764/2883
f 3275/1746/3062 3285/1762/3072 3065/1764/2883
f 3286/1765/3073 3275/1746/3062 3065/1764/2883
f 3067/1766/2885 3286/1765/3073 3065/1764/2883
f 3068/1767/2886 3286/1765/3073 3067/1766/2885
f 3287/1768/3074 3275/1746/3062 3286/1765/3073
f 3287/1768/3074 3286/1765/3073 3068/1767/2886
f 3275/1746/3062 3287/1768/3074 3273/1744/3060
f 3288/1769/3075 3287/1768/3074 3068/1767/2886
f 3288/1769/3075 3273/1744/3060 3287/1768/3074
f 3288/1769/3075 3068/1767/2886 3071/1770/2889
f 3278/1749/3065 3273/1744/3060 3288/1769/3075
f 3072/1771/2890 3288/1769/3075 3071/1770/2889
f 3278/1749/3065 3288/1769/3075 3072/1771/2890
f 3278/1749/3065 3072/1771/2890 3289/1772/3076
f 3289/1772/3076 3072/1771/2890 3074/1773/2892
f 3075/1774/2893 3289/1772/3076 3074/1773/2892
f 3075/1774/2893 3290/1775/3077 3289/1772/3076
f 3289/1772/3076 3290/1775/3077 3278/1749/3065
f 3075/1774/2893 3077/1776/2895 3290/1775/3077
f 3078/1777/2896 3290/1775/3077 3077/1776/2895
f 3278/1749/3065 3290/1775/3077 3291/1778/3078
f 3078/1777/2896 3291/1778/3078 3290/1775/3077
f 3291/1778/3078 3078/1777/2896 3080/1779/2898
f 3279/1750/3066 3278/1749/3065 3291/1778/3078
f 3292/1780/3079 3291/1778/3078 3080/1779/2898
f 3292/1780/3079 3279/1750/3066 3291/1778/3078
f 3082/1781/2900 3292/1780/3079 3080/1779/2898
f 3082/1781/2900 3083/1782/2901 3292/1780/3079
f 3083/1782/2901 3293/1783/3080 3292/1780/3079
f 3292/1780/3079 3293/1783/3080 3279/1750/3066
f 3083/1782/2901 3085/1784/2903 3293/1783/3080
f 3293/1783/3080 3294/1785/3081 3279/1750/3066
f 3279/1750/3066 3294/1785/3081 3281/1752/3068
f 3085/1784/2903 3295/1786/3082 3293/1783/3080
f 3295/1786/3082 3294/1785/3081 3293/1783/3080
f 3295/1786/3082 3085/1784/2903 3296/1787/3083
f 3295/1786/3082 3296/1787/3083 3294/1785/3081
f 3089/1788/2907 3296/1787/3083 3085/1784/2903
f 3090/1789/2908 3296/1787/3083 3089/1788/2907
f 3297/1790/3084 3281/1752/3068 3294/1785/3081
f 3297/1790/3084 3294/1785/3081 3296/1787/3083
f 3090/1789/2908 3297/1790/3084 3296/1787/3083
f 3281/1752/3068 3297/1790/3084 3298/1791/3085
f 3297/1790/3084 3090/1789/2908 3093/1792/2911
f 3299/1793/3086 3298/1791/3085 3297/1790/3084
f 3297/1790/3084 3093/1792/2911 3299/1793/3086
f 3299/1793/3086 3093/1792/2911 3095/1794/2913
f 3095/1794/2913 3300/1795/3087 3299/1793/3086
f 3300/1795/3087 3095/1794/2913 3097/1796/2915
f 3099/1798/2917 3098/1797/2916 3253/1718/3041
f 3253/1718/3041 3255/1719/3042 3099/1798/2917
f 3100/1799/2918 3099/1798/2917 3255/1719/3042
f 3255/1719/3042 3257/1721/3044 3100/1799/2918
f 3101/1800/2919 3100/1799/2918 3257/1721/3044
f 3257/1721/3044 3262/1726/3049 3101/1800/2919
f 3101/1800/2919 3262/1726/3049 3274/1745/3061
f 3274/1745/3061 3102/1801/2920 3101/1800/2919
f 3103/1802/2921 3102/1801/2920 3274/1745/3061
f 3274/1745/3061 3277/1748/3064 3103/1802/2921
f 3104/1803/2922 3103/1802/2921 3277/1748/3064
f 3277/1748/3064 3280/1751/3067 3104/1803/2922
f 3105/1804/2923 3104/1803/2922 3280/1751/3067
f 3281/1752/3068 3105/1804/2923 3280/1751/3067
f 3106/1805/2924 3105/1804/2923 3281/1752/3068
f 3298/1791/3085 3106/1805/2924 3281/1752/3068
f 3107/1806/2925 3106/1805/2924 3298/1791/3085
f 3299/1793/3086 3107/1806/2925 3298/1791/3085
f 3108/1807/2926 3107/1806/2925 3299/1793/3086
f 3300/1795/3087 3108/1807/2926 3299/1793/3086
f 3097/1796/2915 3108/1807/2926 3300/1795/3087
f 3301/1809/3088 3302/1808/3089 3303/1810/3046
f 3304/1811/3047 3302/1808/3089 3301/1809/3088
f 3305/1813/3090 3306/1812/3091 3307/1814/2988
f 3308/1815/3047 3306/1812/3091 3305/1813/3090
f 3309/1817/3092 3310/1816/3093 3311/1818/3094
f 3310/1816/3093 3309/1817/3092 3312/1819/3095
f 3313/1821/3096 3314/1820/3097 3315/1822/3052
f 3316/1823/3098 3314/1820/3097 3313/1821/3096
f 3317/1824/3099 3318/1825/3100 3319/1826/3101
f 3319/1826/3101 3318/1825/3100 3320/1827/3102
f 3321/1828/3103 3319/1826/3101 3320/1827/3102
f 3320/1827/3102 3322/1829/3104 3321/1828/3103
f 3322/1829/3104 3320/1827/3102 3323/1830/3105
f 3324/1831/3106 3322/1829/3104 3323/1830/3105
f 3323/1830/3105 3325/1832/3107 3324/1831/3106
f 3323/1830/3105 3326/1833/3108 3325/1832/3107
f 3318/1825/3100 3327/1834/3109 3320/1827/3102
f 3326/1833/3108 3323/1830/3105 3328/1835/3110
f 3327/1834/3109 3329/1836/3111 3320/1827/3102
f 3323/1830/3105 3320/1827/3102 3329/1836/3111
f 3330/1837/3112 3328/1835/3110 3323/1830/3105
f 3329/1836/3111 3330/1837/3112 3323/1830/3105
f 3330/1837/3112 3331/1838/3113 3328/1835/3110
f 3332/1839/3114 3331/1838/3113 3330/1837/3112
f 3329/1836/3111 3332/1839/3114 3330/1837/3112
f 3327/1834/3109 3333/1840/3115 3329/1836/3111
f 3332/1839/3114 3329/1836/3111 3333/1840/3115
f 3334/1841/3116 3333/1840/3115 3327/1834/3109
f 3333/1840/3115 3335/1842/3117 3332/1839/3114
f 3336/1843/3118 3333/1840/3115 3334/1841/3116
f 3336/1843/3118 3335/1842/3117 3333/1840/3115
f 3337/1844/3100 3338/1845/3099 3339/1846/3119
f 3339/1846/3119 3340/1847/3120 3337/1844/3100
f 3340/1847/3120 3339/1846/3119 3341/1848/3107
f 3341/1848/3107 3342/1849/3121 3340/1847/3120
f 3343/1850/3122 3337/1844/3100 3340/1847/3120
f 3344/1851/3123 3340/1847/3120 3342/1849/3121
f 3340/1847/3120 3344/1851/3123 3343/1850/3122
f 3342/1849/3121 3345/1852/3110 3344/1851/3123
f 3346/1853/3114 3344/1851/3123 3345/1852/3110
f 3347/1854/3124 3346/1853/3114 3345/1852/3110
f 3348/1855/3125 3344/1851/3123 3346/1853/3114
f 3344/1851/3123 3349/1856/3126 3343/1850/3122
f 3344/1851/3123 3348/1855/3125 3349/1856/3126
f 3349/1856/3126 3350/1857/3127 3343/1850/3122
f 3348/1855/3125 3351/1858/3128 3349/1856/3126
f 3351/1858/3128 3350/1857/3127 3349/1856/3126
f 3352/1859/3103 3353/1860/3129 3354/1861/3130
f 3354/1861/3130 3353/1860/3129 3355/1862/3131
f 3356/1863/3106 3355/1862/3131 3353/1860/3129
f 3357/1864/3132 3355/1862/3131 3356/1863/3106
f 3358/1865/3133 3357/1864/3132 3356/1863/3106
f 3359/1866/3134 3357/1864/3132 3358/1865/3133
f 3356/1863/3106 3360/1867/3135 3358/1865/3133
f 3360/1867/3135 3356/1863/3106 3361/1868/3136
f 3356/1863/3106 3362/1869/3107 3361/1868/3136
f 3360/1867/3135 3363/1870/3137 3358/1865/3133
f 3364/1871/3138 3363/1870/3137 3360/1867/3135
f 3363/1870/3137 3364/1871/3138 3365/1872/3139
f 3365/1872/3139 3364/1871/3138 3366/1873/23
f 3364/1871/3138 3367/1874/3140 3366/1873/23
f 3363/1870/3137 3365/1872/3139 3368/1875/3141
f 3369/1876/3142 3363/1870/3137 3368/1875/3141
f 3363/1870/3137 3369/1876/3142 3358/1865/3133
f 3358/1865/3133 3369/1876/3142 3370/1877/3143
f 3371/1878/3144 3358/1865/3133 3370/1877/3143
f 3358/1865/3133 3371/1878/3144 3359/1866/3134
f 3372/1879/3145 3371/1878/3144 3370/1877/3143
f 3373/1880/3146 3371/1878/3144 3372/1879/3145
f 3374/1881/3147 3371/1878/3144 3373/1880/3146
f 3374/1881/3147 3373/1880/3146 3375/1882/3148
f 3374/1881/3147 3376/1883/3149 3371/1878/3144
f 3376/1883/3149 3359/1866/3134 3371/1878/3144
f 3359/1866/3134 3376/1883/3149 3377/1884/3150
f 3377/1884/3150 3376/1883/3149 3378/1885/3151
f 3379/1886/3152 3380/1887/3153 3381/1888/3154
f 3381/1888/3154 3380/1887/3153 3382/1889/3155
f 3381/1888/3154 3382/1889/3155 3383/1890/3156
f 3384/1891/3157 3383/1890/3156 3382/1889/3155
f 24/15/24 3384/1891/3157 3382/1889/3155
f 3385/1892/3158 3383/1890/3156 3384/1891/3157
f 3383/1890/3156 3385/1892/3158 3386/1893/3159
f 3387/1894/3160 3384/1891/3157 24/15/24
f 3385/1892/3158 3384/1891/3157 3387/1894/3160
f 23/14/23 3387/1894/3160 24/15/24
f 3385/1892/3158 3388/1895/3161 3386/1893/3159
f 3389/1896/3162 3386/1893/3159 3388/1895/3161
f 3388/1895/3161 3390/1897/3163 3389/1896/3162
f 3391/1898/3164 3389/1896/3162 3390/1897/3163
f 3392/1899/3165 3391/1898/3164 3390/1897/3163
f 3393/1900/3166 3392/1899/3165 3390/1897/3163
f 3390/1897/3163 3388/1895/3161 3393/1900/3166
f 3388/1895/3161 3394/1901/3167 3393/1900/3166
f 3394/1901/3167 3388/1895/3161 3385/1892/3158
f 3395/1902/3168 3393/1900/3166 3394/1901/3167
f 3396/1903/3169 3395/1902/3168 3394/1901/3167
f 3396/1903/3169 3394/1901/3167 3397/1904/3170
f 3394/1901/3167 3385/1892/3158 3397/1904/3170
f 3397/1904/3170 3385/1892/3158 3387/1894/3160
f 3398/1905/3171 3397/1904/3170 3387/1894/3160
f 3399/1906/3172 3398/1905/3171 3387/1894/3160
f 3399/1906/3172 3387/1894/3160 3400/1907/3173
f 3401/1908/3174 3402/1909/3175 3403/1910/3176
f 3401/1908/3174 3403/1910/3176 3404/1911/3177
f 3403/1910/3176 3405/1912/3178 3404/1911/3177
f 3405/1912/3178 3406/1913/3179 3404/1911/3177
f 3406/1913/3179 3407/1914/3180 3404/1911/3177
f 3407/1914/3180 3406/1913/3179 3408/1915/3181
f 3408/1915/3181 3409/1916/3182 3407/1914/3180
f 3410/1917/3183 3409/1916/3182 3408/1915/3181
f 3410/1917/3183 3408/1915/3181 3411/1918/3184
f 3412/1919/3103 3410/1917/3183 3411/1918/3184
f 3411/1918/3184 3408/1915/3181 3413/1920/3185
f 3408/1915/3181 3414/1921/3186 3413/1920/3185
f 3406/1913/3179 3414/1921/3186 3408/1915/3181
f 3415/1922/3187 3414/1921/3186 3406/1913/3179
f 3415/1922/3187 3406/1913/3179 3416/1923/3188
f 3416/1923/3188 3406/1913/3179 3405/1912/3178
f 3417/1924/24 3415/1922/3187 3416/1923/3188
f 3417/1924/24 3416/1923/3188 3418/1925/3189
f 3418/1925/3189 3419/1926/3139 3417/1924/24
f 3420/1927/3190 3419/1926/3139 3418/1925/3189
f 3418/1925/3189 3421/1928/3191 3420/1927/3190
f 3418/1925/3189 3416/1923/3188 3421/1928/3191
f 3421/1928/3191 3416/1923/3188 3422/1929/3143
f 3416/1923/3188 3405/1912/3178 3422/1929/3143
f 3405/1912/3178 3423/1930/3192 3422/1929/3143
f 3424/1931/3193 3423/1930/3192 3405/1912/3178
f 3425/1932/3146 3423/1930/3192 3424/1931/3193
f 3425/1932/3146 3424/1931/3193 3426/1933/3194
f 3427/1934/3195 3426/1933/3194 3424/1931/3193
f 3427/1934/3195 3424/1931/3193 3405/1912/3178
f 3403/1910/3176 3427/1934/3195 3405/1912/3178
f 3428/1935/3196 3427/1934/3195 3403/1910/3176
f 3428/1935/3196 3403/1910/3176 3429/1936/3197
f 3430/1937/3198 3431/1938/3199 3432/1939/3200
f 3433/1940/3201 3431/1938/3199 3430/1937/3198
f 3434/1941/3202 3431/1938/3199 3433/1940/3201
f 3435/1942/3203 3431/1938/3199 3434/1941/3202
f 3435/1942/3203 3434/1941/3202 3436/1943/3171
f 3434/1941/3202 3433/1940/3201 3437/1944/3159
f 3438/1945/3204 3436/1943/3171 3434/1941/3202
f 3437/1944/3159 21/12/21 3434/1941/3202
f 3438/1945/3204 3434/1941/3202 21/12/21
f 21/12/21 3439/1946/3205 3438/1945/3204
f 20/11/20 3439/1946/3205 21/12/21
f 21/12/21 3437/1944/3159 3440/1947/3206
f 3440/1947/3206 3441/1948/3207 21/12/21
f 19/10/19 21/12/21 3441/1948/3207
f 3440/1947/3206 3442/1949/3164 3441/1948/3207
f 3441/1948/3207 3443/1950/3208 19/10/19
f 3442/1949/3164 3443/1950/3208 3441/1948/3207
f 3444/1951/3209 3445/1952/3210 3446/1953/3211
f 3446/1953/3211 3445/1952/3210 3447/1954/3212
f 3447/1954/3212 3448/1955/3213 3446/1953/3211
f 3449/1956/3214 3448/1955/3213 3447/1954/3212
f 3447/1954/3212 3450/1957/3215 3449/1956/3214
f 3447/1954/3212 3445/1952/3210 3451/1958/3216
f 3451/1958/3216 3450/1957/3215 3447/1954/3212
f 3451/1958/3216 3445/1952/3210 3452/1959/3217
f 3453/1960/3218 3450/1957/3215 3451/1958/3216
f 3452/1959/3217 3453/1960/3218 3451/1958/3216
f 3454/1961/23 3455/1962/3219 3456/1963/3220
f 3455/1962/3219 3457/1964/3221 3456/1963/3220
f 3457/1964/3221 3458/1965/3171 3456/1963/3220
f 3459/1966/3222 3457/1964/3221 3455/1962/3219
f 3460/1967/3223 3457/1964/3221 3459/1966/3222
f 3461/1968/3224 3457/1964/3221 3460/1967/3223
f 3458/1965/3171 3457/1964/3221 3462/1969/3225
f 3463/1970/3226 3457/1964/3221 3461/1968/3224
f 3462/1969/3225 3457/1964/3221 3463/1970/3226
f 3464/1971/3227 3462/1969/3225 3463/1970/3226
f 3463/1970/3226 3465/1972/3228 3464/1971/3227
f 3466/1973/3229 3464/1971/3227 3465/1972/3228
f 3467/1974/3230 3468/1975/3231 3469/1976/3232
f 3468/1975/3231 3470/1977/3233 3469/1976/3232
f 3469/1976/3232 3470/1977/3233 3471/1978/3234
f 3470/1977/3233 3468/1975/3231 3472/1979/3235
f 3473/1980/3224 3470/1977/3233 3472/1979/3235
f 3472/1979/3235 3468/1975/3231 3474/1981/3236
f 3472/1979/3235 3474/1981/3236 3475/1982/3228
f 3476/1983/3237 3477/1984/3238 3478/1985/3239
f 3476/1983/3237 3478/1985/3239 3479/1986/3240
f 3478/1985/3239 3480/1987/3241 3479/1986/3240
f 3481/1988/3242 3480/1987/3241 3478/1985/3239
f 3479/1986/3240 3480/1987/3241 3482/1989/3243
f 3479/1986/3240 3482/1989/3243 3483/1990/3244
f 3476/1983/3237 3479/1986/3240 3484/1991/3245
f 3483/1990/3244 3484/1991/3245 3479/1986/3240
f 3485/1992/3246 3476/1983/3237 3484/1991/3245
f 3485/1992/3246 3484/1991/3245 3483/1990/3244
f 3486/1993/3247 3487/1994/3248 3488/1995/3249
f 3488/1995/3249 3487/1994/3248 3489/1996/3250
f 3487/1994/3248 3490/1997/3251 3489/1996/3250
f 3489/1996/3250 3491/1998/3252 3488/1995/3249
f 3489/1996/3250 3490/1997/3251 3492/1999/3253
f 3493/2000/3254 3491/1998/3252 3489/1996/3250
f 3493/2000/3254 3494/2001/3244 3491/1998/3252
f 3495/2002/3246 3494/2001/3244 3493/2000/3254
f 3495/2002/3246 3493/2000/3254 3496/2003/3255
f 3493/2000/3254 3489/1996/3250 3496/2003/3255
f 3492/1999/3253 3496/2003/3255 3489/1996/3250
f 3497/2004/3256 3496/2003/3255 3492/1999/3253
f 3498/2005/3257 3499/2006/3258 3500/2007/3259
f 3500/2007/3259 3499/2006/3258 3501/2008/3260
f 3499/2006/3258 3502/2009/3261 3501/2008/3260
f 3503/2010/3262 3501/2008/3260 3502/2009/3261
f 3500/2007/3259 3501/2008/3260 3504/2011/3263
f 3501/2008/3260 3503/2010/3262 3505/2012/3264
f 3504/2011/3263 3501/2008/3260 3506/2013/3265
f 3504/2011/3263 3506/2013/3265 3507/2014/3266
f 3507/2014/3266 3506/2013/3265 3508/2015/3267
f 3506/2013/3265 3509/2016/3268 3508/2015/3267
f 3501/2008/3260 3505/2012/3264 3510/2017/3269
f 3510/2017/3269 3506/2013/3265 3501/2008/3260
f 3510/2017/3269 3509/2016/3268 3506/2013/3265
f 3511/2018/3270 3510/2017/3269 3505/2012/3264
f 3510/2017/3269 3512/2019/3271 3509/2016/3268
f 3512/2019/3271 3510/2017/3269 3511/2018/3270
f 3511/2018/3270 3513/2020/3272 3512/2019/3271
f 3514/2021/3273 3513/2020/3272 3511/2018/3270
f 3512/2019/3271 3515/2022/3274 3509/2016/3268
f 3513/2020/3272 3514/2021/3273 3516/2023/3275
f 3517/2024/3276 3515/2022/3274 3512/2019/3271
f 3517/2024/3276 3518/2025/3277 3515/2022/3274
f 3517/2024/3276 3519/2026/3278 3518/2025/3277
f 3519/2026/3278 3517/2024/3276 3520/2027/3279
f 3520/2027/3279 3517/2024/3276 3512/2019/3271
f 3520/2027/3279 3512/2019/3271 3513/2020/3272
f 3513/2020/3272 3521/2028/3280 3520/2027/3279
f 3522/2029/3281 3521/2028/3280 3513/2020/3272
f 3516/2023/3275 3523/2030/3282 3513/2020/3272
f 3513/2020/3272 3523/2030/3282 3522/2029/3281
f 3524/2031/3283 3523/2030/3282 3516/2023/3275
f 3524/2031/3283 3522/2029/3281 3523/2030/3282
f 3525/2032/3257 3526/2033/3284 3527/2034/3285
f 3526/2033/3284 3528/2035/3286 3527/2034/3285
f 3527/2034/3285 3528/2035/3286 3529/2036/3261
f 3528/2035/3286 3526/2033/3284 3530/2037/3287
f 3528/2035/3286 3530/2037/3287 3531/2038/3288
f 3531/2038/3288 3530/2037/3287 3532/2039/3289
f 3528/2035/3286 3533/2040/3290 3529/2036/3261
f 3533/2040/3290 3528/2035/3286 3531/2038/3288
f 3531/2038/3288 3532/2039/3289 3534/2041/3291
f 3535/2042/3292 3533/2040/3290 3531/2038/3288
f 3536/2043/3268 3531/2038/3288 3534/2041/3291
f 3531/2038/3288 3536/2043/3268 3537/2044/3293
f 3538/2045/3294 3535/2042/3292 3531/2038/3288
f 3531/2038/3288 3537/2044/3293 3538/2045/3294
f 3537/2044/3293 3536/2043/3268 3539/2046/3274
f 3540/2047/3295 3538/2045/3294 3537/2044/3293
f 3537/2044/3293 3539/2046/3274 3541/2048/3296
f 3542/2049/3297 3541/2048/3296 3539/2046/3274
f 3543/2050/3298 3541/2048/3296 3542/2049/3297
f 3544/2051/3279 3541/2048/3296 3543/2050/3298
f 3544/2051/3279 3537/2044/3293 3541/2048/3296
f 3537/2044/3293 3545/2052/3299 3540/2047/3295
f 3545/2052/3299 3537/2044/3293 3544/2051/3279
f 3546/2053/3300 3540/2047/3295 3545/2052/3299
f 3547/2054/3301 3545/2052/3299 3544/2051/3279
f 3545/2052/3299 3548/2055/3302 3546/2053/3300
f 3548/2055/3302 3545/2052/3299 3547/2054/3301
f 3548/2055/3302 3549/2056/3303 3546/2053/3300
f 3547/2054/3301 3550/2057/3304 3548/2055/3302
f 3550/2057/3304 3549/2056/3303 3548/2055/3302
f 3551/2058/3305 3552/2059/3306 3553/2060/3210
f 3553/2060/3210 3552/2059/3306 3554/2061/3307
f 3554/2061/3307 3552/2059/3306 3555/2062/3308
f 3554/2061/3307 3555/2062/3308 3556/2063/3309
f 3554/2061/3307 3557/2064/3310 3553/2060/3210
f 3557/2064/3310 3554/2061/3307 3556/2063/3309
f 3557/2064/3310 3558/2065/3311 3553/2060/3210
f 3557/2064/3310 3556/2063/3309 3559/2066/3312
f 3557/2064/3310 3559/2066/3312 3558/2065/3311
f 3560/2067/3313 3561/2068/3 3562/2069/3314
f 3561/2068/3 3560/2067/3313 3563/2070/3315
f 3563/2070/3315 3560/2067/3313 3564/2071/3316
f 3565/2072/3317 3563/2070/3315 3564/2071/3316
f 3564/2071/3316 3566/2073/3318 3565/2072/3317
f 3567/2074/3319 3565/2072/3317 3566/2073/3318
f 3566/2073/3318 3568/2075/3320 3567/2074/3319
f 3569/2076/3321 3567/2074/3319 3568/2075/3320
f 3570/2077/2727 3567/2074/3319 3569/2076/3321
f 3571/2078/3322 3570/2077/2727 3569/2076/3321
f 3572/2079/3323 3573/2080/3324 3574/2081/3325
f 3574/2081/3325 3575/2082/3326 3572/2079/3323
f 3572/2079/3323 3575/2082/3326 3576/2083/3327
f 3571/2078/3322 3575/2082/3326 3574/2081/3325
f 3576/2083/3327 3577/2084/3328 3572/2079/3323
f 3578/2085/3329 3577/2084/3328 3576/2083/3327
f 3576/2083/3327 3579/2086/3330 3578/2085/3329
f 3579/2086/3330 3576/2083/3327 3580/2087/3331
f 3569/2076/3321 3575/2082/3326 3571/2078/3322
f 3580/2087/3331 3576/2083/3327 3581/2088/3332
f 3580/2087/3331 3581/2088/3332 3582/2089/3333
f 3581/2088/3332 3583/2090/3334 3582/2089/3333
f 3576/2083/3327 3575/2082/3326 3584/2091/3335
f 3584/2091/3335 3581/2088/3332 3576/2083/3327
f 3585/2092/3336 3583/2090/3334 3581/2088/3332
f 3581/2088/3332 3584/2091/3335 3585/2092/3336
f 3586/2093/3337 3583/2090/3334 3585/2092/3336
f 3575/2082/3326 3569/2076/3321 3587/2094/3338
f 3584/2091/3335 3575/2082/3326 3587/2094/3338
f 3569/2076/3321 3588/2095/3339 3587/2094/3338
f 3568/2075/3320 3588/2095/3339 3569/2076/3321
f 3589/2096/3340 3584/2091/3335 3587/2094/3338
f 3589/2096/3340 3587/2094/3338 3588/2095/3339
f 3590/2097/3341 3585/2092/3336 3584/2091/3335
f 3589/2096/3340 3590/2097/3341 3584/2091/3335
f 3585/2092/3336 3591/2098/3342 3586/2093/3337
f 3591/2098/3342 3592/2099/3343 3586/2093/3337
f 3590/2097/3341 3593/2100/3344 3585/2092/3336
f 3593/2100/3344 3591/2098/3342 3585/2092/3336
f 3594/2101/3345 3590/2097/3341 3589/2096/3340
f 3593/2100/3344 3590/2097/3341 3594/2101/3345
f 3595/2102/3346 3592/2099/3343 3591/2098/3342
f 3596/2103/3347 3592/2099/3343 3595/2102/3346
f 3595/2102/3346 3597/2104/3348 3596/2103/3347
f 3597/2104/3348 3598/2105/3349 3596/2103/3347
f 3599/2106/3350 3598/2105/3349 3597/2104/3348
f 3600/2107/3351 3595/2102/3346 3591/2098/3342
f 3600/2107/3351 3591/2098/3342 3593/2100/3344
f 3595/2102/3346 3600/2107/3351 3597/2104/3348
f 3601/2108/3352 3594/2101/3345 3589/2096/3340
f 3588/2095/3339 3601/2108/3352 3589/2096/3340
f 3599/2106/3350 3597/2104/3348 3602/2109/3353
f 3603/2110/3354 3599/2106/3350 3602/2109/3353
f 3604/2111/3355 3603/2110/3354 3602/2109/3353
f 3602/2109/3353 3605/2112/3356 3604/2111/3355
f 3602/2109/3353 3597/2104/3348 3605/2112/3356
f 3604/2111/3355 3605/2112/3356 3606/2113/3357
f 3597/2104/3348 3607/2114/3358 3605/2112/3356
f 3607/2114/3358 3597/2104/3348 3600/2107/3351
f 3606/2113/3357 3605/2112/3356 3608/2115/3359
f 3605/2112/3356 3607/2114/3358 3608/2115/3359
f 3608/2115/3359 3609/2116/3360 3606/2113/3357
f 3610/2117/3361 3608/2115/3359 3607/2114/3358
f 3611/2118/3362 3608/2115/3359 3610/2117/3361
f 3612/2119/3363 3611/2118/3362 3610/2117/3361
f 3613/2120/3364 3607/2114/3358 3600/2107/3351
f 3610/2117/3361 3607/2114/3358 3613/2120/3364
f 3610/2117/3361 3614/2121/3365 3612/2119/3363
f 3614/2121/3365 3610/2117/3361 3613/2120/3364
f 3612/2119/3363 3614/2121/3365 3615/2122/3366
f 3616/2123/3367 3613/2120/3364 3600/2107/3351
f 3600/2107/3351 3593/2100/3344 3616/2123/3367
f 3594/2101/3345 3616/2123/3367 3593/2100/3344
f 3613/2120/3364 3616/2123/3367 3617/2124/3368
f 3613/2120/3364 3617/2124/3368 3614/2121/3365
f 3615/2122/3366 3614/2121/3365 3618/2125/3369
f 3619/2126/3370 3615/2122/3366 3618/2125/3369
f 3620/2127/3371 3619/2126/3370 3618/2125/3369
f 3621/2128/3372 3619/2126/3370 3620/2127/3371
f 3622/2129/3349 3621/2128/3372 3620/2127/3371
f 3620/2127/3371 3623/2130/3373 3622/2129/3349
f 3623/2130/3373 3620/2127/3371 3624/2131/3374
f 3625/2132/3375 3618/2125/3369 3614/2121/3365
f 3620/2127/3371 3618/2125/3369 3625/2132/3375
f 3614/2121/3365 3617/2124/3368 3625/2132/3375
f 3626/2133/3376 3624/2131/3374 3620/2127/3371
f 3625/2132/3375 3626/2133/3376 3620/2127/3371
f 3627/2134/3337 3624/2131/3374 3626/2133/3376
f 3627/2134/3337 3626/2133/3376 3628/2135/3377
f 3626/2133/3376 3625/2132/3375 3628/2135/3377
f 3629/2136/3378 3627/2134/3337 3628/2135/3377
f 3630/2137/3379 3625/2132/3375 3617/2124/3368
f 3628/2135/3377 3625/2132/3375 3630/2137/3379
f 3628/2135/3377 3631/2138/3380 3629/2136/3378
f 3628/2135/3377 3630/2137/3379 3631/2138/3380
f 3631/2138/3380 3632/2139/3381 3629/2136/3378
f 3617/2124/3368 3633/2140/3382 3630/2137/3379
f 3633/2140/3382 3617/2124/3368 3616/2123/3367
f 3616/2123/3367 3594/2101/3345 3633/2140/3382
f 3634/2141/3383 3630/2137/3379 3633/2140/3382
f 3631/2138/3380 3630/2137/3379 3634/2141/3383
f 3635/2142/3384 3633/2140/3382 3594/2101/3345
f 3633/2140/3382 3635/2142/3384 3634/2141/3383
f 3635/2142/3384 3594/2101/3345 3601/2108/3352
f 3632/2139/3381 3631/2138/3380 3636/2143/3385
f 3637/2144/3386 3632/2139/3381 3636/2143/3385
f 3631/2138/3380 3634/2141/3383 3638/2145/3387
f 3638/2145/3387 3634/2141/3383 3635/2142/3384
f 3638/2145/3387 3636/2143/3385 3631/2138/3380
f 3636/2143/3385 3639/2146/3388 3637/2144/3386
f 3640/2147/3389 3637/2144/3386 3639/2146/3388
f 3601/2108/3352 3641/2148/3390 3635/2142/3384
f 3635/2142/3384 3641/2148/3390 3638/2145/3387
f 3636/2143/3385 3638/2145/3387 3642/2149/3391
f 3642/2149/3391 3639/2146/3388 3636/2143/3385
f 3639/2146/3388 3642/2149/3391 3643/2150/3392
f 3638/2145/3387 3641/2148/3390 3644/2151/3393
f 3644/2151/3393 3642/2149/3391 3638/2145/3387
f 3641/2148/3390 3601/2108/3352 3644/2151/3393
f 3643/2150/3392 3642/2149/3391 3644/2151/3393
f 3645/2152/3394 3644/2151/3393 3601/2108/3352
f 3601/2108/3352 3588/2095/3339 3645/2152/3394
f 3646/2153/3395 3644/2151/3393 3645/2152/3394
f 3644/2151/3393 3646/2153/3395 3643/2150/3392
f 3645/2152/3394 3588/2095/3339 3647/2154/3396
f 3645/2152/3394 3647/2154/3396 3646/2153/3395
f 3588/2095/3339 3568/2075/3320 3647/2154/3396
f 3566/2073/3318 3647/2154/3396 3568/2075/3320
f 3647/2154/3396 3566/2073/3318 3646/2153/3395
f 3564/2071/3316 3646/2153/3395 3566/2073/3318
f 3564/2071/3316 3560/2067/3313 3646/2153/3395
f 3646/2153/3395 3560/2067/3313 3643/2150/3392
f 3560/2067/3313 3562/2069/3314 3643/2150/3392
f 3562/2069/3314 3648/2155/1130 3643/2150/3392
f 3649/2156/3397 3643/2150/3392 3648/2155/1130
f 3649/2156/3397 3639/2146/3388 3643/2150/3392
f 3649/2156/3397 3640/2147/3389 3639/2146/3388
f 3649/2156/3397 3648/2155/1130 3650/2157/3398
f 3650/2157/3398 3640/2147/3389 3649/2156/3397
f 3650/2157/3398 3648/2155/1130 3651/2158/3399
f 3650/2157/3398 3651/2158/3399 3652/2159/1136
f 3640/2147/3389 3650/2157/3398 3653/2160/3400
f 3652/2159/1136 3653/2160/3400 3650/2157/3398
f 3653/2160/3400 3654/2161/3401 3640/2147/3389
f 3653/2160/3400 3652/2159/1136 3655/2162/1139
f 3656/2163/3402 3654/2161/3401 3653/2160/3400
f 3655/2162/1139 3656/2163/3402 3653/2160/3400
f 3657/2164/3403 3658/2165/3357 3659/2166/3404
f 3660/2167/3405 3657/2164/3403 3659/2166/3404
f 3661/2168/3406 3657/2164/3403 3660/2167/3405
f 3662/2169/3407 3657/2164/3403 3661/2168/3406
f 3661/2168/3406 3663/2170/3408 3662/2169/3407
f 3662/2169/3407 3663/2170/3408 3664/2171/3409
f 3662/2169/3407 3664/2171/3409 3665/2172/3349
f 3666/2173/3350 3662/2169/3407 3665/2172/3349
f 3665/2172/3349 3664/2171/3409 3667/2174/3372
f 3663/2170/3408 3668/2175/3410 3664/2171/3409
f 3664/2171/3409 3668/2175/3410 3667/2174/3372
f 3663/2170/3408 3669/2176/3411 3668/2175/3410
f 3670/2177/3412 3669/2176/3411 3663/2170/3408
f 3671/2178/3413 3669/2176/3411 3670/2177/3412
f 3669/2176/3411 3671/2178/3413 3672/2179/3414
f 3672/2179/3414 3668/2175/3410 3669/2176/3411
f 3673/2180/3415 3668/2175/3410 3672/2179/3414
f 3673/2180/3415 3674/2181/3416 3668/2175/3410
f 3674/2181/3416 3667/2174/3372 3668/2175/3410
f 3675/2182/3417 3674/2181/3416 3673/2180/3415
f 3675/2182/3417 3676/2183/3418 3674/2181/3416
f 3667/2174/3372 3674/2181/3416 3677/2184/3419
f 3677/2184/3419 3674/2181/3416 3676/2183/3418
f 3678/2185/3420 3667/2174/3372 3677/2184/3419
f 3676/2183/3418 3679/2186/3421 3677/2184/3419
f 3680/2187/3422 3678/2185/3420 3677/2184/3419
f 3677/2184/3419 3679/2186/3421 3680/2187/3422
f 3678/2185/3420 3680/2187/3422 3681/2188/3423
f 3681/2188/3423 3682/2189/3424 3678/2185/3420
f 3683/2190/3425 3682/2189/3424 3681/2188/3423
f 3680/2187/3422 3679/2186/3421 3684/2191/3426
f 3679/2186/3421 3685/2192/3427 3684/2191/3426
f 3684/2191/3426 3685/2192/3427 3686/2193/3428
f 3686/2193/3428 3687/2194/3429 3684/2191/3426
f 3684/2191/3426 3687/2194/3429 3688/2195/3430
f 3688/2195/3430 3680/2187/3422 3684/2191/3426
f 3681/2188/3423 3680/2187/3422 3688/2195/3430
f 3689/2196/3431 3681/2188/3423 3688/2195/3430
f 3681/2188/3423 3689/2196/3431 3690/2197/3432
f 3681/2188/3423 3690/2197/3432 3683/2190/3425
f 3690/2197/3432 3689/2196/3431 3691/2198/3433
f 3689/2196/3431 3692/2199/3434 3691/2198/3433
f 3692/2199/3434 3693/2200/3435 3691/2198/3433
f 3691/2198/3433 3693/2200/3435 3694/2201/3436
f 3690/2197/3432 3691/2198/3433 3694/2201/3436
f 3694/2201/3436 3695/2202/3437 3690/2197/3432
f 3690/2197/3432 3695/2202/3437 3696/2203/3438
f 3690/2197/3432 3696/2203/3438 3683/2190/3425
f 3695/2202/3437 3697/2204/3439 3696/2203/3438
f 3698/2205/3440 3683/2190/3425 3696/2203/3438
f 3699/2206/3441 3683/2190/3425 3698/2205/3440
f 3696/2203/3438 3697/2204/3439 3700/2207/3442
f 3698/2205/3440 3696/2203/3438 3700/2207/3442
f 3697/2204/3439 3701/2208/3443 3700/2207/3442
f 3702/2209/3444 3700/2207/3442 3701/2208/3443
f 3700/2207/3442 3702/2209/3444 3703/2210/3445
f 3703/2210/3445 3704/2211/3446 3700/2207/3442
f 3704/2211/3446 3698/2205/3440 3700/2207/3442
f 3698/2205/3440 3704/2211/3446 3705/2212/3447
f 3706/2213/3448 3699/2206/3441 3698/2205/3440
f 3705/2212/3447 3706/2213/3448 3698/2205/3440
f 3706/2213/3448 3707/2214/3359 3699/2206/3441
f 3706/2213/3448 3708/2215/3360 3707/2214/3359
f 3709/2216/3449 3706/2213/3448 3705/2212/3447
f 3708/2215/3360 3706/2213/3448 3709/2216/3449
f 3709/2216/3449 3705/2212/3447 3710/2217/3450
f 3709/2216/3449 3710/2217/3450 3711/2218/3405
f 3712/2219/3404 3709/2216/3449 3711/2218/3405
f 3708/2215/3360 3709/2216/3449 3712/2219/3404
f 3712/2219/3404 3713/2220/3451 3708/2215/3360
f 3714/2221/3452 3715/2222/3453 3716/2223/3454
f 3716/2223/3454 3715/2222/3453 3717/2224/3455
f 3718/2225/3456 3716/2223/3454 3717/2224/3455
f 3715/2222/3453 3719/2226/3457 3717/2224/3455
f 3718/2225/3456 3717/2224/3455 3720/2227/3458
f 3717/2224/3455 3719/2226/3457 3720/2227/3458
f 3720/2227/3458 3719/2226/3457 3721/2228/3459
f 3721/2228/3459 3719/2226/3457 3722/2229/3460
f 3718/2225/3456 3720/2227/3458 3723/2230/3461
f 3722/2229/3460 3719/2226/3457 3724/2231/3462
f 3720/2227/3458 3721/2228/3459 3725/2232/3463
f 3725/2232/3463 3723/2230/3461 3720/2227/3458
f 3724/2231/3462 3726/2233/3464 3722/2229/3460
f 3724/2231/3462 3727/2234/3429 3726/2233/3464
f 3726/2233/3464 3727/2234/3429 3728/2235/3465
f 3729/2236/3466 3728/2235/3465 3727/2234/3429
f 3730/2237/3467 3726/2233/3464 3728/2235/3465
f 3730/2237/3467 3722/2229/3460 3726/2233/3464
f 3731/2238/3468 3722/2229/3460 3730/2237/3467
f 3722/2229/3460 3731/2238/3468 3721/2228/3459
f 3731/2238/3468 3732/2239/3469 3721/2228/3459
f 3721/2228/3459 3732/2239/3469 3733/2240/3470
f 3732/2239/3469 3734/2241/3471 3733/2240/3470
f 3734/2241/3471 3735/2242/3414 3733/2240/3470
f 3733/2240/3470 3735/2242/3414 3736/2243/3412
f 3737/2244/3472 3736/2243/3412 3735/2242/3414
f 3736/2243/3412 3738/2245/3473 3733/2240/3470
f 3739/2246/3408 3738/2245/3473 3736/2243/3412
f 3738/2245/3473 3739/2246/3408 3740/2247/3406
f 3733/2240/3470 3741/2248/3474 3721/2228/3459
f 3741/2248/3474 3733/2240/3470 3738/2245/3473
f 3740/2247/3406 3742/2249/3475 3738/2245/3473
f 3738/2245/3473 3742/2249/3475 3741/2248/3474
f 3743/2250/3405 3742/2249/3475 3740/2247/3406
f 3742/2249/3475 3743/2250/3405 3744/2251/3450
f 3744/2251/3450 3745/2252/3476 3742/2249/3475
f 3741/2248/3474 3742/2249/3475 3745/2252/3476
f 3745/2252/3476 3744/2251/3450 3746/2253/3477
f 3747/2254/3478 3721/2228/3459 3741/2248/3474
f 3745/2252/3476 3747/2254/3478 3741/2248/3474
f 3725/2232/3463 3721/2228/3459 3747/2254/3478
f 3748/2255/3479 3745/2252/3476 3746/2253/3477
f 3745/2252/3476 3748/2255/3479 3747/2254/3478
f 3747/2254/3478 3748/2255/3479 3725/2232/3463
f 3749/2256/3446 3748/2255/3479 3746/2253/3477
f 3725/2232/3463 3748/2255/3479 3750/2257/3480
f 3749/2256/3446 3750/2257/3480 3748/2255/3479
f 3723/2230/3461 3725/2232/3463 3750/2257/3480
f 3750/2257/3480 3749/2256/3446 3751/2258/3481
f 3752/2259/3482 3723/2230/3461 3750/2257/3480
f 3751/2258/3481 3752/2259/3482 3750/2257/3480
f 3752/2259/3482 3753/2260/3443 3723/2230/3461
f 3751/2258/3481 3754/2261/3444 3752/2259/3482
f 3752/2259/3482 3754/2261/3444 3753/2260/3443
f 3755/2068/3483 3756/2067/3484 3757/2069/4
f 3756/2067/3484 3755/2068/3483 3758/2070/3485
f 3758/2070/3485 3759/2071/3486 3756/2067/3484
f 3758/2070/3485 3760/2072/3487 3759/2071/3486
f 3759/2071/3486 3760/2072/3487 3761/2073/3488
f 3760/2072/3487 3762/2074/3489 3761/2073/3488
f 3761/2073/3488 3762/2074/3489 3763/2075/3490
f 3762/2074/3489 3764/2076/3491 3763/2075/3490
f 3762/2074/3489 3765/2077/2949 3764/2076/3491
f 3765/2077/2949 3766/2078/3492 3764/2076/3491
f 3767/2081/3493 3573/2080/3324 3572/2079/3323
f 3572/2079/3323 3768/2082/3494 3767/2081/3493
f 3769/2083/3495 3768/2082/3494 3572/2079/3323
f 3768/2082/3494 3766/2078/3492 3767/2081/3493
f 3572/2079/3323 3577/2084/3328 3769/2083/3495
f 3769/2083/3495 3577/2084/3328 3578/2085/3329
f 3770/2086/3496 3769/2083/3495 3578/2085/3329
f 3769/2083/3495 3770/2086/3496 3771/2087/3497
f 3768/2082/3494 3764/2076/3491 3766/2078/3492
f 3769/2083/3495 3771/2087/3497 3772/2088/3498
f 3772/2088/3498 3771/2087/3497 3773/2089/3499
f 3774/2090/3500 3772/2088/3498 3773/2089/3499
f 3775/2091/3501 3768/2082/3494 3769/2083/3495
f 3769/2083/3495 3772/2088/3498 3775/2091/3501
f 3774/2090/3500 3776/2092/3502 3772/2088/3498
f 3772/2088/3498 3776/2092/3502 3775/2091/3501
f 3774/2090/3500 3777/2093/3503 3776/2092/3502
f 3764/2076/3491 3768/2082/3494 3778/2094/3504
f 3768/2082/3494 3775/2091/3501 3778/2094/3504
f 3779/2095/3505 3764/2076/3491 3778/2094/3504
f 3779/2095/3505 3763/2075/3490 3764/2076/3491
f 3775/2091/3501 3780/2096/3506 3778/2094/3504
f 3779/2095/3505 3778/2094/3504 3780/2096/3506
f 3781/2097/3507 3775/2091/3501 3776/2092/3502
f 3775/2091/3501 3781/2097/3507 3780/2096/3506
f 3782/2098/3508 3776/2092/3502 3777/2093/3503
f 3782/2098/3508 3777/2093/3503 3783/2099/3509
f 3776/2092/3502 3784/2100/3510 3781/2097/3507
f 3784/2100/3510 3776/2092/3502 3782/2098/3508
f 3785/2101/3511 3780/2096/3506 3781/2097/3507
f 3785/2101/3511 3781/2097/3507 3784/2100/3510
f 3783/2099/3509 3786/2102/3512 3782/2098/3508
f 3786/2102/3512 3783/2099/3509 3787/2103/3513
f 3787/2103/3513 3788/2104/3514 3786/2102/3512
f 3788/2104/3514 3787/2103/3513 3789/2105/3515
f 3789/2105/3515 3790/2106/3516 3788/2104/3514
f 3786/2102/3512 3791/2107/3517 3782/2098/3508
f 3782/2098/3508 3791/2107/3517 3784/2100/3510
f 3791/2107/3517 3786/2102/3512 3788/2104/3514
f 3780/2096/3506 3792/2108/3518 3779/2095/3505
f 3785/2101/3511 3792/2108/3518 3780/2096/3506
f 3788/2104/3514 3790/2106/3516 3793/2109/3519
f 3790/2106/3516 3794/2110/3520 3793/2109/3519
f 3794/2110/3520 3795/2111/3521 3793/2109/3519
f 3796/2112/3522 3793/2109/3519 3795/2111/3521
f 3788/2104/3514 3793/2109/3519 3796/2112/3522
f 3796/2112/3522 3795/2111/3521 3797/2113/3523
f 3798/2114/3524 3788/2104/3514 3796/2112/3522
f 3788/2104/3514 3798/2114/3524 3791/2107/3517
f 3799/2115/3525 3796/2112/3522 3797/2113/3523
f 3798/2114/3524 3796/2112/3522 3799/2115/3525
f 3797/2113/3523 3800/2116/3526 3799/2115/3525
f 3799/2115/3525 3801/2117/3527 3798/2114/3524
f 3799/2115/3525 3802/2118/3528 3801/2117/3527
f 3802/2118/3528 3803/2119/3529 3801/2117/3527
f 3798/2114/3524 3804/2120/3530 3791/2107/3517
f 3798/2114/3524 3801/2117/3527 3804/2120/3530
f 3801/2117/3527 3803/2119/3529 3805/2121/3531
f 3801/2117/3527 3805/2121/3531 3804/2120/3530
f 3805/2121/3531 3803/2119/3529 3806/2122/3532
f 3791/2107/3517 3804/2120/3530 3807/2123/3533
f 3807/2123/3533 3784/2100/3510 3791/2107/3517
f 3784/2100/3510 3807/2123/3533 3785/2101/3511
f 3807/2123/3533 3804/2120/3530 3808/2124/3534
f 3808/2124/3534 3804/2120/3530 3805/2121/3531
f 3805/2121/3531 3806/2122/3532 3809/2125/3535
f 3806/2122/3532 3810/2126/3536 3809/2125/3535
f 3810/2126/3536 3811/2127/3537 3809/2125/3535
f 3810/2126/3536 3812/2128/3538 3811/2127/3537
f 3811/2127/3537 3812/2128/3538 3813/2129/3539
f 3813/2129/3539 3814/2130/3540 3811/2127/3537
f 3811/2127/3537 3814/2130/3540 3815/2131/3541
f 3805/2121/3531 3809/2125/3535 3816/2132/3542
f 3816/2132/3542 3809/2125/3535 3811/2127/3537
f 3816/2132/3542 3808/2124/3534 3805/2121/3531
f 3815/2131/3541 3817/2133/3543 3811/2127/3537
f 3811/2127/3537 3817/2133/3543 3816/2132/3542
f 3815/2131/3541 3818/2134/3544 3817/2133/3543
f 3817/2133/3543 3818/2134/3544 3819/2135/3545
f 3816/2132/3542 3817/2133/3543 3819/2135/3545
f 3819/2135/3545 3818/2134/3544 3820/2136/3546
f 3808/2124/3534 3816/2132/3542 3821/2137/3547
f 3816/2132/3542 3819/2135/3545 3821/2137/3547
f 3820/2136/3546 3822/2138/3548 3819/2135/3545
f 3821/2137/3547 3819/2135/3545 3822/2138/3548
f 3822/2138/3548 3820/2136/3546 3823/2139/3549
f 3821/2137/3547 3824/2140/3550 3808/2124/3534
f 3808/2124/3534 3824/2140/3550 3807/2123/3533
f 3785/2101/3511 3807/2123/3533 3824/2140/3550
f 3824/2140/3550 3821/2137/3547 3825/2141/3551
f 3821/2137/3547 3822/2138/3548 3825/2141/3551
f 3785/2101/3511 3824/2140/3550 3826/2142/3552
f 3826/2142/3552 3824/2140/3550 3825/2141/3551
f 3785/2101/3511 3826/2142/3552 3792/2108/3518
f 3827/2143/3553 3822/2138/3548 3823/2139/3549
f 3827/2143/3553 3823/2139/3549 3828/2144/3554
f 3829/2145/3555 3825/2141/3551 3822/2138/3548
f 3826/2142/3552 3825/2141/3551 3829/2145/3555
f 3822/2138/3548 3827/2143/3553 3829/2145/3555
f 3828/2144/3554 3830/2146/3556 3827/2143/3553
f 3828/2144/3554 3831/2147/3496 3830/2146/3556
f 3792/2108/3518 3826/2142/3552 3832/2148/3557
f 3829/2145/3555 3832/2148/3557 3826/2142/3552
f 3829/2145/3555 3827/2143/3553 3833/2149/3558
f 3830/2146/3556 3833/2149/3558 3827/2143/3553
f 3833/2149/3558 3830/2146/3556 3834/2150/3559
f 3835/2151/3560 3832/2148/3557 3829/2145/3555
f 3829/2145/3555 3833/2149/3558 3835/2151/3560
f 3792/2108/3518 3832/2148/3557 3835/2151/3560
f 3835/2151/3560 3833/2149/3558 3834/2150/3559
f 3835/2151/3560 3836/2152/3561 3792/2108/3518
f 3779/2095/3505 3792/2108/3518 3836/2152/3561
f 3836/2152/3561 3835/2151/3560 3837/2153/3562
f 3834/2150/3559 3837/2153/3562 3835/2151/3560
f 3779/2095/3505 3836/2152/3561 3838/2154/3563
f 3837/2153/3562 3838/2154/3563 3836/2152/3561
f 3763/2075/3490 3779/2095/3505 3838/2154/3563
f 3838/2154/3563 3761/2073/3488 3763/2075/3490
f 3761/2073/3488 3838/2154/3563 3837/2153/3562
f 3837/2153/3562 3759/2071/3486 3761/2073/3488
f 3756/2067/3484 3759/2071/3486 3837/2153/3562
f 3756/2067/3484 3837/2153/3562 3834/2150/3559
f 3757/2069/4 3756/2067/3484 3834/2150/3559
f 3839/2155/2403 3757/2069/4 3834/2150/3559
f 3834/2150/3559 3840/2156/3564 3839/2155/2403
f 3830/2146/3556 3840/2156/3564 3834/2150/3559
f 3831/2147/3496 3840/2156/3564 3830/2146/3556
f 3839/2155/2403 3840/2156/3564 3841/2157/3565
f 3831/2147/3496 3841/2157/3565 3840/2156/3564
f 3839/2155/2403 3841/2157/3565 3842/2158/3566
f 3843/2159/2409 3842/2158/3566 3841/2157/3565
f 3841/2157/3565 3831/2147/3496 3844/2160/3567
f 3841/2157/3565 3844/2160/3567 3843/2159/2409
f 3654/2161/3401 3844/2160/3567 3831/2147/3496
f 3843/2159/2409 3844/2160/3567 3655/2162/1139
f 3654/2161/3401 3656/2163/3402 3844/2160/3567
f 3844/2160/3567 3656/2163/3402 3655/2162/1139
f 3845/2165/3523 3846/2164/3568 3847/2166/3569
f 3846/2164/3568 3848/2167/3570 3847/2166/3569
f 3846/2164/3568 3849/2168/3571 3848/2167/3570
f 3846/2164/3568 3850/2169/3572 3849/2168/3571
f 3851/2170/3573 3849/2168/3571 3850/2169/3572
f 3850/2169/3572 3852/2171/3574 3851/2170/3573
f 3850/2169/3572 3853/2172/3515 3852/2171/3574
f 3853/2172/3515 3850/2169/3572 3854/2173/3516
f 3852/2171/3574 3853/2172/3515 3855/2174/3538
f 3856/2175/3575 3851/2170/3573 3852/2171/3574
f 3856/2175/3575 3852/2171/3574 3855/2174/3538
f 3857/2176/3576 3851/2170/3573 3856/2175/3575
f 3857/2176/3576 3858/2177/3577 3851/2170/3573
f 3857/2176/3576 3859/2178/3578 3858/2177/3577
f 3859/2178/3578 3857/2176/3576 3860/2179/3579
f 3860/2179/3579 3857/2176/3576 3856/2175/3575
f 3856/2175/3575 3861/2180/3580 3860/2179/3579
f 3862/2181/3581 3861/2180/3580 3856/2175/3575
f 3855/2174/3538 3862/2181/3581 3856/2175/3575
f 3862/2181/3581 3863/2182/3582 3861/2180/3580
f 3864/2183/3583 3863/2182/3582 3862/2181/3581
f 3862/2181/3581 3855/2174/3538 3865/2184/3584
f 3864/2183/3583 3862/2181/3581 3865/2184/3584
f 3855/2174/3538 3866/2185/3585 3865/2184/3584
f 3867/2186/3586 3864/2183/3583 3865/2184/3584
f 3866/2185/3585 3868/2187/3587 3865/2184/3584
f 3867/2186/3586 3865/2184/3584 3868/2187/3587
f 3869/2188/3588 3868/2187/3587 3866/2185/3585
f 3866/2185/3585 3870/2189/3589 3869/2188/3588
f 3870/2189/3589 3871/2190/3590 3869/2188/3588
f 3872/2191/3591 3867/2186/3586 3868/2187/3587
f 3873/2192/3592 3867/2186/3586 3872/2191/3591
f 3873/2192/3592 3872/2191/3591 3874/2193/3593
f 3875/2194/3594 3874/2193/3593 3872/2191/3591
f 3876/2195/3595 3875/2194/3594 3872/2191/3591
f 3872/2191/3591 3868/2187/3587 3876/2195/3595
f 3868/2187/3587 3869/2188/3588 3876/2195/3595
f 3869/2188/3588 3877/2196/3596 3876/2195/3595
f 3877/2196/3596 3869/2188/3588 3878/2197/3597
f 3871/2190/3590 3878/2197/3597 3869/2188/3588
f 3877/2196/3596 3878/2197/3597 3879/2198/3598
f 3880/2199/3599 3877/2196/3596 3879/2198/3598
f 3881/2200/3600 3880/2199/3599 3879/2198/3598
f 3881/2200/3600 3879/2198/3598 3882/2201/3601
f 3882/2201/3601 3879/2198/3598 3878/2197/3597
f 3878/2197/3597 3883/2202/3602 3882/2201/3601
f 3884/2203/3603 3883/2202/3602 3878/2197/3597
f 3884/2203/3603 3878/2197/3597 3871/2190/3590
f 3885/2204/3604 3883/2202/3602 3884/2203/3603
f 3871/2190/3590 3886/2205/3605 3884/2203/3603
f 3871/2190/3590 3887/2206/3606 3886/2205/3605
f 3888/2207/3607 3885/2204/3604 3884/2203/3603
f 3884/2203/3603 3886/2205/3605 3888/2207/3607
f 3888/2207/3607 3889/2208/3608 3885/2204/3604
f 3888/2207/3607 3890/2209/3609 3889/2208/3608
f 3890/2209/3609 3888/2207/3607 3891/2210/3610
f 3892/2211/3611 3891/2210/3610 3888/2207/3607
f 3888/2207/3607 3886/2205/3605 3892/2211/3611
f 3893/2212/3612 3892/2211/3611 3886/2205/3605
f 3887/2206/3606 3894/2213/3613 3886/2205/3605
f 3886/2205/3605 3894/2213/3613 3893/2212/3612
f 3895/2214/3525 3894/2213/3613 3887/2206/3606
f 3896/2215/3526 3894/2213/3613 3895/2214/3525
f 3894/2213/3613 3897/2216/3614 3893/2212/3612
f 3894/2213/3613 3896/2215/3526 3897/2216/3614
f 3893/2212/3612 3897/2216/3614 3898/2217/3615
f 3898/2217/3615 3897/2216/3614 3899/2218/3616
f 3897/2216/3614 3900/2219/3569 3899/2218/3616
f 3900/2219/3569 3897/2216/3614 3896/2215/3526
f 3901/2220/3617 3900/2219/3569 3896/2215/3526
f 3902/2222/3618 3903/2221/3619 3904/2223/3601
f 3902/2222/3618 3904/2223/3601 3905/2224/3620
f 3904/2223/3601 3906/2225/3621 3905/2224/3620
f 3907/2226/3622 3902/2222/3618 3905/2224/3620
f 3908/2227/3623 3905/2224/3620 3906/2225/3621
f 3907/2226/3622 3905/2224/3620 3908/2227/3623
f 3907/2226/3622 3908/2227/3623 3909/2228/3624
f 3907/2226/3622 3909/2228/3624 3910/2229/3625
f 3911/2230/3626 3908/2227/3623 3906/2225/3621
f 3912/2231/3595 3907/2226/3622 3910/2229/3625
f 3913/2232/3627 3909/2228/3624 3908/2227/3623
f 3908/2227/3623 3911/2230/3626 3913/2232/3627
f 3910/2229/3625 3914/2233/3628 3912/2231/3595
f 3912/2231/3595 3914/2233/3628 3915/2234/3594
f 3915/2234/3594 3914/2233/3628 3916/2235/3629
f 3916/2235/3629 3917/2236/3630 3915/2234/3594
f 3914/2233/3628 3918/2237/3586 3916/2235/3629
f 3918/2237/3586 3914/2233/3628 3910/2229/3625
f 3910/2229/3625 3919/2238/3631 3918/2237/3586
f 3919/2238/3631 3910/2229/3625 3909/2228/3624
f 3920/2239/3582 3919/2238/3631 3909/2228/3624
f 3920/2239/3582 3909/2228/3624 3921/2240/3632
f 3922/2241/3633 3920/2239/3582 3921/2240/3632
f 3923/2242/3634 3922/2241/3633 3921/2240/3632
f 3924/2243/3635 3923/2242/3634 3921/2240/3632
f 3924/2243/3635 3925/2244/3636 3923/2242/3634
f 3921/2240/3632 3926/2245/3637 3924/2243/3635
f 3926/2245/3637 3927/2246/3573 3924/2243/3635
f 3928/2247/3638 3927/2246/3573 3926/2245/3637
f 3929/2248/3639 3921/2240/3632 3909/2228/3624
f 3926/2245/3637 3921/2240/3632 3929/2248/3639
f 3926/2245/3637 3930/2249/3640 3928/2247/3638
f 3929/2248/3639 3930/2249/3640 3926/2245/3637
f 3930/2249/3640 3931/2250/3641 3928/2247/3638
f 3932/2251/3642 3931/2250/3641 3930/2249/3640
f 3930/2249/3640 3933/2252/3643 3932/2251/3642
f 3933/2252/3643 3930/2249/3640 3929/2248/3639
f 3932/2251/3642 3933/2252/3643 3934/2253/3644
f 3909/2228/3624 3935/2254/3645 3929/2248/3639
f 3929/2248/3639 3935/2254/3645 3933/2252/3643
f 3909/2228/3624 3913/2232/3627 3935/2254/3645
f 3933/2252/3643 3936/2255/3646 3934/2253/3644
f 3936/2255/3646 3933/2252/3643 3935/2254/3645
f 3936/2255/3646 3935/2254/3645 3913/2232/3627
f 3934/2253/3644 3936/2255/3646 3937/2256/3647
f 3936/2255/3646 3913/2232/3627 3938/2257/3648
f 3936/2255/3646 3938/2257/3648 3937/2256/3647
f 3913/2232/3627 3911/2230/3626 3938/2257/3648
f 3937/2256/3647 3938/2257/3648 3939/2258/3649
f 3911/2230/3626 3940/2259/3650 3938/2257/3648
f 3938/2257/3648 3940/2259/3650 3939/2258/3649
f 3911/2230/3626 3941/2260/3608 3940/2259/3650
f 3942/2261/3651 3939/2258/3649 3940/2259/3650
f 3942/2261/3651 3940/2259/3650 3941/2260/3608
f 3943/2262/1231 3944/2263/3652 3945/2264/3653
f 3944/2263/3652 3946/2265/3654 3945/2264/3653
f 3947/2266/3655 3946/2265/3654 3944/2263/3652
f 3947/2266/3655 3948/2267/3656 3946/2265/3654
f 3947/2266/3655 3949/2268/3657 3948/2267/3656
f 3950/2269/3658 3948/2267/3656 3949/2268/3657
f 3951/2270/3659 3950/2269/3658 3949/2268/3657
f 3952/2271/3660 3950/2269/3658 3951/2270/3659
f 3953/2272/3661 3952/2271/3660 3951/2270/3659
f 3948/2267/3656 3950/2269/3658 3954/2273/3662
f 3952/2271/3660 3954/2273/3662 3950/2269/3658
f 3946/2265/3654 3948/2267/3656 3955/2274/3663
f 3954/2273/3662 3955/2274/3663 3948/2267/3656
f 3945/2264/3653 3946/2265/3654 3956/2275/3664
f 3955/2274/3663 3956/2275/3664 3946/2265/3654
f 3952/2271/3660 3953/2272/3661 3957/2276/3665
f 3957/2276/3665 3953/2272/3661 3958/2277/3666
f 3959/2278/3667 3954/2273/3662 3952/2271/3660
f 3959/2278/3667 3952/2271/3660 3957/2276/3665
f 3956/2275/3664 3960/2279/3668 3945/2264/3653
f 3960/2279/3668 3961/2280/3669 3945/2264/3653
f 3960/2279/3668 3962/2281/3670 3961/2280/3669
f 3960/2279/3668 3963/2282/3671 3962/2281/3670
f 3964/2283/3672 3962/2281/3670 3963/2282/3671
f 3965/2284/3673 3960/2279/3668 3956/2275/3664
f 3963/2282/3671 3960/2279/3668 3965/2284/3673
f 3964/2283/3672 3963/2282/3671 3966/2285/3674
f 3966/2285/3674 3967/2286/3675 3964/2283/3672
f 3966/2285/3674 3963/2282/3671 3968/2287/3676
f 3963/2282/3671 3965/2284/3673 3968/2287/3676
f 3967/2286/3675 3966/2285/3674 3969/2288/3677
f 3968/2287/3676 3969/2288/3677 3966/2285/3674
f 3969/2288/3677 3970/2289/3678 3967/2286/3675
f 3970/2289/3678 3969/2288/3677 3971/2290/3679
f 3971/2290/3679 3969/2288/3677 3968/2287/3676
f 3971/2290/3679 3972/2291/3680 3970/2289/3678
f 3956/2275/3664 3973/2292/3681 3965/2284/3673
f 3955/2274/3663 3973/2292/3681 3956/2275/3664
f 3974/2293/3682 3968/2287/3676 3965/2284/3673
f 3973/2292/3681 3974/2293/3682 3965/2284/3673
f 3972/2291/3680 3971/2290/3679 3975/2294/3683
f 3975/2294/3683 3976/2295/3684 3972/2291/3680
f 3968/2287/3676 3977/2296/3685 3971/2290/3679
f 3968/2287/3676 3974/2293/3682 3977/2296/3685
f 3976/2295/3684 3975/2294/3683 3978/2297/3686
f 3978/2297/3686 3979/2298/1200 3976/2295/3684
f 3980/2299/3687 3975/2294/3683 3971/2290/3679
f 3971/2290/3679 3977/2296/3685 3980/2299/3687
f 3975/2294/3683 3980/2299/3687 3978/2297/3686
f 3981/2300/3688 3977/2296/3685 3974/2293/3682
f 3977/2296/3685 3981/2300/3688 3980/2299/3687
f 3978/2297/3686 3982/2301/3689 3979/2298/1200
f 3982/2301/3689 3983/2302/1197 3979/2298/1200
f 3984/2303/3690 3983/2302/1197 3982/2301/3689
f 3985/2304/3691 3978/2297/3686 3980/2299/3687
f 3982/2301/3689 3978/2297/3686 3985/2304/3691
f 3982/2301/3689 3986/2305/3692 3984/2303/3690
f 3985/2304/3691 3986/2305/3692 3982/2301/3689
f 3984/2303/3690 3986/2305/3692 3987/2306/1194
f 3988/2307/3693 3987/2306/1194 3986/2305/3692
f 3989/2308/1193 3987/2306/1194 3988/2307/3693
f 3990/2309/3694 3981/2300/3688 3974/2293/3682
f 3990/2309/3694 3974/2293/3682 3973/2292/3681
f 3991/2310/3695 3980/2299/3687 3981/2300/3688
f 3985/2304/3691 3980/2299/3687 3991/2310/3695
f 3992/2311/3696 3986/2305/3692 3985/2304/3691
f 3986/2305/3692 3992/2311/3696 3988/2307/3693
f 3993/2312/3697 3981/2300/3688 3990/2309/3694
f 3993/2312/3697 3991/2310/3695 3981/2300/3688
f 3994/2313/3698 3990/2309/3694 3973/2292/3681
f 3993/2312/3697 3990/2309/3694 3994/2313/3698
f 3991/2310/3695 3995/2314/3699 3985/2304/3691
f 3995/2314/3699 3992/2311/3696 3985/2304/3691
f 3995/2314/3699 3991/2310/3695 3996/2315/3700
f 3996/2315/3700 3991/2310/3695 3993/2312/3697
f 3997/2316/3701 3992/2311/3696 3995/2314/3699
f 3995/2314/3699 3996/2315/3700 3997/2316/3701
f 3988/2307/3693 3992/2311/3696 3998/2317/3702
f 3992/2311/3696 3997/2316/3701 3998/2317/3702
f 3973/2292/3681 3999/2318/3703 3994/2313/3698
f 3999/2318/3703 3973/2292/3681 3955/2274/3663
f 4000/2319/3704 3999/2318/3703 3955/2274/3663
f 3955/2274/3663 3954/2273/3662 4000/2319/3704
f 3994/2313/3698 3999/2318/3703 4001/2320/3705
f 4001/2320/3705 3999/2318/3703 4000/2319/3704
f 3994/2313/3698 4002/2321/3706 3993/2312/3697
f 4002/2321/3706 3994/2313/3698 4001/2320/3705
f 3993/2312/3697 4003/2322/3707 3996/2315/3700
f 4002/2321/3706 4003/2322/3707 3993/2312/3697
f 3996/2315/3700 4004/2323/3708 3997/2316/3701
f 4003/2322/3707 4004/2323/3708 3996/2315/3700
f 4000/2319/3704 3954/2273/3662 4005/2324/3709
f 4005/2324/3709 3954/2273/3662 3959/2278/3667
f 4001/2320/3705 4000/2319/3704 4006/2325/3710
f 4005/2324/3709 4006/2325/3710 4000/2319/3704
f 4001/2320/3705 4007/2326/3711 4002/2321/3706
f 4007/2326/3711 4001/2320/3705 4006/2325/3710
f 3997/2316/3701 4004/2323/3708 4008/2327/3712
f 3998/2317/3702 3997/2316/3701 4008/2327/3712
f 4002/2321/3706 4009/2328/3713 4003/2322/3707
f 4009/2328/3713 4002/2321/3706 4007/2326/3711
f 4003/2322/3707 4010/2329/3714 4004/2323/3708
f 4008/2327/3712 4004/2323/3708 4010/2329/3714
f 4003/2322/3707 4009/2328/3713 4010/2329/3714
f 4005/2324/3709 3959/2278/3667 4011/2330/3715
f 4012/2331/3716 4006/2325/3710 4005/2324/3709
f 4005/2324/3709 4011/2330/3715 4012/2331/3716
f 4006/2325/3710 4013/2332/3717 4007/2326/3711
f 4013/2332/3717 4006/2325/3710 4012/2331/3716
f 4009/2328/3713 4007/2326/3711 4014/2333/3718
f 4014/2333/3718 4007/2326/3711 4013/2332/3717
f 4010/2329/3714 4009/2328/3713 4015/2334/3719
f 4009/2328/3713 4014/2333/3718 4015/2334/3719
f 4016/2335/3720 4011/2330/3715 3959/2278/3667
f 3957/2276/3665 4016/2335/3720 3959/2278/3667
f 4012/2331/3716 4017/2336/3721 4013/2332/3717
f 4013/2332/3717 4018/2337/3722 4014/2333/3718
f 4013/2332/3717 4017/2336/3721 4018/2337/3722
f 4019/2338/3723 4012/2331/3716 4011/2330/3715
f 4017/2336/3721 4012/2331/3716 4019/2338/3723
f 4020/2339/3724 4011/2330/3715 4016/2335/3720
f 4020/2339/3724 4019/2338/3723 4011/2330/3715
f 4021/2340/3725 4016/2335/3720 3957/2276/3665
f 4016/2335/3720 4021/2340/3725 4020/2339/3724
f 4022/2341/3726 4015/2334/3719 4014/2333/3718
f 4014/2333/3718 4018/2337/3722 4022/2341/3726
f 3957/2276/3665 4023/2342/3727 4021/2340/3725
f 3958/2277/3666 4023/2342/3727 3957/2276/3665
f 4023/2342/3727 3958/2277/3666 4024/2343/3728
f 4024/2343/3728 4025/2344/3729 4023/2342/3727
f 4023/2342/3727 4025/2344/3729 4026/2345/3730
f 4026/2345/3730 4021/2340/3725 4023/2342/3727
f 4021/2340/3725 4026/2345/3730 4027/2346/3731
f 4027/2346/3731 4020/2339/3724 4021/2340/3725
f 4027/2346/3731 4028/2347/3732 4020/2339/3724
f 4020/2339/3724 4028/2347/3732 4019/2338/3723
f 4029/2348/3733 4019/2338/3723 4028/2347/3732
f 4028/2347/3732 4030/2349/3734 4029/2348/3733
f 4019/2338/3723 4029/2348/3733 4017/2336/3721
f 4029/2348/3733 4030/2349/3734 4031/2350/3735
f 4017/2336/3721 4029/2348/3733 4032/2351/3736
f 4032/2351/3736 4029/2348/3733 4031/2350/3735
f 4018/2337/3722 4017/2336/3721 4032/2351/3736
f 4031/2350/3735 4033/2352/3737 4032/2351/3736
f 4018/2337/3722 4032/2351/3736 4033/2352/3737
f 4034/2353/3738 4033/2352/3737 4031/2350/3735
f 4022/2341/3726 4018/2337/3722 4033/2352/3737
f 4034/2353/3738 4035/2354/3739 4033/2352/3737
f 4022/2341/3726 4033/2352/3737 4035/2354/3739
f 4034/2353/3738 4036/2355/3740 4035/2354/3739
f 4037/2356/3741 4035/2354/3739 4036/2355/3740
f 4036/2355/3740 4038/2357/3742 4037/2356/3741
f 4037/2356/3741 4038/2357/3742 4039/2358/3743
f 4035/2354/3739 4040/2359/3744 4022/2341/3726
f 4035/2354/3739 4037/2356/3741 4040/2359/3744
f 4015/2334/3719 4022/2341/3726 4040/2359/3744
f 4040/2359/3744 4041/2360/3745 4015/2334/3719
f 4010/2329/3714 4015/2334/3719 4041/2360/3745
f 4010/2329/3714 4041/2360/3745 4042/2361/3746
f 4010/2329/3714 4042/2361/3746 4008/2327/3712
f 4040/2359/3744 4043/2362/3747 4041/2360/3745
f 4042/2361/3746 4041/2360/3745 4044/2363/3748
f 4043/2362/3747 4044/2363/3748 4041/2360/3745
f 4042/2361/3746 4045/2364/3749 4008/2327/3712
f 4042/2361/3746 4044/2363/3748 4045/2364/3749
f 4046/2365/3750 4043/2362/3747 4040/2359/3744
f 4037/2356/3741 4046/2365/3750 4040/2359/3744
f 4047/2366/3751 4044/2363/3748 4043/2362/3747
f 4045/2364/3749 4044/2363/3748 4047/2366/3751
f 4043/2362/3747 4046/2365/3750 4047/2366/3751
f 4048/2367/3752 4008/2327/3712 4045/2364/3749
f 3998/2317/3702 4008/2327/3712 4048/2367/3752
f 4047/2366/3751 4049/2368/3753 4045/2364/3749
f 4048/2367/3752 4045/2364/3749 4049/2368/3753
f 4050/2369/3754 4046/2365/3750 4037/2356/3741
f 4046/2365/3750 4051/2370/3755 4047/2366/3751
f 4050/2369/3754 4051/2370/3755 4046/2365/3750
f 4052/2371/3756 4049/2368/3753 4047/2366/3751
f 4047/2366/3751 4051/2370/3755 4052/2371/3756
f 4037/2356/3741 4053/2372/3757 4050/2369/3754
f 4039/2358/3743 4053/2372/3757 4037/2356/3741
f 4054/2373/3758 4053/2372/3757 4039/2358/3743
f 4039/2358/3743 4055/2374/3759 4054/2373/3758
f 4054/2373/3758 4056/2375/3760 4053/2372/3757
f 4053/2372/3757 4056/2375/3760 4050/2369/3754
f 4050/2369/3754 4056/2375/3760 4057/2376/3659
f 4050/2369/3754 4057/2376/3659 4051/2370/3755
f 4057/2376/3659 4058/2377/3761 4051/2370/3755
f 4051/2370/3755 4058/2377/3761 4052/2371/3756
f 4058/2377/3761 4059/2378/3655 4052/2371/3756
f 4052/2371/3756 4059/2378/3655 4060/2379/3762
f 4052/2371/3756 4060/2379/3762 4049/2368/3753
f 4060/2379/3762 4059/2378/3655 4061/2380/3763
f 4049/2368/3753 4060/2379/3762 4062/2381/3764
f 4049/2368/3753 4062/2381/3764 4048/2367/3752
f 4061/2380/3763 4063/2382/3765 4060/2379/3762
f 4062/2381/3764 4060/2379/3762 4063/2382/3765
f 4063/2382/3765 4061/2380/3763 4064/2383/3766
f 4063/2382/3765 4064/2383/3766 4065/2384/3767
f 4062/2381/3764 4063/2382/3765 4066/2385/3768
f 4062/2381/3764 4066/2385/3768 4048/2367/3752
f 4066/2385/3768 4063/2382/3765 4065/2384/3767
f 4048/2367/3752 4066/2385/3768 4067/2386/3769
f 3998/2317/3702 4048/2367/3752 4067/2386/3769
f 4065/2384/3767 4068/2387/3770 4066/2385/3768
f 4067/2386/3769 4066/2385/3768 4068/2387/3770
f 4068/2387/3770 4065/2384/3767 4069/2388/3771
f 4068/2387/3770 4069/2388/3771 3989/2308/1193
f 3998/2317/3702 4067/2386/3769 4070/2389/3772
f 4068/2387/3770 4070/2389/3772 4067/2386/3769
f 3989/2308/1193 4070/2389/3772 4068/2387/3770
f 4070/2389/3772 3988/2307/3693 3998/2317/3702
f 3988/2307/3693 4070/2389/3772 3989/2308/1193
f 4071/2390/3773 4072/2391/3774 4073/2392/3775
f 4073/2392/3775 4074/2393/3776 4071/2390/3773
f 4074/2393/3776 4073/2392/3775 4075/2394/3777
f 4074/2393/3776 4076/2395/3778 4071/2390/3773
f 4077/2396/3732 4071/2390/3773 4076/2395/3778
f 4075/2394/3777 4078/2397/3779 4074/2393/3776
f 4078/2397/3779 4075/2394/3777 4079/2398/3780
f 4077/2396/3732 4076/2395/3778 4080/2399/3781
f 4080/2399/3781 4081/2400/3782 4077/2396/3732
f 4082/2401/3783 4076/2395/3778 4074/2393/3776
f 4074/2393/3776 4078/2397/3779 4082/2401/3783
f 4081/2400/3782 4080/2399/3781 4083/2402/3784
f 4084/2403/3735 4081/2400/3782 4083/2402/3784
f 4085/2404/3785 4080/2399/3781 4076/2395/3778
f 4076/2395/3778 4082/2401/3783 4085/2404/3785
f 4083/2402/3784 4080/2399/3781 4085/2404/3785
f 4084/2403/3735 4083/2402/3784 4086/2405/3786
f 4087/2406/3738 4084/2403/3735 4086/2405/3786
f 4087/2406/3738 4086/2405/3786 4088/2407/3787
f 4089/2408/3788 4087/2406/3738 4088/2407/3787
f 4090/2409/3742 4089/2408/3788 4088/2407/3787
f 4088/2407/3787 4091/2410/3789 4090/2409/3742
f 4092/2411/3790 4091/2410/3789 4088/2407/3787
f 4092/2411/3790 4093/2412/3791 4091/2410/3789
f 4094/2413/3792 4088/2407/3787 4086/2405/3786
f 4092/2411/3790 4088/2407/3787 4094/2413/3792
f 4095/2414/3793 4093/2412/3791 4092/2411/3790
f 4094/2413/3792 4095/2414/3793 4092/2411/3790
f 4095/2414/3793 4096/2415/3794 4093/2412/3791
f 4097/2416/3795 4086/2405/3786 4083/2402/3784
f 4086/2405/3786 4097/2416/3795 4094/2413/3792
f 4085/2404/3785 4098/2417/3796 4083/2402/3784
f 4098/2417/3796 4097/2416/3795 4083/2402/3784
f 4097/2416/3795 4099/2418/3797 4094/2413/3792
f 4099/2418/3797 4095/2414/3793 4094/2413/3792
f 4095/2414/3793 4100/2419/3798 4096/2415/3794
f 4101/2420/3799 4096/2415/3794 4100/2419/3798
f 4102/2421/3800 4100/2419/3798 4095/2414/3793
f 4099/2418/3797 4102/2421/3800 4095/2414/3793
f 4103/2422/3801 4101/2420/3799 4100/2419/3798
f 4103/2422/3801 4100/2419/3798 4102/2421/3800
f 4104/2423/3802 4101/2420/3799 4103/2422/3801
f 4097/2416/3795 4105/2424/3803 4099/2418/3797
f 4105/2424/3803 4097/2416/3795 4098/2417/3796
f 4106/2425/3804 4104/2423/3802 4103/2422/3801
f 4107/2426/3805 4104/2423/3802 4106/2425/3804
f 4107/2426/3805 4106/2425/3804 4108/2427/3806
f 4109/2428/3807 4102/2421/3800 4099/2418/3797
f 4105/2424/3803 4109/2428/3807 4099/2418/3797
f 4102/2421/3800 4110/2429/3808 4103/2422/3801
f 4106/2425/3804 4103/2422/3801 4110/2429/3808
f 4111/2430/3809 4108/2427/3806 4106/2425/3804
f 4108/2427/3806 4111/2430/3809 4112/2431/3810
f 4113/2432/3811 4111/2430/3809 4106/2425/3804
f 4111/2430/3809 4113/2432/3811 4112/2431/3810
f 4110/2429/3808 4113/2432/3811 4106/2425/3804
f 4114/2433/3812 4112/2431/3810 4113/2432/3811
f 4110/2429/3808 4114/2433/3812 4113/2432/3811
f 4115/2434/3813 4114/2433/3812 4110/2429/3808
f 4115/2434/3813 4110/2429/3808 4102/2421/3800
f 4115/2434/3813 4102/2421/3800 4109/2428/3807
f 4116/2435/3814 4109/2428/3807 4105/2424/3803
f 4115/2434/3813 4109/2428/3807 4116/2435/3814
f 4116/2435/3814 4117/2436/3815 4115/2434/3813
f 4117/2436/3815 4118/2437/3816 4115/2434/3813
f 4119/2438/3817 4118/2437/3816 4117/2436/3815
f 4105/2424/3803 4120/2439/3818 4116/2435/3814
f 4098/2417/3796 4120/2439/3818 4105/2424/3803
f 4117/2436/3815 4121/2440/3819 4119/2438/3817
f 4121/2440/3819 4122/2441/3820 4119/2438/3817
f 4122/2441/3820 4121/2440/3819 4123/2442/3821
f 4124/2443/3822 4123/2442/3821 4121/2440/3819
f 4117/2436/3815 4124/2443/3822 4121/2440/3819
f 4125/2444/3823 4124/2443/3822 4117/2436/3815
f 4117/2436/3815 4116/2435/3814 4126/2445/3824
f 4126/2445/3824 4116/2435/3814 4120/2439/3818
f 4126/2445/3824 4125/2444/3823 4117/2436/3815
f 4127/2446/3825 4120/2439/3818 4098/2417/3796
f 4085/2404/3785 4127/2446/3825 4098/2417/3796
f 4128/2447/3826 4126/2445/3824 4120/2439/3818
f 4128/2447/3826 4125/2444/3823 4126/2445/3824
f 4127/2446/3825 4128/2447/3826 4120/2439/3818
f 4129/2448/3827 4125/2444/3823 4128/2447/3826
f 4129/2448/3827 4128/2447/3826 4127/2446/3825
f 4130/2449/3828 4125/2444/3823 4129/2448/3827
f 4131/2450/3829 4127/2446/3825 4085/2404/3785
f 4082/2401/3783 4131/2450/3829 4085/2404/3785
f 4132/2451/3830 4129/2448/3827 4127/2446/3825
f 4127/2446/3825 4131/2450/3829 4132/2451/3830
f 4133/2452/3831 4130/2449/3828 4129/2448/3827
f 4133/2452/3831 4134/2453/3832 4130/2449/3828
f 4129/2448/3827 4132/2451/3830 4135/2454/3833
f 4135/2454/3833 4133/2452/3831 4129/2448/3827
f 4136/2455/3834 4134/2453/3832 4133/2452/3831
f 4135/2454/3833 4136/2455/3834 4133/2452/3831
f 4136/2455/3834 4137/2456/3835 4134/2453/3832
f 4138/2457/3836 4137/2456/3835 4136/2455/3834
f 4138/2457/3836 4136/2455/3834 4135/2454/3833
f 4137/2456/3835 4138/2457/3836 4139/2458/3837
f 4139/2458/3837 4138/2457/3836 4140/2459/3838
f 4141/2460/3839 4140/2459/3838 4138/2457/3836
f 4141/2460/3839 4138/2457/3836 4135/2454/3833
f 4140/2459/3838 4141/2460/3839 4142/2461/3840
f 4143/2462/3841 4135/2454/3833 4132/2451/3830
f 4141/2460/3839 4135/2454/3833 4143/2462/3841
f 4141/2460/3839 4143/2462/3841 4142/2461/3840
f 4143/2462/3841 4132/2451/3830 4131/2450/3829
f 4143/2462/3841 4144/2463/3842 4142/2461/3840
f 4145/2464/3843 4143/2462/3841 4131/2450/3829
f 4145/2464/3843 4144/2463/3842 4143/2462/3841
f 4145/2464/3843 4131/2450/3829 4082/2401/3783
f 4146/2465/3844 4144/2463/3842 4145/2464/3843
f 4147/2466/3845 4145/2464/3843 4082/2401/3783
f 4147/2466/3845 4146/2465/3844 4145/2464/3843
f 4078/2397/3779 4147/2466/3845 4082/2401/3783
f 4147/2466/3845 4148/2467/3846 4146/2465/3844
f 4149/2468/3847 4147/2466/3845 4078/2397/3779
f 4149/2468/3847 4148/2467/3846 4147/2466/3845
f 4079/2398/3780 4149/2468/3847 4078/2397/3779
f 4150/2469/3848 4148/2467/3846 4149/2468/3847
f 4150/2469/3848 4149/2468/3847 4079/2398/3780
f 4151/2470/3849 4148/2467/3846 4150/2469/3848
f 4079/2398/3780 4152/2471/3850 4150/2469/3848
f 4151/2470/3849 4150/2469/3848 4153/2472/3851
f 4152/2471/3850 4153/2472/3851 4150/2469/3848
f 4154/2473/3775 4155/2474/3730 4156/2475/3852
f 4156/2475/3852 4157/2476/3853 4154/2473/3775
f 4158/2477/3854 4154/2473/3775 4157/2476/3853
f 4157/2476/3853 4156/2475/3852 4159/2478/3855
f 4157/2476/3853 4160/2479/3856 4158/2477/3854
f 4158/2477/3854 4160/2479/3856 4161/2480/3780
f 4159/2478/3855 4162/2481/3857 4157/2476/3853
f 4162/2481/3857 4159/2478/3855 4163/2482/3858
f 4162/2481/3857 4164/2483/3859 4157/2476/3853
f 4160/2479/3856 4157/2476/3853 4164/2483/3859
f 4163/2482/3858 4165/2484/3860 4162/2481/3857
f 4164/2483/3859 4162/2481/3857 4165/2484/3860
f 4165/2484/3860 4163/2482/3858 4166/2485/3861
f 4166/2485/3861 4167/2486/3862 4165/2484/3860
f 4168/2487/3863 4165/2484/3860 4167/2486/3862
f 4168/2487/3863 4164/2483/3859 4165/2484/3860
f 4167/2486/3862 4169/2488/3864 4168/2487/3863
f 4168/2487/3863 4170/2489/3865 4164/2483/3859
f 4171/2490/3866 4170/2489/3865 4168/2487/3863
f 4168/2487/3863 4169/2488/3864 4171/2490/3866
f 4171/2490/3866 4172/2491/3799 4170/2489/3865
f 4173/2492/3867 4161/2480/3780 4160/2479/3856
f 4161/2480/3780 4173/2492/3867 4174/2493/3850
f 4160/2479/3856 4164/2483/3859 4175/2494/3868
f 4170/2489/3865 4175/2494/3868 4164/2483/3859
f 4176/2495/3869 4174/2493/3850 4173/2492/3867
f 4177/2496/3870 4174/2493/3850 4176/2495/3869
f 4178/2497/3849 4177/2496/3870 4176/2495/3869
f 4179/2498/3871 4173/2492/3867 4160/2479/3856
f 4173/2492/3867 4179/2498/3871 4176/2495/3869
f 4176/2495/3869 4179/2498/3871 4178/2497/3849
f 4160/2479/3856 4175/2494/3868 4179/2498/3871
f 4179/2498/3871 4180/2499/3846 4178/2497/3849
f 4181/2500/3844 4180/2499/3846 4179/2498/3871
f 4175/2494/3868 4181/2500/3844 4179/2498/3871
f 4182/2501/3872 4181/2500/3844 4175/2494/3868
f 4182/2501/3872 4175/2494/3868 4170/2489/3865
f 4182/2501/3872 4183/2502/3873 4181/2500/3844
f 4184/2503/3874 4183/2502/3873 4182/2501/3872
f 4184/2503/3874 4182/2501/3872 4170/2489/3865
f 4184/2503/3874 4185/2504/3875 4183/2502/3873
f 4184/2503/3874 4186/2505/3876 4185/2504/3875
f 4186/2505/3876 4184/2503/3874 4187/2506/3877
f 4187/2506/3877 4188/2507/3878 4186/2505/3876
f 4185/2504/3875 4186/2505/3876 4189/2508/3838
f 4189/2508/3838 4186/2505/3876 4190/2509/3828
f 4191/2510/3879 4189/2508/3838 4190/2509/3828
f 4192/2511/3880 4189/2508/3838 4191/2510/3879
f 4192/2511/3880 4191/2510/3879 4193/2512/3881
f 4194/2513/3882 4188/2507/3878 4187/2506/3877
f 4195/2514/3883 4184/2503/3874 4170/2489/3865
f 4184/2503/3874 4195/2514/3883 4187/2506/3877
f 4187/2506/3877 4196/2515/3884 4194/2513/3882
f 4196/2515/3884 4197/2516/3885 4194/2513/3882
f 4196/2515/3884 4198/2517/3886 4197/2516/3885
f 4196/2515/3884 4187/2506/3877 4198/2517/3886
f 4187/2506/3877 4199/2518/3887 4198/2517/3886
f 4199/2518/3887 4187/2506/3877 4200/2519/3813
f 4195/2514/3883 4200/2519/3813 4187/2506/3877
f 4201/2520/3888 4195/2514/3883 4170/2489/3865
f 4201/2520/3888 4170/2489/3865 4172/2491/3799
f 4172/2491/3799 4202/2521/3802 4201/2520/3888
f 4195/2514/3883 4203/2522/3889 4200/2519/3813
f 4195/2514/3883 4201/2520/3888 4203/2522/3889
f 4203/2522/3889 4201/2520/3888 4202/2521/3802
f 4203/2522/3889 4204/2523/3890 4200/2519/3813
f 4203/2522/3889 4202/2521/3802 4205/2524/3891
f 4204/2523/3890 4203/2522/3889 4205/2524/3891
f 4206/2525/3892 4205/2524/3891 4202/2521/3802
f 4205/2524/3891 4207/2526/3810 4204/2523/3890
f 4205/2524/3891 4206/2525/3892 4208/2527/3893
f 4207/2526/3810 4205/2524/3891 4208/2527/3893
f 4209/2263/3894 4210/2262/2489 4211/2264/2487
f 4211/2264/2487 4212/2265/3895 4209/2263/3894
f 4212/2265/3895 4213/2266/3896 4209/2263/3894
f 4214/2267/3897 4213/2266/3896 4212/2265/3895
f 4215/2268/3898 4213/2266/3896 4214/2267/3897
f 4214/2267/3897 4216/2269/3899 4215/2268/3898
f 4216/2269/3899 4217/2270/3900 4215/2268/3898
f 4216/2269/3899 4218/2271/3901 4217/2270/3900
f 4217/2270/3900 4218/2271/3901 4219/2272/3902
f 4220/2273/3903 4216/2269/3899 4214/2267/3897
f 4220/2273/3903 4218/2271/3901 4216/2269/3899
f 4221/2274/3904 4214/2267/3897 4212/2265/3895
f 4214/2267/3897 4221/2274/3904 4220/2273/3903
f 4222/2275/3905 4212/2265/3895 4211/2264/2487
f 4212/2265/3895 4222/2275/3905 4221/2274/3904
f 4218/2271/3901 4223/2276/3906 4219/2272/3902
f 4224/2277/3907 4219/2272/3902 4223/2276/3906
f 4220/2273/3903 4225/2278/3908 4218/2271/3901
f 4218/2271/3901 4225/2278/3908 4223/2276/3906
f 4226/2279/3909 4222/2275/3905 4211/2264/2487
f 4227/2280/2486 4226/2279/3909 4211/2264/2487
f 4228/2281/2475 4226/2279/3909 4227/2280/2486
f 4229/2282/3910 4226/2279/3909 4228/2281/2475
f 4228/2281/2475 4230/2283/2472 4229/2282/3910
f 4226/2279/3909 4231/2284/3911 4222/2275/3905
f 4226/2279/3909 4229/2282/3910 4231/2284/3911
f 4229/2282/3910 4230/2283/2472 4232/2285/3912
f 4233/2286/2468 4232/2285/3912 4230/2283/2472
f 4234/2287/3913 4229/2282/3910 4232/2285/3912
f 4231/2284/3911 4229/2282/3910 4234/2287/3913
f 4233/2286/2468 4235/2288/3914 4232/2285/3912
f 4232/2285/3912 4235/2288/3914 4234/2287/3913
f 4236/2289/2466 4235/2288/3914 4233/2286/2468
f 4236/2289/2466 4237/2290/3915 4235/2288/3914
f 4235/2288/3914 4237/2290/3915 4234/2287/3913
f 4237/2290/3915 4236/2289/2466 4238/2291/2463
f 4231/2284/3911 4239/2292/3916 4222/2275/3905
f 4239/2292/3916 4221/2274/3904 4222/2275/3905
f 4234/2287/3913 4240/2293/3917 4231/2284/3911
f 4239/2292/3916 4231/2284/3911 4240/2293/3917
f 4241/2294/3918 4237/2290/3915 4238/2291/2463
f 4238/2291/2463 4242/2295/3919 4241/2294/3918
f 4243/2296/3920 4234/2287/3913 4237/2290/3915
f 4240/2293/3917 4234/2287/3913 4243/2296/3920
f 4241/2294/3918 4242/2295/3919 4244/2297/3921
f 4244/2297/3921 4242/2295/3919 4245/2298/2459
f 4237/2290/3915 4241/2294/3918 4246/2299/3922
f 4246/2299/3922 4243/2296/3920 4237/2290/3915
f 4246/2299/3922 4241/2294/3918 4244/2297/3921
f 4243/2296/3920 4247/2300/3923 4240/2293/3917
f 4247/2300/3923 4243/2296/3920 4246/2299/3922
f 4248/2301/3924 4244/2297/3921 4245/2298/2459
f 4245/2298/2459 4249/2302/2456 4248/2301/3924
f 4248/2301/3924 4249/2302/2456 4250/2303/3925
f 4244/2297/3921 4251/2304/3926 4246/2299/3922
f 4251/2304/3926 4244/2297/3921 4248/2301/3924
f 4250/2303/3925 4252/2305/3927 4248/2301/3924
f 4248/2301/3924 4252/2305/3927 4251/2304/3926
f 4252/2305/3927 4250/2303/3925 4253/2306/3928
f 4252/2305/3927 4253/2306/3928 4254/2307/3929
f 4253/2306/3928 4255/2308/2452 4254/2307/3929
f 4256/2309/3930 4240/2293/3917 4247/2300/3923
f 4240/2293/3917 4256/2309/3930 4239/2292/3916
f 4246/2299/3922 4257/2310/3931 4247/2300/3923
f 4251/2304/3926 4257/2310/3931 4246/2299/3922
f 4258/2311/3932 4251/2304/3926 4252/2305/3927
f 4254/2307/3929 4258/2311/3932 4252/2305/3927
f 4247/2300/3923 4259/2312/3933 4256/2309/3930
f 4259/2312/3933 4247/2300/3923 4257/2310/3931
f 4256/2309/3930 4260/2313/3934 4239/2292/3916
f 4260/2313/3934 4256/2309/3930 4259/2312/3933
f 4261/2314/3935 4257/2310/3931 4251/2304/3926
f 4258/2311/3932 4261/2314/3935 4251/2304/3926
f 4257/2310/3931 4261/2314/3935 4262/2315/3936
f 4257/2310/3931 4262/2315/3936 4259/2312/3933
f 4258/2311/3932 4263/2316/3937 4261/2314/3935
f 4262/2315/3936 4261/2314/3935 4263/2316/3937
f 4258/2311/3932 4254/2307/3929 4264/2317/3938
f 4264/2317/3938 4263/2316/3937 4258/2311/3932
f 4239/2292/3916 4260/2313/3934 4265/2318/3939
f 4239/2292/3916 4265/2318/3939 4221/2274/3904
f 4221/2274/3904 4265/2318/3939 4266/2319/3940
f 4266/2319/3940 4220/2273/3903 4221/2274/3904
f 4265/2318/3939 4260/2313/3934 4267/2320/3941
f 4267/2320/3941 4266/2319/3940 4265/2318/3939
f 4259/2312/3933 4268/2321/3942 4260/2313/3934
f 4267/2320/3941 4260/2313/3934 4268/2321/3942
f 4269/2322/3943 4259/2312/3933 4262/2315/3936
f 4269/2322/3943 4268/2321/3942 4259/2312/3933
f 4270/2323/3944 4262/2315/3936 4263/2316/3937
f 4270/2323/3944 4269/2322/3943 4262/2315/3936
f 4220/2273/3903 4266/2319/3940 4271/2324/3945
f 4271/2324/3945 4225/2278/3908 4220/2273/3903
f 4266/2319/3940 4267/2320/3941 4272/2325/3946
f 4272/2325/3946 4271/2324/3945 4266/2319/3940
f 4268/2321/3942 4273/2326/3947 4267/2320/3941
f 4272/2325/3946 4267/2320/3941 4273/2326/3947
f 4263/2316/3937 4274/2327/3948 4270/2323/3944
f 4274/2327/3948 4263/2316/3937 4264/2317/3938
f 4268/2321/3942 4269/2322/3943 4275/2328/3949
f 4275/2328/3949 4273/2326/3947 4268/2321/3942
f 4270/2323/3944 4276/2329/3950 4269/2322/3943
f 4276/2329/3950 4270/2323/3944 4274/2327/3948
f 4275/2328/3949 4269/2322/3943 4276/2329/3950
f 4225/2278/3908 4271/2324/3945 4277/2330/3951
f 4271/2324/3945 4272/2325/3946 4278/2331/3952
f 4278/2331/3952 4277/2330/3951 4271/2324/3945
f 4273/2326/3947 4279/2332/3953 4272/2325/3946
f 4278/2331/3952 4272/2325/3946 4279/2332/3953
f 4273/2326/3947 4275/2328/3949 4280/2333/3954
f 4280/2333/3954 4279/2332/3953 4273/2326/3947
f 4275/2328/3949 4276/2329/3950 4281/2334/3955
f 4281/2334/3955 4280/2333/3954 4275/2328/3949
f 4225/2278/3908 4277/2330/3951 4282/2335/3956
f 4225/2278/3908 4282/2335/3956 4223/2276/3906
f 4279/2332/3953 4283/2336/3957 4278/2331/3952
f 4284/2337/3958 4279/2332/3953 4280/2333/3954
f 4283/2336/3957 4279/2332/3953 4284/2337/3958
f 4277/2330/3951 4278/2331/3952 4285/2338/3959
f 4285/2338/3959 4278/2331/3952 4283/2336/3957
f 4277/2330/3951 4286/2339/3960 4282/2335/3956
f 4285/2338/3959 4286/2339/3960 4277/2330/3951
f 4223/2276/3906 4282/2335/3956 4287/2340/3961
f 4282/2335/3956 4286/2339/3960 4287/2340/3961
f 4280/2333/3954 4281/2334/3955 4288/2341/3962
f 4288/2341/3962 4284/2337/3958 4280/2333/3954
f 4287/2340/3961 4289/2342/3963 4223/2276/3906
f 4223/2276/3906 4289/2342/3963 4224/2277/3907
f 4224/2277/3907 4289/2342/3963 4290/2343/3964
f 4289/2342/3963 4291/2344/3965 4290/2343/3964
f 4289/2342/3963 4292/2345/3966 4291/2344/3965
f 4287/2340/3961 4292/2345/3966 4289/2342/3963
f 4287/2340/3961 4293/2346/3967 4292/2345/3966
f 4286/2339/3960 4293/2346/3967 4287/2340/3961
f 4286/2339/3960 4294/2347/3968 4293/2346/3967
f 4294/2347/3968 4286/2339/3960 4285/2338/3959
f 4294/2347/3968 4285/2338/3959 4295/2348/3969
f 4295/2348/3969 4296/2349/3970 4294/2347/3968
f 4283/2336/3957 4295/2348/3969 4285/2338/3959
f 4295/2348/3969 4297/2350/3971 4296/2349/3970
f 4298/2351/3972 4295/2348/3969 4283/2336/3957
f 4297/2350/3971 4295/2348/3969 4298/2351/3972
f 4283/2336/3957 4284/2337/3958 4298/2351/3972
f 4299/2352/3973 4297/2350/3971 4298/2351/3972
f 4284/2337/3958 4299/2352/3973 4298/2351/3972
f 4299/2352/3973 4300/2353/3974 4297/2350/3971
f 4284/2337/3958 4288/2341/3962 4299/2352/3973
f 4301/2354/3975 4300/2353/3974 4299/2352/3973
f 4299/2352/3973 4288/2341/3962 4301/2354/3975
f 4302/2355/3976 4300/2353/3974 4301/2354/3975
f 4302/2355/3976 4301/2354/3975 4303/2356/3977
f 4303/2356/3977 4304/2357/3978 4302/2355/3976
f 4305/2358/3979 4304/2357/3978 4303/2356/3977
f 4288/2341/3962 4306/2359/3980 4301/2354/3975
f 4303/2356/3977 4301/2354/3975 4306/2359/3980
f 4288/2341/3962 4281/2334/3955 4306/2359/3980
f 4281/2334/3955 4307/2360/3981 4306/2359/3980
f 4281/2334/3955 4276/2329/3950 4307/2360/3981
f 4307/2360/3981 4276/2329/3950 4308/2361/3982
f 4274/2327/3948 4308/2361/3982 4276/2329/3950
f 4309/2362/3983 4306/2359/3980 4307/2360/3981
f 4307/2360/3981 4308/2361/3982 4310/2363/3984
f 4310/2363/3984 4309/2362/3983 4307/2360/3981
f 4311/2364/3985 4308/2361/3982 4274/2327/3948
f 4311/2364/3985 4310/2363/3984 4308/2361/3982
f 4309/2362/3983 4312/2365/3986 4306/2359/3980
f 4312/2365/3986 4303/2356/3977 4306/2359/3980
f 4310/2363/3984 4313/2366/3987 4309/2362/3983
f 4313/2366/3987 4310/2363/3984 4311/2364/3985
f 4312/2365/3986 4309/2362/3983 4313/2366/3987
f 4274/2327/3948 4314/2367/3988 4311/2364/3985
f 4274/2327/3948 4264/2317/3938 4314/2367/3988
f 4311/2364/3985 4315/2368/3989 4313/2366/3987
f 4315/2368/3989 4311/2364/3985 4314/2367/3988
f 4303/2356/3977 4312/2365/3986 4316/2369/3990
f 4312/2365/3986 4313/2366/3987 4317/2370/3991
f 4317/2370/3991 4316/2369/3990 4312/2365/3986
f 4315/2368/3989 4318/2371/3992 4313/2366/3987
f 4317/2370/3991 4313/2366/3987 4318/2371/3992
f 4316/2369/3990 4319/2372/3993 4303/2356/3977
f 4303/2356/3977 4319/2372/3993 4305/2358/3979
f 4305/2358/3979 4319/2372/3993 4320/2373/3994
f 4320/2373/3994 4321/2374/3995 4305/2358/3979
f 4322/2375/3996 4320/2373/3994 4319/2372/3993
f 4319/2372/3993 4316/2369/3990 4322/2375/3996
f 4322/2375/3996 4316/2369/3990 4323/2376/3997
f 4317/2370/3991 4323/2376/3997 4316/2369/3990
f 4324/2377/3998 4323/2376/3997 4317/2370/3991
f 4324/2377/3998 4317/2370/3991 4318/2371/3992
f 4325/2378/3896 4324/2377/3998 4318/2371/3992
f 4318/2371/3992 4326/2379/3999 4325/2378/3896
f 4326/2379/3999 4318/2371/3992 4315/2368/3989
f 4327/2380/3894 4325/2378/3896 4326/2379/3999
f 4315/2368/3989 4328/2381/4000 4326/2379/3999
f 4314/2367/3988 4328/2381/4000 4315/2368/3989
f 4326/2379/3999 4329/2382/4001 4327/2380/3894
f 4326/2379/3999 4328/2381/4000 4329/2382/4001
f 4327/2380/3894 4329/2382/4001 4330/2383/2489
f 4331/2384/2493 4330/2383/2489 4329/2382/4001
f 4332/2385/4002 4329/2382/4001 4328/2381/4000
f 4332/2385/4002 4328/2381/4000 4314/2367/3988
f 4331/2384/2493 4329/2382/4001 4332/2385/4002
f 4314/2367/3988 4333/2386/4003 4332/2385/4002
f 4314/2367/3988 4264/2317/3938 4333/2386/4003
f 4332/2385/4002 4334/2387/4004 4331/2384/2493
f 4334/2387/4004 4332/2385/4002 4333/2386/4003
f 4331/2384/2493 4334/2387/4004 4335/2388/4005
f 4255/2308/2452 4335/2388/4005 4334/2387/4004
f 4333/2386/4003 4264/2317/3938 4336/2389/4006
f 4333/2386/4003 4336/2389/4006 4334/2387/4004
f 4334/2387/4004 4336/2389/4006 4255/2308/2452
f 4254/2307/3929 4336/2389/4006 4264/2317/3938
f 4254/2307/3929 4255/2308/2452 4336/2389/4006
f 4337/2392/4007 4338/2391/4008 4339/2390/4009
f 4339/2390/4009 4340/2393/4010 4337/2392/4007
f 4341/2394/4011 4337/2392/4007 4340/2393/4010
f 4342/2395/4012 4340/2393/4010 4339/2390/4009
f 4339/2390/4009 4343/2396/3968 4342/2395/4012
f 4340/2393/4010 4344/2397/4013 4341/2394/4011
f 4341/2394/4011 4344/2397/4013 4345/2398/4014
f 4342/2395/4012 4343/2396/3968 4346/2399/4015
f 4347/2400/4016 4346/2399/4015 4343/2396/3968
f 4348/2401/4017 4340/2393/4010 4342/2395/4012
f 4344/2397/4013 4340/2393/4010 4348/2401/4017
f 4347/2400/4016 4349/2402/4018 4346/2399/4015
f 4349/2402/4018 4347/2400/4016 4350/2403/3971
f 4351/2404/4019 4342/2395/4012 4346/2399/4015
f 4348/2401/4017 4342/2395/4012 4351/2404/4019
f 4351/2404/4019 4346/2399/4015 4349/2402/4018
f 4352/2405/4020 4349/2402/4018 4350/2403/3971
f 4350/2403/3971 4353/2406/3974 4352/2405/4020
f 4353/2406/3974 4354/2407/4021 4352/2405/4020
f 4353/2406/3974 4355/2408/4022 4354/2407/4021
f 4354/2407/4021 4355/2408/4022 4356/2409/4023
f 4356/2409/4023 4357/2410/4024 4354/2407/4021
f 4357/2410/4024 4358/2411/4025 4354/2407/4021
f 4359/2412/4026 4358/2411/4025 4357/2410/4024
f 4354/2407/4021 4360/2413/4027 4352/2405/4020
f 4354/2407/4021 4358/2411/4025 4360/2413/4027
f 4359/2412/4026 4361/2414/4028 4358/2411/4025
f 4361/2414/4028 4360/2413/4027 4358/2411/4025
f 4362/2415/4029 4361/2414/4028 4359/2412/4026
f 4352/2405/4020 4363/2416/4030 4349/2402/4018
f 4363/2416/4030 4352/2405/4020 4360/2413/4027
f 4349/2402/4018 4364/2417/4031 4351/2404/4019
f 4363/2416/4030 4364/2417/4031 4349/2402/4018
f 4365/2418/4032 4363/2416/4030 4360/2413/4027
f 4361/2414/4028 4365/2418/4032 4360/2413/4027
f 4366/2419/4033 4361/2414/4028 4362/2415/4029
f 4362/2415/4029 4367/2420/4034 4366/2419/4033
f 4366/2419/4033 4368/2421/4035 4361/2414/4028
f 4368/2421/4035 4365/2418/4032 4361/2414/4028
f 4369/2422/4036 4366/2419/4033 4367/2420/4034
f 4368/2421/4035 4366/2419/4033 4369/2422/4036
f 4367/2420/4034 4370/2423/4037 4369/2422/4036
f 4371/2424/4038 4363/2416/4030 4365/2418/4032
f 4364/2417/4031 4363/2416/4030 4371/2424/4038
f 4370/2423/4037 4372/2425/4039 4369/2422/4036
f 4370/2423/4037 4373/2426/4040 4372/2425/4039
f 4372/2425/4039 4373/2426/4040 4374/2427/4041
f 4368/2421/4035 4375/2428/4042 4365/2418/4032
f 4375/2428/4042 4371/2424/4038 4365/2418/4032
f 4369/2422/4036 4376/2429/4043 4368/2421/4035
f 4376/2429/4043 4369/2422/4036 4372/2425/4039
f 4374/2427/4041 4377/2430/4044 4372/2425/4039
f 4377/2430/4044 4374/2427/4041 4378/2431/4045
f 4377/2430/4044 4379/2432/4046 4372/2425/4039
f 4379/2432/4046 4377/2430/4044 4378/2431/4045
f 4372/2425/4039 4379/2432/4046 4376/2429/4043
f 4379/2432/4046 4378/2431/4045 4380/2433/4047
f 4379/2432/4046 4380/2433/4047 4376/2429/4043
f 4380/2433/4047 4381/2434/4048 4376/2429/4043
f 4376/2429/4043 4381/2434/4048 4368/2421/4035
f 4368/2421/4035 4381/2434/4048 4375/2428/4042
f 4375/2428/4042 4382/2435/4049 4371/2424/4038
f 4382/2435/4049 4375/2428/4042 4381/2434/4048
f 4381/2434/4048 4383/2436/4050 4382/2435/4049
f 4384/2437/4051 4383/2436/4050 4381/2434/4048
f 4383/2436/4050 4384/2437/4051 4385/2438/4052
f 4386/2439/4053 4371/2424/4038 4382/2435/4049
f 4371/2424/4038 4386/2439/4053 4364/2417/4031
f 4385/2438/4052 4387/2440/4054 4383/2436/4050
f 4388/2441/4055 4387/2440/4054 4385/2438/4052
f 4387/2440/4054 4388/2441/4055 4389/2442/4056
f 4387/2440/4054 4389/2442/4056 4390/2443/4057
f 4390/2443/4057 4383/2436/4050 4387/2440/4054
f 4390/2443/4057 4391/2444/4058 4383/2436/4050
f 4382/2435/4049 4383/2436/4050 4392/2445/4059
f 4382/2435/4049 4392/2445/4059 4386/2439/4053
f 4391/2444/4058 4392/2445/4059 4383/2436/4050
f 4386/2439/4053 4393/2446/4060 4364/2417/4031
f 4393/2446/4060 4351/2404/4019 4364/2417/4031
f 4392/2445/4059 4394/2447/4061 4386/2439/4053
f 4391/2444/4058 4394/2447/4061 4392/2445/4059
f 4394/2447/4061 4393/2446/4060 4386/2439/4053
f 4391/2444/4058 4395/2448/4062 4394/2447/4061
f 4394/2447/4061 4395/2448/4062 4393/2446/4060
f 4391/2444/4058 4396/2449/4063 4395/2448/4062
f 4393/2446/4060 4397/2450/4064 4351/2404/4019
f 4397/2450/4064 4348/2401/4017 4351/2404/4019
f 4393/2446/4060 4395/2448/4062 4398/2451/4065
f 4398/2451/4065 4397/2450/4064 4393/2446/4060
f 4396/2449/4063 4399/2452/4066 4395/2448/4062
f 4400/2453/4067 4399/2452/4066 4396/2449/4063
f 4401/2454/4068 4398/2451/4065 4395/2448/4062
f 4395/2448/4062 4399/2452/4066 4401/2454/4068
f 4400/2453/4067 4402/2455/4069 4399/2452/4066
f 4402/2455/4069 4401/2454/4068 4399/2452/4066
f 4403/2456/4070 4402/2455/4069 4400/2453/4067
f 4403/2456/4070 4404/2457/4071 4402/2455/4069
f 4402/2455/4069 4404/2457/4071 4401/2454/4068
f 4404/2457/4071 4403/2456/4070 4405/2458/4072
f 4404/2457/4071 4405/2458/4072 4406/2459/4073
f 4406/2459/4073 4407/2460/4074 4404/2457/4071
f 4404/2457/4071 4407/2460/4074 4401/2454/4068
f 4407/2460/4074 4406/2459/4073 4408/2461/4075
f 4401/2454/4068 4409/2462/4076 4398/2451/4065
f 4401/2454/4068 4407/2460/4074 4409/2462/4076
f 4408/2461/4075 4409/2462/4076 4407/2460/4074
f 4398/2451/4065 4409/2462/4076 4397/2450/4064
f 4409/2462/4076 4408/2461/4075 4410/2463/4077
f 4409/2462/4076 4411/2464/4078 4397/2450/4064
f 4410/2463/4077 4411/2464/4078 4409/2462/4076
f 4397/2450/4064 4411/2464/4078 4348/2401/4017
f 4410/2463/4077 4412/2465/4079 4411/2464/4078
f 4411/2464/4078 4413/2466/4080 4348/2401/4017
f 4412/2465/4079 4413/2466/4080 4411/2464/4078
f 4413/2466/4080 4344/2397/4013 4348/2401/4017
f 4414/2467/4081 4413/2466/4080 4412/2465/4079
f 4413/2466/4080 4415/2468/4082 4344/2397/4013
f 4414/2467/4081 4415/2468/4082 4413/2466/4080
f 4415/2468/4082 4345/2398/4014 4344/2397/4013
f 4414/2467/4081 4416/2469/4083 4415/2468/4082
f 4345/2398/4014 4415/2468/4082 4416/2469/4083
f 4414/2467/4081 4417/2470/4084 4416/2469/4083
f 4416/2469/4083 4418/2471/4085 4345/2398/4014
f 4416/2469/4083 4417/2470/4084 4419/2472/4086
f 4419/2472/4086 4418/2471/4085 4416/2469/4083
f 4420/2474/4087 4421/2473/4007 4422/2475/4088
f 4422/2475/4088 4421/2473/4007 4423/2476/4089
f 4424/2478/4090 4422/2475/4088 4423/2476/4089
f 4423/2476/4089 4421/2473/4007 4425/2477/4011
f 4423/2476/4089 4426/2481/4091 4424/2478/4090
f 4424/2478/4090 4426/2481/4091 4427/2482/4092
f 4425/2477/4011 4428/2479/4093 4423/2476/4089
f 4428/2479/4093 4425/2477/4011 4429/2480/4014
f 4430/2484/4094 4427/2482/4092 4426/2481/4091
f 4431/2485/3978 4427/2482/4092 4430/2484/4094
f 4430/2484/4094 4432/2486/4095 4431/2485/3978
f 4433/2483/4096 4426/2481/4091 4423/2476/4089
f 4430/2484/4094 4426/2481/4091 4433/2483/4096
f 4423/2476/4089 4428/2479/4093 4433/2483/4096
f 4432/2486/4095 4430/2484/4094 4434/2487/4097
f 4433/2483/4096 4434/2487/4097 4430/2484/4094
f 4434/2487/4097 4435/2488/4098 4432/2486/4095
f 4436/2489/4099 4434/2487/4097 4433/2483/4096
f 4436/2489/4099 4437/2490/4100 4434/2487/4097
f 4437/2490/4100 4435/2488/4098 4434/2487/4097
f 4438/2491/4034 4437/2490/4100 4436/2489/4099
f 4429/2480/4014 4439/2492/4101 4428/2479/4093
f 4439/2492/4101 4429/2480/4014 4440/2493/4102
f 4433/2483/4096 4428/2479/4093 4441/2494/4103
f 4441/2494/4103 4436/2489/4099 4433/2483/4096
f 4440/2493/4102 4442/2495/4104 4439/2492/4101
f 4440/2493/4102 4443/2496/4105 4442/2495/4104
f 4443/2496/4105 4444/2497/4106 4442/2495/4104
f 4428/2479/4093 4439/2492/4101 4445/2498/4107
f 4445/2498/4107 4439/2492/4101 4442/2495/4104
f 4445/2498/4107 4442/2495/4104 4444/2497/4106
f 4445/2498/4107 4441/2494/4103 4428/2479/4093
f 4446/2499/4081 4445/2498/4107 4444/2497/4106
f 4446/2499/4081 4447/2500/4108 4445/2498/4107
f 4441/2494/4103 4445/2498/4107 4447/2500/4108
f 4447/2500/4108 4448/2501/4109 4441/2494/4103
f 4441/2494/4103 4448/2501/4109 4436/2489/4099
f 4449/2502/4110 4448/2501/4109 4447/2500/4108
f 4449/2502/4110 4450/2503/4111 4448/2501/4109
f 4448/2501/4109 4450/2503/4111 4436/2489/4099
f 4451/2504/4112 4450/2503/4111 4449/2502/4110
f 4452/2505/4058 4450/2503/4111 4451/2504/4112
f 4453/2506/4113 4450/2503/4111 4452/2505/4058
f 4452/2505/4058 4454/2507/4114 4453/2506/4113
f 4452/2505/4058 4451/2504/4112 4455/2508/4073
f 4452/2505/4058 4455/2508/4073 4456/2509/4115
f 4457/2510/4116 4456/2509/4115 4455/2508/4073
f 4455/2508/4073 4458/2511/4117 4457/2510/4116
f 4457/2510/4116 4458/2511/4117 4459/2512/4118
f 4454/2507/4114 4460/2513/4056 4453/2506/4113
f 4450/2503/4111 4461/2514/4119 4436/2489/4099
f 4461/2514/4119 4450/2503/4111 4453/2506/4113
f 4460/2513/4056 4462/2515/4120 4453/2506/4113
f 4463/2516/4121 4462/2515/4120 4460/2513/4056
f 4464/2517/4122 4462/2515/4120 4463/2516/4121
f 4453/2506/4113 4462/2515/4120 4464/2517/4122
f 4453/2506/4113 4464/2517/4122 4465/2518/4123
f 4453/2506/4113 4465/2518/4123 4466/2519/4124
f 4466/2519/4124 4461/2514/4119 4453/2506/4113
f 4461/2514/4119 4467/2520/4125 4436/2489/4099
f 4436/2489/4099 4467/2520/4125 4438/2491/4034
f 4468/2521/4126 4438/2491/4034 4467/2520/4125
f 4469/2522/4127 4461/2514/4119 4466/2519/4124
f 4467/2520/4125 4461/2514/4119 4469/2522/4127
f 4467/2520/4125 4469/2522/4127 4468/2521/4126
f 4470/2523/4128 4469/2522/4127 4466/2519/4124
f 4468/2521/4126 4469/2522/4127 4471/2524/4129
f 4471/2524/4129 4469/2522/4127 4470/2523/4128
f 4471/2524/4129 4472/2525/4130 4468/2521/4126
f 4470/2523/4128 4473/2526/4045 4471/2524/4129
f 4472/2525/4130 4471/2524/4129 4474/2527/4131
f 4471/2524/4129 4473/2526/4045 4474/2527/4131
f 4475/2528/4132 4476/2529/4133 4477/2530/4134
f 4478/2531/4135 4476/2529/4133 4475/2528/4132
f 4479/2532/4136 4478/2531/4135 4475/2528/4132
f 4478/2531/4135 4479/2532/4136 4480/2533/4137
f 4479/2532/4136 4481/2534/4138 4480/2533/4137
f 4482/2535/4139 4479/2532/4136 4475/2528/4132
f 4482/2535/4139 4481/2534/4138 4479/2532/4136
f 4483/2536/4140 4481/2534/4138 4482/2535/4139
f 4483/2536/4140 4482/2535/4139 4484/2537/4141
f 4484/2537/4141 4482/2535/4139 4485/2538/4142
f 4486/2539/4143 4487/2540/4144 4488/2541/4145
f 4487/2540/4144 4489/2542/4146 4488/2541/4145
f 4489/2542/4146 4490/2543/4147 4488/2541/4145
f 4491/2544/4138 4490/2543/4147 4489/2542/4146
f 4492/2545/4137 4491/2544/4138 4489/2542/4146
f 4493/2546/4148 4490/2543/4147 4491/2544/4138
f 4490/2543/4147 4493/2546/4148 4494/2547/4149
f 4495/2548/4150 4490/2543/4147 4494/2547/4149
f 4496/2529/4151 4497/2528/4152 4498/2530/4153
f 4496/2529/4151 4499/2531/4154 4497/2528/4152
f 4499/2531/4154 4500/2532/4155 4497/2528/4152
f 4500/2532/4155 4499/2531/4154 4501/2533/4156
f 4502/2534/4157 4500/2532/4155 4501/2533/4156
f 4500/2532/4155 4503/2535/4158 4497/2528/4152
f 4502/2534/4157 4503/2535/4158 4500/2532/4155
f 4502/2534/4157 4504/2536/4159 4503/2535/4158
f 4503/2535/4158 4504/2536/4159 4505/2537/4160
f 4503/2535/4158 4505/2537/4160 4506/2538/4161
f 4507/2540/4162 4508/2539/4163 4509/2541/4164
f 4510/2542/4165 4507/2540/4162 4509/2541/4164
f 4511/2543/4166 4510/2542/4165 4509/2541/4164
f 4511/2543/4166 4512/2544/4157 4510/2542/4165
f 4512/2544/4157 4513/2545/4167 4510/2542/4165
f 4511/2543/4166 4514/2546/4168 4512/2544/4157
f 4514/2546/4168 4511/2543/4166 4515/2547/4169
f 4511/2543/4166 4516/2548/4170 4515/2547/4169
f 4517/2549/4171 770/761/743 4518/2550/4172
f 4517/2549/4171 2176/759/2070 770/761/743
f 4518/2550/4172 4519/2551/4173 4517/2549/4171
f 4518/2550/4172 4520/2552/4174 4519/2551/4173
f 4521/2553/4175 4519/2551/4173 4520/2552/4174
f 4519/2551/4173 4521/2553/4175 4522/2554/4176
f 4517/2549/4171 4519/2551/4173 4522/2554/4176
f 4517/2549/4171 4523/2555/4177 2176/759/2070
f 4523/2555/4177 4517/2549/4171 4522/2554/4176
f 4524/2556/4178 4523/2555/4177 4522/2554/4176
f 2176/759/2070 4523/2555/4177 2175/757/2069
f 4524/2556/4178 4525/2557/4179 4523/2555/4177
f 4523/2555/4177 4525/2557/4179 2175/757/2069
f 4526/2558/4180 4525/2557/4179 4524/2556/4178
f 4527/2559/4181 4525/2557/4179 4526/2558/4180
f 2175/757/2069 4525/2557/4179 4527/2559/4181
f 4527/2559/4181 4528/2560/4182 2175/757/2069
f 2175/757/2069 4528/2560/4182 4529/2561/4183
f 2175/757/2069 4529/2561/4183 2169/742/2064
f 4530/2562/4184 2169/742/2064 4529/2561/4183
f 4531/2563/4185 4530/2562/4184 4529/2561/4183
f 4530/2562/4184 756/747/730 2169/742/2064
f 4532/2564/4186 4530/2562/4184 4531/2563/4185
f 4530/2562/4184 4532/2564/4186 756/747/730
f 4518/2550/4172 770/761/743 4533/2549/4187
f 768/759/741 4533/2549/4187 770/761/743
f 4533/2549/4187 4534/2551/4188 4518/2550/4172
f 4520/2552/4174 4518/2550/4172 4534/2551/4188
f 4521/2553/4175 4520/2552/4174 4534/2551/4188
f 4522/2554/4176 4521/2553/4175 4534/2551/4188
f 4534/2551/4188 4533/2549/4187 4522/2554/4176
f 4535/2555/4189 4533/2549/4187 768/759/741
f 4535/2555/4189 4522/2554/4176 4533/2549/4187
f 4535/2555/4189 4524/2556/4178 4522/2554/4176
f 766/757/739 4535/2555/4189 768/759/741
f 4536/2557/4190 4524/2556/4178 4535/2555/4189
f 4536/2557/4190 4535/2555/4189 766/757/739
f 4536/2557/4190 4526/2558/4180 4524/2556/4178
f 4536/2557/4190 4527/2559/4181 4526/2558/4180
f 4527/2559/4181 4536/2557/4190 766/757/739
f 4527/2559/4181 766/757/739 4528/2560/4182
f 4529/2561/4183 4528/2560/4182 766/757/739
f 751/742/725 4529/2561/4183 766/757/739
f 751/742/725 4537/2562/4191 4529/2561/4183
f 4537/2562/4191 4531/2563/4185 4529/2561/4183
f 4537/2562/4191 751/742/725 756/747/730
f 4537/2562/4191 4532/2564/4186 4531/2563/4185
f 756/747/730 4532/2564/4186 4537/2562/4191
f 4538/2565/4192 4539/2566/4193 4540/2567/2705
f 4538/2565/4192 4541/2568/4194 4539/2566/4193
f 4539/2566/4193 4542/2569/1634 4540/2567/2705
f 4539/2566/4193 4541/2568/4194 4543/2570/2948
f 4539/2566/4193 4544/2571/4195 4542/2569/1634
f 4545/2572/2507 4542/2569/1634 4544/2571/4195
f 4546/2573/4196 4545/2572/2507 4544/2571/4195
f 4543/2570/2948 4547/2574/4197 4539/2566/4193
f 4544/2571/4195 4539/2566/4193 4547/2574/4197
f 4544/2571/4195 4548/2575/4198 4546/2573/4196
f 4548/2575/4198 4549/2576/2500 4546/2573/4196
f 4550/2577/2496 4549/2576/2500 4548/2575/4198
f 4551/2578/4199 4547/2574/4197 4543/2570/2948
f 4543/2570/2948 3765/2077/2949 4551/2578/4199
f 3762/2074/3489 4551/2578/4199 3765/2077/2949
f 4551/2578/4199 3762/2074/3489 3760/2072/3487
f 4552/2579/4200 4544/2571/4195 4547/2574/4197
f 4544/2571/4195 4552/2579/4200 4548/2575/4198
f 4547/2574/4197 4551/2578/4199 4553/2580/4201
f 4553/2580/4201 4552/2579/4200 4547/2574/4197
f 3760/2072/3487 4553/2580/4201 4551/2578/4199
f 4548/2575/4198 4552/2579/4200 4553/2580/4201
f 4554/2581/4202 4550/2577/2496 4548/2575/4198
f 4553/2580/4201 4554/2581/4202 4548/2575/4198
f 3760/2072/3487 4554/2581/4202 4553/2580/4201
f 3755/2068/3483 4550/2577/2496 4554/2581/4202
f 3760/2072/3487 3758/2070/3485 4554/2581/4202
f 3755/2068/3483 4554/2581/4202 3758/2070/3485
f 4555/2566/4203 4556/2565/4204 4557/2567/4205
f 4558/2568/4206 4556/2565/4204 4555/2566/4203
f 4559/2569/4207 4555/2566/4203 4557/2567/4205
f 4560/2570/2726 4558/2568/4206 4555/2566/4203
f 4561/2571/4208 4555/2566/4203 4559/2569/4207
f 4562/2572/4209 4561/2571/4208 4559/2569/4207
f 4561/2571/4208 4562/2572/4209 4563/2573/4210
f 4555/2566/4203 4564/2574/4211 4560/2570/2726
f 4555/2566/4203 4561/2571/4208 4564/2574/4211
f 4565/2575/4212 4561/2571/4208 4563/2573/4210
f 4566/2576/1242 4565/2575/4212 4563/2573/4210
f 4565/2575/4212 4566/2576/1242 4567/2577/4213
f 4564/2574/4211 4568/2578/4214 4560/2570/2726
f 3570/2077/2727 4560/2570/2726 4568/2578/4214
f 4568/2578/4214 3567/2074/3319 3570/2077/2727
f 3567/2074/3319 4568/2578/4214 3565/2072/3317
f 4561/2571/4208 4569/2579/4215 4564/2574/4211
f 4569/2579/4215 4561/2571/4208 4565/2575/4212
f 4568/2578/4214 4564/2574/4211 4570/2580/4216
f 4569/2579/4215 4570/2580/4216 4564/2574/4211
f 4568/2578/4214 4570/2580/4216 3565/2072/3317
f 4570/2580/4216 4569/2579/4215 4565/2575/4212
f 4567/2577/4213 4571/2581/4217 4565/2575/4212
f 4565/2575/4212 4571/2581/4217 4570/2580/4216
f 4571/2581/4217 3565/2072/3317 4570/2580/4216
f 4567/2577/4213 3561/2068/3 4571/2581/4217
f 3563/2070/3315 3565/2072/3317 4571/2581/4217
f 4571/2581/4217 3561/2068/3 3563/2070/3315
f 4572/2582/4218 4573/2583/2706 4574/2584/4219
f 4574/2584/4219 4573/2583/2706 4575/2585/4220
f 4576/2586/2701 4574/2584/4219 4575/2585/4220
f 4572/2582/4218 4574/2584/4219 4577/2587/4192
f 4574/2584/4219 4576/2586/2701 4578/2588/4221
f 4579/2589/4222 4577/2587/4192 4574/2584/4219
f 4578/2588/4221 4579/2589/4222 4574/2584/4219
f 4577/2587/4192 4579/2589/4222 4580/2590/4223
f 4578/2588/4221 4581/2591/2698 4579/2589/4222
f 4580/2590/4223 4579/2589/4222 4581/2591/2698
f 4582/2592/4224 4583/2593/4225 4584/2594/4226
f 4585/2595/4227 4583/2593/4225 4582/2592/4224
f 4583/2593/4225 4585/2595/4227 4586/2596/4228
f 4584/2594/4226 4583/2593/4225 4587/2597/4229
f 4586/2596/4228 4587/2597/4229 4583/2593/4225
f 4587/2597/4229 4588/2598/4230 4584/2594/4226
f 4587/2597/4229 4589/2599/4231 4588/2598/4230
f 4587/2597/4229 4586/2596/4228 4590/2600/4232
f 4589/2599/4231 4587/2597/4229 4590/2600/4232
f 4590/2600/4232 4586/2596/4228 4591/2601/4233
f 4590/2600/4232 4592/2602/4224 4589/2599/4231
f 4590/2600/4232 4591/2601/4233 4592/2602/4224
f 4593/2603/4234 4594/2604/1952 4595/2605/4235
f 4596/2606/4236 4594/2604/1952 4593/2603/4234
f 4593/2603/4234 4595/2605/4235 4597/2607/4237
f 4596/2606/4236 4593/2603/4234 4598/2608/4238
f 4599/2609/4239 4593/2603/4234 4597/2607/4237
f 4599/2609/4239 4598/2608/4238 4593/2603/4234
f 4599/2609/4239 4597/2607/4237 4600/2610/4240
f 4601/2611/1958 4598/2608/4238 4599/2609/4239
f 4599/2609/4239 4600/2610/4240 4602/2612/4241
f 4599/2609/4239 4603/2613/1953 4601/2611/1958
f 4602/2612/4241 4603/2613/1953 4599/2609/4239
f 4604/2614/2555 4605/2615/4242 4606/2616/2556
f 4605/2615/4242 4607/2617/4243 4606/2616/2556
f 4608/2618/2553 4605/2615/4242 4604/2614/2555
f 4608/2618/2553 4607/2617/4243 4605/2615/4242
f 4609/2619/1656 4610/2620/2561 4611/2621/4244
f 4611/2621/4244 4610/2620/2561 4612/2622/2556
f 4613/2623/4245 4609/2619/1656 4611/2621/4244
f 4613/2623/4245 4611/2621/4244 4612/2622/2556
f 4614/2583/4246 4615/2582/4247 4616/2584/4248
f 4614/2583/4246 4616/2584/4248 4617/2585/4249
f 4616/2584/4248 4618/2586/1485 4617/2585/4249
f 4616/2584/4248 4615/2582/4247 4619/2587/4250
f 4618/2586/1485 4616/2584/4248 4620/2588/4251
f 4619/2587/4250 4621/2589/4252 4616/2584/4248
f 4621/2589/4252 4620/2588/4251 4616/2584/4248
f 4621/2589/4252 4619/2587/4250 4622/2590/4253
f 4623/2591/4254 4620/2588/4251 4621/2589/4252
f 4621/2589/4252 4622/2590/4253 4623/2591/4254
f 4624/2592/4255 4625/2594/4256 4626/2593/4257
f 4626/2593/4257 4627/2595/4258 4624/2592/4255
f 4627/2595/4258 4626/2593/4257 4628/2596/4259
f 4629/2597/4260 4626/2593/4257 4625/2594/4256
f 4629/2597/4260 4628/2596/4259 4626/2593/4257
f 4625/2594/4256 4630/2598/4261 4629/2597/4260
f 4631/2599/4262 4629/2597/4260 4630/2598/4261
f 4628/2596/4259 4629/2597/4260 4632/2600/4263
f 4632/2600/4263 4629/2597/4260 4631/2599/4262
f 4628/2596/4259 4632/2600/4263 4633/2601/4258
f 4631/2599/4262 4634/2602/4264 4632/2600/4263
f 4633/2601/4258 4632/2600/4263 4634/2602/4264
f 4635/2604/4265 4636/2603/4266 4637/2605/4267
f 4635/2604/4265 4638/2606/577 4636/2603/4266
f 4637/2605/4267 4636/2603/4266 4639/2607/4268
f 4636/2603/4266 4638/2606/577 4640/2608/4269
f 4636/2603/4266 4641/2609/4270 4639/2607/4268
f 4636/2603/4266 4640/2608/4269 4641/2609/4270
f 4639/2607/4268 4641/2609/4270 4642/2610/4271
f 4640/2608/4269 4643/2611/4272 4641/2609/4270
f 4642/2610/4271 4641/2609/4270 4644/2612/4273
f 4645/2613/575 4641/2609/4270 4643/2611/4272
f 4645/2613/575 4644/2612/4273 4641/2609/4270
f 4646/2615/4274 4647/2614/4275 4648/2616/1435
f 4649/2617/1292 4646/2615/4274 4648/2616/1435
f 4646/2615/4274 4650/2618/1289 4647/2614/4275
f 4649/2617/1292 4650/2618/1289 4646/2615/4274
f 4651/2620/4276 4652/2619/1299 4653/2621/4277
f 4651/2620/4276 4653/2621/4277 4654/2622/1435
f 4652/2619/1299 4655/2623/1297 4653/2621/4277
f 4653/2621/4277 4655/2623/1297 4654/2622/1435
