# Blender 5.2.1 LTS
# www.blender.org
o WitherStorm
v -0.660918 -0.313505 0.006550
v -1.317549 -0.392619 -0.137898
v -0.724911 -0.369636 0.329695
v -1.317549 -0.392619 -0.137898
v -1.382146 -0.449362 0.184124
v -0.724911 -0.369636 0.329695
v -0.675453 -0.695984 0.282273
v -1.331772 -0.775376 0.136916
v -0.610543 -0.639519 -0.040658
v -1.331772 -0.775376 0.136916
v -1.268092 -0.718967 -0.185321
v -0.610543 -0.639519 -0.040658
v -0.675453 -0.695984 0.282273
v -0.610543 -0.639519 -0.040658
v -0.724911 -0.369636 0.329695
v -0.610543 -0.639519 -0.040658
v -0.660918 -0.313505 0.006550
v -0.724911 -0.369636 0.329695
v -1.268092 -0.718967 -0.185321
v -1.331772 -0.775376 0.136916
v -1.317549 -0.392619 -0.137898
v -1.331772 -0.775376 0.136916
v -1.382146 -0.449362 0.184124
v -1.317549 -0.392619 -0.137898
v -0.610543 -0.639519 -0.040658
v -1.268092 -0.718967 -0.185321
v -0.660918 -0.313505 0.006550
v -1.268092 -0.718967 -0.185321
v -1.317549 -0.392619 -0.137898
v -0.660918 -0.313505 0.006550
v -0.724911 -0.369636 0.329695
v -1.382146 -0.449362 0.184124
v -0.675453 -0.695984 0.282273
v -1.382146 -0.449362 0.184124
v -1.331772 -0.775376 0.136916
v -0.675453 -0.695984 0.282273
v -1.311773 -0.440439 -0.111404
v -1.949888 -0.604675 -0.267531
v -1.364424 -0.486252 0.151951
v -1.949888 -0.604675 -0.267531
v -2.002226 -0.650765 -0.005084
v -1.364424 -0.486252 0.151951
v -1.292430 -0.736219 0.122052
v -1.930301 -0.901356 -0.033716
v -1.240092 -0.690129 -0.140395
v -1.930301 -0.901356 -0.033716
v -1.877650 -0.855544 -0.297072
v -1.240092 -0.690129 -0.140395
v -1.292430 -0.736219 0.122052
v -1.240092 -0.690129 -0.140395
v -1.364424 -0.486252 0.151951
v -1.240092 -0.690129 -0.140395
v -1.311773 -0.440439 -0.111404
v -1.364424 -0.486252 0.151951
v -1.877650 -0.855544 -0.297072
v -1.930301 -0.901356 -0.033716
v -1.949888 -0.604675 -0.267531
v -1.930301 -0.901356 -0.033716
v -2.002226 -0.650765 -0.005084
v -1.949888 -0.604675 -0.267531
v -1.240092 -0.690129 -0.140395
v -1.877650 -0.855544 -0.297072
v -1.311773 -0.440439 -0.111404
v -1.877650 -0.855544 -0.297072
v -1.949888 -0.604675 -0.267531
v -1.311773 -0.440439 -0.111404
v -1.364424 -0.486252 0.151951
v -2.002226 -0.650765 -0.005084
v -1.292430 -0.736219 0.122052
v -2.002226 -0.650765 -0.005084
v -1.930301 -0.901356 -0.033716
v -1.292430 -0.736219 0.122052
v -1.918797 -0.626578 -0.254509
v -2.550570 -0.925566 -0.446619
v -1.972936 -0.655560 -0.034241
v -2.550570 -0.925566 -0.446619
v -2.603792 -0.954213 -0.226136
v -1.972936 -0.655560 -0.034241
v -1.879721 -0.849239 -0.037640
v -2.511495 -1.148226 -0.229750
v -1.826500 -0.820591 -0.258123
v -2.511495 -1.148226 -0.229750
v -2.458517 -1.118678 -0.450593
v -1.826500 -0.820591 -0.258123
v -1.879721 -0.849239 -0.037640
v -1.826500 -0.820591 -0.258123
v -1.972936 -0.655560 -0.034241
v -1.826500 -0.820591 -0.258123
v -1.918797 -0.626578 -0.254509
v -1.972936 -0.655560 -0.034241
v -2.458517 -1.118678 -0.450593
v -2.511495 -1.148226 -0.229750
v -2.550570 -0.925566 -0.446619
v -2.511495 -1.148226 -0.229750
v -2.603792 -0.954213 -0.226136
v -2.550570 -0.925566 -0.446619
v -1.826500 -0.820591 -0.258123
v -2.458517 -1.118678 -0.450593
v -1.918797 -0.626578 -0.254509
v -2.458517 -1.118678 -0.450593
v -2.550570 -0.925566 -0.446619
v -1.918797 -0.626578 -0.254509
v -1.972936 -0.655560 -0.034241
v -2.603792 -0.954213 -0.226136
v -1.879721 -0.849239 -0.037640
v -2.603792 -0.954213 -0.226136
v -2.511495 -1.148226 -0.229750
v -1.879721 -0.849239 -0.037640
v -2.534442 -0.953242 -0.407276
v -3.063246 -1.411528 -0.595587
v -2.568582 -0.972228 -0.264630
v -3.097387 -1.430514 -0.452941
v -2.473577 -1.085421 -0.256726
v -3.002695 -1.543430 -0.444129
v -2.439437 -1.066434 -0.399372
v -2.968555 -1.524443 -0.586776
v -2.473577 -1.085421 -0.256726
v -2.439437 -1.066434 -0.399372
v -2.568582 -0.972228 -0.264630
v -2.534442 -0.953242 -0.407276
v -2.968555 -1.524443 -0.586776
v -3.002695 -1.543430 -0.444129
v -3.063246 -1.411528 -0.595587
v -3.097387 -1.430514 -0.452941
v -2.439437 -1.066434 -0.399372
v -2.968555 -1.524443 -0.586776
v -2.534442 -0.953242 -0.407276
v -2.968555 -1.524443 -0.586776
v -3.063246 -1.411528 -0.595587
v -2.534442 -0.953242 -0.407276
v -2.568582 -0.972228 -0.264630
v -3.097387 -1.430514 -0.452941
v -2.473577 -1.085421 -0.256726
v -3.097387 -1.430514 -0.452941
v -3.002695 -1.543430 -0.444129
v -2.473577 -1.085421 -0.256726
v -3.046358 -1.417935 -0.564672
v -3.502971 -2.066242 -0.774675
v -3.073177 -1.433106 -0.459199
v -3.502971 -2.066242 -0.774675
v -3.529476 -2.081690 -0.670110
v -3.073177 -1.433106 -0.459199
v -2.986694 -1.499015 -0.446642
v -3.442076 -2.147265 -0.657338
v -2.960119 -1.482943 -0.552474
v -3.442076 -2.147265 -0.657338
v -3.415570 -2.131816 -0.761903
v -2.960119 -1.482943 -0.552474
v -2.986694 -1.499015 -0.446642
v -2.960119 -1.482943 -0.552474
v -3.073177 -1.433106 -0.459199
v -2.960119 -1.482943 -0.552474
v -3.046358 -1.417935 -0.564672
v -3.073177 -1.433106 -0.459199
v -3.415570 -2.131816 -0.761903
v -3.442076 -2.147265 -0.657338
v -3.502971 -2.066242 -0.774675
v -3.529476 -2.081690 -0.670110
v -2.960119 -1.482943 -0.552474
v -3.415570 -2.131816 -0.761903
v -3.046358 -1.417935 -0.564672
v -3.415570 -2.131816 -0.761903
v -3.502971 -2.066242 -0.774675
v -3.046358 -1.417935 -0.564672
v -3.073177 -1.433106 -0.459199
v -3.529476 -2.081690 -0.670110
v -2.986694 -1.499015 -0.446642
v -3.529476 -2.081690 -0.670110
v -3.442076 -2.147265 -0.657338
v -2.986694 -1.499015 -0.446642
v -3.481663 -2.060770 -0.739249
v -3.856051 -2.807827 -0.974395
v -3.498151 -2.071583 -0.679985
v -3.872537 -2.818640 -0.915131
v -3.444693 -2.101308 -0.671161
v -3.819081 -2.848365 -0.906307
v -3.428276 -2.091118 -0.729158
v -3.819081 -2.848365 -0.906307
v -3.802908 -2.837275 -0.964664
v -3.428276 -2.091118 -0.729158
v -3.444693 -2.101308 -0.671161
v -3.428276 -2.091118 -0.729158
v -3.498151 -2.071583 -0.679985
v -3.428276 -2.091118 -0.729158
v -3.481663 -2.060770 -0.739249
v -3.498151 -2.071583 -0.679985
v -3.802908 -2.837275 -0.964664
v -3.819081 -2.848365 -0.906307
v -3.856051 -2.807827 -0.974395
v -3.819081 -2.848365 -0.906307
v -3.872537 -2.818640 -0.915131
v -3.856051 -2.807827 -0.974395
v -3.428276 -2.091118 -0.729158
v -3.802908 -2.837275 -0.964664
v -3.481663 -2.060770 -0.739249
v -3.802908 -2.837275 -0.964664
v -3.856051 -2.807827 -0.974395
v -3.481663 -2.060770 -0.739249
v -3.498151 -2.071583 -0.679985
v -3.872537 -2.818640 -0.915131
v -3.444693 -2.101308 -0.671161
v -3.819081 -2.848365 -0.906307
v 0.620043 0.955644 -1.177740
v 0.620043 0.440643 -1.177740
v 0.620043 0.955644 -0.796740
v 0.620043 0.440643 -0.796740
v 1.144044 0.955644 -0.796740
v 1.144043 0.440643 -0.796740
v 1.144043 0.955644 -1.177740
v 1.144043 0.440643 -1.177740
v 1.144044 0.955644 -0.796740
v 1.144043 0.955644 -1.177740
v 0.620043 0.955644 -0.796740
v 0.620043 0.955644 -1.177740
v 1.144043 0.440643 -1.177740
v 1.144043 0.440643 -0.796740
v 0.620043 0.440643 -1.177740
v 1.144043 0.440643 -0.796740
v 0.620043 0.440643 -0.796740
v 0.620043 0.440643 -1.177740
v 1.144043 0.955644 -1.177740
v 1.144043 0.440643 -1.177740
v 0.620043 0.955644 -1.177740
v 1.144043 0.440643 -1.177740
v 0.620043 0.440643 -1.177740
v 0.620043 0.955644 -1.177740
v 0.620043 0.955644 -0.796740
v 0.620043 0.440643 -0.796740
v 1.144044 0.955644 -0.796740
v 0.620043 0.440643 -0.796740
v 1.144043 0.440643 -0.796740
v 1.144044 0.955644 -0.796740
v 0.667043 0.907643 -1.272740
v 0.667043 0.487644 -1.272739
v 0.667043 0.907643 -0.939740
v 0.667043 0.487643 -0.939740
v 1.049044 0.907643 -0.939740
v 1.049043 0.487643 -0.939740
v 1.049044 0.907643 -1.272740
v 1.049044 0.487643 -1.272740
v 1.049044 0.907643 -0.939740
v 1.049044 0.907643 -1.272740
v 0.667043 0.907643 -0.939740
v 0.667043 0.907643 -1.272740
v 1.049044 0.487643 -1.272740
v 1.049043 0.487643 -0.939740
v 0.667043 0.487644 -1.272739
v 1.049043 0.487643 -0.939740
v 0.667043 0.487643 -0.939740
v 0.667043 0.487644 -1.272739
v 1.049044 0.907643 -1.272740
v 1.049044 0.487643 -1.272740
v 0.667043 0.907643 -1.272740
v 1.049044 0.487643 -1.272740
v 0.667043 0.487644 -1.272739
v 0.667043 0.907643 -1.272740
v 0.667043 0.907643 -0.939740
v 0.667043 0.487643 -0.939740
v 1.049044 0.907643 -0.939740
v 0.667043 0.487643 -0.939740
v 1.049043 0.487643 -0.939740
v 1.049044 0.907643 -0.939740
v 0.434044 0.721643 -0.986740
v 0.434043 0.378644 -0.986740
v 0.434044 0.721643 -0.605740
v 0.434043 0.378644 -0.605740
v 0.767043 0.721643 -0.605740
v 0.767043 0.378644 -0.605740
v 0.767043 0.721643 -0.986740
v 0.767044 0.378643 -0.986740
v 0.767043 0.721643 -0.605740
v 0.767043 0.721643 -0.986740
v 0.434044 0.721643 -0.605740
v 0.434044 0.721643 -0.986740
v 0.767044 0.378643 -0.986740
v 0.767043 0.378644 -0.605740
v 0.434043 0.378644 -0.986740
v 0.767043 0.378644 -0.605740
v 0.434043 0.378644 -0.605740
v 0.434043 0.378644 -0.986740
v 0.767043 0.721643 -0.986740
v 0.767044 0.378643 -0.986740
v 0.434044 0.721643 -0.986740
v 0.767044 0.378643 -0.986740
v 0.434043 0.378644 -0.986740
v 0.434044 0.721643 -0.986740
v 0.434044 0.721643 -0.605740
v 0.434043 0.378644 -0.605740
v 0.767043 0.721643 -0.605740
v 0.434043 0.378644 -0.605740
v 0.767043 0.378644 -0.605740
v 0.767043 0.721643 -0.605740
v 0.529043 0.621643 -1.034740
v 0.529043 0.278644 -1.034740
v 0.529043 0.621643 -0.653740
v 0.529044 0.278643 -0.653740
v 0.863043 0.621643 -0.653740
v 0.863043 0.278644 -0.653740
v 0.863043 0.621643 -1.034740
v 0.863043 0.278644 -1.034740
v 0.863043 0.621643 -0.653740
v 0.863043 0.621643 -1.034740
v 0.529043 0.621643 -0.653740
v 0.529043 0.621643 -1.034740
v 0.863043 0.278644 -1.034740
v 0.863043 0.278644 -0.653740
v 0.529043 0.278644 -1.034740
v 0.863043 0.278644 -0.653740
v 0.529044 0.278643 -0.653740
v 0.529043 0.278644 -1.034740
v 0.863043 0.621643 -1.034740
v 0.863043 0.278644 -1.034740
v 0.529043 0.621643 -1.034740
v 0.863043 0.278644 -1.034740
v 0.529043 0.278644 -1.034740
v 0.529043 0.621643 -1.034740
v 0.529043 0.621643 -0.653740
v 0.529044 0.278643 -0.653740
v 0.863043 0.621643 -0.653740
v 0.529044 0.278643 -0.653740
v 0.863043 0.278644 -0.653740
v 0.863043 0.621643 -0.653740
v 0.667043 0.573644 -1.082740
v 0.667043 0.230643 -1.082740
v 0.667044 0.573644 -0.700740
v 0.667043 0.230643 -0.700740
v 1.001044 0.573644 -0.700740
v 1.001044 0.230643 -0.700740
v 1.001044 0.573643 -1.082740
v 1.001044 0.230643 -1.082740
v 1.001044 0.573644 -0.700740
v 1.001044 0.573643 -1.082740
v 0.667044 0.573644 -0.700740
v 0.667043 0.573644 -1.082740
v 1.001044 0.230643 -1.082740
v 1.001044 0.230643 -0.700740
v 0.667043 0.230643 -1.082740
v 1.001044 0.230643 -0.700740
v 0.667043 0.230643 -0.700740
v 0.667043 0.230643 -1.082740
v 1.001044 0.573643 -1.082740
v 1.001044 0.230643 -1.082740
v 0.667043 0.573644 -1.082740
v 1.001044 0.230643 -1.082740
v 0.667043 0.230643 -1.082740
v 0.667043 0.573644 -1.082740
v 0.667044 0.573644 -0.700740
v 0.667043 0.230643 -0.700740
v 1.001044 0.573644 -0.700740
v 0.667043 0.230643 -0.700740
v 1.001044 0.230643 -0.700740
v 1.001044 0.573644 -0.700740
v 0.858043 0.549644 -1.048740
v 0.858043 0.206643 -1.048740
v 0.858043 0.549644 -0.667740
v 0.858043 0.206644 -0.667740
v 1.192044 0.549644 -0.667740
v 1.192044 0.206643 -0.667740
v 1.192044 0.549644 -1.048740
v 1.192043 0.206643 -1.048740
v 1.192044 0.549644 -0.667740
v 1.192044 0.549644 -1.048740
v 0.858043 0.549644 -0.667740
v 0.858043 0.549644 -1.048740
v 1.192043 0.206643 -1.048740
v 1.192044 0.206643 -0.667740
v 0.858043 0.206643 -1.048740
v 1.192044 0.206643 -0.667740
v 0.858043 0.206644 -0.667740
v 0.858043 0.206643 -1.048740
v 1.192044 0.549644 -1.048740
v 1.192043 0.206643 -1.048740
v 0.858043 0.549644 -1.048740
v 1.192043 0.206643 -1.048740
v 0.858043 0.206643 -1.048740
v 0.858043 0.549644 -1.048740
v 0.858043 0.549644 -0.667740
v 0.858043 0.206644 -0.667740
v 1.192044 0.549644 -0.667740
v 0.858043 0.206644 -0.667740
v 1.192044 0.206643 -0.667740
v 1.192044 0.549644 -0.667740
v 1.049044 0.645644 -0.996740
v 1.049044 0.302643 -0.996740
v 1.049043 0.645643 -0.614740
v 1.049044 0.302643 -0.614740
v 1.383044 0.645644 -0.614740
v 1.383044 0.302643 -0.614740
v 1.383044 0.645644 -0.996740
v 1.383044 0.302643 -0.996740
v 1.383044 0.645644 -0.614740
v 1.383044 0.645644 -0.996740
v 1.049043 0.645643 -0.614740
v 1.049044 0.645644 -0.996740
v 1.383044 0.302643 -0.996740
v 1.383044 0.302643 -0.614740
v 1.049044 0.302643 -0.996740
v 1.383044 0.302643 -0.614740
v 1.049044 0.302643 -0.614740
v 1.049044 0.302643 -0.996740
v 1.383044 0.645644 -0.996740
v 1.383044 0.302643 -0.996740
v 1.049044 0.645644 -0.996740
v 1.383044 0.302643 -0.996740
v 1.049044 0.302643 -0.996740
v 1.049044 0.645644 -0.996740
v 1.049043 0.645643 -0.614740
v 1.049044 0.302643 -0.614740
v 1.383044 0.645644 -0.614740
v 1.049044 0.302643 -0.614740
v 1.383044 0.302643 -0.614740
v 1.383044 0.645644 -0.614740
v 1.049043 0.931643 -0.948740
v 1.049044 0.588644 -0.948740
v 1.049043 0.931643 -0.567740
v 1.049044 0.588644 -0.567740
v 1.383044 0.931643 -0.567740
v 1.383044 0.588644 -0.567740
v 1.383044 0.931643 -0.948740
v 1.383044 0.588644 -0.948740
v 1.383044 0.931643 -0.567740
v 1.383044 0.931643 -0.948740
v 1.049043 0.931643 -0.567740
v 1.049043 0.931643 -0.948740
v 1.383044 0.588644 -0.948740
v 1.383044 0.588644 -0.567740
v 1.049044 0.588644 -0.948740
v 1.383044 0.588644 -0.567740
v 1.049044 0.588644 -0.567740
v 1.049044 0.588644 -0.948740
v 1.383044 0.931643 -0.948740
v 1.383044 0.588644 -0.948740
v 1.049043 0.931643 -0.948740
v 1.383044 0.588644 -0.948740
v 1.049044 0.588644 -0.948740
v 1.049043 0.931643 -0.948740
v 1.049043 0.931643 -0.567740
v 1.049044 0.588644 -0.567740
v 1.383044 0.931643 -0.567740
v 1.049044 0.588644 -0.567740
v 1.383044 0.588644 -0.567740
v 1.383044 0.931643 -0.567740
v 1.001044 1.122643 -0.901740
v 1.001044 0.778644 -0.901740
v 1.001044 1.122643 -0.519740
v 1.001044 0.778644 -0.519740
v 1.335044 1.122643 -0.519740
v 1.335044 0.778644 -0.519740
v 1.335043 1.122643 -0.901740
v 1.335044 0.778644 -0.901740
v 1.335044 1.122643 -0.519740
v 1.335043 1.122643 -0.901740
v 1.001044 1.122643 -0.519740
v 1.001044 1.122643 -0.901740
v 1.335044 0.778644 -0.901740
v 1.335044 0.778644 -0.519740
v 1.001044 0.778644 -0.901740
v 1.335044 0.778644 -0.519740
v 1.001044 0.778644 -0.519740
v 1.001044 0.778644 -0.901740
v 1.335043 1.122643 -0.901740
v 1.335044 0.778644 -0.901740
v 1.001044 1.122643 -0.901740
v 1.335044 0.778644 -0.901740
v 1.001044 0.778644 -0.901740
v 1.001044 1.122643 -0.901740
v 1.001044 1.122643 -0.519740
v 1.001044 0.778644 -0.519740
v 1.335044 1.122643 -0.519740
v 1.001044 0.778644 -0.519740
v 1.335044 0.778644 -0.519740
v 1.335044 1.122643 -0.519740
v 1.049043 1.312644 -0.614740
v 1.049044 0.969644 -0.614740
v 1.049043 1.312644 -0.233740
v 1.049044 0.969644 -0.233740
v 1.383044 1.312644 -0.233740
v 1.383044 0.969644 -0.233740
v 1.383044 1.312644 -0.614740
v 1.383044 0.969643 -0.614740
v 1.383044 1.312644 -0.233740
v 1.383044 1.312644 -0.614740
v 1.049043 1.312644 -0.233740
v 1.049043 1.312644 -0.614740
v 1.383044 0.969643 -0.614740
v 1.383044 0.969644 -0.233740
v 1.049044 0.969644 -0.614740
v 1.383044 0.969644 -0.233740
v 1.049044 0.969644 -0.233740
v 1.049044 0.969644 -0.614740
v 1.383044 1.312644 -0.614740
v 1.383044 0.969643 -0.614740
v 1.049043 1.312644 -0.614740
v 1.383044 0.969643 -0.614740
v 1.049044 0.969644 -0.614740
v 1.049043 1.312644 -0.614740
v 1.049043 1.312644 -0.233740
v 1.049044 0.969644 -0.233740
v 1.383044 1.312644 -0.233740
v 1.049044 0.969644 -0.233740
v 1.383044 0.969644 -0.233740
v 1.383044 1.312644 -0.233740
v 1.049043 1.379643 -0.328740
v 1.049043 1.036644 -0.328740
v 1.049043 1.379643 0.052260
v 1.049043 1.036644 0.052260
v 1.383043 1.379643 0.052260
v 1.383044 1.036644 0.052260
v 1.383044 1.379643 -0.328740
v 1.383044 1.036644 -0.328740
v 1.383043 1.379643 0.052260
v 1.383044 1.379643 -0.328740
v 1.049043 1.379643 0.052260
v 1.049043 1.379643 -0.328740
v 1.383044 1.036644 -0.328740
v 1.383044 1.036644 0.052260
v 1.049043 1.036644 -0.328740
v 1.383044 1.036644 0.052260
v 1.049043 1.036644 0.052260
v 1.049043 1.036644 -0.328740
v 1.383044 1.379643 -0.328740
v 1.383044 1.036644 -0.328740
v 1.049043 1.379643 -0.328740
v 1.383044 1.036644 -0.328740
v 1.049043 1.036644 -0.328740
v 1.049043 1.379643 -0.328740
v 1.049043 1.379643 0.052260
v 1.049043 1.036644 0.052260
v 1.383043 1.379643 0.052260
v 1.049043 1.036644 0.052260
v 1.383044 1.036644 0.052260
v 1.383043 1.379643 0.052260
v 1.240044 1.265643 -0.424740
v 1.240043 0.921643 -0.424740
v 1.240044 1.265643 -0.042740
v 1.240044 0.921644 -0.042740
v 1.573044 1.265643 -0.042740
v 1.573043 0.921644 -0.042740
v 1.573043 1.265643 -0.424740
v 1.573044 0.921644 -0.424740
v 1.573044 1.265643 -0.042740
v 1.573043 1.265643 -0.424740
v 1.240044 1.265643 -0.042740
v 1.240044 1.265643 -0.424740
v 1.573044 0.921644 -0.424740
v 1.573043 0.921644 -0.042740
v 1.240043 0.921643 -0.424740
v 1.573043 0.921644 -0.042740
v 1.240044 0.921644 -0.042740
v 1.240043 0.921643 -0.424740
v 1.573043 1.265643 -0.424740
v 1.573044 0.921644 -0.424740
v 1.240044 1.265643 -0.424740
v 1.573044 0.921644 -0.424740
v 1.240043 0.921643 -0.424740
v 1.240044 1.265643 -0.424740
v 1.240044 1.265643 -0.042740
v 1.240044 0.921644 -0.042740
v 1.573044 1.265643 -0.042740
v 1.240044 0.921644 -0.042740
v 1.573043 0.921644 -0.042740
v 1.573044 1.265643 -0.042740
v 1.268043 1.169643 -0.643740
v 1.268044 0.826643 -0.643740
v 1.268044 1.169643 -0.262740
v 1.268043 0.826643 -0.262740
v 1.650043 1.169643 -0.262740
v 1.650044 0.826643 -0.262740
v 1.650043 1.169643 -0.643740
v 1.650043 0.826643 -0.643740
v 1.650043 1.169643 -0.262740
v 1.650043 1.169643 -0.643740
v 1.268044 1.169643 -0.262740
v 1.268043 1.169643 -0.643740
v 1.650043 0.826643 -0.643740
v 1.650044 0.826643 -0.262740
v 1.268044 0.826643 -0.643740
v 1.650044 0.826643 -0.262740
v 1.268043 0.826643 -0.262740
v 1.268044 0.826643 -0.643740
v 1.650043 1.169643 -0.643740
v 1.650043 0.826643 -0.643740
v 1.268043 1.169643 -0.643740
v 1.650043 0.826643 -0.643740
v 1.268044 0.826643 -0.643740
v 1.268043 1.169643 -0.643740
v 1.268044 1.169643 -0.262740
v 1.268043 0.826643 -0.262740
v 1.650043 1.169643 -0.262740
v 1.268043 0.826643 -0.262740
v 1.650044 0.826643 -0.262740
v 1.650043 1.169643 -0.262740
v 1.240044 0.979643 -0.757740
v 1.240043 0.635643 -0.757740
v 1.240043 0.979643 -0.376740
v 1.240044 0.635643 -0.376740
v 1.573043 0.979643 -0.376740
v 1.573044 0.635643 -0.376740
v 1.573044 0.979643 -0.757740
v 1.573044 0.635643 -0.757740
v 1.573043 0.979643 -0.376740
v 1.573044 0.979643 -0.757740
v 1.240043 0.979643 -0.376740
v 1.240044 0.979643 -0.757740
v 1.573044 0.635643 -0.757740
v 1.573044 0.635643 -0.376740
v 1.240043 0.635643 -0.757740
v 1.573044 0.635643 -0.376740
v 1.240044 0.635643 -0.376740
v 1.240043 0.635643 -0.757740
v 1.573044 0.979643 -0.757740
v 1.573044 0.635643 -0.757740
v 1.240044 0.979643 -0.757740
v 1.573044 0.635643 -0.757740
v 1.240043 0.635643 -0.757740
v 1.240044 0.979643 -0.757740
v 1.240043 0.979643 -0.376740
v 1.240044 0.635643 -0.376740
v 1.573043 0.979643 -0.376740
v 1.240044 0.635643 -0.376740
v 1.573044 0.635643 -0.376740
v 1.573043 0.979643 -0.376740
v 1.144043 0.883643 -1.091740
v 1.144043 0.492643 -1.091740
v 1.144043 0.883644 -0.710740
v 1.144043 0.492643 -0.710740
v 1.478044 0.883643 -0.710740
v 1.478043 0.492643 -0.710740
v 1.478044 0.883643 -1.091740
v 1.478043 0.492643 -1.091740
v 1.478044 0.883643 -0.710740
v 1.478044 0.883643 -1.091740
v 1.144043 0.883644 -0.710740
v 1.144043 0.883643 -1.091740
v 1.478043 0.492643 -1.091740
v 1.478043 0.492643 -0.710740
v 1.144043 0.492643 -1.091740
v 1.478043 0.492643 -0.710740
v 1.144043 0.492643 -0.710740
v 1.144043 0.492643 -1.091740
v 1.478044 0.883643 -1.091740
v 1.478043 0.492643 -1.091740
v 1.144043 0.883643 -1.091740
v 1.478043 0.492643 -1.091740
v 1.144043 0.492643 -1.091740
v 1.144043 0.883643 -1.091740
v 1.144043 0.883644 -0.710740
v 1.144043 0.492643 -0.710740
v 1.478044 0.883643 -0.710740
v 1.144043 0.492643 -0.710740
v 1.478043 0.492643 -0.710740
v 1.478044 0.883643 -0.710740
v 0.953043 1.026643 -0.996740
v 0.953043 0.635643 -0.996740
v 0.953043 1.026643 -0.614740
v 0.953044 0.635643 -0.614740
v 1.287044 1.026643 -0.614740
v 1.287044 0.635643 -0.614740
v 1.287043 1.026643 -0.996740
v 1.287044 0.635643 -0.996740
v 1.287044 1.026643 -0.614740
v 1.287043 1.026643 -0.996740
v 0.953043 1.026643 -0.614740
v 0.953043 1.026643 -0.996740
v 1.287044 0.635643 -0.996740
v 1.287044 0.635643 -0.614740
v 0.953043 0.635643 -0.996740
v 1.287044 0.635643 -0.614740
v 0.953044 0.635643 -0.614740
v 0.953043 0.635643 -0.996740
v 1.287043 1.026643 -0.996740
v 1.287044 0.635643 -0.996740
v 0.953043 1.026643 -0.996740
v 1.287044 0.635643 -0.996740
v 0.953043 0.635643 -0.996740
v 0.953043 1.026643 -0.996740
v 0.953043 1.026643 -0.614740
v 0.953044 0.635643 -0.614740
v 1.287044 1.026643 -0.614740
v 0.953044 0.635643 -0.614740
v 1.287044 0.635643 -0.614740
v 1.287044 1.026643 -0.614740
v 1.344043 0.726644 -0.986740
v 1.344043 0.383644 -0.986740
v 1.344043 0.726644 -0.605740
v 1.344043 0.383643 -0.605740
v 1.678043 0.726644 -0.605740
v 1.678043 0.383644 -0.605740
v 1.678043 0.726644 -0.986740
v 1.678043 0.383644 -0.986740
v 1.678043 0.726644 -0.605740
v 1.678043 0.726644 -0.986740
v 1.344043 0.726644 -0.605740
v 1.344043 0.726644 -0.986740
v 1.678043 0.383644 -0.986740
v 1.678043 0.383644 -0.605740
v 1.344043 0.383644 -0.986740
v 1.678043 0.383644 -0.605740
v 1.344043 0.383643 -0.605740
v 1.344043 0.383644 -0.986740
v 1.678043 0.726644 -0.986740
v 1.678043 0.383644 -0.986740
v 1.344043 0.726644 -0.986740
v 1.678043 0.383644 -0.986740
v 1.344043 0.383644 -0.986740
v 1.344043 0.726644 -0.986740
v 1.344043 0.726644 -0.605740
v 1.344043 0.383643 -0.605740
v 1.678043 0.726644 -0.605740
v 1.344043 0.383643 -0.605740
v 1.678043 0.383644 -0.605740
v 1.678043 0.726644 -0.605740
v 1.416044 0.793644 -0.486740
v 1.416044 0.449644 -0.486740
v 1.416044 0.793643 -0.104740
v 1.416044 0.449644 -0.104740
v 1.750043 0.793643 -0.104740
v 1.750043 0.449644 -0.104740
v 1.750043 0.793643 -0.486740
v 1.750043 0.449643 -0.486740
v 1.750043 0.793643 -0.104740
v 1.750043 0.793643 -0.486740
v 1.416044 0.793643 -0.104740
v 1.416044 0.793644 -0.486740
v 1.750043 0.449643 -0.486740
v 1.750043 0.449644 -0.104740
v 1.416044 0.449644 -0.486740
v 1.750043 0.449644 -0.104740
v 1.416044 0.449644 -0.104740
v 1.416044 0.449644 -0.486740
v 1.750043 0.793643 -0.486740
v 1.750043 0.449643 -0.486740
v 1.416044 0.793644 -0.486740
v 1.750043 0.449643 -0.486740
v 1.416044 0.449644 -0.486740
v 1.416044 0.793644 -0.486740
v 1.416044 0.793643 -0.104740
v 1.416044 0.449644 -0.104740
v 1.750043 0.793643 -0.104740
v 1.416044 0.449644 -0.104740
v 1.750043 0.449644 -0.104740
v 1.750043 0.793643 -0.104740
v 1.344043 0.602643 -0.343740
v 1.344044 0.259644 -0.343740
v 1.344043 0.602643 0.038260
v 1.344043 0.259644 0.038260
v 1.678044 0.602643 0.038260
v 1.678043 0.259644 0.038260
v 1.678043 0.602643 -0.343740
v 1.678043 0.259644 -0.343740
v 1.678044 0.602643 0.038260
v 1.678043 0.602643 -0.343740
v 1.344043 0.602643 0.038260
v 1.344043 0.602643 -0.343740
v 1.678043 0.259644 -0.343740
v 1.678043 0.259644 0.038260
v 1.344044 0.259644 -0.343740
v 1.678043 0.259644 0.038260
v 1.344043 0.259644 0.038260
v 1.344044 0.259644 -0.343740
v 1.678043 0.602643 -0.343740
v 1.678043 0.259644 -0.343740
v 1.344043 0.602643 -0.343740
v 1.678043 0.259644 -0.343740
v 1.344044 0.259644 -0.343740
v 1.344043 0.602643 -0.343740
v 1.344043 0.602643 0.038260
v 1.344043 0.259644 0.038260
v 1.678044 0.602643 0.038260
v 1.344043 0.259644 0.038260
v 1.678043 0.259644 0.038260
v 1.678044 0.602643 0.038260
v 1.297043 0.459643 -0.390740
v 1.297044 0.116643 -0.390740
v 1.297044 0.459643 -0.009740
v 1.297043 0.116643 -0.009740
v 1.630044 0.459643 -0.009740
v 1.630043 0.116643 -0.009740
v 1.630044 0.459643 -0.390740
v 1.630044 0.116643 -0.390740
v 1.630044 0.459643 -0.009740
v 1.630044 0.459643 -0.390740
v 1.297044 0.459643 -0.009740
v 1.297043 0.459643 -0.390740
v 1.630044 0.116643 -0.390740
v 1.630043 0.116643 -0.009740
v 1.297044 0.116643 -0.390740
v 1.630043 0.116643 -0.009740
v 1.297043 0.116643 -0.009740
v 1.297044 0.116643 -0.390740
v 1.630044 0.459643 -0.390740
v 1.630044 0.116643 -0.390740
v 1.297043 0.459643 -0.390740
v 1.630044 0.116643 -0.390740
v 1.297044 0.116643 -0.390740
v 1.297043 0.459643 -0.390740
v 1.297044 0.459643 -0.009740
v 1.297043 0.116643 -0.009740
v 1.630044 0.459643 -0.009740
v 1.297043 0.116643 -0.009740
v 1.630043 0.116643 -0.009740
v 1.630044 0.459643 -0.009740
v 1.201044 0.220644 -0.343740
v 1.201044 -0.122356 -0.343740
v 1.201044 0.220644 0.038260
v 1.201044 -0.122356 0.038260
v 1.535044 0.220644 0.038260
v 1.535043 -0.122356 0.038260
v 1.535044 0.220644 -0.343740
v 1.535043 -0.122356 -0.343740
v 1.535044 0.220644 0.038260
v 1.535044 0.220644 -0.343740
v 1.201044 0.220644 0.038260
v 1.201044 0.220644 -0.343740
v 1.535043 -0.122356 -0.343740
v 1.535043 -0.122356 0.038260
v 1.201044 -0.122356 -0.343740
v 1.535043 -0.122356 0.038260
v 1.201044 -0.122356 0.038260
v 1.201044 -0.122356 -0.343740
v 1.535044 0.220644 -0.343740
v 1.535043 -0.122356 -0.343740
v 1.201044 0.220644 -0.343740
v 1.535043 -0.122356 -0.343740
v 1.201044 -0.122356 -0.343740
v 1.201044 0.220644 -0.343740
v 1.201044 0.220644 0.038260
v 1.201044 -0.122356 0.038260
v 1.535044 0.220644 0.038260
v 1.201044 -0.122356 0.038260
v 1.535043 -0.122356 0.038260
v 1.535044 0.220644 0.038260
v 1.044044 0.125644 -0.247740
v 1.044043 -0.217357 -0.247740
v 1.044044 0.125644 0.133260
v 1.044044 -0.217357 0.133260
v 1.378043 0.125644 0.133260
v 1.378043 -0.217357 0.133260
v 1.378043 0.125644 -0.247740
v 1.378043 -0.217357 -0.247740
v 1.378043 0.125644 0.133260
v 1.378043 0.125644 -0.247740
v 1.044044 0.125644 0.133260
v 1.044044 0.125644 -0.247740
v 1.378043 -0.217357 -0.247740
v 1.378043 -0.217357 0.133260
v 1.044043 -0.217357 -0.247740
v 1.378043 -0.217357 0.133260
v 1.044044 -0.217357 0.133260
v 1.044043 -0.217357 -0.247740
v 1.378043 0.125644 -0.247740
v 1.378043 -0.217357 -0.247740
v 1.044044 0.125644 -0.247740
v 1.378043 -0.217357 -0.247740
v 1.044043 -0.217357 -0.247740
v 1.044044 0.125644 -0.247740
v 1.044044 0.125644 0.133260
v 1.044044 -0.217357 0.133260
v 1.378043 0.125644 0.133260
v 1.044044 -0.217357 0.133260
v 1.378043 -0.217357 0.133260
v 1.378043 0.125644 0.133260
v 1.263043 0.397644 -0.634740
v 1.263043 0.054643 -0.634740
v 1.263043 0.397644 -0.252740
v 1.263043 0.054643 -0.252740
v 1.597043 0.397644 -0.252740
v 1.597044 0.054643 -0.252740
v 1.597043 0.397644 -0.634740
v 1.597044 0.054643 -0.634740
v 1.597043 0.397644 -0.252740
v 1.597043 0.397644 -0.634740
v 1.263043 0.397644 -0.252740
v 1.263043 0.397644 -0.634740
v 1.597044 0.054643 -0.634740
v 1.597044 0.054643 -0.252740
v 1.263043 0.054643 -0.634740
v 1.597044 0.054643 -0.252740
v 1.263043 0.054643 -0.252740
v 1.263043 0.054643 -0.634740
v 1.597043 0.397644 -0.634740
v 1.597044 0.054643 -0.634740
v 1.263043 0.397644 -0.634740
v 1.597044 0.054643 -0.634740
v 1.263043 0.054643 -0.634740
v 1.263043 0.397644 -0.634740
v 1.263043 0.397644 -0.252740
v 1.263043 0.054643 -0.252740
v 1.597043 0.397644 -0.252740
v 1.263043 0.054643 -0.252740
v 1.597044 0.054643 -0.252740
v 1.597043 0.397644 -0.252740
v 1.168043 0.273643 -0.676740
v 1.168043 -0.069357 -0.676740
v 1.168043 0.273643 -0.295740
v 1.168043 -0.069356 -0.295740
v 1.502043 0.273643 -0.295740
v 1.502043 -0.069356 -0.295740
v 1.502043 0.273643 -0.676740
v 1.502043 -0.069356 -0.676740
v 1.502043 0.273643 -0.295740
v 1.502043 0.273643 -0.676740
v 1.168043 0.273643 -0.295740
v 1.168043 0.273643 -0.676740
v 1.502043 -0.069356 -0.676740
v 1.502043 -0.069356 -0.295740
v 1.168043 -0.069357 -0.676740
v 1.502043 -0.069356 -0.295740
v 1.168043 -0.069356 -0.295740
v 1.168043 -0.069357 -0.676740
v 1.502043 0.273643 -0.676740
v 1.502043 -0.069356 -0.676740
v 1.168043 0.273643 -0.676740
v 1.502043 -0.069356 -0.676740
v 1.168043 -0.069357 -0.676740
v 1.168043 0.273643 -0.676740
v 1.168043 0.273643 -0.295740
v 1.168043 -0.069356 -0.295740
v 1.502043 0.273643 -0.295740
v 1.168043 -0.069356 -0.295740
v 1.502043 -0.069356 -0.295740
v 1.502043 0.273643 -0.295740
v 1.068043 0.178644 -0.581740
v 1.068043 -0.165357 -0.581740
v 1.068043 0.178644 -0.200740
v 1.068043 -0.165357 -0.200740
v 1.402043 0.178644 -0.200740
v 1.402044 -0.165356 -0.200740
v 1.402043 0.178644 -0.581740
v 1.402043 -0.165356 -0.581740
v 1.402043 0.178644 -0.200740
v 1.402043 0.178644 -0.581740
v 1.068043 0.178644 -0.200740
v 1.068043 0.178644 -0.581740
v 1.402043 -0.165356 -0.581740
v 1.402044 -0.165356 -0.200740
v 1.068043 -0.165357 -0.581740
v 1.402044 -0.165356 -0.200740
v 1.068043 -0.165357 -0.200740
v 1.068043 -0.165357 -0.581740
v 1.402043 0.178644 -0.581740
v 1.402043 -0.165356 -0.581740
v 1.068043 0.178644 -0.581740
v 1.402043 -0.165356 -0.581740
v 1.068043 -0.165357 -0.581740
v 1.068043 0.178644 -0.581740
v 1.068043 0.178644 -0.200740
v 1.068043 -0.165357 -0.200740
v 1.402043 0.178644 -0.200740
v 1.068043 -0.165357 -0.200740
v 1.402044 -0.165356 -0.200740
v 1.402043 0.178644 -0.200740
v 0.925043 0.025643 -0.452740
v 0.925043 -0.317357 -0.452740
v 0.925043 0.025643 -0.071740
v 0.925043 -0.317357 -0.071740
v 1.259043 0.025643 -0.071740
v 1.259043 -0.317357 -0.071740
v 1.259043 0.025643 -0.452740
v 1.259043 -0.317357 -0.452740
v 1.259043 0.025643 -0.071740
v 1.259043 0.025643 -0.452740
v 0.925043 0.025643 -0.071740
v 0.925043 0.025643 -0.452740
v 1.259043 -0.317357 -0.452740
v 1.259043 -0.317357 -0.071740
v 0.925043 -0.317357 -0.452740
v 1.259043 -0.317357 -0.071740
v 0.925043 -0.317357 -0.071740
v 0.925043 -0.317357 -0.452740
v 1.259043 0.025643 -0.452740
v 1.259043 -0.317357 -0.452740
v 0.925043 0.025643 -0.452740
v 1.259043 -0.317357 -0.452740
v 0.925043 -0.317357 -0.452740
v 0.925043 0.025643 -0.452740
v 0.925043 0.025643 -0.071740
v 0.925043 -0.317357 -0.071740
v 1.259043 0.025643 -0.071740
v 0.925043 -0.317357 -0.071740
v 1.259043 -0.317357 -0.071740
v 1.259043 0.025643 -0.071740
v 0.782043 -0.050357 -0.309740
v 0.782043 -0.394356 -0.309740
v 0.782044 -0.050357 0.071260
v 0.782043 -0.394357 0.071260
v 1.116044 -0.050356 0.071260
v 1.116044 -0.394357 0.071260
v 1.116044 -0.050357 -0.309740
v 1.116044 -0.394356 -0.309740
v 1.116044 -0.050356 0.071260
v 1.116044 -0.050357 -0.309740
v 0.782044 -0.050357 0.071260
v 0.782043 -0.050357 -0.309740
v 1.116044 -0.394356 -0.309740
v 1.116044 -0.394357 0.071260
v 0.782043 -0.394356 -0.309740
v 1.116044 -0.394357 0.071260
v 0.782043 -0.394357 0.071260
v 0.782043 -0.394356 -0.309740
v 1.116044 -0.050357 -0.309740
v 1.116044 -0.394356 -0.309740
v 0.782043 -0.050357 -0.309740
v 1.116044 -0.394356 -0.309740
v 0.782043 -0.394356 -0.309740
v 0.782043 -0.050357 -0.309740
v 0.782044 -0.050357 0.071260
v 0.782043 -0.394357 0.071260
v 1.116044 -0.050356 0.071260
v 0.782043 -0.394357 0.071260
v 1.116044 -0.394357 0.071260
v 1.116044 -0.050356 0.071260
v 1.335043 0.559644 -0.710740
v 1.335044 0.216643 -0.710740
v 1.335043 0.559644 -0.328740
v 1.335043 0.216643 -0.328740
v 1.669043 0.559644 -0.328740
v 1.669043 0.216643 -0.328740
v 1.669043 0.559644 -0.710740
v 1.669043 0.216643 -0.710740
v 1.669043 0.559644 -0.328740
v 1.669043 0.559644 -0.710740
v 1.335043 0.559644 -0.328740
v 1.335043 0.559644 -0.710740
v 1.669043 0.216643 -0.710740
v 1.669043 0.216643 -0.328740
v 1.335044 0.216643 -0.710740
v 1.669043 0.216643 -0.328740
v 1.335043 0.216643 -0.328740
v 1.335044 0.216643 -0.710740
v 1.669043 0.559644 -0.710740
v 1.669043 0.216643 -0.710740
v 1.335043 0.559644 -0.710740
v 1.669043 0.216643 -0.710740
v 1.335044 0.216643 -0.710740
v 1.335043 0.559644 -0.710740
v 1.335043 0.559644 -0.328740
v 1.335043 0.216643 -0.328740
v 1.669043 0.559644 -0.328740
v 1.335043 0.216643 -0.328740
v 1.669043 0.216643 -0.328740
v 1.669043 0.559644 -0.328740
v 1.373043 0.702643 -0.662740
v 1.373043 0.359643 -0.662740
v 1.373043 0.702643 -0.281740
v 1.373043 0.359643 -0.281740
v 1.707043 0.702643 -0.281740
v 1.707043 0.359643 -0.281740
v 1.707043 0.702643 -0.662740
v 1.707043 0.359643 -0.662740
v 1.707043 0.702643 -0.281740
v 1.707043 0.702643 -0.662740
v 1.373043 0.702643 -0.281740
v 1.373043 0.702643 -0.662740
v 1.707043 0.359643 -0.662740
v 1.707043 0.359643 -0.281740
v 1.373043 0.359643 -0.662740
v 1.707043 0.359643 -0.281740
v 1.373043 0.359643 -0.281740
v 1.373043 0.359643 -0.662740
v 1.707043 0.702643 -0.662740
v 1.707043 0.359643 -0.662740
v 1.373043 0.702643 -0.662740
v 1.707043 0.359643 -0.662740
v 1.373043 0.359643 -0.662740
v 1.373043 0.702643 -0.662740
v 1.373043 0.702643 -0.281740
v 1.373043 0.359643 -0.281740
v 1.707043 0.702643 -0.281740
v 1.373043 0.359643 -0.281740
v 1.707043 0.359643 -0.281740
v 1.707043 0.702643 -0.281740
v 1.306044 0.564643 -0.910740
v 1.306044 0.220644 -0.910740
v 1.306043 0.564643 -0.529740
v 1.306043 0.220644 -0.529740
v 1.640043 0.564643 -0.529740
v 1.640044 0.220644 -0.529740
v 1.640043 0.564643 -0.910740
v 1.640043 0.220644 -0.910740
v 1.640043 0.564643 -0.529740
v 1.640043 0.564643 -0.910740
v 1.306043 0.564643 -0.529740
v 1.306044 0.564643 -0.910740
v 1.640043 0.220644 -0.910740
v 1.640044 0.220644 -0.529740
v 1.306044 0.220644 -0.910740
v 1.640044 0.220644 -0.529740
v 1.306043 0.220644 -0.529740
v 1.306044 0.220644 -0.910740
v 1.640043 0.564643 -0.910740
v 1.640043 0.220644 -0.910740
v 1.306044 0.564643 -0.910740
v 1.640043 0.220644 -0.910740
v 1.306044 0.220644 -0.910740
v 1.306044 0.564643 -0.910740
v 1.306043 0.564643 -0.529740
v 1.306043 0.220644 -0.529740
v 1.640043 0.564643 -0.529740
v 1.306043 0.220644 -0.529740
v 1.640044 0.220644 -0.529740
v 1.640043 0.564643 -0.529740
v 1.220043 0.421644 -0.962740
v 1.220043 0.077643 -0.962740
v 1.220044 0.421643 -0.581740
v 1.220043 0.077643 -0.581740
v 1.554044 0.421644 -0.581740
v 1.554044 0.077643 -0.581740
v 1.554044 0.421643 -0.962740
v 1.554044 0.077643 -0.962740
v 1.554044 0.421644 -0.581740
v 1.554044 0.421643 -0.962740
v 1.220044 0.421643 -0.581740
v 1.220043 0.421644 -0.962740
v 1.554044 0.077643 -0.962740
v 1.554044 0.077643 -0.581740
v 1.220043 0.077643 -0.962740
v 1.554044 0.077643 -0.581740
v 1.220043 0.077643 -0.581740
v 1.220043 0.077643 -0.962740
v 1.554044 0.421643 -0.962740
v 1.554044 0.077643 -0.962740
v 1.220043 0.421644 -0.962740
v 1.554044 0.077643 -0.962740
v 1.220043 0.077643 -0.962740
v 1.220043 0.421644 -0.962740
v 1.220044 0.421643 -0.581740
v 1.220043 0.077643 -0.581740
v 1.554044 0.421644 -0.581740
v 1.220043 0.077643 -0.581740
v 1.554044 0.077643 -0.581740
v 1.554044 0.421644 -0.581740
v 1.168043 0.526643 -1.010740
v 1.168043 0.182643 -1.010740
v 1.168044 0.526643 -0.648740
v 1.168043 0.182643 -0.648740
v 1.502044 0.526643 -0.648740
v 1.502044 0.182643 -0.648740
v 1.502043 0.526643 -1.010740
v 1.502044 0.182643 -1.010740
v 1.502044 0.526643 -0.648740
v 1.502043 0.526643 -1.010740
v 1.168044 0.526643 -0.648740
v 1.168043 0.526643 -1.010740
v 1.502044 0.182643 -1.010740
v 1.502044 0.182643 -0.648740
v 1.168043 0.182643 -1.010740
v 1.502044 0.182643 -0.648740
v 1.168043 0.182643 -0.648740
v 1.168043 0.182643 -1.010740
v 1.502043 0.526643 -1.010740
v 1.502044 0.182643 -1.010740
v 1.168043 0.526643 -1.010740
v 1.502044 0.182643 -1.010740
v 1.168043 0.182643 -1.010740
v 1.168043 0.526643 -1.010740
v 1.168044 0.526643 -0.648740
v 1.168043 0.182643 -0.648740
v 1.502044 0.526643 -0.648740
v 1.168043 0.182643 -0.648740
v 1.502044 0.182643 -0.648740
v 1.502044 0.526643 -0.648740
v 1.216043 0.802643 -1.058740
v 1.216044 0.421643 -1.058740
v 1.216044 0.802643 -0.681740
v 1.216043 0.421644 -0.681740
v 1.549043 0.802643 -0.681740
v 1.549043 0.421644 -0.681740
v 1.549043 0.802643 -1.058740
v 1.549043 0.421643 -1.058740
v 1.549043 0.802643 -0.681740
v 1.549043 0.802643 -1.058740
v 1.216044 0.802643 -0.681740
v 1.216043 0.802643 -1.058740
v 1.549043 0.421643 -1.058740
v 1.549043 0.421644 -0.681740
v 1.216044 0.421643 -1.058740
v 1.549043 0.421644 -0.681740
v 1.216043 0.421644 -0.681740
v 1.216044 0.421643 -1.058740
v 1.549043 0.802643 -1.058740
v 1.549043 0.421643 -1.058740
v 1.216043 0.802643 -1.058740
v 1.549043 0.421643 -1.058740
v 1.216044 0.421643 -1.058740
v 1.216043 0.802643 -1.058740
v 1.216044 0.802643 -0.681740
v 1.216043 0.421644 -0.681740
v 1.549043 0.802643 -0.681740
v 1.216043 0.421644 -0.681740
v 1.549043 0.421644 -0.681740
v 1.549043 0.802643 -0.681740
v 1.392044 0.840643 -0.853740
v 1.392043 0.445643 -0.853740
v 1.392043 0.840643 -0.471740
v 1.392044 0.445643 -0.471740
v 1.726044 0.840643 -0.471740
v 1.726043 0.445643 -0.471740
v 1.726043 0.840643 -0.853740
v 1.726044 0.445643 -0.853740
v 1.726044 0.840643 -0.471740
v 1.726043 0.840643 -0.853740
v 1.392043 0.840643 -0.471740
v 1.392044 0.840643 -0.853740
v 1.726044 0.445643 -0.853740
v 1.726043 0.445643 -0.471740
v 1.392043 0.445643 -0.853740
v 1.726043 0.445643 -0.471740
v 1.392044 0.445643 -0.471740
v 1.392043 0.445643 -0.853740
v 1.726043 0.840643 -0.853740
v 1.726044 0.445643 -0.853740
v 1.392044 0.840643 -0.853740
v 1.726044 0.445643 -0.853740
v 1.392043 0.445643 -0.853740
v 1.392044 0.840643 -0.853740
v 1.392043 0.840643 -0.471740
v 1.392044 0.445643 -0.471740
v 1.726044 0.840643 -0.471740
v 1.392044 0.445643 -0.471740
v 1.726043 0.445643 -0.471740
v 1.726044 0.840643 -0.471740
v 1.468044 0.926643 -0.705739
v 1.468043 0.583643 -0.705740
v 1.468044 0.926643 -0.324740
v 1.468043 0.583643 -0.324740
v 1.802044 0.926643 -0.324740
v 1.802043 0.583643 -0.324740
v 1.802044 0.926643 -0.705740
v 1.802044 0.583643 -0.705740
v 1.802044 0.926643 -0.324740
v 1.802044 0.926643 -0.705740
v 1.468044 0.926643 -0.324740
v 1.468044 0.926643 -0.705739
v 1.802044 0.583643 -0.705740
v 1.802043 0.583643 -0.324740
v 1.468043 0.583643 -0.705740
v 1.802043 0.583643 -0.324740
v 1.468043 0.583643 -0.324740
v 1.468043 0.583643 -0.705740
v 1.802044 0.926643 -0.705740
v 1.802044 0.583643 -0.705740
v 1.468044 0.926643 -0.705739
v 1.802044 0.583643 -0.705740
v 1.468043 0.583643 -0.705740
v 1.468044 0.926643 -0.705739
v 1.468044 0.926643 -0.324740
v 1.468043 0.583643 -0.324740
v 1.802044 0.926643 -0.324740
v 1.468043 0.583643 -0.324740
v 1.802043 0.583643 -0.324740
v 1.802044 0.926643 -0.324740
v 1.397044 1.069643 -0.610740
v 1.397043 0.726644 -0.610740
v 1.397043 1.069643 -0.228740
v 1.397044 0.726644 -0.228740
v 1.731044 1.069643 -0.228740
v 1.731044 0.726644 -0.228740
v 1.731043 1.069643 -0.610740
v 1.731044 0.726644 -0.610740
v 1.731044 1.069643 -0.228740
v 1.731043 1.069643 -0.610740
v 1.397043 1.069643 -0.228740
v 1.397044 1.069643 -0.610740
v 1.731044 0.726644 -0.610740
v 1.731044 0.726644 -0.228740
v 1.397043 0.726644 -0.610740
v 1.731044 0.726644 -0.228740
v 1.397044 0.726644 -0.228740
v 1.397043 0.726644 -0.610740
v 1.731043 1.069643 -0.610740
v 1.731044 0.726644 -0.610740
v 1.397044 1.069643 -0.610740
v 1.731044 0.726644 -0.610740
v 1.397043 0.726644 -0.610740
v 1.397044 1.069643 -0.610740
v 1.397043 1.069643 -0.228740
v 1.397044 0.726644 -0.228740
v 1.731044 1.069643 -0.228740
v 1.397044 0.726644 -0.228740
v 1.731044 0.726644 -0.228740
v 1.731044 1.069643 -0.228740
v 1.349043 1.117643 -0.276740
v 1.349043 0.774643 -0.276740
v 1.349043 1.117643 0.104260
v 1.349043 0.774643 0.104260
v 1.683044 1.117643 0.104260
v 1.683043 0.774643 0.104260
v 1.683044 1.117643 -0.276740
v 1.683044 0.774643 -0.276740
v 1.683044 1.117643 0.104260
v 1.683044 1.117643 -0.276740
v 1.349043 1.117643 0.104260
v 1.349043 1.117643 -0.276740
v 1.683044 0.774643 -0.276740
v 1.683043 0.774643 0.104260
v 1.349043 0.774643 -0.276740
v 1.683043 0.774643 0.104260
v 1.349043 0.774643 0.104260
v 1.349043 0.774643 -0.276740
v 1.683044 1.117643 -0.276740
v 1.683044 0.774643 -0.276740
v 1.349043 1.117643 -0.276740
v 1.683044 0.774643 -0.276740
v 1.349043 0.774643 -0.276740
v 1.349043 1.117643 -0.276740
v 1.349043 1.117643 0.104260
v 1.349043 0.774643 0.104260
v 1.683044 1.117643 0.104260
v 1.349043 0.774643 0.104260
v 1.683043 0.774643 0.104260
v 1.683044 1.117643 0.104260
v 1.206043 1.212643 -0.181740
v 1.206043 0.869644 -0.181740
v 1.206043 1.212643 0.200260
v 1.206043 0.869644 0.200260
v 1.540044 1.212643 0.200260
v 1.540043 0.869644 0.200260
v 1.540044 1.212644 -0.181740
v 1.540043 0.869644 -0.181740
v 1.540044 1.212643 0.200260
v 1.540044 1.212644 -0.181740
v 1.206043 1.212643 0.200260
v 1.206043 1.212643 -0.181740
v 1.540043 0.869644 -0.181740
v 1.540043 0.869644 0.200260
v 1.206043 0.869644 -0.181740
v 1.540043 0.869644 0.200260
v 1.206043 0.869644 0.200260
v 1.206043 0.869644 -0.181740
v 1.540044 1.212644 -0.181740
v 1.540043 0.869644 -0.181740
v 1.206043 1.212643 -0.181740
v 1.540043 0.869644 -0.181740
v 1.206043 0.869644 -0.181740
v 1.206043 1.212643 -0.181740
v 1.206043 1.212643 0.200260
v 1.206043 0.869644 0.200260
v 1.540044 1.212643 0.200260
v 1.206043 0.869644 0.200260
v 1.540043 0.869644 0.200260
v 1.540044 1.212643 0.200260
v 1.111044 1.260643 -0.104740
v 1.111043 0.917644 -0.104740
v 1.111044 1.260643 0.276260
v 1.111043 0.917644 0.276260
v 1.445044 1.260643 0.276260
v 1.445043 0.917644 0.276260
v 1.445043 1.260643 -0.104740
v 1.445043 0.917644 -0.104740
v 1.445044 1.260643 0.276260
v 1.445043 1.260643 -0.104740
v 1.111044 1.260643 0.276260
v 1.111044 1.260643 -0.104740
v 1.445043 0.917644 -0.104740
v 1.445043 0.917644 0.276260
v 1.111043 0.917644 -0.104740
v 1.445043 0.917644 0.276260
v 1.111043 0.917644 0.276260
v 1.111043 0.917644 -0.104740
v 1.445043 1.260643 -0.104740
v 1.445043 0.917644 -0.104740
v 1.111044 1.260643 -0.104740
v 1.445043 0.917644 -0.104740
v 1.111043 0.917644 -0.104740
v 1.111044 1.260643 -0.104740
v 1.111044 1.260643 0.276260
v 1.111043 0.917644 0.276260
v 1.445044 1.260643 0.276260
v 1.111043 0.917644 0.276260
v 1.445043 0.917644 0.276260
v 1.445044 1.260643 0.276260
v 0.968044 1.355643 -0.057740
v 0.968043 1.012643 -0.057740
v 0.968044 1.355643 0.324260
v 0.968044 1.012643 0.324260
v 1.301044 1.355643 0.324260
v 1.301044 1.012643 0.324260
v 1.301044 1.355643 -0.057740
v 1.301044 1.012643 -0.057740
v 1.301044 1.355643 0.324260
v 1.301044 1.355643 -0.057740
v 0.968044 1.355643 0.324260
v 0.968044 1.355643 -0.057740
v 1.301044 1.012643 -0.057740
v 1.301044 1.012643 0.324260
v 0.968043 1.012643 -0.057740
v 1.301044 1.012643 0.324260
v 0.968044 1.012643 0.324260
v 0.968043 1.012643 -0.057740
v 1.301044 1.355643 -0.057740
v 1.301044 1.012643 -0.057740
v 0.968044 1.355643 -0.057740
v 1.301044 1.012643 -0.057740
v 0.968043 1.012643 -0.057740
v 0.968044 1.355643 -0.057740
v 0.968044 1.355643 0.324260
v 0.968044 1.012643 0.324260
v 1.301044 1.355643 0.324260
v 0.968044 1.012643 0.324260
v 1.301044 1.012643 0.324260
v 1.301044 1.355643 0.324260
v 0.839043 1.374643 0.104260
v 0.839044 1.031643 0.104260
v 0.839043 1.374643 0.486260
v 0.839043 1.031643 0.486260
v 1.173043 1.374643 0.486260
v 1.173043 1.031643 0.486260
v 1.173043 1.374643 0.104260
v 1.173043 1.031643 0.104260
v 1.173043 1.374643 0.486260
v 1.173043 1.374643 0.104260
v 0.839043 1.374643 0.486260
v 0.839043 1.374643 0.104260
v 1.173043 1.031643 0.104260
v 1.173043 1.031643 0.486260
v 0.839044 1.031643 0.104260
v 1.173043 1.031643 0.486260
v 0.839043 1.031643 0.486260
v 0.839044 1.031643 0.104260
v 1.173043 1.374643 0.104260
v 1.173043 1.031643 0.104260
v 0.839043 1.374643 0.104260
v 1.173043 1.031643 0.104260
v 0.839044 1.031643 0.104260
v 0.839043 1.374643 0.104260
v 0.839043 1.374643 0.486260
v 0.839043 1.031643 0.486260
v 1.173043 1.374643 0.486260
v 0.839043 1.031643 0.486260
v 1.173043 1.031643 0.486260
v 1.173043 1.374643 0.486260
v 0.586043 1.417644 0.085260
v 0.586044 1.074643 0.085260
v 0.586044 1.417643 0.467260
v 0.586043 1.074643 0.467260
v 0.920044 1.417644 0.467260
v 0.920044 1.074643 0.467260
v 0.920044 1.417644 0.085260
v 0.920043 1.074643 0.085260
v 0.920044 1.417644 0.467260
v 0.920044 1.417644 0.085260
v 0.586044 1.417643 0.467260
v 0.586043 1.417644 0.085260
v 0.920043 1.074643 0.085260
v 0.920044 1.074643 0.467260
v 0.586044 1.074643 0.085260
v 0.920044 1.074643 0.467260
v 0.586043 1.074643 0.467260
v 0.586044 1.074643 0.085260
v 0.920044 1.417644 0.085260
v 0.920043 1.074643 0.085260
v 0.586043 1.417644 0.085260
v 0.920043 1.074643 0.085260
v 0.586044 1.074643 0.085260
v 0.586043 1.417644 0.085260
v 0.586044 1.417643 0.467260
v 0.586043 1.074643 0.467260
v 0.920044 1.417644 0.467260
v 0.586043 1.074643 0.467260
v 0.920044 1.074643 0.467260
v 0.920044 1.417644 0.467260
v 0.524043 1.322643 0.166260
v 0.524044 0.979643 0.166260
v 0.524043 1.322643 0.548260
v 0.524044 0.979643 0.548260
v 0.858043 1.322643 0.548260
v 0.858044 0.979643 0.548260
v 0.858044 1.322643 0.166260
v 0.858044 0.979643 0.166260
v 0.858043 1.322643 0.548260
v 0.858044 1.322643 0.166260
v 0.524043 1.322643 0.548260
v 0.524043 1.322643 0.166260
v 0.858044 0.979643 0.166260
v 0.858044 0.979643 0.548260
v 0.524044 0.979643 0.166260
v 0.858044 0.979643 0.548260
v 0.524044 0.979643 0.548260
v 0.524044 0.979643 0.166260
v 0.858044 1.322643 0.166260
v 0.858044 0.979643 0.166260
v 0.524043 1.322643 0.166260
v 0.858044 0.979643 0.166260
v 0.524044 0.979643 0.166260
v 0.524043 1.322643 0.166260
v 0.524043 1.322643 0.548260
v 0.524044 0.979643 0.548260
v 0.858043 1.322643 0.548260
v 0.524044 0.979643 0.548260
v 0.858044 0.979643 0.548260
v 0.858043 1.322643 0.548260
v -1.072956 1.217644 -0.190740
v -1.072956 0.874643 -0.190740
v -1.072956 1.217643 0.190260
v -1.072956 0.874643 0.190260
v -0.738956 1.217643 0.190260
v -0.738957 0.874643 0.190260
v -0.738957 1.217643 -0.190740
v -0.738956 0.874643 -0.190740
v -0.738956 1.217643 0.190260
v -0.738957 1.217643 -0.190740
v -1.072956 1.217643 0.190260
v -1.072956 1.217644 -0.190740
v -0.738956 0.874643 -0.190740
v -0.738957 0.874643 0.190260
v -1.072956 0.874643 -0.190740
v -0.738957 0.874643 0.190260
v -1.072956 0.874643 0.190260
v -1.072956 0.874643 -0.190740
v -0.738957 1.217643 -0.190740
v -0.738956 0.874643 -0.190740
v -1.072956 1.217644 -0.190740
v -0.738956 0.874643 -0.190740
v -1.072956 0.874643 -0.190740
v -1.072956 1.217644 -0.190740
v -1.072956 1.217643 0.190260
v -1.072956 0.874643 0.190260
v -0.738956 1.217643 0.190260
v -1.072956 0.874643 0.190260
v -0.738957 0.874643 0.190260
v -0.738956 1.217643 0.190260
v -0.586956 1.169644 0.181260
v -0.586956 0.826643 0.181260
v -0.586957 1.169643 0.562260
v -0.586956 0.826643 0.562260
v -0.252957 1.169643 0.562260
v -0.252956 0.826643 0.562260
v -0.252956 1.169643 0.181260
v -0.252956 0.826643 0.181260
v -0.252957 1.169643 0.562260
v -0.252956 1.169643 0.181260
v -0.586957 1.169643 0.562260
v -0.586956 1.169644 0.181260
v -0.252956 0.826643 0.181260
v -0.252956 0.826643 0.562260
v -0.586956 0.826643 0.181260
v -0.252956 0.826643 0.562260
v -0.586956 0.826643 0.562260
v -0.586956 0.826643 0.181260
v -0.252956 1.169643 0.181260
v -0.252956 0.826643 0.181260
v -0.586956 1.169644 0.181260
v -0.252956 0.826643 0.181260
v -0.586956 0.826643 0.181260
v -0.586956 1.169644 0.181260
v -0.586957 1.169643 0.562260
v -0.586956 0.826643 0.562260
v -0.252957 1.169643 0.562260
v -0.586956 0.826643 0.562260
v -0.252956 0.826643 0.562260
v -0.252957 1.169643 0.562260
v -0.719957 1.198644 0.138260
v -0.719957 0.855643 0.138260
v -0.719957 1.198644 0.519260
v -0.719957 0.855643 0.519260
v -0.385957 1.198644 0.519260
v -0.385957 0.855643 0.519260
v -0.385957 1.198643 0.138260
v -0.385957 0.855643 0.138260
v -0.385957 1.198644 0.519260
v -0.385957 1.198643 0.138260
v -0.719957 1.198644 0.519260
v -0.719957 1.198644 0.138260
v -0.385957 0.855643 0.138260
v -0.385957 0.855643 0.519260
v -0.719957 0.855643 0.138260
v -0.385957 0.855643 0.519260
v -0.719957 0.855643 0.519260
v -0.719957 0.855643 0.138260
v -0.385957 1.198643 0.138260
v -0.385957 0.855643 0.138260
v -0.719957 1.198644 0.138260
v -0.385957 0.855643 0.138260
v -0.719957 0.855643 0.138260
v -0.719957 1.198644 0.138260
v -0.719957 1.198644 0.519260
v -0.719957 0.855643 0.519260
v -0.385957 1.198644 0.519260
v -0.719957 0.855643 0.519260
v -0.385957 0.855643 0.519260
v -0.385957 1.198644 0.519260
v -0.910957 1.241644 0.090260
v -0.910956 0.897644 0.090260
v -0.910957 1.241643 0.472260
v -0.910956 0.897643 0.472260
v -0.576957 1.241643 0.472260
v -0.576957 0.897644 0.472260
v -0.576956 1.241643 0.090260
v -0.576957 0.897643 0.090260
v -0.576957 1.241643 0.472260
v -0.576956 1.241643 0.090260
v -0.910957 1.241643 0.472260
v -0.910957 1.241644 0.090260
v -0.576957 0.897643 0.090260
v -0.576957 0.897644 0.472260
v -0.910956 0.897644 0.090260
v -0.576957 0.897644 0.472260
v -0.910956 0.897643 0.472260
v -0.910956 0.897644 0.090260
v -0.576956 1.241643 0.090260
v -0.576957 0.897643 0.090260
v -0.910957 1.241644 0.090260
v -0.576957 0.897643 0.090260
v -0.910956 0.897644 0.090260
v -0.910957 1.241644 0.090260
v -0.910957 1.241643 0.472260
v -0.910956 0.897643 0.472260
v -0.576957 1.241643 0.472260
v -0.910956 0.897643 0.472260
v -0.576957 0.897644 0.472260
v -0.576957 1.241643 0.472260
v -1.177956 1.250644 0.085260
v -1.177956 0.907643 0.085260
v -1.177957 1.250644 0.467260
v -1.177956 0.907643 0.467260
v -0.843956 1.250643 0.467260
v -0.843956 0.907643 0.467260
v -0.843957 1.250644 0.085260
v -0.843956 0.907643 0.085260
v -0.843956 1.250643 0.467260
v -0.843957 1.250644 0.085260
v -1.177957 1.250644 0.467260
v -1.177956 1.250644 0.085260
v -0.843956 0.907643 0.085260
v -0.843956 0.907643 0.467260
v -1.177956 0.907643 0.085260
v -0.843956 0.907643 0.467260
v -1.177956 0.907643 0.467260
v -1.177956 0.907643 0.085260
v -0.843957 1.250644 0.085260
v -0.843956 0.907643 0.085260
v -1.177956 1.250644 0.085260
v -0.843956 0.907643 0.085260
v -1.177956 0.907643 0.085260
v -1.177956 1.250644 0.085260
v -1.177957 1.250644 0.467260
v -1.177956 0.907643 0.467260
v -0.843956 1.250643 0.467260
v -1.177956 0.907643 0.467260
v -0.843956 0.907643 0.467260
v -0.843956 1.250643 0.467260
v -0.624957 1.041644 -0.009740
v -0.624956 0.697643 -0.009740
v -0.624957 1.041644 0.371260
v -0.624957 0.697643 0.371260
v -0.290956 1.041644 0.371260
v -0.290956 0.697643 0.371260
v -0.290956 1.041644 -0.009740
v -0.290956 0.697643 -0.009740
v -0.290956 1.041644 0.371260
v -0.290956 1.041644 -0.009740
v -0.624957 1.041644 0.371260
v -0.624957 1.041644 -0.009740
v -0.290956 0.697643 -0.009740
v -0.290956 0.697643 0.371260
v -0.624956 0.697643 -0.009740
v -0.290956 0.697643 0.371260
v -0.624957 0.697643 0.371260
v -0.624956 0.697643 -0.009740
v -0.290956 1.041644 -0.009740
v -0.290956 0.697643 -0.009740
v -0.624957 1.041644 -0.009740
v -0.290956 0.697643 -0.009740
v -0.624956 0.697643 -0.009740
v -0.624957 1.041644 -0.009740
v -0.624957 1.041644 0.371260
v -0.624957 0.697643 0.371260
v -0.290956 1.041644 0.371260
v -0.624957 0.697643 0.371260
v -0.290956 0.697643 0.371260
v -0.290956 1.041644 0.371260
v -0.338957 0.836644 -0.023740
v -0.338957 0.635643 -0.023740
v -0.338956 0.836644 0.214260
v -0.338957 0.635643 0.214260
v -0.147957 0.836644 0.214260
v -0.147956 0.635643 0.214260
v -0.147957 0.836643 -0.023740
v -0.147957 0.635643 -0.023740
v -0.147957 0.836644 0.214260
v -0.147957 0.836643 -0.023740
v -0.338956 0.836644 0.214260
v -0.338957 0.836644 -0.023740
v -0.147957 0.635643 -0.023740
v -0.147956 0.635643 0.214260
v -0.338957 0.635643 -0.023740
v -0.147956 0.635643 0.214260
v -0.338957 0.635643 0.214260
v -0.338957 0.635643 -0.023740
v -0.147957 0.836643 -0.023740
v -0.147957 0.635643 -0.023740
v -0.338957 0.836644 -0.023740
v -0.147957 0.635643 -0.023740
v -0.338957 0.635643 -0.023740
v -0.338957 0.836644 -0.023740
v -0.338956 0.836644 0.214260
v -0.338957 0.635643 0.214260
v -0.147957 0.836644 0.214260
v -0.338957 0.635643 0.214260
v -0.147956 0.635643 0.214260
v -0.147957 0.836644 0.214260
v -0.447957 1.093643 0.052260
v -0.447956 0.893643 0.052260
v -0.447956 1.093643 0.290260
v -0.447956 0.893643 0.290260
v -0.257956 1.093644 0.290260
v -0.257956 0.893643 0.290260
v -0.257956 1.093644 0.052260
v -0.257957 0.893643 0.052260
v -0.257956 1.093644 0.290260
v -0.257956 1.093644 0.052260
v -0.447956 1.093643 0.290260
v -0.447957 1.093643 0.052260
v -0.257957 0.893643 0.052260
v -0.257956 0.893643 0.290260
v -0.447956 0.893643 0.052260
v -0.257956 0.893643 0.290260
v -0.447956 0.893643 0.290260
v -0.447956 0.893643 0.052260
v -0.257956 1.093644 0.052260
v -0.257957 0.893643 0.052260
v -0.447957 1.093643 0.052260
v -0.257957 0.893643 0.052260
v -0.447956 0.893643 0.052260
v -0.447957 1.093643 0.052260
v -0.447956 1.093643 0.290260
v -0.447956 0.893643 0.290260
v -0.257956 1.093644 0.290260
v -0.447956 0.893643 0.290260
v -0.257956 0.893643 0.290260
v -0.257956 1.093644 0.290260
v -0.900956 0.712644 -0.290740
v -0.900956 0.511643 -0.290740
v -0.900956 0.712643 -0.052740
v -0.900956 0.511643 -0.052740
v -0.710956 0.712644 -0.052740
v -0.710957 0.511643 -0.052740
v -0.710956 0.712644 -0.290740
v -0.710956 0.511643 -0.290740
v -0.710956 0.712644 -0.052740
v -0.710956 0.712644 -0.290740
v -0.900956 0.712643 -0.052740
v -0.900956 0.712644 -0.290740
v -0.710956 0.511643 -0.290740
v -0.710957 0.511643 -0.052740
v -0.900956 0.511643 -0.290740
v -0.710957 0.511643 -0.052740
v -0.900956 0.511643 -0.052740
v -0.900956 0.511643 -0.290740
v -0.710956 0.712644 -0.290740
v -0.710956 0.511643 -0.290740
v -0.900956 0.712644 -0.290740
v -0.710956 0.511643 -0.290740
v -0.900956 0.511643 -0.290740
v -0.900956 0.712644 -0.290740
v -0.900956 0.712643 -0.052740
v -0.900956 0.511643 -0.052740
v -0.710956 0.712644 -0.052740
v -0.900956 0.511643 -0.052740
v -0.710957 0.511643 -0.052740
v -0.710956 0.712644 -0.052740
v -0.831956 0.955643 -0.157740
v -0.831957 0.754643 -0.157740
v -0.831956 0.955644 0.081260
v -0.831957 0.754643 0.081260
v -0.640957 0.955643 0.081260
v -0.640956 0.754643 0.081260
v -0.640957 0.955644 -0.157740
v -0.640957 0.754643 -0.157740
v -0.640957 0.955643 0.081260
v -0.640957 0.955644 -0.157740
v -0.831956 0.955644 0.081260
v -0.831956 0.955643 -0.157740
v -0.640957 0.754643 -0.157740
v -0.640956 0.754643 0.081260
v -0.831957 0.754643 -0.157740
v -0.640956 0.754643 0.081260
v -0.831957 0.754643 0.081260
v -0.831957 0.754643 -0.157740
v -0.640957 0.955644 -0.157740
v -0.640957 0.754643 -0.157740
v -0.831956 0.955643 -0.157740
v -0.640957 0.754643 -0.157740
v -0.831957 0.754643 -0.157740
v -0.831956 0.955643 -0.157740
v -0.831956 0.955644 0.081260
v -0.831957 0.754643 0.081260
v -0.640957 0.955643 0.081260
v -0.831957 0.754643 0.081260
v -0.640956 0.754643 0.081260
v -0.640957 0.955643 0.081260
v -0.683956 1.002644 -0.109740
v -0.683956 0.802643 -0.109740
v -0.683956 1.002643 0.128260
v -0.683956 0.802643 0.128260
v -0.397957 1.002644 0.128260
v -0.397956 0.802643 0.128260
v -0.397956 1.002644 -0.109740
v -0.397957 0.802643 -0.109740
v -0.397957 1.002644 0.128260
v -0.397956 1.002644 -0.109740
v -0.683956 1.002643 0.128260
v -0.683956 1.002644 -0.109740
v -0.397957 0.802643 -0.109740
v -0.397956 0.802643 0.128260
v -0.683956 0.802643 -0.109740
v -0.397956 0.802643 0.128260
v -0.683956 0.802643 0.128260
v -0.683956 0.802643 -0.109740
v -0.397956 1.002644 -0.109740
v -0.397957 0.802643 -0.109740
v -0.683956 1.002644 -0.109740
v -0.397957 0.802643 -0.109740
v -0.683956 0.802643 -0.109740
v -0.683956 1.002644 -0.109740
v -0.683956 1.002643 0.128260
v -0.683956 0.802643 0.128260
v -0.397957 1.002644 0.128260
v -0.683956 0.802643 0.128260
v -0.397956 0.802643 0.128260
v -0.397957 1.002644 0.128260
v 0.210043 0.812644 -0.357740
v 0.210044 0.611643 -0.357740
v 0.210043 0.812643 -0.119740
v 0.210043 0.611643 -0.119740
v 0.400043 0.812643 -0.119740
v 0.400043 0.611643 -0.119740
v 0.400043 0.812643 -0.357740
v 0.400043 0.611643 -0.357740
v 0.400043 0.812643 -0.119740
v 0.400043 0.812643 -0.357740
v 0.210043 0.812643 -0.119740
v 0.210043 0.812644 -0.357740
v 0.400043 0.611643 -0.357740
v 0.400043 0.611643 -0.119740
v 0.210044 0.611643 -0.357740
v 0.400043 0.611643 -0.119740
v 0.210043 0.611643 -0.119740
v 0.210044 0.611643 -0.357740
v 0.400043 0.812643 -0.357740
v 0.400043 0.611643 -0.357740
v 0.210043 0.812644 -0.357740
v 0.400043 0.611643 -0.357740
v 0.210044 0.611643 -0.357740
v 0.210043 0.812644 -0.357740
v 0.210043 0.812643 -0.119740
v 0.210043 0.611643 -0.119740
v 0.400043 0.812643 -0.119740
v 0.210043 0.611643 -0.119740
v 0.400043 0.611643 -0.119740
v 0.400043 0.812643 -0.119740
v 0.114043 0.621643 -0.357740
v 0.114043 0.421643 -0.357740
v 0.114043 0.621643 -0.119740
v 0.114043 0.421643 -0.119740
v 0.305043 0.621643 -0.119740
v 0.305044 0.421643 -0.119740
v 0.305044 0.621643 -0.357740
v 0.305043 0.421644 -0.357740
v 0.305043 0.621643 -0.119740
v 0.305044 0.621643 -0.357740
v 0.114043 0.621643 -0.119740
v 0.114043 0.621643 -0.357740
v 0.305043 0.421644 -0.357740
v 0.305044 0.421643 -0.119740
v 0.114043 0.421643 -0.357740
v 0.305044 0.421643 -0.119740
v 0.114043 0.421643 -0.119740
v 0.114043 0.421643 -0.357740
v 0.305044 0.621643 -0.357740
v 0.305043 0.421644 -0.357740
v 0.114043 0.621643 -0.357740
v 0.305043 0.421644 -0.357740
v 0.114043 0.421643 -0.357740
v 0.114043 0.621643 -0.357740
v 0.114043 0.621643 -0.119740
v 0.114043 0.421643 -0.119740
v 0.305043 0.621643 -0.119740
v 0.114043 0.421643 -0.119740
v 0.305044 0.421643 -0.119740
v 0.305043 0.621643 -0.119740
v 0.214044 0.516644 -0.552740
v 0.214043 0.316644 -0.552740
v 0.214043 0.516644 -0.314740
v 0.214043 0.316644 -0.314740
v 0.405043 0.516644 -0.314740
v 0.405043 0.316644 -0.314740
v 0.405043 0.516644 -0.552740
v 0.405043 0.316644 -0.552740
v 0.405043 0.516644 -0.314740
v 0.405043 0.516644 -0.552740
v 0.214043 0.516644 -0.314740
v 0.214044 0.516644 -0.552740
v 0.405043 0.316644 -0.552740
v 0.405043 0.316644 -0.314740
v 0.214043 0.316644 -0.552740
v 0.405043 0.316644 -0.314740
v 0.214043 0.316644 -0.314740
v 0.214043 0.316644 -0.552740
v 0.405043 0.516644 -0.552740
v 0.405043 0.316644 -0.552740
v 0.214044 0.516644 -0.552740
v 0.405043 0.316644 -0.552740
v 0.214043 0.316644 -0.552740
v 0.214044 0.516644 -0.552740
v 0.214043 0.516644 -0.314740
v 0.214043 0.316644 -0.314740
v 0.405043 0.516644 -0.314740
v 0.214043 0.316644 -0.314740
v 0.405043 0.316644 -0.314740
v 0.405043 0.516644 -0.314740
v -1.115957 0.182643 -0.324740
v -1.115957 -0.017357 -0.324740
v -1.115957 0.182643 -0.133740
v -1.115957 -0.017357 -0.133740
v -0.924957 0.182643 -0.133740
v -0.924957 -0.017357 -0.133740
v -0.924957 0.182643 -0.324740
v -0.924957 -0.017357 -0.324740
v -0.924957 0.182643 -0.133740
v -0.924957 0.182643 -0.324740
v -1.115957 0.182643 -0.133740
v -1.115957 0.182643 -0.324740
v -0.924957 -0.017357 -0.324740
v -0.924957 -0.017357 -0.133740
v -1.115957 -0.017357 -0.324740
v -0.924957 -0.017357 -0.133740
v -1.115957 -0.017357 -0.133740
v -1.115957 -0.017357 -0.324740
v -0.924957 0.182643 -0.324740
v -0.924957 -0.017357 -0.324740
v -1.115957 0.182643 -0.324740
v -0.924957 -0.017357 -0.324740
v -1.115957 -0.017357 -0.324740
v -1.115957 0.182643 -0.324740
v -1.115957 0.182643 -0.133740
v -1.115957 -0.017357 -0.133740
v -0.924957 0.182643 -0.133740
v -1.115957 -0.017357 -0.133740
v -0.924957 -0.017357 -0.133740
v -0.924957 0.182643 -0.133740
v -0.977957 0.983644 -0.343740
v -0.977957 0.783644 -0.343740
v -0.977957 0.983644 -0.152740
v -0.977957 0.783644 -0.152740
v -0.786957 0.983644 -0.152740
v -0.786956 0.783643 -0.152740
v -0.786957 0.983644 -0.343740
v -0.786957 0.783643 -0.343740
v -0.786957 0.983644 -0.152740
v -0.786957 0.983644 -0.343740
v -0.977957 0.983644 -0.152740
v -0.977957 0.983644 -0.343740
v -0.786957 0.783643 -0.343740
v -0.786956 0.783643 -0.152740
v -0.977957 0.783644 -0.343740
v -0.786956 0.783643 -0.152740
v -0.977957 0.783644 -0.152740
v -0.977957 0.783644 -0.343740
v -0.786957 0.983644 -0.343740
v -0.786957 0.783643 -0.343740
v -0.977957 0.983644 -0.343740
v -0.786957 0.783643 -0.343740
v -0.977957 0.783644 -0.343740
v -0.977957 0.983644 -0.343740
v -0.977957 0.983644 -0.152740
v -0.977957 0.783644 -0.152740
v -0.786957 0.983644 -0.152740
v -0.977957 0.783644 -0.152740
v -0.786956 0.783643 -0.152740
v -0.786957 0.983644 -0.152740
v -0.776957 0.783643 -0.295740
v -0.776956 0.678644 -0.295740
v -0.776957 0.783643 -0.200740
v -0.776956 0.678644 -0.200740
v -0.681957 0.783644 -0.200740
v -0.681957 0.678644 -0.200740
v -0.681957 0.783644 -0.295740
v -0.681957 0.678644 -0.295740
v -0.681957 0.783644 -0.200740
v -0.681957 0.783644 -0.295740
v -0.776957 0.783643 -0.200740
v -0.776957 0.783643 -0.295740
v -0.681957 0.678644 -0.295740
v -0.681957 0.678644 -0.200740
v -0.776956 0.678644 -0.295740
v -0.681957 0.678644 -0.200740
v -0.776956 0.678644 -0.200740
v -0.776956 0.678644 -0.295740
v -0.681957 0.783644 -0.295740
v -0.681957 0.678644 -0.295740
v -0.776957 0.783643 -0.295740
v -0.681957 0.678644 -0.295740
v -0.776956 0.678644 -0.295740
v -0.776957 0.783643 -0.295740
v -0.776957 0.783643 -0.200740
v -0.776956 0.678644 -0.200740
v -0.681957 0.783644 -0.200740
v -0.776956 0.678644 -0.200740
v -0.681957 0.678644 -0.200740
v -0.681957 0.783644 -0.200740
v -0.624957 0.683643 -0.195740
v -0.624956 0.578643 -0.195740
v -0.624957 0.683643 -0.100740
v -0.624956 0.578643 -0.100740
v -0.528956 0.683643 -0.100740
v -0.528957 0.578643 -0.100740
v -0.528957 0.683643 -0.195740
v -0.528957 0.578643 -0.195740
v -0.528956 0.683643 -0.100740
v -0.528957 0.683643 -0.195740
v -0.624957 0.683643 -0.100740
v -0.624957 0.683643 -0.195740
v -0.528957 0.578643 -0.195740
v -0.528957 0.578643 -0.100740
v -0.624956 0.578643 -0.195740
v -0.528957 0.578643 -0.100740
v -0.624956 0.578643 -0.100740
v -0.624956 0.578643 -0.195740
v -0.528957 0.683643 -0.195740
v -0.528957 0.578643 -0.195740
v -0.624957 0.683643 -0.195740
v -0.528957 0.578643 -0.195740
v -0.624956 0.578643 -0.195740
v -0.624957 0.683643 -0.195740
v -0.624957 0.683643 -0.100740
v -0.624956 0.578643 -0.100740
v -0.528956 0.683643 -0.100740
v -0.624956 0.578643 -0.100740
v -0.528957 0.578643 -0.100740
v -0.528956 0.683643 -0.100740
v -0.619956 0.597643 -0.228740
v -0.619957 0.492643 -0.228740
v -0.619957 0.597643 -0.133740
v -0.619956 0.492643 -0.133740
v -0.524957 0.597643 -0.133740
v -0.524957 0.492643 -0.133740
v -0.524956 0.597643 -0.228740
v -0.524957 0.492643 -0.228740
v -0.524957 0.597643 -0.133740
v -0.524956 0.597643 -0.228740
v -0.619957 0.597643 -0.133740
v -0.619956 0.597643 -0.228740
v -0.524957 0.492643 -0.228740
v -0.524957 0.492643 -0.133740
v -0.619957 0.492643 -0.228740
v -0.524957 0.492643 -0.133740
v -0.619956 0.492643 -0.133740
v -0.619957 0.492643 -0.228740
v -0.524956 0.597643 -0.228740
v -0.524957 0.492643 -0.228740
v -0.619956 0.597643 -0.228740
v -0.524957 0.492643 -0.228740
v -0.619957 0.492643 -0.228740
v -0.619956 0.597643 -0.228740
v -0.619957 0.597643 -0.133740
v -0.619956 0.492643 -0.133740
v -0.524957 0.597643 -0.133740
v -0.619956 0.492643 -0.133740
v -0.524957 0.492643 -0.133740
v -0.524957 0.597643 -0.133740
v -1.053957 -0.093357 -0.362740
v -1.053956 -0.198357 -0.362740
v -1.053956 -0.093357 -0.266740
v -1.053957 -0.198357 -0.266740
v -0.957957 -0.093357 -0.266740
v -0.957957 -0.198356 -0.266740
v -0.957957 -0.093357 -0.362740
v -0.957956 -0.198356 -0.362740
v -0.957957 -0.093357 -0.266740
v -0.957957 -0.093357 -0.362740
v -1.053956 -0.093357 -0.266740
v -1.053957 -0.093357 -0.362740
v -0.957956 -0.198356 -0.362740
v -0.957957 -0.198356 -0.266740
v -1.053956 -0.198357 -0.362740
v -0.957957 -0.198356 -0.266740
v -1.053957 -0.198357 -0.266740
v -1.053956 -0.198357 -0.362740
v -0.957957 -0.093357 -0.362740
v -0.957956 -0.198356 -0.362740
v -1.053957 -0.093357 -0.362740
v -0.957956 -0.198356 -0.362740
v -1.053956 -0.198357 -0.362740
v -1.053957 -0.093357 -0.362740
v -1.053956 -0.093357 -0.266740
v -1.053957 -0.198357 -0.266740
v -0.957957 -0.093357 -0.266740
v -1.053957 -0.198357 -0.266740
v -0.957957 -0.198356 -0.266740
v -0.957957 -0.093357 -0.266740
v -0.977957 -0.079357 -0.333740
v -0.977957 -0.184357 -0.333740
v -0.977957 -0.079357 -0.238740
v -0.977957 -0.184357 -0.238740
v -0.881956 -0.079357 -0.238740
v -0.881956 -0.184357 -0.238740
v -0.881957 -0.079357 -0.333740
v -0.881957 -0.184357 -0.333740
v -0.881956 -0.079357 -0.238740
v -0.881957 -0.079357 -0.333740
v -0.977957 -0.079357 -0.238740
v -0.977957 -0.079357 -0.333740
v -0.881957 -0.184357 -0.333740
v -0.881956 -0.184357 -0.238740
v -0.977957 -0.184357 -0.333740
v -0.881956 -0.184357 -0.238740
v -0.977957 -0.184357 -0.238740
v -0.977957 -0.184357 -0.333740
v -0.881957 -0.079357 -0.333740
v -0.881957 -0.184357 -0.333740
v -0.977957 -0.079357 -0.333740
v -0.881957 -0.184357 -0.333740
v -0.977957 -0.184357 -0.333740
v -0.977957 -0.079357 -0.333740
v -0.977957 -0.079357 -0.238740
v -0.977957 -0.184357 -0.238740
v -0.881956 -0.079357 -0.238740
v -0.977957 -0.184357 -0.238740
v -0.881956 -0.184357 -0.238740
v -0.881956 -0.079357 -0.238740
v -0.328957 0.049643 -0.214740
v -0.328956 -0.055357 -0.214740
v -0.328956 0.049644 -0.119740
v -0.328956 -0.055357 -0.119740
v -0.233957 0.049644 -0.119740
v -0.233957 -0.055357 -0.119740
v -0.233957 0.049644 -0.214740
v -0.233957 -0.055357 -0.214740
v -0.233957 0.049644 -0.119740
v -0.233957 0.049644 -0.214740
v -0.328956 0.049644 -0.119740
v -0.328957 0.049643 -0.214740
v -0.233957 -0.055357 -0.214740
v -0.233957 -0.055357 -0.119740
v -0.328956 -0.055357 -0.214740
v -0.233957 -0.055357 -0.119740
v -0.328956 -0.055357 -0.119740
v -0.328956 -0.055357 -0.214740
v -0.233957 0.049644 -0.214740
v -0.233957 -0.055357 -0.214740
v -0.328957 0.049643 -0.214740
v -0.233957 -0.055357 -0.214740
v -0.328956 -0.055357 -0.214740
v -0.328957 0.049643 -0.214740
v -0.328956 0.049644 -0.119740
v -0.328956 -0.055357 -0.119740
v -0.233957 0.049644 -0.119740
v -0.328956 -0.055357 -0.119740
v -0.233957 -0.055357 -0.119740
v -0.233957 0.049644 -0.119740
v -0.056957 -0.498357 -0.214740
v -0.056957 -0.603357 -0.214740
v -0.056957 -0.498357 -0.119740
v -0.056957 -0.603357 -0.119740
v 0.038043 -0.498357 -0.119740
v 0.038043 -0.603357 -0.119740
v 0.038044 -0.498357 -0.214740
v 0.038043 -0.603357 -0.214740
v 0.038043 -0.498357 -0.119740
v 0.038044 -0.498357 -0.214740
v -0.056957 -0.498357 -0.119740
v -0.056957 -0.498357 -0.214740
v 0.038043 -0.603357 -0.214740
v 0.038043 -0.603357 -0.119740
v -0.056957 -0.603357 -0.214740
v 0.038043 -0.603357 -0.119740
v -0.056957 -0.603357 -0.119740
v -0.056957 -0.603357 -0.214740
v 0.038044 -0.498357 -0.214740
v 0.038043 -0.603357 -0.214740
v -0.056957 -0.498357 -0.214740
v 0.038043 -0.603357 -0.214740
v -0.056957 -0.603357 -0.214740
v -0.056957 -0.498357 -0.214740
v -0.056957 -0.498357 -0.119740
v -0.056957 -0.603357 -0.119740
v 0.038043 -0.498357 -0.119740
v -0.056957 -0.603357 -0.119740
v 0.038043 -0.603357 -0.119740
v 0.038043 -0.498357 -0.119740
v 0.257044 -0.198357 -0.424740
v 0.257044 -0.303356 -0.424740
v 0.257043 -0.198357 -0.328740
v 0.257043 -0.303357 -0.328740
v 0.353043 -0.198357 -0.328740
v 0.353043 -0.303357 -0.328740
v 0.353043 -0.198357 -0.424740
v 0.353043 -0.303357 -0.424740
v 0.353043 -0.198357 -0.328740
v 0.353043 -0.198357 -0.424740
v 0.257043 -0.198357 -0.328740
v 0.257044 -0.198357 -0.424740
v 0.353043 -0.303357 -0.424740
v 0.353043 -0.303357 -0.328740
v 0.257044 -0.303356 -0.424740
v 0.353043 -0.303357 -0.328740
v 0.257043 -0.303357 -0.328740
v 0.257044 -0.303356 -0.424740
v 0.353043 -0.198357 -0.424740
v 0.353043 -0.303357 -0.424740
v 0.257044 -0.198357 -0.424740
v 0.353043 -0.303357 -0.424740
v 0.257044 -0.303356 -0.424740
v 0.257044 -0.198357 -0.424740
v 0.257043 -0.198357 -0.328740
v 0.257043 -0.303357 -0.328740
v 0.353043 -0.198357 -0.328740
v 0.257043 -0.303357 -0.328740
v 0.353043 -0.303357 -0.328740
v 0.353043 -0.198357 -0.328740
v 0.224044 -0.127357 -0.486740
v 0.224044 -0.231357 -0.486740
v 0.224043 -0.127357 -0.390740
v 0.224043 -0.231357 -0.390740
v 0.319043 -0.127357 -0.390740
v 0.319043 -0.231356 -0.390740
v 0.319043 -0.127357 -0.486740
v 0.319043 -0.231357 -0.486740
v 0.319043 -0.127357 -0.390740
v 0.319043 -0.127357 -0.486740
v 0.224043 -0.127357 -0.390740
v 0.224044 -0.127357 -0.486740
v 0.319043 -0.231357 -0.486740
v 0.319043 -0.231356 -0.390740
v 0.224044 -0.231357 -0.486740
v 0.319043 -0.231356 -0.390740
v 0.224043 -0.231357 -0.390740
v 0.224044 -0.231357 -0.486740
v 0.319043 -0.127357 -0.486740
v 0.319043 -0.231357 -0.486740
v 0.224044 -0.127357 -0.486740
v 0.319043 -0.231357 -0.486740
v 0.224044 -0.231357 -0.486740
v 0.224044 -0.127357 -0.486740
v 0.224043 -0.127357 -0.390740
v 0.224043 -0.231357 -0.390740
v 0.319043 -0.127357 -0.390740
v 0.224043 -0.231357 -0.390740
v 0.319043 -0.231356 -0.390740
v 0.319043 -0.127357 -0.390740
v 0.548043 -0.017357 -0.729740
v 0.548043 -0.122356 -0.729740
v 0.548043 -0.017357 -0.634740
v 0.548043 -0.122356 -0.634740
v 0.644044 -0.017357 -0.634740
v 0.644044 -0.122356 -0.634740
v 0.644043 -0.017357 -0.729740
v 0.644044 -0.122356 -0.729740
v 0.644044 -0.017357 -0.634740
v 0.644043 -0.017357 -0.729740
v 0.548043 -0.017357 -0.634740
v 0.548043 -0.017357 -0.729740
v 0.644044 -0.122356 -0.729740
v 0.644044 -0.122356 -0.634740
v 0.548043 -0.122356 -0.729740
v 0.644044 -0.122356 -0.634740
v 0.548043 -0.122356 -0.634740
v 0.548043 -0.122356 -0.729740
v 0.644043 -0.017357 -0.729740
v 0.644044 -0.122356 -0.729740
v 0.548043 -0.017357 -0.729740
v 0.644044 -0.122356 -0.729740
v 0.548043 -0.122356 -0.729740
v 0.548043 -0.017357 -0.729740
v 0.548043 -0.017357 -0.634740
v 0.548043 -0.122356 -0.634740
v 0.644044 -0.017357 -0.634740
v 0.548043 -0.122356 -0.634740
v 0.644044 -0.122356 -0.634740
v 0.644044 -0.017357 -0.634740
v 0.458044 0.030643 -0.719740
v 0.458043 -0.074357 -0.719740
v 0.458044 0.030643 -0.624740
v 0.458044 -0.074357 -0.624740
v 0.553043 0.030643 -0.624740
v 0.553044 -0.074357 -0.624740
v 0.553044 0.030643 -0.719740
v 0.553043 -0.074357 -0.719740
v 0.553043 0.030643 -0.624740
v 0.553044 0.030643 -0.719740
v 0.458044 0.030643 -0.624740
v 0.458044 0.030643 -0.719740
v 0.553043 -0.074357 -0.719740
v 0.553044 -0.074357 -0.624740
v 0.458043 -0.074357 -0.719740
v 0.553044 -0.074357 -0.624740
v 0.458044 -0.074357 -0.624740
v 0.458043 -0.074357 -0.719740
v 0.553044 0.030643 -0.719740
v 0.553043 -0.074357 -0.719740
v 0.458044 0.030643 -0.719740
v 0.553043 -0.074357 -0.719740
v 0.458043 -0.074357 -0.719740
v 0.458044 0.030643 -0.719740
v 0.458044 0.030643 -0.624740
v 0.458044 -0.074357 -0.624740
v 0.553043 0.030643 -0.624740
v 0.458044 -0.074357 -0.624740
v 0.553044 -0.074357 -0.624740
v 0.553043 0.030643 -0.624740
v -0.056957 0.058643 -0.333740
v -0.056957 -0.046357 -0.333740
v -0.056956 0.058643 -0.238740
v -0.056957 -0.046357 -0.238740
v 0.038044 0.058644 -0.238740
v 0.038044 -0.046356 -0.238740
v 0.038044 0.058643 -0.333740
v 0.038043 -0.046357 -0.333740
v 0.038044 0.058644 -0.238740
v 0.038044 0.058643 -0.333740
v -0.056956 0.058643 -0.238740
v -0.056957 0.058643 -0.333740
v 0.038043 -0.046357 -0.333740
v 0.038044 -0.046356 -0.238740
v -0.056957 -0.046357 -0.333740
v 0.038044 -0.046356 -0.238740
v -0.056957 -0.046357 -0.238740
v -0.056957 -0.046357 -0.333740
v 0.038044 0.058643 -0.333740
v 0.038043 -0.046357 -0.333740
v -0.056957 0.058643 -0.333740
v 0.038043 -0.046357 -0.333740
v -0.056957 -0.046357 -0.333740
v -0.056957 0.058643 -0.333740
v -0.056956 0.058643 -0.238740
v -0.056957 -0.046357 -0.238740
v 0.038044 0.058644 -0.238740
v -0.056957 -0.046357 -0.238740
v 0.038044 -0.046356 -0.238740
v 0.038044 0.058644 -0.238740
v -0.013956 0.154644 -0.409740
v -0.013957 0.049644 -0.409740
v -0.013957 0.154643 -0.314740
v -0.013957 0.049643 -0.314740
v 0.081043 0.154644 -0.314740
v 0.081043 0.049644 -0.314740
v 0.081043 0.154644 -0.409740
v 0.081043 0.049643 -0.409740
v 0.081043 0.154644 -0.314740
v 0.081043 0.154644 -0.409740
v -0.013957 0.154643 -0.314740
v -0.013956 0.154644 -0.409740
v 0.081043 0.049643 -0.409740
v 0.081043 0.049644 -0.314740
v -0.013957 0.049644 -0.409740
v 0.081043 0.049644 -0.314740
v -0.013957 0.049643 -0.314740
v -0.013957 0.049644 -0.409740
v 0.081043 0.154644 -0.409740
v 0.081043 0.049643 -0.409740
v -0.013956 0.154644 -0.409740
v 0.081043 0.049643 -0.409740
v -0.013957 0.049644 -0.409740
v -0.013956 0.154644 -0.409740
v -0.013957 0.154643 -0.314740
v -0.013957 0.049643 -0.314740
v 0.081043 0.154644 -0.314740
v -0.013957 0.049643 -0.314740
v 0.081043 0.049644 -0.314740
v 0.081043 0.154644 -0.314740
v -0.128957 0.039643 -0.247740
v -0.128957 -0.160357 -0.247740
v -0.128957 0.039643 -0.152740
v -0.128957 -0.160357 -0.152740
v -0.033956 0.039643 -0.152740
v -0.033956 -0.160357 -0.152740
v -0.033957 0.039643 -0.247740
v -0.033956 -0.160357 -0.247740
v -0.033956 0.039643 -0.152740
v -0.033957 0.039643 -0.247740
v -0.128957 0.039643 -0.152740
v -0.128957 0.039643 -0.247740
v -0.033956 -0.160357 -0.247740
v -0.033956 -0.160357 -0.152740
v -0.128957 -0.160357 -0.247740
v -0.033956 -0.160357 -0.152740
v -0.128957 -0.160357 -0.152740
v -0.128957 -0.160357 -0.247740
v -0.033957 0.039643 -0.247740
v -0.033956 -0.160357 -0.247740
v -0.128957 0.039643 -0.247740
v -0.033956 -0.160357 -0.247740
v -0.128957 -0.160357 -0.247740
v -0.128957 0.039643 -0.247740
v -0.128957 0.039643 -0.152740
v -0.128957 -0.160357 -0.152740
v -0.033956 0.039643 -0.152740
v -0.128957 -0.160357 -0.152740
v -0.033956 -0.160357 -0.152740
v -0.033956 0.039643 -0.152740
v 0.186043 0.063643 -0.510740
v 0.186043 -0.136357 -0.510740
v 0.186043 0.063643 -0.414740
v 0.186043 -0.136357 -0.414740
v 0.281043 0.063643 -0.414740
v 0.281043 -0.136357 -0.414740
v 0.281043 0.063643 -0.510740
v 0.281043 -0.136357 -0.510740
v 0.281043 0.063643 -0.414740
v 0.281043 0.063643 -0.510740
v 0.186043 0.063643 -0.414740
v 0.186043 0.063643 -0.510740
v 0.281043 -0.136357 -0.510740
v 0.281043 -0.136357 -0.414740
v 0.186043 -0.136357 -0.510740
v 0.281043 -0.136357 -0.414740
v 0.186043 -0.136357 -0.414740
v 0.186043 -0.136357 -0.510740
v 0.281043 0.063643 -0.510740
v 0.281043 -0.136357 -0.510740
v 0.186043 0.063643 -0.510740
v 0.281043 -0.136357 -0.510740
v 0.186043 -0.136357 -0.510740
v 0.186043 0.063643 -0.510740
v 0.186043 0.063643 -0.414740
v 0.186043 -0.136357 -0.414740
v 0.281043 0.063643 -0.414740
v 0.186043 -0.136357 -0.414740
v 0.281043 -0.136357 -0.414740
v 0.281043 0.063643 -0.414740
v 0.353043 0.063643 -0.591740
v 0.353043 -0.136357 -0.591740
v 0.353043 0.063643 -0.495740
v 0.353043 -0.136357 -0.495740
v 0.448044 0.063643 -0.495740
v 0.448044 -0.136357 -0.495740
v 0.448044 0.063643 -0.591740
v 0.448044 -0.136357 -0.591740
v 0.448044 0.063643 -0.495740
v 0.448044 0.063643 -0.591740
v 0.353043 0.063643 -0.495740
v 0.353043 0.063643 -0.591740
v 0.448044 -0.136357 -0.591740
v 0.448044 -0.136357 -0.495740
v 0.353043 -0.136357 -0.591740
v 0.448044 -0.136357 -0.495740
v 0.353043 -0.136357 -0.495740
v 0.353043 -0.136357 -0.591740
v 0.448044 0.063643 -0.591740
v 0.448044 -0.136357 -0.591740
v 0.353043 0.063643 -0.591740
v 0.448044 -0.136357 -0.591740
v 0.353043 -0.136357 -0.591740
v 0.353043 0.063643 -0.591740
v 0.353043 0.063643 -0.495740
v 0.353043 -0.136357 -0.495740
v 0.448044 0.063643 -0.495740
v 0.353043 -0.136357 -0.495740
v 0.448044 -0.136357 -0.495740
v 0.448044 0.063643 -0.495740
v -0.309956 0.068644 -0.181740
v -0.309956 -0.131356 -0.181740
v -0.309957 0.068644 -0.085740
v -0.309957 -0.131356 -0.085740
v -0.214957 0.068644 -0.085740
v -0.214957 -0.131356 -0.085740
v -0.214957 0.068643 -0.181740
v -0.214957 -0.131357 -0.181740
v -0.214957 0.068644 -0.085740
v -0.214957 0.068643 -0.181740
v -0.309957 0.068644 -0.085740
v -0.309956 0.068644 -0.181740
v -0.214957 -0.131357 -0.181740
v -0.214957 -0.131356 -0.085740
v -0.309956 -0.131356 -0.181740
v -0.214957 -0.131356 -0.085740
v -0.309957 -0.131356 -0.085740
v -0.309956 -0.131356 -0.181740
v -0.214957 0.068643 -0.181740
v -0.214957 -0.131357 -0.181740
v -0.309956 0.068644 -0.181740
v -0.214957 -0.131357 -0.181740
v -0.309956 -0.131356 -0.181740
v -0.309956 0.068644 -0.181740
v -0.309957 0.068644 -0.085740
v -0.309957 -0.131356 -0.085740
v -0.214957 0.068644 -0.085740
v -0.309957 -0.131356 -0.085740
v -0.214957 -0.131356 -0.085740
v -0.214957 0.068644 -0.085740
v -0.333957 -0.074357 -0.243740
v -0.333957 -0.274357 -0.243740
v -0.333957 -0.074357 -0.147740
v -0.333957 -0.274356 -0.147740
v -0.238957 -0.074357 -0.147740
v -0.238957 -0.274357 -0.147740
v -0.238957 -0.074357 -0.243740
v -0.238956 -0.274357 -0.243740
v -0.238957 -0.074357 -0.147740
v -0.238957 -0.074357 -0.243740
v -0.333957 -0.074357 -0.147740
v -0.333957 -0.074357 -0.243740
v -0.238956 -0.274357 -0.243740
v -0.238957 -0.274357 -0.147740
v -0.333957 -0.274357 -0.243740
v -0.238957 -0.274357 -0.147740
v -0.333957 -0.274356 -0.147740
v -0.333957 -0.274357 -0.243740
v -0.238957 -0.074357 -0.243740
v -0.238956 -0.274357 -0.243740
v -0.333957 -0.074357 -0.243740
v -0.238956 -0.274357 -0.243740
v -0.333957 -0.274357 -0.243740
v -0.333957 -0.074357 -0.243740
v -0.333957 -0.074357 -0.147740
v -0.333957 -0.274356 -0.147740
v -0.238957 -0.074357 -0.147740
v -0.333957 -0.274356 -0.147740
v -0.238957 -0.274357 -0.147740
v -0.238957 -0.074357 -0.147740
v -0.223957 0.483644 -0.285740
v -0.223956 0.092644 -0.285740
v -0.223956 0.483644 -0.190740
v -0.223957 0.092644 -0.190740
v -0.033957 0.483644 -0.190740
v -0.033957 0.092644 -0.190740
v -0.033957 0.483644 -0.285740
v -0.033957 0.092644 -0.285740
v -0.033957 0.483644 -0.190740
v -0.033957 0.483644 -0.285740
v -0.223956 0.483644 -0.190740
v -0.223957 0.483644 -0.285740
v -0.033957 0.092644 -0.285740
v -0.033957 0.092644 -0.190740
v -0.223956 0.092644 -0.285740
v -0.033957 0.092644 -0.190740
v -0.223957 0.092644 -0.190740
v -0.223956 0.092644 -0.285740
v -0.033957 0.483644 -0.285740
v -0.033957 0.092644 -0.285740
v -0.223957 0.483644 -0.285740
v -0.033957 0.092644 -0.285740
v -0.223956 0.092644 -0.285740
v -0.223957 0.483644 -0.285740
v -0.223956 0.483644 -0.190740
v -0.223957 0.092644 -0.190740
v -0.033957 0.483644 -0.190740
v -0.223957 0.092644 -0.190740
v -0.033957 0.092644 -0.190740
v -0.033957 0.483644 -0.190740
v -1.081957 0.483644 -0.495740
v -1.081957 0.378644 -0.495740
v -1.081957 0.483643 -0.400740
v -1.081956 0.378644 -0.400740
v -0.986956 0.483644 -0.400740
v -0.986956 0.378643 -0.400740
v -0.986956 0.483644 -0.495740
v -0.986956 0.378644 -0.495740
v -0.986956 0.483644 -0.400740
v -0.986956 0.483644 -0.495740
v -1.081957 0.483643 -0.400740
v -1.081957 0.483644 -0.495740
v -0.986956 0.378644 -0.495740
v -0.986956 0.378643 -0.400740
v -1.081957 0.378644 -0.495740
v -0.986956 0.378643 -0.400740
v -1.081956 0.378644 -0.400740
v -1.081957 0.378644 -0.495740
v -0.986956 0.483644 -0.495740
v -0.986956 0.378644 -0.495740
v -1.081957 0.483644 -0.495740
v -0.986956 0.378644 -0.495740
v -1.081957 0.378644 -0.495740
v -1.081957 0.483644 -0.495740
v -1.081957 0.483643 -0.400740
v -1.081956 0.378644 -0.400740
v -0.986956 0.483644 -0.400740
v -1.081956 0.378644 -0.400740
v -0.986956 0.378643 -0.400740
v -0.986956 0.483644 -0.400740
v -0.381956 0.235643 -0.066740
v -0.381957 0.130643 -0.066740
v -0.381956 0.235643 0.028260
v -0.381956 0.130643 0.028260
v -0.285956 0.235643 0.028260
v -0.285957 0.130643 0.028260
v -0.285957 0.235643 -0.066740
v -0.285957 0.130643 -0.066740
v -0.285956 0.235643 0.028260
v -0.285957 0.235643 -0.066740
v -0.381956 0.235643 0.028260
v -0.381956 0.235643 -0.066740
v -0.285957 0.130643 -0.066740
v -0.285957 0.130643 0.028260
v -0.381957 0.130643 -0.066740
v -0.285957 0.130643 0.028260
v -0.381956 0.130643 0.028260
v -0.381957 0.130643 -0.066740
v -0.285957 0.235643 -0.066740
v -0.285957 0.130643 -0.066740
v -0.381956 0.235643 -0.066740
v -0.285957 0.130643 -0.066740
v -0.381957 0.130643 -0.066740
v -0.381956 0.235643 -0.066740
v -0.381956 0.235643 0.028260
v -0.381956 0.130643 0.028260
v -0.285956 0.235643 0.028260
v -0.381956 0.130643 0.028260
v -0.285957 0.130643 0.028260
v -0.285956 0.235643 0.028260
v -0.400957 0.321643 -0.080740
v -0.400956 0.216643 -0.080740
v -0.400957 0.321643 0.014260
v -0.400956 0.216643 0.014260
v -0.304956 0.321643 0.014260
v -0.304956 0.216643 0.014260
v -0.304957 0.321643 -0.080740
v -0.304956 0.216643 -0.080740
v -0.304956 0.321643 0.014260
v -0.304957 0.321643 -0.080740
v -0.400957 0.321643 0.014260
v -0.400957 0.321643 -0.080740
v -0.304956 0.216643 -0.080740
v -0.304956 0.216643 0.014260
v -0.400956 0.216643 -0.080740
v -0.304956 0.216643 0.014260
v -0.400956 0.216643 0.014260
v -0.400956 0.216643 -0.080740
v -0.304957 0.321643 -0.080740
v -0.304956 0.216643 -0.080740
v -0.400957 0.321643 -0.080740
v -0.304956 0.216643 -0.080740
v -0.400956 0.216643 -0.080740
v -0.400957 0.321643 -0.080740
v -0.400957 0.321643 0.014260
v -0.400956 0.216643 0.014260
v -0.304956 0.321643 0.014260
v -0.400956 0.216643 0.014260
v -0.304956 0.216643 0.014260
v -0.304956 0.321643 0.014260
v -0.390956 0.397644 -0.100740
v -0.390957 0.292644 -0.100740
v -0.390957 0.397644 -0.004740
v -0.390957 0.292644 -0.004740
v -0.295956 0.397644 -0.004740
v -0.295956 0.292644 -0.004740
v -0.295957 0.397644 -0.100740
v -0.295956 0.292644 -0.100740
v -0.295956 0.397644 -0.004740
v -0.295957 0.397644 -0.100740
v -0.390957 0.397644 -0.004740
v -0.390956 0.397644 -0.100740
v -0.295956 0.292644 -0.100740
v -0.295956 0.292644 -0.004740
v -0.390957 0.292644 -0.100740
v -0.295956 0.292644 -0.004740
v -0.390957 0.292644 -0.004740
v -0.390957 0.292644 -0.100740
v -0.295957 0.397644 -0.100740
v -0.295956 0.292644 -0.100740
v -0.390956 0.397644 -0.100740
v -0.295956 0.292644 -0.100740
v -0.390957 0.292644 -0.100740
v -0.390956 0.397644 -0.100740
v -0.390957 0.397644 -0.004740
v -0.390957 0.292644 -0.004740
v -0.295956 0.397644 -0.004740
v -0.390957 0.292644 -0.004740
v -0.295956 0.292644 -0.004740
v -0.295956 0.397644 -0.004740
v -0.810957 0.855643 -0.257740
v -0.810957 0.750644 -0.257740
v -0.810957 0.855643 -0.162740
v -0.810956 0.750644 -0.162740
v -0.714957 0.855643 -0.162740
v -0.714957 0.750644 -0.162740
v -0.714957 0.855643 -0.257740
v -0.714957 0.750644 -0.257740
v -0.714957 0.855643 -0.162740
v -0.714957 0.855643 -0.257740
v -0.810957 0.855643 -0.162740
v -0.810957 0.855643 -0.257740
v -0.714957 0.750644 -0.257740
v -0.714957 0.750644 -0.162740
v -0.810957 0.750644 -0.257740
v -0.714957 0.750644 -0.162740
v -0.810956 0.750644 -0.162740
v -0.810957 0.750644 -0.257740
v -0.714957 0.855643 -0.257740
v -0.714957 0.750644 -0.257740
v -0.810957 0.855643 -0.257740
v -0.714957 0.750644 -0.257740
v -0.810957 0.750644 -0.257740
v -0.810957 0.855643 -0.257740
v -0.810957 0.855643 -0.162740
v -0.810956 0.750644 -0.162740
v -0.714957 0.855643 -0.162740
v -0.810956 0.750644 -0.162740
v -0.714957 0.750644 -0.162740
v -0.714957 0.855643 -0.162740
v 0.453043 0.492643 -0.948740
v 0.453043 0.292644 -0.948740
v 0.453043 0.492643 -0.710740
v 0.453043 0.292644 -0.710740
v 0.644043 0.492643 -0.710740
v 0.644043 0.292644 -0.710740
v 0.644043 0.492643 -0.948740
v 0.644043 0.292644 -0.948740
v 0.644043 0.492643 -0.710740
v 0.644043 0.492643 -0.948740
v 0.453043 0.492643 -0.710740
v 0.453043 0.492643 -0.948740
v 0.644043 0.292644 -0.948740
v 0.644043 0.292644 -0.710740
v 0.453043 0.292644 -0.948740
v 0.644043 0.292644 -0.710740
v 0.453043 0.292644 -0.710740
v 0.453043 0.292644 -0.948740
v 0.644043 0.492643 -0.948740
v 0.644043 0.292644 -0.948740
v 0.453043 0.492643 -0.948740
v 0.644043 0.292644 -0.948740
v 0.453043 0.292644 -0.948740
v 0.453043 0.492643 -0.948740
v 0.453043 0.492643 -0.710740
v 0.453043 0.292644 -0.710740
v 0.644043 0.492643 -0.710740
v 0.453043 0.292644 -0.710740
v 0.644043 0.292644 -0.710740
v 0.644043 0.492643 -0.710740
v 0.219043 0.955644 -0.309740
v 0.219043 0.754643 -0.309740
v 0.219043 0.955644 -0.071740
v 0.219043 0.754643 -0.071740
v 0.410043 0.955644 -0.071740
v 0.410043 0.754643 -0.071740
v 0.410043 0.955644 -0.309740
v 0.410043 0.754643 -0.309740
v 0.410043 0.955644 -0.071740
v 0.410043 0.955644 -0.309740
v 0.219043 0.955644 -0.071740
v 0.219043 0.955644 -0.309740
v 0.410043 0.754643 -0.309740
v 0.410043 0.754643 -0.071740
v 0.219043 0.754643 -0.309740
v 0.410043 0.754643 -0.071740
v 0.219043 0.754643 -0.071740
v 0.219043 0.754643 -0.309740
v 0.410043 0.955644 -0.309740
v 0.410043 0.754643 -0.309740
v 0.219043 0.955644 -0.309740
v 0.410043 0.754643 -0.309740
v 0.219043 0.754643 -0.309740
v 0.219043 0.955644 -0.309740
v 0.219043 0.955644 -0.071740
v 0.219043 0.754643 -0.071740
v 0.410043 0.955644 -0.071740
v 0.219043 0.754643 -0.071740
v 0.410043 0.754643 -0.071740
v 0.410043 0.955644 -0.071740
v 0.357043 1.365644 -0.014740
v 0.357043 1.021644 -0.014740
v 0.357043 1.365644 0.367260
v 0.357043 1.021644 0.367260
v 0.691044 1.365644 0.367260
v 0.691044 1.021643 0.367260
v 0.691043 1.365643 -0.014740
v 0.691044 1.021643 -0.014740
v 0.691044 1.365644 0.367260
v 0.691043 1.365643 -0.014740
v 0.357043 1.365644 0.367260
v 0.357043 1.365644 -0.014740
v 0.691044 1.021643 -0.014740
v 0.691044 1.021643 0.367260
v 0.357043 1.021644 -0.014740
v 0.691044 1.021643 0.367260
v 0.357043 1.021644 0.367260
v 0.357043 1.021644 -0.014740
v 0.691043 1.365643 -0.014740
v 0.691044 1.021643 -0.014740
v 0.357043 1.365644 -0.014740
v 0.691044 1.021643 -0.014740
v 0.357043 1.021644 -0.014740
v 0.357043 1.365644 -0.014740
v 0.357043 1.365644 0.367260
v 0.357043 1.021644 0.367260
v 0.691044 1.365644 0.367260
v 0.357043 1.021644 0.367260
v 0.691044 1.021643 0.367260
v 0.691044 1.365644 0.367260
v 0.214043 1.246644 0.081260
v 0.214044 0.902643 0.081260
v 0.214043 1.246644 0.462260
v 0.214043 0.902643 0.462260
v 0.548043 1.246644 0.462260
v 0.548043 0.902644 0.462260
v 0.548043 1.246644 0.081260
v 0.548043 0.902644 0.081260
v 0.548043 1.246644 0.462260
v 0.548043 1.246644 0.081260
v 0.214043 1.246644 0.462260
v 0.214043 1.246644 0.081260
v 0.548043 0.902644 0.081260
v 0.548043 0.902644 0.462260
v 0.214044 0.902643 0.081260
v 0.548043 0.902644 0.462260
v 0.214043 0.902643 0.462260
v 0.214044 0.902643 0.081260
v 0.548043 1.246644 0.081260
v 0.548043 0.902644 0.081260
v 0.214043 1.246644 0.081260
v 0.548043 0.902644 0.081260
v 0.214044 0.902643 0.081260
v 0.214043 1.246644 0.081260
v 0.214043 1.246644 0.462260
v 0.214043 0.902643 0.462260
v 0.548043 1.246644 0.462260
v 0.214043 0.902643 0.462260
v 0.548043 0.902644 0.462260
v 0.548043 1.246644 0.462260
v -1.043957 0.507644 -0.233740
v -1.043956 0.163643 -0.233740
v -1.043956 0.507644 0.147260
v -1.043957 0.163643 0.147260
v -0.710956 0.507644 0.147260
v -0.710957 0.163643 0.147260
v -0.710957 0.507644 -0.233740
v -0.710956 0.163643 -0.233740
v -0.710956 0.507644 0.147260
v -0.710957 0.507644 -0.233740
v -1.043956 0.507644 0.147260
v -1.043957 0.507644 -0.233740
v -0.710956 0.163643 -0.233740
v -0.710957 0.163643 0.147260
v -1.043956 0.163643 -0.233740
v -0.710957 0.163643 0.147260
v -1.043957 0.163643 0.147260
v -1.043956 0.163643 -0.233740
v -0.710957 0.507644 -0.233740
v -0.710956 0.163643 -0.233740
v -1.043957 0.507644 -0.233740
v -0.710956 0.163643 -0.233740
v -1.043956 0.163643 -0.233740
v -1.043957 0.507644 -0.233740
v -1.043956 0.507644 0.147260
v -1.043957 0.163643 0.147260
v -0.710956 0.507644 0.147260
v -1.043957 0.163643 0.147260
v -0.710957 0.163643 0.147260
v -0.710956 0.507644 0.147260
v -0.924957 0.816644 -0.209740
v -0.924957 0.473643 -0.209740
v -0.924957 0.816644 0.171260
v -0.924957 0.473643 0.171260
v -0.590957 0.816644 0.171260
v -0.590957 0.473643 0.171260
v -0.590956 0.816644 -0.209740
v -0.590957 0.473643 -0.209740
v -0.590957 0.816644 0.171260
v -0.590956 0.816644 -0.209740
v -0.924957 0.816644 0.171260
v -0.924957 0.816644 -0.209740
v -0.590957 0.473643 -0.209740
v -0.590957 0.473643 0.171260
v -0.924957 0.473643 -0.209740
v -0.590957 0.473643 0.171260
v -0.924957 0.473643 0.171260
v -0.924957 0.473643 -0.209740
v -0.590956 0.816644 -0.209740
v -0.590957 0.473643 -0.209740
v -0.924957 0.816644 -0.209740
v -0.590957 0.473643 -0.209740
v -0.924957 0.473643 -0.209740
v -0.924957 0.816644 -0.209740
v -0.924957 0.816644 0.171260
v -0.924957 0.473643 0.171260
v -0.590957 0.816644 0.171260
v -0.924957 0.473643 0.171260
v -0.590957 0.473643 0.171260
v -0.590957 0.816644 0.171260
v -0.862956 0.507644 -0.223740
v -0.862956 0.163643 -0.223740
v -0.862956 0.507644 0.157260
v -0.862957 0.163643 0.157260
v -0.528957 0.507644 0.157260
v -0.528957 0.163643 0.157260
v -0.528956 0.507644 -0.223740
v -0.528957 0.163643 -0.223740
v -0.528957 0.507644 0.157260
v -0.528956 0.507644 -0.223740
v -0.862956 0.507644 0.157260
v -0.862956 0.507644 -0.223740
v -0.528957 0.163643 -0.223740
v -0.528957 0.163643 0.157260
v -0.862956 0.163643 -0.223740
v -0.528957 0.163643 0.157260
v -0.862957 0.163643 0.157260
v -0.862956 0.163643 -0.223740
v -0.528956 0.507644 -0.223740
v -0.528957 0.163643 -0.223740
v -0.862956 0.507644 -0.223740
v -0.528957 0.163643 -0.223740
v -0.862956 0.163643 -0.223740
v -0.862956 0.507644 -0.223740
v -0.862956 0.507644 0.157260
v -0.862957 0.163643 0.157260
v -0.528957 0.507644 0.157260
v -0.862957 0.163643 0.157260
v -0.528957 0.163643 0.157260
v -0.528957 0.507644 0.157260
v -1.193957 1.098643 -0.312740
v -1.193957 0.754643 -0.312740
v -1.193957 1.098643 0.069260
v -1.193956 0.754643 0.069260
v -0.860956 1.098643 0.069260
v -0.860956 0.754643 0.069260
v -0.860957 1.098643 -0.312740
v -0.860956 0.754643 -0.312740
v -0.860956 1.098643 0.069260
v -0.860957 1.098643 -0.312740
v -1.193957 1.098643 0.069260
v -1.193957 1.098643 -0.312740
v -0.860956 0.754643 -0.312740
v -0.860956 0.754643 0.069260
v -1.193957 0.754643 -0.312740
v -0.860956 0.754643 0.069260
v -1.193956 0.754643 0.069260
v -1.193957 0.754643 -0.312740
v -0.860957 1.098643 -0.312740
v -0.860956 0.754643 -0.312740
v -1.193957 1.098643 -0.312740
v -0.860956 0.754643 -0.312740
v -1.193957 0.754643 -0.312740
v -1.193957 1.098643 -0.312740
v -1.193957 1.098643 0.069260
v -1.193956 0.754643 0.069260
v -0.860956 1.098643 0.069260
v -1.193956 0.754643 0.069260
v -0.860956 0.754643 0.069260
v -0.860956 1.098643 0.069260
v -1.420956 1.150643 -0.166740
v -1.420956 0.807643 -0.166740
v -1.420957 1.150643 0.214260
v -1.420956 0.807643 0.214260
v -1.086956 1.150643 0.214260
v -1.086957 0.807643 0.214260
v -1.086956 1.150643 -0.166740
v -1.086957 0.807643 -0.166740
v -1.086956 1.150643 0.214260
v -1.086956 1.150643 -0.166740
v -1.420957 1.150643 0.214260
v -1.420956 1.150643 -0.166740
v -1.086957 0.807643 -0.166740
v -1.086957 0.807643 0.214260
v -1.420956 0.807643 -0.166740
v -1.086957 0.807643 0.214260
v -1.420956 0.807643 0.214260
v -1.420956 0.807643 -0.166740
v -1.086956 1.150643 -0.166740
v -1.086957 0.807643 -0.166740
v -1.420956 1.150643 -0.166740
v -1.086957 0.807643 -0.166740
v -1.420956 0.807643 -0.166740
v -1.420956 1.150643 -0.166740
v -1.420957 1.150643 0.214260
v -1.420956 0.807643 0.214260
v -1.086956 1.150643 0.214260
v -1.420956 0.807643 0.214260
v -1.086957 0.807643 0.214260
v -1.086956 1.150643 0.214260
v -1.229956 1.188643 -0.119740
v -1.229956 0.845644 -0.119740
v -1.229956 1.188643 0.262260
v -1.229956 0.845644 0.262260
v -0.895956 1.188643 0.262260
v -0.895956 0.845644 0.262260
v -0.895956 1.188643 -0.119740
v -0.895957 0.845644 -0.119740
v -0.895956 1.188643 0.262260
v -0.895956 1.188643 -0.119740
v -1.229956 1.188643 0.262260
v -1.229956 1.188643 -0.119740
v -0.895957 0.845644 -0.119740
v -0.895956 0.845644 0.262260
v -1.229956 0.845644 -0.119740
v -0.895956 0.845644 0.262260
v -1.229956 0.845644 0.262260
v -1.229956 0.845644 -0.119740
v -0.895956 1.188643 -0.119740
v -0.895957 0.845644 -0.119740
v -1.229956 1.188643 -0.119740
v -0.895957 0.845644 -0.119740
v -1.229956 0.845644 -0.119740
v -1.229956 1.188643 -0.119740
v -1.229956 1.188643 0.262260
v -1.229956 0.845644 0.262260
v -0.895956 1.188643 0.262260
v -1.229956 0.845644 0.262260
v -0.895956 0.845644 0.262260
v -0.895956 1.188643 0.262260
v -1.372956 0.502644 -0.281740
v -1.372957 0.158643 -0.281740
v -1.372957 0.502643 0.100260
v -1.372957 0.158644 0.100260
v -1.039956 0.502644 0.100260
v -1.039956 0.158644 0.100260
v -1.039956 0.502643 -0.281740
v -1.039956 0.158644 -0.281740
v -1.039956 0.502644 0.100260
v -1.039956 0.502643 -0.281740
v -1.372957 0.502643 0.100260
v -1.372956 0.502644 -0.281740
v -1.039956 0.158644 -0.281740
v -1.039956 0.158644 0.100260
v -1.372957 0.158643 -0.281740
v -1.039956 0.158644 0.100260
v -1.372957 0.158644 0.100260
v -1.372957 0.158643 -0.281740
v -1.039956 0.502643 -0.281740
v -1.039956 0.158644 -0.281740
v -1.372956 0.502644 -0.281740
v -1.039956 0.158644 -0.281740
v -1.372957 0.158643 -0.281740
v -1.372956 0.502644 -0.281740
v -1.372957 0.502643 0.100260
v -1.372957 0.158644 0.100260
v -1.039956 0.502644 0.100260
v -1.372957 0.158644 0.100260
v -1.039956 0.158644 0.100260
v -1.039956 0.502644 0.100260
v -1.277957 0.263643 -0.233740
v -1.277956 -0.079357 -0.233740
v -1.277956 0.263644 0.147260
v -1.277957 -0.079356 0.147260
v -0.943956 0.263643 0.147260
v -0.943957 -0.079357 0.147260
v -0.943956 0.263644 -0.233740
v -0.943957 -0.079357 -0.233740
v -0.943956 0.263643 0.147260
v -0.943956 0.263644 -0.233740
v -1.277956 0.263644 0.147260
v -1.277957 0.263643 -0.233740
v -0.943957 -0.079357 -0.233740
v -0.943957 -0.079357 0.147260
v -1.277956 -0.079357 -0.233740
v -0.943957 -0.079357 0.147260
v -1.277957 -0.079356 0.147260
v -1.277956 -0.079357 -0.233740
v -0.943956 0.263644 -0.233740
v -0.943957 -0.079357 -0.233740
v -1.277957 0.263643 -0.233740
v -0.943957 -0.079357 -0.233740
v -1.277956 -0.079357 -0.233740
v -1.277957 0.263643 -0.233740
v -1.277956 0.263644 0.147260
v -1.277957 -0.079356 0.147260
v -0.943956 0.263643 0.147260
v -1.277957 -0.079356 0.147260
v -0.943957 -0.079357 0.147260
v -0.943956 0.263643 0.147260
v -1.134956 0.206644 -0.157740
v -1.134957 -0.136357 -0.157740
v -1.134957 0.206643 0.224260
v -1.134957 -0.136357 0.224260
v -0.800957 0.206643 0.224260
v -0.800957 -0.136357 0.224260
v -0.800957 0.206643 -0.157740
v -0.800957 -0.136357 -0.157740
v -0.800957 0.206643 0.224260
v -0.800957 0.206643 -0.157740
v -1.134957 0.206643 0.224260
v -1.134956 0.206644 -0.157740
v -0.800957 -0.136357 -0.157740
v -0.800957 -0.136357 0.224260
v -1.134957 -0.136357 -0.157740
v -0.800957 -0.136357 0.224260
v -1.134957 -0.136357 0.224260
v -1.134957 -0.136357 -0.157740
v -0.800957 0.206643 -0.157740
v -0.800957 -0.136357 -0.157740
v -1.134956 0.206644 -0.157740
v -0.800957 -0.136357 -0.157740
v -1.134957 -0.136357 -0.157740
v -1.134956 0.206644 -0.157740
v -1.134957 0.206643 0.224260
v -1.134957 -0.136357 0.224260
v -0.800957 0.206643 0.224260
v -1.134957 -0.136357 0.224260
v -0.800957 -0.136357 0.224260
v -0.800957 0.206643 0.224260
v -0.910957 0.273643 -0.128740
v -0.910957 -0.069356 -0.128740
v -0.910957 0.273643 0.252260
v -0.910956 -0.069356 0.252260
v -0.576956 0.273643 0.252260
v -0.576957 -0.069357 0.252260
v -0.576957 0.273643 -0.128740
v -0.576957 -0.069356 -0.128740
v -0.576956 0.273643 0.252260
v -0.576957 0.273643 -0.128740
v -0.910957 0.273643 0.252260
v -0.910957 0.273643 -0.128740
v -0.576957 -0.069356 -0.128740
v -0.576957 -0.069357 0.252260
v -0.910957 -0.069356 -0.128740
v -0.576957 -0.069357 0.252260
v -0.910956 -0.069356 0.252260
v -0.910957 -0.069356 -0.128740
v -0.576957 0.273643 -0.128740
v -0.576957 -0.069356 -0.128740
v -0.910957 0.273643 -0.128740
v -0.576957 -0.069356 -0.128740
v -0.910957 -0.069356 -0.128740
v -0.910957 0.273643 -0.128740
v -0.910957 0.273643 0.252260
v -0.910956 -0.069356 0.252260
v -0.576956 0.273643 0.252260
v -0.910956 -0.069356 0.252260
v -0.576957 -0.069357 0.252260
v -0.576956 0.273643 0.252260
v -1.158956 0.597643 -0.324740
v -1.158956 0.254643 -0.324740
v -1.158956 0.597643 0.057260
v -1.158957 0.254643 0.057260
v -0.824957 0.597643 0.057260
v -0.824956 0.254643 0.057260
v -0.824957 0.597643 -0.324740
v -0.824957 0.254643 -0.324740
v -0.824957 0.597643 0.057260
v -0.824957 0.597643 -0.324740
v -1.158956 0.597643 0.057260
v -1.158956 0.597643 -0.324740
v -0.824957 0.254643 -0.324740
v -0.824956 0.254643 0.057260
v -1.158956 0.254643 -0.324740
v -0.824956 0.254643 0.057260
v -1.158957 0.254643 0.057260
v -1.158956 0.254643 -0.324740
v -0.824957 0.597643 -0.324740
v -0.824957 0.254643 -0.324740
v -1.158956 0.597643 -0.324740
v -0.824957 0.254643 -0.324740
v -1.158956 0.254643 -0.324740
v -1.158956 0.597643 -0.324740
v -1.158956 0.597643 0.057260
v -1.158957 0.254643 0.057260
v -0.824957 0.597643 0.057260
v -1.158957 0.254643 0.057260
v -0.824956 0.254643 0.057260
v -0.824957 0.597643 0.057260
v -1.182957 0.883643 -0.412740
v -1.182957 0.540644 -0.412740
v -1.182956 0.883643 -0.030740
v -1.182956 0.540644 -0.030740
v -0.848956 0.883643 -0.030740
v -0.848957 0.540644 -0.030740
v -0.848956 0.883643 -0.412740
v -0.848956 0.540644 -0.412740
v -0.848956 0.883643 -0.030740
v -0.848956 0.883643 -0.412740
v -1.182956 0.883643 -0.030740
v -1.182957 0.883643 -0.412740
v -0.848956 0.540644 -0.412740
v -0.848957 0.540644 -0.030740
v -1.182957 0.540644 -0.412740
v -0.848957 0.540644 -0.030740
v -1.182956 0.540644 -0.030740
v -1.182957 0.540644 -0.412740
v -0.848956 0.883643 -0.412740
v -0.848956 0.540644 -0.412740
v -1.182957 0.883643 -0.412740
v -0.848956 0.540644 -0.412740
v -1.182957 0.540644 -0.412740
v -1.182957 0.883643 -0.412740
v -1.182956 0.883643 -0.030740
v -1.182956 0.540644 -0.030740
v -0.848956 0.883643 -0.030740
v -1.182956 0.540644 -0.030740
v -0.848957 0.540644 -0.030740
v -0.848956 0.883643 -0.030740
v -1.358956 0.993643 -0.383740
v -1.358957 0.650643 -0.383740
v -1.358956 0.993643 -0.002740
v -1.358957 0.650643 -0.002740
v -1.024956 0.993643 -0.002740
v -1.024956 0.650643 -0.002740
v -1.024956 0.993643 -0.383740
v -1.024956 0.650643 -0.383740
v -1.024956 0.993643 -0.002740
v -1.024956 0.993643 -0.383740
v -1.358956 0.993643 -0.002740
v -1.358956 0.993643 -0.383740
v -1.024956 0.650643 -0.383740
v -1.024956 0.650643 -0.002740
v -1.358957 0.650643 -0.383740
v -1.024956 0.650643 -0.002740
v -1.358957 0.650643 -0.002740
v -1.358957 0.650643 -0.383740
v -1.024956 0.993643 -0.383740
v -1.024956 0.650643 -0.383740
v -1.358956 0.993643 -0.383740
v -1.024956 0.650643 -0.383740
v -1.358957 0.650643 -0.383740
v -1.358956 0.993643 -0.383740
v -1.358956 0.993643 -0.002740
v -1.358957 0.650643 -0.002740
v -1.024956 0.993643 -0.002740
v -1.358957 0.650643 -0.002740
v -1.024956 0.650643 -0.002740
v -1.024956 0.993643 -0.002740
v -1.153957 0.602643 -0.412740
v -1.153956 0.259644 -0.412740
v -1.153956 0.602643 -0.030740
v -1.153956 0.259644 -0.030740
v -0.819957 0.602643 -0.030740
v -0.819957 0.259644 -0.030740
v -0.819956 0.602643 -0.412740
v -0.819957 0.259644 -0.412740
v -0.819957 0.602643 -0.030740
v -0.819956 0.602643 -0.412740
v -1.153956 0.602643 -0.030740
v -1.153957 0.602643 -0.412740
v -0.819957 0.259644 -0.412740
v -0.819957 0.259644 -0.030740
v -1.153956 0.259644 -0.412740
v -0.819957 0.259644 -0.030740
v -1.153956 0.259644 -0.030740
v -1.153956 0.259644 -0.412740
v -0.819956 0.602643 -0.412740
v -0.819957 0.259644 -0.412740
v -1.153957 0.602643 -0.412740
v -0.819957 0.259644 -0.412740
v -1.153956 0.259644 -0.412740
v -1.153957 0.602643 -0.412740
v -1.153956 0.602643 -0.030740
v -1.153956 0.259644 -0.030740
v -0.819957 0.602643 -0.030740
v -1.153956 0.259644 -0.030740
v -0.819957 0.259644 -0.030740
v -0.819957 0.602643 -0.030740
v -1.301957 0.359643 -0.474740
v -1.301956 0.015643 -0.474740
v -1.301957 0.359643 -0.092740
v -1.301956 0.015644 -0.092740
v -0.967956 0.359643 -0.092740
v -0.967956 0.015643 -0.092740
v -0.967956 0.359643 -0.474740
v -0.967956 0.015643 -0.474740
v -0.967956 0.359643 -0.092740
v -0.967956 0.359643 -0.474740
v -1.301957 0.359643 -0.092740
v -1.301957 0.359643 -0.474740
v -0.967956 0.015643 -0.474740
v -0.967956 0.015643 -0.092740
v -1.301956 0.015643 -0.474740
v -0.967956 0.015643 -0.092740
v -1.301956 0.015644 -0.092740
v -1.301956 0.015643 -0.474740
v -0.967956 0.359643 -0.474740
v -0.967956 0.015643 -0.474740
v -1.301957 0.359643 -0.474740
v -0.967956 0.015643 -0.474740
v -1.301956 0.015643 -0.474740
v -1.301957 0.359643 -0.474740
v -1.301957 0.359643 -0.092740
v -1.301956 0.015644 -0.092740
v -0.967956 0.359643 -0.092740
v -1.301956 0.015644 -0.092740
v -0.967956 0.015643 -0.092740
v -0.967956 0.359643 -0.092740
v -1.382956 0.845644 -0.426740
v -1.382957 0.502643 -0.426740
v -1.382956 0.845643 -0.045740
v -1.382957 0.502643 -0.045740
v -1.048957 0.845644 -0.045740
v -1.048956 0.502643 -0.045740
v -1.048957 0.845644 -0.426740
v -1.048957 0.502644 -0.426740
v -1.048957 0.845644 -0.045740
v -1.048957 0.845644 -0.426740
v -1.382956 0.845643 -0.045740
v -1.382956 0.845644 -0.426740
v -1.048957 0.502644 -0.426740
v -1.048956 0.502643 -0.045740
v -1.382957 0.502643 -0.426740
v -1.048956 0.502643 -0.045740
v -1.382957 0.502643 -0.045740
v -1.382957 0.502643 -0.426740
v -1.048957 0.845644 -0.426740
v -1.048957 0.502644 -0.426740
v -1.382956 0.845644 -0.426740
v -1.048957 0.502644 -0.426740
v -1.382957 0.502643 -0.426740
v -1.382956 0.845644 -0.426740
v -1.382956 0.845643 -0.045740
v -1.382957 0.502643 -0.045740
v -1.048957 0.845644 -0.045740
v -1.382957 0.502643 -0.045740
v -1.048956 0.502643 -0.045740
v -1.048957 0.845644 -0.045740
v -1.534956 0.521644 -0.393740
v -1.534957 0.178644 -0.393740
v -1.534957 0.521643 -0.011740
v -1.534956 0.178644 -0.011740
v -1.201957 0.521644 -0.011740
v -1.201957 0.178644 -0.011740
v -1.201957 0.521644 -0.393740
v -1.201957 0.178644 -0.393740
v -1.201957 0.521644 -0.011740
v -1.201957 0.521644 -0.393740
v -1.534957 0.521643 -0.011740
v -1.534956 0.521644 -0.393740
v -1.201957 0.178644 -0.393740
v -1.201957 0.178644 -0.011740
v -1.534957 0.178644 -0.393740
v -1.201957 0.178644 -0.011740
v -1.534956 0.178644 -0.011740
v -1.534957 0.178644 -0.393740
v -1.201957 0.521644 -0.393740
v -1.201957 0.178644 -0.393740
v -1.534956 0.521644 -0.393740
v -1.201957 0.178644 -0.393740
v -1.534957 0.178644 -0.393740
v -1.534956 0.521644 -0.393740
v -1.534957 0.521643 -0.011740
v -1.534956 0.178644 -0.011740
v -1.201957 0.521644 -0.011740
v -1.534956 0.178644 -0.011740
v -1.201957 0.178644 -0.011740
v -1.201957 0.521644 -0.011740
v -1.458957 0.321643 -0.355740
v -1.458956 -0.022357 -0.355740
v -1.458956 0.321643 0.026260
v -1.458956 -0.022357 0.026260
v -1.124956 0.321643 0.026260
v -1.124956 -0.022357 0.026260
v -1.124957 0.321643 -0.355740
v -1.124956 -0.022357 -0.355740
v -1.124956 0.321643 0.026260
v -1.124957 0.321643 -0.355740
v -1.458956 0.321643 0.026260
v -1.458957 0.321643 -0.355740
v -1.124956 -0.022357 -0.355740
v -1.124956 -0.022357 0.026260
v -1.458956 -0.022357 -0.355740
v -1.124956 -0.022357 0.026260
v -1.458956 -0.022357 0.026260
v -1.458956 -0.022357 -0.355740
v -1.124957 0.321643 -0.355740
v -1.124956 -0.022357 -0.355740
v -1.458957 0.321643 -0.355740
v -1.124956 -0.022357 -0.355740
v -1.458956 -0.022357 -0.355740
v -1.458957 0.321643 -0.355740
v -1.458956 0.321643 0.026260
v -1.458956 -0.022357 0.026260
v -1.124956 0.321643 0.026260
v -1.458956 -0.022357 0.026260
v -1.124956 -0.022357 0.026260
v -1.124956 0.321643 0.026260
v -1.501957 0.225644 -0.278740
v -1.501956 -0.117357 -0.278740
v -1.501956 0.225644 0.102260
v -1.501956 -0.117357 0.102260
v -1.167956 0.225644 0.102260
v -1.167957 -0.117357 0.102260
v -1.167956 0.225643 -0.278740
v -1.167957 -0.117357 -0.278740
v -1.167956 0.225644 0.102260
v -1.167956 0.225643 -0.278740
v -1.501956 0.225644 0.102260
v -1.501957 0.225644 -0.278740
v -1.167957 -0.117357 -0.278740
v -1.167957 -0.117357 0.102260
v -1.501956 -0.117357 -0.278740
v -1.167957 -0.117357 0.102260
v -1.501956 -0.117357 0.102260
v -1.501956 -0.117357 -0.278740
v -1.167956 0.225643 -0.278740
v -1.167957 -0.117357 -0.278740
v -1.501957 0.225644 -0.278740
v -1.167957 -0.117357 -0.278740
v -1.501956 -0.117357 -0.278740
v -1.501957 0.225644 -0.278740
v -1.501956 0.225644 0.102260
v -1.501956 -0.117357 0.102260
v -1.167956 0.225644 0.102260
v -1.501956 -0.117357 0.102260
v -1.167957 -0.117357 0.102260
v -1.167956 0.225644 0.102260
v -1.463957 0.845643 -0.355740
v -1.463956 0.502644 -0.355740
v -1.463957 0.845644 0.026260
v -1.463956 0.502644 0.026260
v -1.129956 0.845644 0.026260
v -1.129957 0.502643 0.026260
v -1.129956 0.845644 -0.355740
v -1.129956 0.502644 -0.355740
v -1.129956 0.845644 0.026260
v -1.129956 0.845644 -0.355740
v -1.463957 0.845644 0.026260
v -1.463957 0.845643 -0.355740
v -1.129956 0.502644 -0.355740
v -1.129957 0.502643 0.026260
v -1.463956 0.502644 -0.355740
v -1.129957 0.502643 0.026260
v -1.463956 0.502644 0.026260
v -1.463956 0.502644 -0.355740
v -1.129956 0.845644 -0.355740
v -1.129956 0.502644 -0.355740
v -1.463957 0.845643 -0.355740
v -1.129956 0.502644 -0.355740
v -1.463956 0.502644 -0.355740
v -1.463957 0.845643 -0.355740
v -1.463957 0.845644 0.026260
v -1.463956 0.502644 0.026260
v -1.129956 0.845644 0.026260
v -1.463956 0.502644 0.026260
v -1.129957 0.502643 0.026260
v -1.129956 0.845644 0.026260
v -1.544956 0.897643 -0.259740
v -1.544957 0.554643 -0.259740
v -1.544956 0.897643 0.121260
v -1.544956 0.554643 0.121260
v -1.210956 0.897643 0.121260
v -1.210956 0.554643 0.121260
v -1.210956 0.897644 -0.259740
v -1.210956 0.554644 -0.259740
v -1.210956 0.897643 0.121260
v -1.210956 0.897644 -0.259740
v -1.544956 0.897643 0.121260
v -1.544956 0.897643 -0.259740
v -1.210956 0.554644 -0.259740
v -1.210956 0.554643 0.121260
v -1.544957 0.554643 -0.259740
v -1.210956 0.554643 0.121260
v -1.544956 0.554643 0.121260
v -1.544957 0.554643 -0.259740
v -1.210956 0.897644 -0.259740
v -1.210956 0.554644 -0.259740
v -1.544956 0.897643 -0.259740
v -1.210956 0.554644 -0.259740
v -1.544957 0.554643 -0.259740
v -1.544956 0.897643 -0.259740
v -1.544956 0.897643 0.121260
v -1.544956 0.554643 0.121260
v -1.210956 0.897643 0.121260
v -1.544956 0.554643 0.121260
v -1.210956 0.554643 0.121260
v -1.210956 0.897643 0.121260
v -1.680957 0.521644 0.395260
v -1.680957 0.178644 0.395260
v -1.298956 0.521644 0.395260
v -1.680957 0.178644 0.395260
v -1.298957 0.178644 0.395260
v -1.298956 0.521644 0.395260
v -1.298956 0.521644 0.062260
v -1.298957 0.178644 0.062260
v -1.680957 0.521643 0.062260
v -1.298957 0.178644 0.062260
v -1.680957 0.178644 0.062260
v -1.680957 0.521643 0.062260
v -1.298956 0.521644 0.062260
v -1.680957 0.521643 0.062260
v -1.298956 0.521644 0.395260
v -1.680957 0.521643 0.062260
v -1.680957 0.521644 0.395260
v -1.298956 0.521644 0.395260
v -1.680957 0.178644 0.062260
v -1.298957 0.178644 0.062260
v -1.680957 0.178644 0.395260
v -1.298957 0.178644 0.395260
v -1.680957 0.521643 0.062260
v -1.680957 0.178644 0.062260
v -1.680957 0.521644 0.395260
v -1.680957 0.178644 0.395260
v -1.298956 0.521644 0.395260
v -1.298957 0.178644 0.395260
v -1.298956 0.521644 0.062260
v -1.298957 0.178644 0.062260
v -1.723957 0.664643 0.429260
v -1.723956 0.321643 0.429260
v -1.341956 0.664643 0.429260
v -1.723956 0.321643 0.429260
v -1.341957 0.321643 0.429260
v -1.341956 0.664643 0.429260
v -1.341956 0.664643 0.095260
v -1.341956 0.321643 0.095260
v -1.723956 0.664643 0.095260
v -1.341956 0.321643 0.095260
v -1.723956 0.321643 0.095260
v -1.723956 0.664643 0.095260
v -1.341956 0.664643 0.095260
v -1.723956 0.664643 0.095260
v -1.341956 0.664643 0.429260
v -1.723956 0.664643 0.095260
v -1.723957 0.664643 0.429260
v -1.341956 0.664643 0.429260
v -1.723956 0.321643 0.095260
v -1.341956 0.321643 0.095260
v -1.723956 0.321643 0.429260
v -1.341957 0.321643 0.429260
v -1.723956 0.664643 0.095260
v -1.723956 0.321643 0.095260
v -1.723957 0.664643 0.429260
v -1.723956 0.321643 0.429260
v -1.341956 0.664643 0.429260
v -1.341957 0.321643 0.429260
v -1.341956 0.664643 0.095260
v -1.341956 0.321643 0.095260
v -1.742956 0.602643 0.162260
v -1.742956 0.259644 0.162260
v -1.360956 0.602643 0.162260
v -1.742956 0.259644 0.162260
v -1.360956 0.259644 0.162260
v -1.360956 0.602643 0.162260
v -1.360956 0.602643 -0.171740
v -1.360956 0.259644 -0.171740
v -1.742956 0.602643 -0.171740
v -1.360956 0.259644 -0.171740
v -1.742957 0.259644 -0.171740
v -1.742956 0.602643 -0.171740
v -1.360956 0.602643 -0.171740
v -1.742956 0.602643 -0.171740
v -1.360956 0.602643 0.162260
v -1.742956 0.602643 -0.171740
v -1.742956 0.602643 0.162260
v -1.360956 0.602643 0.162260
v -1.742957 0.259644 -0.171740
v -1.360956 0.259644 -0.171740
v -1.742956 0.259644 0.162260
v -1.360956 0.259644 0.162260
v -1.742956 0.602643 -0.171740
v -1.742957 0.259644 -0.171740
v -1.742956 0.602643 0.162260
v -1.742956 0.259644 0.162260
v -1.360956 0.602643 0.162260
v -1.360956 0.259644 0.162260
v -1.360956 0.602643 -0.171740
v -1.360956 0.259644 -0.171740
v -1.604956 0.354643 0.462260
v -1.604956 -0.031357 0.462260
v -1.189956 0.354643 0.462260
v -1.604956 -0.031357 0.462260
v -1.189956 -0.031357 0.462260
v -1.189956 0.354643 0.462260
v -1.189956 0.354643 0.128260
v -1.189956 -0.031357 0.128260
v -1.604956 0.354643 0.128260
v -1.189956 -0.031357 0.128260
v -1.604956 -0.031357 0.128260
v -1.604956 0.354643 0.128260
v -1.189956 0.354643 0.128260
v -1.604956 0.354643 0.128260
v -1.189956 0.354643 0.462260
v -1.604956 0.354643 0.128260
v -1.604956 0.354643 0.462260
v -1.189956 0.354643 0.462260
v -1.604956 -0.031357 0.128260
v -1.189956 -0.031357 0.128260
v -1.604956 -0.031357 0.462260
v -1.189956 -0.031357 0.462260
v -1.604956 0.354643 0.128260
v -1.604956 -0.031357 0.128260
v -1.604956 0.354643 0.462260
v -1.604956 -0.031357 0.462260
v -1.189956 0.354643 0.462260
v -1.189956 -0.031357 0.462260
v -1.189956 0.354643 0.128260
v -1.189956 -0.031357 0.128260
v -1.542956 0.211644 0.329260
v -1.542956 -0.131357 0.329260
v -1.160957 0.211644 0.329260
v -1.542956 -0.131357 0.329260
v -1.160956 -0.131356 0.329260
v -1.160957 0.211644 0.329260
v -1.160956 0.211644 -0.004740
v -1.160956 -0.131356 -0.004740
v -1.542957 0.211644 -0.004740
v -1.160956 -0.131356 -0.004740
v -1.542957 -0.131356 -0.004740
v -1.542957 0.211644 -0.004740
v -1.160956 0.211644 -0.004740
v -1.542957 0.211644 -0.004740
v -1.160957 0.211644 0.329260
v -1.542957 0.211644 -0.004740
v -1.542956 0.211644 0.329260
v -1.160957 0.211644 0.329260
v -1.542957 -0.131356 -0.004740
v -1.160956 -0.131356 -0.004740
v -1.542956 -0.131357 0.329260
v -1.160956 -0.131356 0.329260
v -1.542957 0.211644 -0.004740
v -1.542957 -0.131356 -0.004740
v -1.542956 0.211644 0.329260
v -1.542956 -0.131357 0.329260
v -1.160957 0.211644 0.329260
v -1.160956 -0.131356 0.329260
v -1.160956 0.211644 -0.004740
v -1.160956 -0.131356 -0.004740
v -1.255956 -0.026357 0.186260
v -1.255956 -0.370357 0.186260
v -0.874956 -0.026357 0.186260
v -1.255956 -0.370357 0.186260
v -0.874956 -0.370357 0.186260
v -0.874956 -0.026357 0.186260
v -0.874956 -0.026357 -0.147740
v -0.874957 -0.370357 -0.147740
v -1.255956 -0.026357 -0.147740
v -0.874957 -0.370357 -0.147740
v -1.255956 -0.370357 -0.147740
v -1.255956 -0.026357 -0.147740
v -0.874956 -0.026357 -0.147740
v -1.255956 -0.026357 -0.147740
v -0.874956 -0.026357 0.186260
v -1.255956 -0.026357 -0.147740
v -1.255956 -0.026357 0.186260
v -0.874956 -0.026357 0.186260
v -1.255956 -0.370357 -0.147740
v -0.874957 -0.370357 -0.147740
v -1.255956 -0.370357 0.186260
v -0.874956 -0.370357 0.186260
v -1.255956 -0.026357 -0.147740
v -1.255956 -0.370357 -0.147740
v -1.255956 -0.026357 0.186260
v -1.255956 -0.370357 0.186260
v -0.874956 -0.026357 0.186260
v -0.874956 -0.370357 0.186260
v -0.874956 -0.026357 -0.147740
v -0.874957 -0.370357 -0.147740
v -1.160957 -0.122356 0.090260
v -1.160957 -0.465357 0.090260
v -0.779957 -0.122356 0.090260
v -1.160957 -0.465357 0.090260
v -0.779956 -0.465357 0.090260
v -0.779957 -0.122356 0.090260
v -0.779957 -0.122356 -0.100740
v -0.779957 -0.465357 -0.100740
v -1.160957 -0.122356 -0.100740
v -0.779957 -0.465357 -0.100740
v -1.160956 -0.465357 -0.100740
v -1.160957 -0.122356 -0.100740
v -0.779957 -0.122356 -0.100740
v -1.160957 -0.122356 -0.100740
v -0.779957 -0.122356 0.090260
v -1.160957 -0.122356 -0.100740
v -1.160957 -0.122356 0.090260
v -0.779957 -0.122356 0.090260
v -1.160956 -0.465357 -0.100740
v -0.779957 -0.465357 -0.100740
v -1.160957 -0.465357 0.090260
v -0.779956 -0.465357 0.090260
v -1.160957 -0.122356 -0.100740
v -1.160956 -0.465357 -0.100740
v -1.160957 -0.122356 0.090260
v -1.160957 -0.465357 0.090260
v -0.779957 -0.122356 0.090260
v -0.779956 -0.465357 0.090260
v -0.779957 -0.122356 -0.100740
v -0.779957 -0.465357 -0.100740
v -1.308956 0.068644 0.281260
v -1.308957 -0.274357 0.281260
v -0.926956 0.068644 0.281260
v -1.308957 -0.274357 0.281260
v -0.926956 -0.274357 0.281260
v -0.926956 0.068644 0.281260
v -0.926956 0.068644 -0.052740
v -0.926957 -0.274357 -0.052740
v -1.308957 0.068644 -0.052740
v -0.926957 -0.274357 -0.052740
v -1.308956 -0.274357 -0.052740
v -1.308957 0.068644 -0.052740
v -0.926956 0.068644 -0.052740
v -1.308957 0.068644 -0.052740
v -0.926956 0.068644 0.281260
v -1.308957 0.068644 -0.052740
v -1.308956 0.068644 0.281260
v -0.926956 0.068644 0.281260
v -1.308956 -0.274357 -0.052740
v -0.926957 -0.274357 -0.052740
v -1.308957 -0.274357 0.281260
v -0.926956 -0.274357 0.281260
v -1.308957 0.068644 -0.052740
v -1.308956 -0.274357 -0.052740
v -1.308956 0.068644 0.281260
v -1.308957 -0.274357 0.281260
v -0.926956 0.068644 0.281260
v -0.926956 -0.274357 0.281260
v -0.926956 0.068644 -0.052740
v -0.926957 -0.274357 -0.052740
v -1.265957 0.116643 0.324260
v -1.265957 -0.227356 0.324260
v -0.884957 0.116643 0.324260
v -1.265957 -0.227356 0.324260
v -0.884957 -0.227356 0.324260
v -0.884957 0.116643 0.324260
v -0.884957 0.116643 -0.009740
v -0.884957 -0.227356 -0.009740
v -1.265956 0.116643 -0.009740
v -0.884957 -0.227356 -0.009740
v -1.265957 -0.227356 -0.009740
v -1.265956 0.116643 -0.009740
v -0.884957 0.116643 -0.009740
v -1.265956 0.116643 -0.009740
v -0.884957 0.116643 0.324260
v -1.265956 0.116643 -0.009740
v -1.265957 0.116643 0.324260
v -0.884957 0.116643 0.324260
v -1.265957 -0.227356 -0.009740
v -0.884957 -0.227356 -0.009740
v -1.265957 -0.227356 0.324260
v -0.884957 -0.227356 0.324260
v -1.265956 0.116643 -0.009740
v -1.265957 -0.227356 -0.009740
v -1.265957 0.116643 0.324260
v -1.265957 -0.227356 0.324260
v -0.884957 0.116643 0.324260
v -0.884957 -0.227356 0.324260
v -0.884957 0.116643 -0.009740
v -0.884957 -0.227356 -0.009740
v -1.446956 0.163643 0.352260
v -1.446956 -0.179357 0.352260
v -1.065956 0.163643 0.352260
v -1.446956 -0.179357 0.352260
v -1.065957 -0.179357 0.352260
v -1.065956 0.163643 0.352260
v -1.065956 0.163643 0.019260
v -1.065956 -0.179357 0.019260
v -1.446956 0.163643 0.019260
v -1.065956 -0.179357 0.019260
v -1.446956 -0.179357 0.019260
v -1.446956 0.163643 0.019260
v -1.065956 0.163643 0.019260
v -1.446956 0.163643 0.019260
v -1.065956 0.163643 0.352260
v -1.446956 0.163643 0.019260
v -1.446956 0.163643 0.352260
v -1.065956 0.163643 0.352260
v -1.446956 -0.179357 0.019260
v -1.065956 -0.179357 0.019260
v -1.446956 -0.179357 0.352260
v -1.065957 -0.179357 0.352260
v -1.446956 0.163643 0.019260
v -1.446956 -0.179357 0.019260
v -1.446956 0.163643 0.352260
v -1.446956 -0.179357 0.352260
v -1.065956 0.163643 0.352260
v -1.065957 -0.179357 0.352260
v -1.065956 0.163643 0.019260
v -1.065956 -0.179357 0.019260
v -1.470957 0.230643 0.419260
v -1.470956 -0.112357 0.419260
v -1.089957 0.230643 0.419260
v -1.470956 -0.112357 0.419260
v -1.089957 -0.112357 0.419260
v -1.089957 0.230643 0.419260
v -1.089957 0.230643 0.085260
v -1.089957 -0.112357 0.085260
v -1.470957 0.230643 0.085260
v -1.089957 -0.112357 0.085260
v -1.470957 -0.112357 0.085260
v -1.470957 0.230643 0.085260
v -1.089957 0.230643 0.085260
v -1.470957 0.230643 0.085260
v -1.089957 0.230643 0.419260
v -1.470957 0.230643 0.085260
v -1.470957 0.230643 0.419260
v -1.089957 0.230643 0.419260
v -1.470957 -0.112357 0.085260
v -1.089957 -0.112357 0.085260
v -1.470956 -0.112357 0.419260
v -1.089957 -0.112357 0.419260
v -1.470957 0.230643 0.085260
v -1.470957 -0.112357 0.085260
v -1.470957 0.230643 0.419260
v -1.470956 -0.112357 0.419260
v -1.089957 0.230643 0.419260
v -1.089957 -0.112357 0.419260
v -1.089957 0.230643 0.085260
v -1.089957 -0.112357 0.085260
v -1.751956 0.783644 0.348260
v -1.751957 0.440643 0.348260
v -1.370957 0.783643 0.348260
v -1.751957 0.440643 0.348260
v -1.370957 0.440643 0.348260
v -1.370957 0.783643 0.348260
v -1.370956 0.783643 0.014260
v -1.370956 0.440643 0.014260
v -1.751957 0.783644 0.014260
v -1.370956 0.440643 0.014260
v -1.751957 0.440643 0.014260
v -1.751957 0.783644 0.014260
v -1.370956 0.783643 0.014260
v -1.751957 0.783644 0.014260
v -1.370957 0.783643 0.348260
v -1.751957 0.783644 0.014260
v -1.751956 0.783644 0.348260
v -1.370957 0.783643 0.348260
v -1.751957 0.440643 0.014260
v -1.370956 0.440643 0.014260
v -1.751957 0.440643 0.348260
v -1.370957 0.440643 0.348260
v -1.751957 0.783644 0.014260
v -1.751957 0.440643 0.014260
v -1.751956 0.783644 0.348260
v -1.751957 0.440643 0.348260
v -1.370957 0.783643 0.348260
v -1.370957 0.440643 0.348260
v -1.370956 0.783643 0.014260
v -1.370956 0.440643 0.014260
v -1.785956 0.683643 0.214260
v -1.785956 0.340643 0.214260
v -1.403956 0.683643 0.214260
v -1.785956 0.340643 0.214260
v -1.403957 0.340643 0.214260
v -1.403956 0.683643 0.214260
v -1.403957 0.683643 -0.119740
v -1.403956 0.340643 -0.119740
v -1.785956 0.683643 -0.119740
v -1.403956 0.340643 -0.119740
v -1.785957 0.340643 -0.119740
v -1.785956 0.683643 -0.119740
v -1.403957 0.683643 -0.119740
v -1.785956 0.683643 -0.119740
v -1.403956 0.683643 0.214260
v -1.785956 0.683643 -0.119740
v -1.785956 0.683643 0.214260
v -1.403956 0.683643 0.214260
v -1.785957 0.340643 -0.119740
v -1.403956 0.340643 -0.119740
v -1.785956 0.340643 0.214260
v -1.403957 0.340643 0.214260
v -1.785956 0.683643 -0.119740
v -1.785957 0.340643 -0.119740
v -1.785956 0.683643 0.214260
v -1.785956 0.340643 0.214260
v -1.403956 0.683643 0.214260
v -1.403957 0.340643 0.214260
v -1.403957 0.683643 -0.119740
v -1.403956 0.340643 -0.119740
v -1.747956 0.855643 0.176260
v -1.747957 0.511643 0.176260
v -1.365957 0.855643 0.176260
v -1.747957 0.511643 0.176260
v -1.365957 0.511643 0.176260
v -1.365957 0.855643 0.176260
v -1.365956 0.855643 -0.157740
v -1.365957 0.511643 -0.157740
v -1.747957 0.855643 -0.157740
v -1.365957 0.511643 -0.157740
v -1.747957 0.511643 -0.157740
v -1.747957 0.855643 -0.157740
v -1.365956 0.855643 -0.157740
v -1.747957 0.855643 -0.157740
v -1.365957 0.855643 0.176260
v -1.747957 0.855643 -0.157740
v -1.747956 0.855643 0.176260
v -1.365957 0.855643 0.176260
v -1.747957 0.511643 -0.157740
v -1.365957 0.511643 -0.157740
v -1.747957 0.511643 0.176260
v -1.365957 0.511643 0.176260
v -1.747957 0.855643 -0.157740
v -1.747957 0.511643 -0.157740
v -1.747956 0.855643 0.176260
v -1.747957 0.511643 0.176260
v -1.365957 0.855643 0.176260
v -1.365957 0.511643 0.176260
v -1.365956 0.855643 -0.157740
v -1.365957 0.511643 -0.157740
v -1.437957 1.103643 0.519260
v -1.437956 0.759644 0.519260
v -1.055956 1.103643 0.519260
v -1.437956 0.759644 0.519260
v -1.055957 0.759644 0.519260
v -1.055956 1.103643 0.519260
v -1.055956 1.103643 0.186260
v -1.055957 0.759643 0.186260
v -1.437957 1.103643 0.186260
v -1.055957 0.759643 0.186260
v -1.437956 0.759644 0.186260
v -1.437957 1.103643 0.186260
v -1.055956 1.103643 0.186260
v -1.437957 1.103643 0.186260
v -1.055956 1.103643 0.519260
v -1.437957 1.103643 0.186260
v -1.437957 1.103643 0.519260
v -1.055956 1.103643 0.519260
v -1.437956 0.759644 0.186260
v -1.055957 0.759643 0.186260
v -1.437956 0.759644 0.519260
v -1.055957 0.759644 0.519260
v -1.437957 1.103643 0.186260
v -1.437956 0.759644 0.186260
v -1.437957 1.103643 0.519260
v -1.437956 0.759644 0.519260
v -1.055956 1.103643 0.519260
v -1.055957 0.759644 0.519260
v -1.055956 1.103643 0.186260
v -1.055957 0.759643 0.186260
v -1.341956 1.136643 0.462260
v -1.341956 0.793643 0.462260
v -0.960956 1.136643 0.462260
v -1.341956 0.793643 0.462260
v -0.960956 0.793644 0.462260
v -0.960956 1.136643 0.462260
v -0.960957 1.136643 0.128260
v -0.960956 0.793643 0.128260
v -1.341956 1.136643 0.128260
v -0.960956 0.793643 0.128260
v -1.341956 0.793643 0.128260
v -1.341956 1.136643 0.128260
v -0.960957 1.136643 0.128260
v -1.341956 1.136643 0.128260
v -0.960956 1.136643 0.462260
v -1.341956 1.136643 0.128260
v -1.341956 1.136643 0.462260
v -0.960956 1.136643 0.462260
v -1.341956 0.793643 0.128260
v -0.960956 0.793643 0.128260
v -1.341956 0.793643 0.462260
v -0.960956 0.793644 0.462260
v -1.341956 1.136643 0.128260
v -1.341956 0.793643 0.128260
v -1.341956 1.136643 0.462260
v -1.341956 0.793643 0.462260
v -0.960956 1.136643 0.462260
v -0.960956 0.793644 0.462260
v -0.960957 1.136643 0.128260
v -0.960956 0.793643 0.128260
v -1.294956 1.174644 0.505260
v -1.294956 0.831643 0.505260
v -0.912957 1.174644 0.505260
v -1.294956 0.831643 0.505260
v -0.912957 0.831644 0.505260
v -0.912957 1.174644 0.505260
v -0.912957 1.174644 0.171260
v -0.912957 0.831644 0.171260
v -1.294956 1.174644 0.171260
v -0.912957 0.831644 0.171260
v -1.294956 0.831643 0.171260
v -1.294956 1.174644 0.171260
v -0.912957 1.174644 0.171260
v -1.294956 1.174644 0.171260
v -0.912957 1.174644 0.505260
v -1.294956 1.174644 0.171260
v -1.294956 1.174644 0.505260
v -0.912957 1.174644 0.505260
v -1.294956 0.831643 0.171260
v -0.912957 0.831644 0.171260
v -1.294956 0.831643 0.505260
v -0.912957 0.831644 0.505260
v -1.294956 1.174644 0.171260
v -1.294956 0.831643 0.171260
v -1.294956 1.174644 0.505260
v -1.294956 0.831643 0.505260
v -0.912957 1.174644 0.505260
v -0.912957 0.831644 0.505260
v -0.912957 1.174644 0.171260
v -0.912957 0.831644 0.171260
v -1.713956 0.969644 0.405260
v -1.713957 0.626643 0.405260
v -1.332957 0.969644 0.405260
v -1.713957 0.626643 0.405260
v -1.332956 0.626643 0.405260
v -1.332957 0.969644 0.405260
v -1.332956 0.969644 0.071260
v -1.332956 0.626643 0.071260
v -1.713957 0.969644 0.071260
v -1.332956 0.626643 0.071260
v -1.713957 0.626643 0.071260
v -1.713957 0.969644 0.071260
v -1.332956 0.969644 0.071260
v -1.713957 0.969644 0.071260
v -1.332957 0.969644 0.405260
v -1.713957 0.969644 0.071260
v -1.713956 0.969644 0.405260
v -1.332957 0.969644 0.405260
v -1.713957 0.626643 0.071260
v -1.332956 0.626643 0.071260
v -1.713957 0.626643 0.405260
v -1.332956 0.626643 0.405260
v -1.713957 0.969644 0.071260
v -1.713957 0.626643 0.071260
v -1.713956 0.969644 0.405260
v -1.713957 0.626643 0.405260
v -1.332957 0.969644 0.405260
v -1.332956 0.626643 0.405260
v -1.332956 0.969644 0.071260
v -1.332956 0.626643 0.071260
v -1.503957 0.411644 0.553260
v -1.503957 0.068644 0.553260
v -1.122956 0.411644 0.553260
v -1.503957 0.068644 0.553260
v -1.122956 0.068644 0.553260
v -1.122956 0.411644 0.553260
v -1.122956 0.411644 0.219260
v -1.122957 0.068644 0.219260
v -1.503957 0.411644 0.219260
v -1.122957 0.068644 0.219260
v -1.503957 0.068644 0.219260
v -1.503957 0.411644 0.219260
v -1.122956 0.411644 0.219260
v -1.503957 0.411644 0.219260
v -1.122956 0.411644 0.553260
v -1.503957 0.411644 0.219260
v -1.503957 0.411644 0.553260
v -1.122956 0.411644 0.553260
v -1.503957 0.068644 0.219260
v -1.122957 0.068644 0.219260
v -1.503957 0.068644 0.553260
v -1.122956 0.068644 0.553260
v -1.503957 0.411644 0.219260
v -1.503957 0.068644 0.219260
v -1.503957 0.411644 0.553260
v -1.503957 0.068644 0.553260
v -1.122956 0.411644 0.553260
v -1.122956 0.068644 0.553260
v -1.122956 0.411644 0.219260
v -1.122957 0.068644 0.219260
v -1.356956 1.088643 0.572260
v -1.356956 0.745644 0.572260
v -0.974956 1.088644 0.572260
v -1.356956 0.745644 0.572260
v -0.974957 0.745644 0.572260
v -0.974956 1.088644 0.572260
v -0.974956 1.088643 0.238260
v -0.974956 0.745644 0.238260
v -1.356957 1.088643 0.238260
v -0.974956 0.745644 0.238260
v -1.356956 0.745644 0.238260
v -1.356957 1.088643 0.238260
v -0.974956 1.088643 0.238260
v -1.356957 1.088643 0.238260
v -0.974956 1.088644 0.572260
v -1.356957 1.088643 0.238260
v -1.356956 1.088643 0.572260
v -0.974956 1.088644 0.572260
v -1.356956 0.745644 0.238260
v -0.974956 0.745644 0.238260
v -1.356956 0.745644 0.572260
v -0.974957 0.745644 0.572260
v -1.356957 1.088643 0.238260
v -1.356956 0.745644 0.238260
v -1.356956 1.088643 0.572260
v -1.356956 0.745644 0.572260
v -0.974956 1.088644 0.572260
v -0.974957 0.745644 0.572260
v -0.974956 1.088643 0.238260
v -0.974956 0.745644 0.238260
v -1.413956 1.007644 0.615260
v -1.413957 0.664643 0.615260
v -1.031956 1.007644 0.615260
v -1.413957 0.664643 0.615260
v -1.031956 0.664643 0.615260
v -1.031956 1.007644 0.615260
v -1.031956 1.007644 0.281260
v -1.031956 0.664643 0.281260
v -1.413957 1.007644 0.281260
v -1.031956 0.664643 0.281260
v -1.413956 0.664643 0.281260
v -1.413957 1.007644 0.281260
v -1.031956 1.007644 0.281260
v -1.413957 1.007644 0.281260
v -1.031956 1.007644 0.615260
v -1.413957 1.007644 0.281260
v -1.413956 1.007644 0.615260
v -1.031956 1.007644 0.615260
v -1.413956 0.664643 0.281260
v -1.031956 0.664643 0.281260
v -1.413957 0.664643 0.615260
v -1.031956 0.664643 0.615260
v -1.413957 1.007644 0.281260
v -1.413956 0.664643 0.281260
v -1.413956 1.007644 0.615260
v -1.413957 0.664643 0.615260
v -1.031956 1.007644 0.615260
v -1.031956 0.664643 0.615260
v -1.031956 1.007644 0.281260
v -1.031956 0.664643 0.281260
v -0.993957 0.397644 0.681260
v -0.993956 0.054643 0.681260
v -0.612957 0.397644 0.681260
v -0.993956 0.054643 0.681260
v -0.612956 0.054643 0.681260
v -0.612957 0.397644 0.681260
v -0.612957 0.397643 0.348260
v -0.612956 0.054643 0.348260
v -0.993957 0.397644 0.348260
v -0.612956 0.054643 0.348260
v -0.993956 0.054643 0.348260
v -0.993957 0.397644 0.348260
v -0.612957 0.397643 0.348260
v -0.993957 0.397644 0.348260
v -0.612957 0.397644 0.681260
v -0.993957 0.397644 0.348260
v -0.993957 0.397644 0.681260
v -0.612957 0.397644 0.681260
v -0.993956 0.054643 0.348260
v -0.612956 0.054643 0.348260
v -0.993956 0.054643 0.681260
v -0.612956 0.054643 0.681260
v -0.993957 0.397644 0.348260
v -0.993956 0.054643 0.348260
v -0.993957 0.397644 0.681260
v -0.993956 0.054643 0.681260
v -0.612957 0.397644 0.681260
v -0.612956 0.054643 0.681260
v -0.612957 0.397643 0.348260
v -0.612956 0.054643 0.348260
v -0.993956 0.302643 0.624260
v -0.993956 -0.041357 0.624260
v -0.612957 0.302643 0.624260
v -0.993956 -0.041357 0.624260
v -0.612956 -0.041357 0.624260
v -0.612957 0.302643 0.624260
v -0.612957 0.302643 0.290260
v -0.612956 -0.041357 0.290260
v -0.993956 0.302643 0.290260
v -0.612956 -0.041357 0.290260
v -0.993956 -0.041357 0.290260
v -0.993956 0.302643 0.290260
v -0.612957 0.302643 0.290260
v -0.993956 0.302643 0.290260
v -0.612957 0.302643 0.624260
v -0.993956 0.302643 0.290260
v -0.993956 0.302643 0.624260
v -0.612957 0.302643 0.624260
v -0.993956 -0.041357 0.290260
v -0.612956 -0.041357 0.290260
v -0.993956 -0.041357 0.624260
v -0.612956 -0.041357 0.624260
v -0.993956 0.302643 0.290260
v -0.993956 -0.041357 0.290260
v -0.993956 0.302643 0.624260
v -0.993956 -0.041357 0.624260
v -0.612957 0.302643 0.624260
v -0.612956 -0.041357 0.624260
v -0.612957 0.302643 0.290260
v -0.612956 -0.041357 0.290260
v -1.127957 0.712644 0.743260
v -1.127957 0.368643 0.743260
v -0.745956 0.712644 0.743260
v -1.127957 0.368643 0.743260
v -0.745957 0.368643 0.743260
v -0.745956 0.712644 0.743260
v -0.745956 0.712644 0.400260
v -0.745957 0.368643 0.400260
v -1.127957 0.712643 0.400260
v -0.745957 0.368643 0.400260
v -1.127956 0.368643 0.400260
v -1.127957 0.712643 0.400260
v -0.745956 0.712644 0.400260
v -1.127957 0.712643 0.400260
v -0.745956 0.712644 0.743260
v -1.127957 0.712643 0.400260
v -1.127957 0.712644 0.743260
v -0.745956 0.712644 0.743260
v -1.127956 0.368643 0.400260
v -0.745957 0.368643 0.400260
v -1.127957 0.368643 0.743260
v -0.745957 0.368643 0.743260
v -1.127957 0.712643 0.400260
v -1.127956 0.368643 0.400260
v -1.127957 0.712644 0.743260
v -1.127957 0.368643 0.743260
v -0.745956 0.712644 0.743260
v -0.745957 0.368643 0.743260
v -0.745956 0.712644 0.400260
v -0.745957 0.368643 0.400260
v -1.270956 0.735643 0.724260
v -1.270957 0.392643 0.724260
v -0.888956 0.735643 0.724260
v -1.270957 0.392643 0.724260
v -0.888956 0.392643 0.724260
v -0.888956 0.735643 0.724260
v -0.888956 0.735643 0.381260
v -0.888956 0.392643 0.381260
v -1.270956 0.735643 0.381260
v -0.888956 0.392643 0.381260
v -1.270957 0.392643 0.381260
v -1.270956 0.735643 0.381260
v -0.888956 0.735643 0.381260
v -1.270956 0.735643 0.381260
v -0.888956 0.735643 0.724260
v -1.270956 0.735643 0.381260
v -1.270956 0.735643 0.724260
v -0.888956 0.735643 0.724260
v -1.270957 0.392643 0.381260
v -0.888956 0.392643 0.381260
v -1.270957 0.392643 0.724260
v -0.888956 0.392643 0.724260
v -1.270956 0.735643 0.381260
v -1.270957 0.392643 0.381260
v -1.270956 0.735643 0.724260
v -1.270957 0.392643 0.724260
v -0.888956 0.735643 0.724260
v -0.888956 0.392643 0.724260
v -0.888956 0.735643 0.381260
v -0.888956 0.392643 0.381260
v -0.659957 0.363644 0.662260
v -0.659957 0.020643 0.662260
v -0.278957 0.363644 0.662260
v -0.659957 0.020643 0.662260
v -0.278957 0.020643 0.662260
v -0.278957 0.363644 0.662260
v -0.278957 0.363644 0.329260
v -0.278957 0.020643 0.329260
v -0.659957 0.363644 0.329260
v -0.278957 0.020643 0.329260
v -0.659957 0.020643 0.329260
v -0.659957 0.363644 0.329260
v -0.278957 0.363644 0.329260
v -0.659957 0.363644 0.329260
v -0.278957 0.363644 0.662260
v -0.659957 0.363644 0.329260
v -0.659957 0.363644 0.662260
v -0.278957 0.363644 0.662260
v -0.659957 0.020643 0.329260
v -0.278957 0.020643 0.329260
v -0.659957 0.020643 0.662260
v -0.278957 0.020643 0.662260
v -0.659957 0.363644 0.329260
v -0.659957 0.020643 0.329260
v -0.659957 0.363644 0.662260
v -0.659957 0.020643 0.662260
v -0.278957 0.363644 0.662260
v -0.278957 0.020643 0.662260
v -0.278957 0.363644 0.329260
v -0.278957 0.020643 0.329260
v -0.888956 1.098643 0.634261
v -0.888957 0.754643 0.634260
v -0.507956 1.098643 0.634260
v -0.888957 0.754643 0.634260
v -0.507956 0.754643 0.634260
v -0.507956 1.098643 0.634260
v -0.507956 1.098643 0.300260
v -0.507957 0.754643 0.300260
v -0.888956 1.098643 0.300260
v -0.507957 0.754643 0.300260
v -0.888956 0.754643 0.300260
v -0.888956 1.098643 0.300260
v -0.507956 1.098643 0.300260
v -0.888956 1.098643 0.300260
v -0.507956 1.098643 0.634260
v -0.888956 1.098643 0.300260
v -0.888956 1.098643 0.634261
v -0.507956 1.098643 0.634260
v -0.888956 0.754643 0.300260
v -0.507957 0.754643 0.300260
v -0.888957 0.754643 0.634260
v -0.507956 0.754643 0.634260
v -0.888956 1.098643 0.300260
v -0.888956 0.754643 0.300260
v -0.888956 1.098643 0.634261
v -0.888957 0.754643 0.634260
v -0.507956 1.098643 0.634260
v -0.507956 0.754643 0.634260
v -0.507956 1.098643 0.300260
v -0.507957 0.754643 0.300260
v -0.745957 1.036644 0.643260
v -0.745957 0.692643 0.643260
v -0.364957 1.036643 0.643260
v -0.745957 0.692643 0.643260
v -0.364956 0.692643 0.643260
v -0.364957 1.036643 0.643260
v -0.364957 1.036644 0.310260
v -0.364957 0.692643 0.310260
v -0.745957 1.036643 0.310260
v -0.364957 0.692643 0.310260
v -0.745956 0.692643 0.310260
v -0.745957 1.036643 0.310260
v -0.364957 1.036644 0.310260
v -0.745957 1.036643 0.310260
v -0.364957 1.036643 0.643260
v -0.745957 1.036643 0.310260
v -0.745957 1.036644 0.643260
v -0.364957 1.036643 0.643260
v -0.745956 0.692643 0.310260
v -0.364957 0.692643 0.310260
v -0.745957 0.692643 0.643260
v -0.364956 0.692643 0.643260
v -0.745957 1.036643 0.310260
v -0.745956 0.692643 0.310260
v -0.745957 1.036644 0.643260
v -0.745957 0.692643 0.643260
v -0.364957 1.036643 0.643260
v -0.364956 0.692643 0.643260
v -0.364957 1.036644 0.310260
v -0.364957 0.692643 0.310260
v -0.540957 1.036644 0.600260
v -0.540956 0.692643 0.600260
v -0.159956 1.036644 0.600260
v -0.540956 0.692643 0.600260
v -0.159957 0.692643 0.600260
v -0.159956 1.036644 0.600260
v -0.159957 1.036644 0.267260
v -0.159957 0.692643 0.267260
v -0.540957 1.036643 0.267260
v -0.159957 0.692643 0.267260
v -0.540956 0.692643 0.267260
v -0.540957 1.036643 0.267260
v -0.159957 1.036644 0.267260
v -0.540957 1.036643 0.267260
v -0.159956 1.036644 0.600260
v -0.540957 1.036643 0.267260
v -0.540957 1.036644 0.600260
v -0.159956 1.036644 0.600260
v -0.540956 0.692643 0.267260
v -0.159957 0.692643 0.267260
v -0.540956 0.692643 0.600260
v -0.159957 0.692643 0.600260
v -0.540957 1.036643 0.267260
v -0.540956 0.692643 0.267260
v -0.540957 1.036644 0.600260
v -0.540956 0.692643 0.600260
v -0.159956 1.036644 0.600260
v -0.159957 0.692643 0.600260
v -0.159957 1.036644 0.267260
v -0.159957 0.692643 0.267260
v -0.426956 0.893643 0.624260
v -0.426956 0.549643 0.624260
v -0.044956 0.893643 0.624260
v -0.426956 0.549643 0.624260
v -0.044957 0.549643 0.624260
v -0.044956 0.893643 0.624260
v -0.044957 0.893643 0.290260
v -0.044957 0.549643 0.290260
v -0.426956 0.893643 0.290260
v -0.044957 0.549643 0.290260
v -0.426956 0.549644 0.290260
v -0.426956 0.893643 0.290260
v -0.044957 0.893643 0.290260
v -0.426956 0.893643 0.290260
v -0.044956 0.893643 0.624260
v -0.426956 0.893643 0.290260
v -0.426956 0.893643 0.624260
v -0.044956 0.893643 0.624260
v -0.426956 0.549644 0.290260
v -0.044957 0.549643 0.290260
v -0.426956 0.549643 0.624260
v -0.044957 0.549643 0.624260
v -0.426956 0.893643 0.290260
v -0.426956 0.549644 0.290260
v -0.426956 0.893643 0.624260
v -0.426956 0.549643 0.624260
v -0.044956 0.893643 0.624260
v -0.044957 0.549643 0.624260
v -0.044957 0.893643 0.290260
v -0.044957 0.549643 0.290260
v -0.254956 0.940643 0.586260
v -0.254957 0.597643 0.586260
v 0.126043 0.940643 0.586260
v -0.254957 0.597643 0.586260
v 0.126044 0.597643 0.586260
v 0.126043 0.940643 0.586260
v 0.126044 0.940643 0.252260
v 0.126043 0.597643 0.252260
v -0.254957 0.940643 0.252260
v 0.126043 0.597643 0.252260
v -0.254957 0.597643 0.252260
v -0.254957 0.940643 0.252260
v 0.126044 0.940643 0.252260
v -0.254957 0.940643 0.252260
v 0.126043 0.940643 0.586260
v -0.254957 0.940643 0.252260
v -0.254956 0.940643 0.586260
v 0.126043 0.940643 0.586260
v -0.254957 0.597643 0.252260
v 0.126043 0.597643 0.252260
v -0.254957 0.597643 0.586260
v 0.126044 0.597643 0.586260
v -0.254957 0.940643 0.252260
v -0.254957 0.597643 0.252260
v -0.254956 0.940643 0.586260
v -0.254957 0.597643 0.586260
v 0.126043 0.940643 0.586260
v 0.126044 0.597643 0.586260
v 0.126044 0.940643 0.252260
v 0.126043 0.597643 0.252260
v -0.063957 0.826643 0.648260
v -0.063956 0.483644 0.648260
v 0.317043 0.826643 0.648260
v -0.063956 0.483644 0.648260
v 0.317043 0.483644 0.648260
v 0.317043 0.826643 0.648260
v 0.317044 0.826643 0.314260
v 0.317043 0.483644 0.314260
v -0.063956 0.826643 0.314260
v 0.317043 0.483644 0.314260
v -0.063957 0.483644 0.314260
v -0.063956 0.826643 0.314260
v 0.317044 0.826643 0.314260
v -0.063956 0.826643 0.314260
v 0.317043 0.826643 0.648260
v -0.063956 0.826643 0.314260
v -0.063957 0.826643 0.648260
v 0.317043 0.826643 0.648260
v -0.063957 0.483644 0.314260
v 0.317043 0.483644 0.314260
v -0.063956 0.483644 0.648260
v 0.317043 0.483644 0.648260
v -0.063956 0.826643 0.314260
v -0.063957 0.483644 0.314260
v -0.063957 0.826643 0.648260
v -0.063956 0.483644 0.648260
v 0.317043 0.826643 0.648260
v 0.317043 0.483644 0.648260
v 0.317044 0.826643 0.314260
v 0.317043 0.483644 0.314260
v -0.016957 1.083643 0.557260
v -0.016957 0.740644 0.557260
v 0.365043 1.083643 0.557260
v -0.016957 0.740644 0.557260
v 0.365043 0.740643 0.557260
v 0.365043 1.083643 0.557260
v 0.365043 1.083643 0.224260
v 0.365044 0.740644 0.224260
v -0.016957 1.083643 0.224260
v 0.365044 0.740644 0.224260
v -0.016957 0.740643 0.224260
v -0.016957 1.083643 0.224260
v 0.365043 1.083643 0.224260
v -0.016957 1.083643 0.224260
v 0.365043 1.083643 0.557260
v -0.016957 1.083643 0.224260
v -0.016957 1.083643 0.557260
v 0.365043 1.083643 0.557260
v -0.016957 0.740643 0.224260
v 0.365044 0.740644 0.224260
v -0.016957 0.740644 0.557260
v 0.365043 0.740643 0.557260
v -0.016957 1.083643 0.224260
v -0.016957 0.740643 0.224260
v -0.016957 1.083643 0.557260
v -0.016957 0.740644 0.557260
v 0.365043 1.083643 0.557260
v 0.365043 0.740643 0.557260
v 0.365043 1.083643 0.224260
v 0.365044 0.740644 0.224260
v 0.174043 1.212643 0.534260
v 0.174043 0.869644 0.534260
v 0.555044 1.212644 0.534260
v 0.174043 0.869644 0.534260
v 0.555043 0.869644 0.534260
v 0.555044 1.212644 0.534260
v 0.555043 1.212644 0.200260
v 0.555043 0.869644 0.200260
v 0.174044 1.212644 0.200260
v 0.555043 0.869644 0.200260
v 0.174043 0.869644 0.200260
v 0.174044 1.212644 0.200260
v 0.555043 1.212644 0.200260
v 0.174044 1.212644 0.200260
v 0.555044 1.212644 0.534260
v 0.174044 1.212644 0.200260
v 0.174043 1.212643 0.534260
v 0.555044 1.212644 0.534260
v 0.174043 0.869644 0.200260
v 0.555043 0.869644 0.200260
v 0.174043 0.869644 0.534260
v 0.555043 0.869644 0.534260
v 0.174044 1.212644 0.200260
v 0.174043 0.869644 0.200260
v 0.174043 1.212643 0.534260
v 0.174043 0.869644 0.534260
v 0.555044 1.212644 0.534260
v 0.555043 0.869644 0.534260
v 0.555043 1.212644 0.200260
v 0.555043 0.869644 0.200260
v -0.588957 1.131643 0.510260
v -0.588957 0.788643 0.510260
v -0.207957 1.131643 0.510260
v -0.588957 0.788643 0.510260
v -0.207957 0.788643 0.510260
v -0.207957 1.131643 0.510260
v -0.207957 1.131643 0.176260
v -0.207957 0.788643 0.176260
v -0.588956 1.131643 0.176260
v -0.207957 0.788643 0.176260
v -0.588956 0.788643 0.176260
v -0.588956 1.131643 0.176260
v -0.207957 1.131643 0.176260
v -0.588956 1.131643 0.176260
v -0.207957 1.131643 0.510260
v -0.588956 1.131643 0.176260
v -0.588957 1.131643 0.510260
v -0.207957 1.131643 0.510260
v -0.588956 0.788643 0.176260
v -0.207957 0.788643 0.176260
v -0.588957 0.788643 0.510260
v -0.207957 0.788643 0.510260
v -0.588956 1.131643 0.176260
v -0.588956 0.788643 0.176260
v -0.588957 1.131643 0.510260
v -0.588957 0.788643 0.510260
v -0.207957 1.131643 0.510260
v -0.207957 0.788643 0.510260
v -0.207957 1.131643 0.176260
v -0.207957 0.788643 0.176260
v -0.445957 0.964643 0.515260
v -0.445957 0.621643 0.515260
v -0.063957 0.964643 0.515260
v -0.445957 0.621643 0.515260
v -0.063957 0.621643 0.515260
v -0.063957 0.964643 0.515260
v -0.063957 0.964643 0.181260
v -0.063957 0.621643 0.181260
v -0.445957 0.964643 0.181260
v -0.063957 0.621643 0.181260
v -0.445956 0.621643 0.181260
v -0.445957 0.964643 0.181260
v -0.063957 0.964643 0.181260
v -0.445957 0.964643 0.181260
v -0.063957 0.964643 0.515260
v -0.445957 0.964643 0.181260
v -0.445957 0.964643 0.515260
v -0.063957 0.964643 0.515260
v -0.445956 0.621643 0.181260
v -0.063957 0.621643 0.181260
v -0.445957 0.621643 0.515260
v -0.063957 0.621643 0.515260
v -0.445957 0.964643 0.181260
v -0.445956 0.621643 0.181260
v -0.445957 0.964643 0.515260
v -0.445957 0.621643 0.515260
v -0.063957 0.964643 0.515260
v -0.063957 0.621643 0.515260
v -0.063957 0.964643 0.181260
v -0.063957 0.621643 0.181260
v -0.888957 1.145644 0.557260
v -0.888956 0.802643 0.557260
v -0.507956 1.145644 0.557260
v -0.888956 0.802643 0.557260
v -0.507956 0.802643 0.557260
v -0.507956 1.145644 0.557260
v -0.507956 1.145644 0.224260
v -0.507956 0.802643 0.224260
v -0.888957 1.145644 0.224260
v -0.507956 0.802643 0.224260
v -0.888956 0.802643 0.224260
v -0.888957 1.145644 0.224260
v -0.507956 1.145644 0.224260
v -0.888957 1.145644 0.224260
v -0.507956 1.145644 0.557260
v -0.888957 1.145644 0.224260
v -0.888957 1.145644 0.557260
v -0.507956 1.145644 0.557260
v -0.888956 0.802643 0.224260
v -0.507956 0.802643 0.224260
v -0.888956 0.802643 0.557260
v -0.507956 0.802643 0.557260
v -0.888957 1.145644 0.224260
v -0.888956 0.802643 0.224260
v -0.888957 1.145644 0.557260
v -0.888956 0.802643 0.557260
v -0.507956 1.145644 0.557260
v -0.507956 0.802643 0.557260
v -0.507956 1.145644 0.224260
v -0.507956 0.802643 0.224260
v -0.898957 0.778644 0.686260
v -0.898956 0.435644 0.686260
v -0.516957 0.778644 0.686260
v -0.898956 0.435644 0.686260
v -0.516957 0.435644 0.686260
v -0.516957 0.778644 0.686260
v -0.516956 0.778644 0.352260
v -0.516956 0.435644 0.352260
v -0.898957 0.778644 0.352260
v -0.516956 0.435644 0.352260
v -0.898957 0.435643 0.352260
v -0.898957 0.778644 0.352260
v -0.516956 0.778644 0.352260
v -0.898957 0.778644 0.352260
v -0.516957 0.778644 0.686260
v -0.898957 0.778644 0.352260
v -0.898957 0.778644 0.686260
v -0.516957 0.778644 0.686260
v -0.898957 0.435643 0.352260
v -0.516956 0.435644 0.352260
v -0.898956 0.435644 0.686260
v -0.516957 0.435644 0.686260
v -0.898957 0.778644 0.352260
v -0.898957 0.435643 0.352260
v -0.898957 0.778644 0.686260
v -0.898956 0.435644 0.686260
v -0.516957 0.778644 0.686260
v -0.516957 0.435644 0.686260
v -0.516956 0.778644 0.352260
v -0.516956 0.435644 0.352260
v -0.860956 0.588644 0.715260
v -0.860956 0.244644 0.715260
v -0.478957 0.588644 0.715260
v -0.860956 0.244644 0.715260
v -0.478957 0.244644 0.715260
v -0.478957 0.588644 0.715260
v -0.478956 0.588644 0.381260
v -0.478957 0.244644 0.381260
v -0.860956 0.588644 0.381260
v -0.478957 0.244644 0.381260
v -0.860957 0.244644 0.381260
v -0.860956 0.588644 0.381260
v -0.478956 0.588644 0.381260
v -0.860956 0.588644 0.381260
v -0.478957 0.588644 0.715260
v -0.860956 0.588644 0.381260
v -0.860956 0.588644 0.715260
v -0.478957 0.588644 0.715260
v -0.860957 0.244644 0.381260
v -0.478957 0.244644 0.381260
v -0.860956 0.244644 0.715260
v -0.478957 0.244644 0.715260
v -0.860956 0.588644 0.381260
v -0.860957 0.244644 0.381260
v -0.860956 0.588644 0.715260
v -0.860956 0.244644 0.715260
v -0.478957 0.588644 0.715260
v -0.478957 0.244644 0.715260
v -0.478956 0.588644 0.381260
v -0.478957 0.244644 0.381260
v -0.636957 0.630643 0.700260
v -0.636957 0.287643 0.700260
v -0.254956 0.630643 0.700260
v -0.636957 0.287643 0.700260
v -0.254957 0.287643 0.700260
v -0.254956 0.630643 0.700260
v -0.254957 0.630643 0.367260
v -0.254957 0.287643 0.367260
v -0.636957 0.630643 0.367260
v -0.254957 0.287643 0.367260
v -0.636957 0.287643 0.367260
v -0.636957 0.630643 0.367260
v -0.254957 0.630643 0.367260
v -0.636957 0.630643 0.367260
v -0.254956 0.630643 0.700260
v -0.636957 0.630643 0.367260
v -0.636957 0.630643 0.700260
v -0.254956 0.630643 0.700260
v -0.636957 0.287643 0.367260
v -0.254957 0.287643 0.367260
v -0.636957 0.287643 0.700260
v -0.254957 0.287643 0.700260
v -0.636957 0.630643 0.367260
v -0.636957 0.287643 0.367260
v -0.636957 0.630643 0.700260
v -0.636957 0.287643 0.700260
v -0.254956 0.630643 0.700260
v -0.254957 0.287643 0.700260
v -0.254957 0.630643 0.367260
v -0.254957 0.287643 0.367260
v -0.345957 0.645643 0.691260
v -0.345957 0.302643 0.691260
v 0.036043 0.645643 0.691260
v -0.345957 0.302643 0.691260
v 0.036044 0.302643 0.691260
v 0.036043 0.645643 0.691260
v 0.036044 0.645644 0.357260
v 0.036043 0.302643 0.357260
v -0.345957 0.645643 0.357260
v 0.036043 0.302643 0.357260
v -0.345956 0.302643 0.357260
v -0.345957 0.645643 0.357260
v 0.036044 0.645644 0.357260
v -0.345957 0.645643 0.357260
v 0.036043 0.645643 0.691260
v -0.345957 0.645643 0.357260
v -0.345957 0.645643 0.691260
v 0.036043 0.645643 0.691260
v -0.345956 0.302643 0.357260
v 0.036043 0.302643 0.357260
v -0.345957 0.302643 0.691260
v 0.036044 0.302643 0.691260
v -0.345957 0.645643 0.357260
v -0.345956 0.302643 0.357260
v -0.345957 0.645643 0.691260
v -0.345957 0.302643 0.691260
v 0.036043 0.645643 0.691260
v 0.036044 0.302643 0.691260
v 0.036044 0.645644 0.357260
v 0.036043 0.302643 0.357260
v -0.116957 0.673644 0.681260
v -0.116957 0.330644 0.681260
v 0.264044 0.673644 0.681260
v -0.116957 0.330644 0.681260
v 0.264043 0.330644 0.681260
v 0.264044 0.673644 0.681260
v 0.264044 0.673644 0.348260
v 0.264043 0.330644 0.348260
v -0.116957 0.673644 0.348260
v 0.264043 0.330644 0.348260
v -0.116957 0.330644 0.348260
v -0.116957 0.673644 0.348260
v 0.264044 0.673644 0.348260
v -0.116957 0.673644 0.348260
v 0.264044 0.673644 0.681260
v -0.116957 0.673644 0.348260
v -0.116957 0.673644 0.681260
v 0.264044 0.673644 0.681260
v -0.116957 0.330644 0.348260
v 0.264043 0.330644 0.348260
v -0.116957 0.330644 0.681260
v 0.264043 0.330644 0.681260
v -0.116957 0.673644 0.348260
v -0.116957 0.330644 0.348260
v -0.116957 0.673644 0.681260
v -0.116957 0.330644 0.681260
v 0.264044 0.673644 0.681260
v 0.264043 0.330644 0.681260
v 0.264044 0.673644 0.348260
v 0.264043 0.330644 0.348260
v -0.087957 0.387643 0.758260
v -0.087956 0.044643 0.758260
v 0.531044 0.387643 0.758260
v -0.087956 0.044643 0.758260
v 0.531043 0.044643 0.758260
v 0.531044 0.387643 0.758260
v 0.531044 0.387643 0.424260
v 0.531043 0.044643 0.424260
v -0.087957 0.387643 0.424260
v 0.531043 0.044643 0.424260
v -0.087957 0.044643 0.424260
v -0.087957 0.387643 0.424260
v 0.531044 0.387643 0.424260
v -0.087957 0.387643 0.424260
v 0.531044 0.387643 0.758260
v -0.087957 0.387643 0.424260
v -0.087957 0.387643 0.758260
v 0.531044 0.387643 0.758260
v -0.087957 0.044643 0.424260
v 0.531043 0.044643 0.424260
v -0.087956 0.044643 0.758260
v 0.531043 0.044643 0.758260
v -0.087957 0.387643 0.424260
v -0.087957 0.044643 0.424260
v -0.087957 0.387643 0.758260
v -0.087956 0.044643 0.758260
v 0.531044 0.387643 0.758260
v 0.531043 0.044643 0.758260
v 0.531044 0.387643 0.424260
v 0.531043 0.044643 0.424260
v 0.360043 0.392643 0.748260
v 0.360043 0.049644 0.748260
v 0.741043 0.392643 0.748260
v 0.360043 0.049644 0.748260
v 0.741043 0.049643 0.748260
v 0.741043 0.392643 0.748260
v 0.741044 0.392643 0.414260
v 0.741043 0.049644 0.414260
v 0.360043 0.392643 0.414260
v 0.741043 0.049644 0.414260
v 0.360043 0.049644 0.414260
v 0.360043 0.392643 0.414260
v 0.741044 0.392643 0.414260
v 0.360043 0.392643 0.414260
v 0.741043 0.392643 0.748260
v 0.360043 0.392643 0.414260
v 0.360043 0.392643 0.748260
v 0.741043 0.392643 0.748260
v 0.360043 0.049644 0.414260
v 0.741043 0.049644 0.414260
v 0.360043 0.049644 0.748260
v 0.741043 0.049643 0.748260
v 0.360043 0.392643 0.414260
v 0.360043 0.049644 0.414260
v 0.360043 0.392643 0.748260
v 0.360043 0.049644 0.748260
v 0.741043 0.392643 0.748260
v 0.741043 0.049643 0.748260
v 0.741044 0.392643 0.414260
v 0.741043 0.049644 0.414260
v 0.422044 0.240644 0.724260
v 0.422044 -0.103357 0.724260
v 0.803043 0.240644 0.724260
v 0.422044 -0.103357 0.724260
v 0.803043 -0.103357 0.724260
v 0.803043 0.240644 0.724260
v 0.803043 0.240644 0.391260
v 0.803043 -0.103357 0.391260
v 0.422044 0.240644 0.391260
v 0.803043 -0.103357 0.391260
v 0.422044 -0.103357 0.391260
v 0.422044 0.240644 0.391260
v 0.803043 0.240644 0.391260
v 0.422044 0.240644 0.391260
v 0.803043 0.240644 0.724260
v 0.422044 0.240644 0.391260
v 0.422044 0.240644 0.724260
v 0.803043 0.240644 0.724260
v 0.422044 -0.103357 0.391260
v 0.803043 -0.103357 0.391260
v 0.422044 -0.103357 0.724260
v 0.803043 -0.103357 0.724260
v 0.422044 0.240644 0.391260
v 0.422044 -0.103357 0.391260
v 0.422044 0.240644 0.724260
v 0.422044 -0.103357 0.724260
v 0.803043 0.240644 0.724260
v 0.803043 -0.103357 0.724260
v 0.803043 0.240644 0.391260
v 0.803043 -0.103357 0.391260
v 0.598043 0.344644 0.696260
v 0.598043 0.001643 0.696260
v 0.980044 0.344644 0.696260
v 0.598043 0.001643 0.696260
v 0.980043 0.001643 0.696260
v 0.980044 0.344644 0.696260
v 0.980043 0.344644 0.362260
v 0.980043 0.001643 0.362260
v 0.598043 0.344644 0.362260
v 0.980043 0.001643 0.362260
v 0.598043 0.001643 0.362260
v 0.598043 0.344644 0.362260
v 0.980043 0.344644 0.362260
v 0.598043 0.344644 0.362260
v 0.980044 0.344644 0.696260
v 0.598043 0.344644 0.362260
v 0.598043 0.344644 0.696260
v 0.980044 0.344644 0.696260
v 0.598043 0.001643 0.362260
v 0.980043 0.001643 0.362260
v 0.598043 0.001643 0.696260
v 0.980043 0.001643 0.696260
v 0.598043 0.344644 0.362260
v 0.598043 0.001643 0.362260
v 0.598043 0.344644 0.696260
v 0.598043 0.001643 0.696260
v 0.980044 0.344644 0.696260
v 0.980043 0.001643 0.696260
v 0.980043 0.344644 0.362260
v 0.980043 0.001643 0.362260
v 0.789043 0.297644 0.638260
v 0.789043 -0.046357 0.638260
v 1.170044 0.297644 0.638260
v 0.789043 -0.046357 0.638260
v 1.170044 -0.046357 0.638260
v 1.170044 0.297644 0.638260
v 1.170044 0.297644 0.305260
v 1.170043 -0.046357 0.305260
v 0.789043 0.297644 0.305260
v 1.170043 -0.046357 0.305260
v 0.789043 -0.046356 0.305260
v 0.789043 0.297644 0.305260
v 1.170044 0.297644 0.305260
v 0.789043 0.297644 0.305260
v 1.170044 0.297644 0.638260
v 0.789043 0.297644 0.305260
v 0.789043 0.297644 0.638260
v 1.170044 0.297644 0.638260
v 0.789043 -0.046356 0.305260
v 1.170043 -0.046357 0.305260
v 0.789043 -0.046357 0.638260
v 1.170044 -0.046357 0.638260
v 0.789043 0.297644 0.305260
v 0.789043 -0.046356 0.305260
v 0.789043 0.297644 0.638260
v 0.789043 -0.046357 0.638260
v 1.170044 0.297644 0.638260
v 1.170044 -0.046357 0.638260
v 1.170044 0.297644 0.305260
v 1.170043 -0.046357 0.305260
v -0.974957 0.058643 0.505260
v -0.974957 -0.284357 0.505260
v -0.593957 0.058644 0.505260
v -0.974957 -0.284357 0.505260
v -0.593956 -0.284357 0.505260
v -0.593957 0.058644 0.505260
v -0.593956 0.058644 0.171260
v -0.593957 -0.284357 0.171260
v -0.974956 0.058644 0.171260
v -0.593957 -0.284357 0.171260
v -0.974956 -0.284357 0.171260
v -0.974956 0.058644 0.171260
v -0.593956 0.058644 0.171260
v -0.974956 0.058644 0.171260
v -0.593957 0.058644 0.505260
v -0.974956 0.058644 0.171260
v -0.974957 0.058643 0.505260
v -0.593957 0.058644 0.505260
v -0.974956 -0.284357 0.171260
v -0.593957 -0.284357 0.171260
v -0.974957 -0.284357 0.505260
v -0.593956 -0.284357 0.505260
v -0.974956 0.058644 0.171260
v -0.974956 -0.284357 0.171260
v -0.974957 0.058643 0.505260
v -0.974957 -0.284357 0.505260
v -0.593957 0.058644 0.505260
v -0.593956 -0.284357 0.505260
v -0.593956 0.058644 0.171260
v -0.593957 -0.284357 0.171260
v -0.941956 0.154644 0.553260
v -0.941957 -0.189357 0.553260
v -0.559956 0.154644 0.553260
v -0.941957 -0.189357 0.553260
v -0.559956 -0.189357 0.553260
v -0.559956 0.154644 0.553260
v -0.559956 0.154644 0.219260
v -0.559956 -0.189357 0.219260
v -0.941956 0.154643 0.219260
v -0.559956 -0.189357 0.219260
v -0.941957 -0.189357 0.219260
v -0.941956 0.154643 0.219260
v -0.559956 0.154644 0.219260
v -0.941956 0.154643 0.219260
v -0.559956 0.154644 0.553260
v -0.941956 0.154643 0.219260
v -0.941956 0.154644 0.553260
v -0.559956 0.154644 0.553260
v -0.941957 -0.189357 0.219260
v -0.559956 -0.189357 0.219260
v -0.941957 -0.189357 0.553260
v -0.559956 -0.189357 0.553260
v -0.941956 0.154643 0.219260
v -0.941957 -0.189357 0.219260
v -0.941956 0.154644 0.553260
v -0.941957 -0.189357 0.553260
v -0.559956 0.154644 0.553260
v -0.559956 -0.189357 0.553260
v -0.559956 0.154644 0.219260
v -0.559956 -0.189357 0.219260
v -0.946956 -0.193357 0.362260
v -0.946956 -0.537357 0.362260
v -0.564956 -0.193357 0.362260
v -0.946956 -0.537357 0.362260
v -0.564956 -0.537357 0.362260
v -0.564956 -0.193357 0.362260
v -0.564956 -0.193357 0.028260
v -0.564956 -0.537357 0.028260
v -0.946956 -0.193357 0.028260
v -0.564956 -0.537357 0.028260
v -0.946956 -0.537357 0.028260
v -0.946956 -0.193357 0.028260
v -0.564956 -0.193357 0.028260
v -0.946956 -0.193357 0.028260
v -0.564956 -0.193357 0.362260
v -0.946956 -0.193357 0.028260
v -0.946956 -0.193357 0.362260
v -0.564956 -0.193357 0.362260
v -0.946956 -0.537357 0.028260
v -0.564956 -0.537357 0.028260
v -0.946956 -0.537357 0.362260
v -0.564956 -0.537357 0.362260
v -0.946956 -0.193357 0.028260
v -0.946956 -0.537357 0.028260
v -0.946956 -0.193357 0.362260
v -0.946956 -0.537357 0.362260
v -0.564956 -0.193357 0.362260
v -0.564956 -0.537357 0.362260
v -0.564956 -0.193357 0.028260
v -0.564956 -0.537357 0.028260
v -1.084957 -0.227356 0.267260
v -1.084956 -0.570357 0.267260
v -0.702956 -0.227356 0.267260
v -1.084956 -0.570357 0.267260
v -0.702957 -0.570357 0.267260
v -0.702956 -0.227356 0.267260
v -0.702956 -0.227356 0.076260
v -0.702956 -0.570357 0.076260
v -1.084956 -0.227356 0.076260
v -0.702956 -0.570357 0.076260
v -1.084956 -0.570357 0.076260
v -1.084956 -0.227356 0.076260
v -0.702956 -0.227356 0.076260
v -1.084956 -0.227356 0.076260
v -0.702956 -0.227356 0.267260
v -1.084956 -0.227356 0.076260
v -1.084957 -0.227356 0.267260
v -0.702956 -0.227356 0.267260
v -1.084956 -0.570357 0.076260
v -0.702956 -0.570357 0.076260
v -1.084956 -0.570357 0.267260
v -0.702957 -0.570357 0.267260
v -1.084956 -0.227356 0.076260
v -1.084956 -0.570357 0.076260
v -1.084957 -0.227356 0.267260
v -1.084956 -0.570357 0.267260
v -0.702956 -0.227356 0.267260
v -0.702957 -0.570357 0.267260
v -0.702956 -0.227356 0.076260
v -0.702956 -0.570357 0.076260
v -1.127957 -0.179357 0.124260
v -1.127956 -0.522357 0.124260
v -0.745956 -0.179357 0.124260
v -1.127956 -0.522357 0.124260
v -0.745957 -0.522357 0.124260
v -0.745956 -0.179357 0.124260
v -0.745956 -0.179357 -0.066740
v -0.745956 -0.522357 -0.066740
v -1.127956 -0.179357 -0.066740
v -0.745956 -0.522357 -0.066740
v -1.127956 -0.522357 -0.066740
v -1.127956 -0.179357 -0.066740
v -0.745956 -0.179357 -0.066740
v -1.127956 -0.179357 -0.066740
v -0.745956 -0.179357 0.124260
v -1.127956 -0.179357 -0.066740
v -1.127957 -0.179357 0.124260
v -0.745956 -0.179357 0.124260
v -1.127956 -0.522357 -0.066740
v -0.745956 -0.522357 -0.066740
v -1.127956 -0.522357 0.124260
v -0.745957 -0.522357 0.124260
v -1.127956 -0.179357 -0.066740
v -1.127956 -0.522357 -0.066740
v -1.127957 -0.179357 0.124260
v -1.127956 -0.522357 0.124260
v -0.745956 -0.179357 0.124260
v -0.745957 -0.522357 0.124260
v -0.745956 -0.179357 -0.066740
v -0.745956 -0.522357 -0.066740
v -1.055957 -0.274357 0.076260
v -1.055957 -0.618356 0.076260
v -0.674957 -0.274357 0.076260
v -1.055957 -0.618356 0.076260
v -0.674957 -0.618356 0.076260
v -0.674957 -0.274357 0.076260
v -0.674956 -0.274357 -0.114740
v -0.674957 -0.618357 -0.114740
v -1.055957 -0.274357 -0.114740
v -0.674957 -0.618357 -0.114740
v -1.055957 -0.618356 -0.114740
v -1.055957 -0.274357 -0.114740
v -0.674956 -0.274357 -0.114740
v -1.055957 -0.274357 -0.114740
v -0.674957 -0.274357 0.076260
v -1.055957 -0.274357 -0.114740
v -1.055957 -0.274357 0.076260
v -0.674957 -0.274357 0.076260
v -1.055957 -0.618356 -0.114740
v -0.674957 -0.618357 -0.114740
v -1.055957 -0.618356 0.076260
v -0.674957 -0.618356 0.076260
v -1.055957 -0.274357 -0.114740
v -1.055957 -0.618356 -0.114740
v -1.055957 -0.274357 0.076260
v -1.055957 -0.618356 0.076260
v -0.674957 -0.274357 0.076260
v -0.674957 -0.618356 0.076260
v -0.674956 -0.274357 -0.114740
v -0.674957 -0.618357 -0.114740
v -0.988957 -0.227356 0.028260
v -0.988956 -0.570357 0.028260
v -0.607957 -0.227356 0.028260
v -0.988956 -0.570357 0.028260
v -0.607957 -0.570357 0.028260
v -0.607957 -0.227356 0.028260
v -0.607957 -0.227356 -0.162740
v -0.607957 -0.570357 -0.162740
v -0.988956 -0.227356 -0.162740
v -0.607957 -0.570357 -0.162740
v -0.988956 -0.570357 -0.162740
v -0.988956 -0.227356 -0.162740
v -0.607957 -0.227356 -0.162740
v -0.988956 -0.227356 -0.162740
v -0.607957 -0.227356 0.028260
v -0.988956 -0.227356 -0.162740
v -0.988957 -0.227356 0.028260
v -0.607957 -0.227356 0.028260
v -0.988956 -0.570357 -0.162740
v -0.607957 -0.570357 -0.162740
v -0.988956 -0.570357 0.028260
v -0.607957 -0.570357 0.028260
v -0.988956 -0.227356 -0.162740
v -0.988956 -0.570357 -0.162740
v -0.988957 -0.227356 0.028260
v -0.988956 -0.570357 0.028260
v -0.607957 -0.227356 0.028260
v -0.607957 -0.570357 0.028260
v -0.607957 -0.227356 -0.162740
v -0.607957 -0.570357 -0.162740
v -0.750957 -0.560356 0.028260
v -0.750956 -0.904356 0.028260
v -0.369956 -0.560357 0.028260
v -0.750956 -0.904356 0.028260
v -0.369957 -0.904357 0.028260
v -0.369956 -0.560357 0.028260
v -0.369956 -0.560357 -0.162740
v -0.369957 -0.904357 -0.162740
v -0.750956 -0.560357 -0.162740
v -0.369957 -0.904357 -0.162740
v -0.750956 -0.904357 -0.162740
v -0.750956 -0.560357 -0.162740
v -0.369956 -0.560357 -0.162740
v -0.750956 -0.560357 -0.162740
v -0.369956 -0.560357 0.028260
v -0.750956 -0.560357 -0.162740
v -0.750957 -0.560356 0.028260
v -0.369956 -0.560357 0.028260
v -0.750956 -0.904357 -0.162740
v -0.369957 -0.904357 -0.162740
v -0.750956 -0.904356 0.028260
v -0.369957 -0.904357 0.028260
v -0.750956 -0.560357 -0.162740
v -0.750956 -0.904357 -0.162740
v -0.750957 -0.560356 0.028260
v -0.750956 -0.904356 0.028260
v -0.369956 -0.560357 0.028260
v -0.369957 -0.904357 0.028260
v -0.369956 -0.560357 -0.162740
v -0.369957 -0.904357 -0.162740
v -0.845956 -0.417356 0.038260
v -0.845957 -0.761357 0.038260
v -0.464957 -0.417357 0.038260
v -0.845957 -0.761357 0.038260
v -0.464957 -0.761357 0.038260
v -0.464957 -0.417357 0.038260
v -0.464957 -0.417357 -0.152740
v -0.464957 -0.761357 -0.152740
v -0.845956 -0.417356 -0.152740
v -0.464957 -0.761357 -0.152740
v -0.845957 -0.761356 -0.152740
v -0.845956 -0.417356 -0.152740
v -0.464957 -0.417357 -0.152740
v -0.845956 -0.417356 -0.152740
v -0.464957 -0.417357 0.038260
v -0.845956 -0.417356 -0.152740
v -0.845956 -0.417356 0.038260
v -0.464957 -0.417357 0.038260
v -0.845957 -0.761356 -0.152740
v -0.464957 -0.761357 -0.152740
v -0.845957 -0.761357 0.038260
v -0.464957 -0.761357 0.038260
v -0.845956 -0.417356 -0.152740
v -0.845957 -0.761356 -0.152740
v -0.845956 -0.417356 0.038260
v -0.845957 -0.761357 0.038260
v -0.464957 -0.417357 0.038260
v -0.464957 -0.761357 0.038260
v -0.464957 -0.417357 -0.152740
v -0.464957 -0.761357 -0.152740
v -0.941957 -0.322356 0.004260
v -0.941956 -0.665357 0.004260
v -0.559956 -0.322356 0.004260
v -0.941956 -0.665357 0.004260
v -0.559957 -0.665357 0.004260
v -0.559956 -0.322356 0.004260
v -0.559956 -0.322357 -0.171740
v -0.559956 -0.665357 -0.171740
v -0.941957 -0.322357 -0.171740
v -0.559956 -0.665357 -0.171740
v -0.941956 -0.665357 -0.171740
v -0.941957 -0.322357 -0.171740
v -0.559956 -0.322357 -0.171740
v -0.941957 -0.322357 -0.171740
v -0.559956 -0.322356 0.004260
v -0.941957 -0.322357 -0.171740
v -0.941957 -0.322356 0.004260
v -0.559956 -0.322356 0.004260
v -0.941956 -0.665357 -0.171740
v -0.559956 -0.665357 -0.171740
v -0.941956 -0.665357 0.004260
v -0.559957 -0.665357 0.004260
v -0.941957 -0.322357 -0.171740
v -0.941956 -0.665357 -0.171740
v -0.941957 -0.322356 0.004260
v -0.941956 -0.665357 0.004260
v -0.559956 -0.322356 0.004260
v -0.559957 -0.665357 0.004260
v -0.559956 -0.322357 -0.171740
v -0.559956 -0.665357 -0.171740
v -1.017956 -0.074357 0.429260
v -1.017956 -0.417356 0.429260
v -0.636956 -0.074357 0.429260
v -1.017956 -0.417356 0.429260
v -0.636957 -0.417357 0.429260
v -0.636956 -0.074357 0.429260
v -0.636957 -0.074357 0.095260
v -0.636957 -0.417357 0.095260
v -1.017956 -0.074357 0.095260
v -0.636957 -0.417357 0.095260
v -1.017956 -0.417357 0.095260
v -1.017956 -0.074357 0.095260
v -0.636957 -0.074357 0.095260
v -1.017956 -0.074357 0.095260
v -0.636956 -0.074357 0.429260
v -1.017956 -0.074357 0.095260
v -1.017956 -0.074357 0.429260
v -0.636956 -0.074357 0.429260
v -1.017956 -0.417357 0.095260
v -0.636957 -0.417357 0.095260
v -1.017956 -0.417356 0.429260
v -0.636957 -0.417357 0.429260
v -1.017956 -0.074357 0.095260
v -1.017956 -0.417357 0.095260
v -1.017956 -0.074357 0.429260
v -1.017956 -0.417356 0.429260
v -0.636956 -0.074357 0.429260
v -0.636957 -0.417357 0.429260
v -0.636957 -0.074357 0.095260
v -0.636957 -0.417357 0.095260
v -1.131957 0.197643 0.457260
v -1.131956 -0.146357 0.457260
v -0.750956 0.197643 0.457260
v -1.131956 -0.146357 0.457260
v -0.750956 -0.146357 0.457260
v -0.750956 0.197643 0.457260
v -0.750956 0.197643 0.124260
v -0.750956 -0.146357 0.124260
v -1.131957 0.197643 0.124260
v -0.750956 -0.146357 0.124260
v -1.131957 -0.146357 0.124260
v -1.131957 0.197643 0.124260
v -0.750956 0.197643 0.124260
v -1.131957 0.197643 0.124260
v -0.750956 0.197643 0.457260
v -1.131957 0.197643 0.124260
v -1.131957 0.197643 0.457260
v -0.750956 0.197643 0.457260
v -1.131957 -0.146357 0.124260
v -0.750956 -0.146357 0.124260
v -1.131956 -0.146357 0.457260
v -0.750956 -0.146357 0.457260
v -1.131957 0.197643 0.124260
v -1.131957 -0.146357 0.124260
v -1.131957 0.197643 0.457260
v -1.131956 -0.146357 0.457260
v -0.750956 0.197643 0.457260
v -0.750956 -0.146357 0.457260
v -0.750956 0.197643 0.124260
v -0.750956 -0.146357 0.124260
v -1.112956 0.149643 0.410260
v -1.112957 -0.193357 0.410260
v -0.731956 0.149643 0.410260
v -1.112957 -0.193357 0.410260
v -0.731957 -0.193357 0.410260
v -0.731956 0.149643 0.410260
v -0.731957 0.149643 0.076260
v -0.731956 -0.193357 0.076260
v -1.112957 0.149643 0.076260
v -0.731956 -0.193357 0.076260
v -1.112956 -0.193357 0.076260
v -1.112957 0.149643 0.076260
v -0.731957 0.149643 0.076260
v -1.112957 0.149643 0.076260
v -0.731956 0.149643 0.410260
v -1.112957 0.149643 0.076260
v -1.112956 0.149643 0.410260
v -0.731956 0.149643 0.410260
v -1.112956 -0.193357 0.076260
v -0.731956 -0.193357 0.076260
v -1.112957 -0.193357 0.410260
v -0.731957 -0.193357 0.410260
v -1.112957 0.149643 0.076260
v -1.112956 -0.193357 0.076260
v -1.112956 0.149643 0.410260
v -1.112957 -0.193357 0.410260
v -0.731956 0.149643 0.410260
v -0.731957 -0.193357 0.410260
v -0.731957 0.149643 0.076260
v -0.731956 -0.193357 0.076260
v -0.726957 0.173644 0.643260
v -0.726957 -0.169357 0.643260
v -0.345957 0.173644 0.643260
v -0.726957 -0.169357 0.643260
v -0.345957 -0.169357 0.643260
v -0.345957 0.173644 0.643260
v -0.345957 0.173644 0.310260
v -0.345957 -0.169357 0.310260
v -0.726957 0.173644 0.310260
v -0.345957 -0.169357 0.310260
v -0.726957 -0.169357 0.310260
v -0.726957 0.173644 0.310260
v -0.345957 0.173644 0.310260
v -0.726957 0.173644 0.310260
v -0.345957 0.173644 0.643260
v -0.726957 0.173644 0.310260
v -0.726957 0.173644 0.643260
v -0.345957 0.173644 0.643260
v -0.726957 -0.169357 0.310260
v -0.345957 -0.169357 0.310260
v -0.726957 -0.169357 0.643260
v -0.345957 -0.169357 0.643260
v -0.726957 0.173644 0.310260
v -0.726957 -0.169357 0.310260
v -0.726957 0.173644 0.643260
v -0.726957 -0.169357 0.643260
v -0.345957 0.173644 0.643260
v -0.345957 -0.169357 0.643260
v -0.345957 0.173644 0.310260
v -0.345957 -0.169357 0.310260
v -0.474956 0.168643 0.691260
v -0.474956 -0.174357 0.691260
v -0.092956 0.168643 0.691260
v -0.474956 -0.174357 0.691260
v -0.092957 -0.174356 0.691260
v -0.092956 0.168643 0.691260
v -0.092956 0.168643 0.357260
v -0.092956 -0.174356 0.357260
v -0.474957 0.168643 0.357260
v -0.092956 -0.174356 0.357260
v -0.474956 -0.174356 0.357260
v -0.474957 0.168643 0.357260
v -0.092956 0.168643 0.357260
v -0.474957 0.168643 0.357260
v -0.092956 0.168643 0.691260
v -0.474957 0.168643 0.357260
v -0.474956 0.168643 0.691260
v -0.092956 0.168643 0.691260
v -0.474956 -0.174356 0.357260
v -0.092956 -0.174356 0.357260
v -0.474956 -0.174357 0.691260
v -0.092957 -0.174356 0.691260
v -0.474957 0.168643 0.357260
v -0.474956 -0.174356 0.357260
v -0.474956 0.168643 0.691260
v -0.474956 -0.174357 0.691260
v -0.092956 0.168643 0.691260
v -0.092957 -0.174356 0.691260
v -0.092956 0.168643 0.357260
v -0.092956 -0.174356 0.357260
v 0.355044 0.097643 0.724260
v 0.355043 -0.246357 0.724260
v 0.736043 0.097643 0.724260
v 0.355043 -0.246357 0.724260
v 0.736044 -0.246356 0.724260
v 0.736043 0.097643 0.724260
v 0.736043 0.097643 0.391260
v 0.736043 -0.246357 0.391260
v 0.355043 0.097643 0.391260
v 0.736043 -0.246357 0.391260
v 0.355043 -0.246357 0.391260
v 0.355043 0.097643 0.391260
v 0.736043 0.097643 0.391260
v 0.355043 0.097643 0.391260
v 0.736043 0.097643 0.724260
v 0.355043 0.097643 0.391260
v 0.355044 0.097643 0.724260
v 0.736043 0.097643 0.724260
v 0.355043 -0.246357 0.391260
v 0.736043 -0.246357 0.391260
v 0.355043 -0.246357 0.724260
v 0.736044 -0.246356 0.724260
v 0.355043 0.097643 0.391260
v 0.355043 -0.246357 0.391260
v 0.355044 0.097643 0.724260
v 0.355043 -0.246357 0.724260
v 0.736043 0.097643 0.724260
v 0.736044 -0.246356 0.724260
v 0.736043 0.097643 0.391260
v 0.736043 -0.246357 0.391260
v -0.168957 0.097643 0.724260
v -0.168957 -0.246356 0.724260
v 0.212043 0.097643 0.724260
v -0.168957 -0.246356 0.724260
v 0.212043 -0.246357 0.724260
v 0.212043 0.097643 0.724260
v 0.212043 0.097643 0.391260
v 0.212043 -0.246356 0.391260
v -0.168957 0.097643 0.391260
v 0.212043 -0.246356 0.391260
v -0.168957 -0.246357 0.391260
v -0.168957 0.097643 0.391260
v 0.212043 0.097643 0.391260
v -0.168957 0.097643 0.391260
v 0.212043 0.097643 0.724260
v -0.168957 0.097643 0.391260
v -0.168957 0.097643 0.724260
v 0.212043 0.097643 0.724260
v -0.168957 -0.246357 0.391260
v 0.212043 -0.246356 0.391260
v -0.168957 -0.246356 0.724260
v 0.212043 -0.246357 0.724260
v -0.168957 0.097643 0.391260
v -0.168957 -0.246357 0.391260
v -0.168957 0.097643 0.724260
v -0.168957 -0.246356 0.724260
v 0.212043 0.097643 0.724260
v 0.212043 -0.246357 0.724260
v 0.212043 0.097643 0.391260
v 0.212043 -0.246356 0.391260
v 0.021044 0.049643 0.748260
v 0.021043 -0.293356 0.748260
v 0.403043 0.049644 0.748260
v 0.021043 -0.293356 0.748260
v 0.403044 -0.293357 0.748260
v 0.403043 0.049644 0.748260
v 0.403044 0.049644 0.414260
v 0.403043 -0.293356 0.414260
v 0.021043 0.049644 0.414260
v 0.403043 -0.293356 0.414260
v 0.021043 -0.293356 0.414260
v 0.021043 0.049644 0.414260
v 0.403044 0.049644 0.414260
v 0.021043 0.049644 0.414260
v 0.403043 0.049644 0.748260
v 0.021043 0.049644 0.414260
v 0.021044 0.049643 0.748260
v 0.403043 0.049644 0.748260
v 0.021043 -0.293356 0.414260
v 0.403043 -0.293356 0.414260
v 0.021043 -0.293356 0.748260
v 0.403044 -0.293357 0.748260
v 0.021043 0.049644 0.414260
v 0.021043 -0.293356 0.414260
v 0.021044 0.049643 0.748260
v 0.021043 -0.293356 0.748260
v 0.403043 0.049644 0.748260
v 0.403044 -0.293357 0.748260
v 0.403044 0.049644 0.414260
v 0.403043 -0.293356 0.414260
v -0.679957 -0.017357 0.515260
v -0.679956 -0.360357 0.515260
v -0.297957 -0.017357 0.515260
v -0.679956 -0.360357 0.515260
v -0.297957 -0.360357 0.515260
v -0.297957 -0.017357 0.515260
v -0.297957 -0.017357 0.181260
v -0.297956 -0.360357 0.181260
v -0.679957 -0.017357 0.181260
v -0.297956 -0.360357 0.181260
v -0.679956 -0.360357 0.181260
v -0.679957 -0.017357 0.181260
v -0.297957 -0.017357 0.181260
v -0.679957 -0.017357 0.181260
v -0.297957 -0.017357 0.515260
v -0.679957 -0.017357 0.181260
v -0.679957 -0.017357 0.515260
v -0.297957 -0.017357 0.515260
v -0.679956 -0.360357 0.181260
v -0.297956 -0.360357 0.181260
v -0.679956 -0.360357 0.515260
v -0.297957 -0.360357 0.515260
v -0.679957 -0.017357 0.181260
v -0.679956 -0.360357 0.181260
v -0.679957 -0.017357 0.515260
v -0.679956 -0.360357 0.515260
v -0.297957 -0.017357 0.515260
v -0.297957 -0.360357 0.515260
v -0.297957 -0.017357 0.181260
v -0.297956 -0.360357 0.181260
v -0.502956 -0.084357 0.586260
v -0.502957 -0.427357 0.586260
v -0.121957 -0.084357 0.586260
v -0.502957 -0.427357 0.586260
v -0.121957 -0.427356 0.586260
v -0.121957 -0.084357 0.586260
v -0.121957 -0.084357 0.252260
v -0.121957 -0.427356 0.252260
v -0.502957 -0.084357 0.252260
v -0.121957 -0.427356 0.252260
v -0.502956 -0.427356 0.252260
v -0.502957 -0.084357 0.252260
v -0.121957 -0.084357 0.252260
v -0.502957 -0.084357 0.252260
v -0.121957 -0.084357 0.586260
v -0.502957 -0.084357 0.252260
v -0.502956 -0.084357 0.586260
v -0.121957 -0.084357 0.586260
v -0.502956 -0.427356 0.252260
v -0.121957 -0.427356 0.252260
v -0.502957 -0.427357 0.586260
v -0.121957 -0.427356 0.586260
v -0.502957 -0.084357 0.252260
v -0.502956 -0.427356 0.252260
v -0.502956 -0.084357 0.586260
v -0.502957 -0.427357 0.586260
v -0.121957 -0.084357 0.586260
v -0.121957 -0.427356 0.586260
v -0.121957 -0.084357 0.252260
v -0.121957 -0.427356 0.252260
v 0.021043 -0.236356 0.653260
v 0.021043 -0.580357 0.653260
v 0.403043 -0.236357 0.653260
v 0.021043 -0.580357 0.653260
v 0.403044 -0.580357 0.653260
v 0.403043 -0.236357 0.653260
v 0.403043 -0.236357 0.319260
v 0.403043 -0.580357 0.319260
v 0.021043 -0.236356 0.319260
v 0.403043 -0.580357 0.319260
v 0.021043 -0.580357 0.319260
v 0.021043 -0.236356 0.319260
v 0.403043 -0.236357 0.319260
v 0.021043 -0.236356 0.319260
v 0.403043 -0.236357 0.653260
v 0.021043 -0.236356 0.319260
v 0.021043 -0.236356 0.653260
v 0.403043 -0.236357 0.653260
v 0.021043 -0.580357 0.319260
v 0.403043 -0.580357 0.319260
v 0.021043 -0.580357 0.653260
v 0.403044 -0.580357 0.653260
v 0.021043 -0.236356 0.319260
v 0.021043 -0.580357 0.319260
v 0.021043 -0.236356 0.653260
v 0.021043 -0.580357 0.653260
v 0.403043 -0.236357 0.653260
v 0.403044 -0.580357 0.653260
v 0.403043 -0.236357 0.319260
v 0.403043 -0.580357 0.319260
v 0.260044 -0.308357 0.648260
v 0.260044 -0.651357 0.648260
v 0.641043 -0.308357 0.648260
v 0.260044 -0.651357 0.648260
v 0.641044 -0.651357 0.648260
v 0.641043 -0.308357 0.648260
v 0.641043 -0.308357 0.314260
v 0.641043 -0.651356 0.314260
v 0.260044 -0.308357 0.314260
v 0.641043 -0.651356 0.314260
v 0.260043 -0.651357 0.314260
v 0.260044 -0.308357 0.314260
v 0.641043 -0.308357 0.314260
v 0.260044 -0.308357 0.314260
v 0.641043 -0.308357 0.648260
v 0.260044 -0.308357 0.314260
v 0.260044 -0.308357 0.648260
v 0.641043 -0.308357 0.648260
v 0.260043 -0.651357 0.314260
v 0.641043 -0.651356 0.314260
v 0.260044 -0.651357 0.648260
v 0.641044 -0.651357 0.648260
v 0.260044 -0.308357 0.314260
v 0.260043 -0.651357 0.314260
v 0.260044 -0.308357 0.648260
v 0.260044 -0.651357 0.648260
v 0.641043 -0.308357 0.648260
v 0.641044 -0.651357 0.648260
v 0.641043 -0.308357 0.314260
v 0.641043 -0.651356 0.314260
v 0.450043 -0.322356 0.600260
v 0.450043 -0.665357 0.600260
v 0.832044 -0.322356 0.600260
v 0.450043 -0.665357 0.600260
v 0.832043 -0.665357 0.600260
v 0.832044 -0.322356 0.600260
v 0.832044 -0.322356 0.267260
v 0.832043 -0.665357 0.267260
v 0.450043 -0.322356 0.267260
v 0.832043 -0.665357 0.267260
v 0.450044 -0.665357 0.267260
v 0.450043 -0.322356 0.267260
v 0.832044 -0.322356 0.267260
v 0.450043 -0.322356 0.267260
v 0.832044 -0.322356 0.600260
v 0.450043 -0.322356 0.267260
v 0.450043 -0.322356 0.600260
v 0.832044 -0.322356 0.600260
v 0.450044 -0.665357 0.267260
v 0.832043 -0.665357 0.267260
v 0.450043 -0.665357 0.600260
v 0.832043 -0.665357 0.600260
v 0.450043 -0.322356 0.267260
v 0.450044 -0.665357 0.267260
v 0.450043 -0.322356 0.600260
v 0.450043 -0.665357 0.600260
v 0.832044 -0.322356 0.600260
v 0.832043 -0.665357 0.600260
v 0.832044 -0.322356 0.267260
v 0.832043 -0.665357 0.267260
v 0.403043 -0.465357 0.476260
v 0.403043 -0.808357 0.476260
v 0.784043 -0.465357 0.476260
v 0.403043 -0.808357 0.476260
v 0.784043 -0.808357 0.476260
v 0.784043 -0.465357 0.476260
v 0.784043 -0.465357 0.143260
v 0.784043 -0.808357 0.143260
v 0.403043 -0.465357 0.143260
v 0.784043 -0.808357 0.143260
v 0.403043 -0.808357 0.143260
v 0.403043 -0.465357 0.143260
v 0.784043 -0.465357 0.143260
v 0.403043 -0.465357 0.143260
v 0.784043 -0.465357 0.476260
v 0.403043 -0.465357 0.143260
v 0.403043 -0.465357 0.476260
v 0.784043 -0.465357 0.476260
v 0.403043 -0.808357 0.143260
v 0.784043 -0.808357 0.143260
v 0.403043 -0.808357 0.476260
v 0.784043 -0.808357 0.476260
v 0.403043 -0.465357 0.143260
v 0.403043 -0.808357 0.143260
v 0.403043 -0.465357 0.476260
v 0.403043 -0.808357 0.476260
v 0.784043 -0.465357 0.476260
v 0.784043 -0.808357 0.476260
v 0.784043 -0.465357 0.143260
v 0.784043 -0.808357 0.143260
v 0.212043 -0.560357 0.453260
v 0.212044 -0.904356 0.453260
v 0.593044 -0.560357 0.453260
v 0.212044 -0.904356 0.453260
v 0.593044 -0.904357 0.453260
v 0.593044 -0.560357 0.453260
v 0.593044 -0.560357 0.119260
v 0.593044 -0.904357 0.119260
v 0.212043 -0.560357 0.119260
v 0.593044 -0.904357 0.119260
v 0.212043 -0.904356 0.119260
v 0.212043 -0.560357 0.119260
v 0.593044 -0.560357 0.119260
v 0.212043 -0.560357 0.119260
v 0.593044 -0.560357 0.453260
v 0.212043 -0.560357 0.119260
v 0.212043 -0.560357 0.453260
v 0.593044 -0.560357 0.453260
v 0.212043 -0.904356 0.119260
v 0.593044 -0.904357 0.119260
v 0.212044 -0.904356 0.453260
v 0.593044 -0.904357 0.453260
v 0.212043 -0.560357 0.119260
v 0.212043 -0.904356 0.119260
v 0.212043 -0.560357 0.453260
v 0.212044 -0.904356 0.453260
v 0.593044 -0.560357 0.453260
v 0.593044 -0.904357 0.453260
v 0.593044 -0.560357 0.119260
v 0.593044 -0.904357 0.119260
v 0.069043 -0.703357 0.414260
v 0.069044 -1.047357 0.414260
v 0.450043 -0.703357 0.414260
v 0.069044 -1.047357 0.414260
v 0.450044 -1.047357 0.414260
v 0.450043 -0.703357 0.414260
v 0.450043 -0.703357 0.081260
v 0.450044 -1.047357 0.081260
v 0.069043 -0.703357 0.081260
v 0.450044 -1.047357 0.081260
v 0.069043 -1.047357 0.081260
v 0.069043 -0.703357 0.081260
v 0.450043 -0.703357 0.081260
v 0.069043 -0.703357 0.081260
v 0.450043 -0.703357 0.414260
v 0.069043 -0.703357 0.081260
v 0.069043 -0.703357 0.414260
v 0.450043 -0.703357 0.414260
v 0.069043 -1.047357 0.081260
v 0.450044 -1.047357 0.081260
v 0.069044 -1.047357 0.414260
v 0.450044 -1.047357 0.414260
v 0.069043 -0.703357 0.081260
v 0.069043 -1.047357 0.081260
v 0.069043 -0.703357 0.414260
v 0.069044 -1.047357 0.414260
v 0.450043 -0.703357 0.414260
v 0.450044 -1.047357 0.414260
v 0.450043 -0.703357 0.081260
v 0.450044 -1.047357 0.081260
v -0.264956 -0.241357 0.629260
v -0.264956 -0.584357 0.629260
v 0.117043 -0.241356 0.629260
v -0.264956 -0.584357 0.629260
v 0.117043 -0.584357 0.629260
v 0.117043 -0.241356 0.629260
v 0.117044 -0.241356 0.295260
v 0.117043 -0.584357 0.295260
v -0.264956 -0.241356 0.295260
v 0.117043 -0.584357 0.295260
v -0.264957 -0.584357 0.295260
v -0.264956 -0.241356 0.295260
v 0.117044 -0.241356 0.295260
v -0.264956 -0.241356 0.295260
v 0.117043 -0.241356 0.629260
v -0.264956 -0.241356 0.295260
v -0.264956 -0.241357 0.629260
v 0.117043 -0.241356 0.629260
v -0.264957 -0.584357 0.295260
v 0.117043 -0.584357 0.295260
v -0.264956 -0.584357 0.629260
v 0.117043 -0.584357 0.629260
v -0.264956 -0.241356 0.295260
v -0.264957 -0.584357 0.295260
v -0.264956 -0.241357 0.629260
v -0.264956 -0.584357 0.629260
v 0.117043 -0.241356 0.629260
v 0.117043 -0.584357 0.629260
v 0.117044 -0.241356 0.295260
v 0.117043 -0.584357 0.295260
v -0.550957 -0.227356 0.538260
v -0.550957 -0.570357 0.538260
v -0.168957 -0.227356 0.538260
v -0.550957 -0.570357 0.538260
v -0.168957 -0.570357 0.538260
v -0.168957 -0.227356 0.538260
v -0.168957 -0.227356 0.205260
v -0.168957 -0.570357 0.205260
v -0.550957 -0.227356 0.205260
v -0.168957 -0.570357 0.205260
v -0.550957 -0.570357 0.205260
v -0.550957 -0.227356 0.205260
v -0.168957 -0.227356 0.205260
v -0.550957 -0.227356 0.205260
v -0.168957 -0.227356 0.538260
v -0.550957 -0.227356 0.205260
v -0.550957 -0.227356 0.538260
v -0.168957 -0.227356 0.538260
v -0.550957 -0.570357 0.205260
v -0.168957 -0.570357 0.205260
v -0.550957 -0.570357 0.538260
v -0.168957 -0.570357 0.538260
v -0.550957 -0.227356 0.205260
v -0.550957 -0.570357 0.205260
v -0.550957 -0.227356 0.538260
v -0.550957 -0.570357 0.538260
v -0.168957 -0.227356 0.538260
v -0.168957 -0.570357 0.538260
v -0.168957 -0.227356 0.205260
v -0.168957 -0.570357 0.205260
v -0.025956 -0.427356 0.524260
v -0.025957 -0.770356 0.524260
v 0.355043 -0.427357 0.524260
v -0.025957 -0.770356 0.524260
v 0.355043 -0.770357 0.524260
v 0.355043 -0.427357 0.524260
v 0.355044 -0.427356 0.190260
v 0.355043 -0.770356 0.190260
v -0.025957 -0.427356 0.190260
v 0.355043 -0.770356 0.190260
v -0.025957 -0.770356 0.190260
v -0.025957 -0.427356 0.190260
v 0.355044 -0.427356 0.190260
v -0.025957 -0.427356 0.190260
v 0.355043 -0.427357 0.524260
v -0.025957 -0.427356 0.190260
v -0.025956 -0.427356 0.524260
v 0.355043 -0.427357 0.524260
v -0.025957 -0.770356 0.190260
v 0.355043 -0.770356 0.190260
v -0.025957 -0.770356 0.524260
v 0.355043 -0.770357 0.524260
v -0.025957 -0.427356 0.190260
v -0.025957 -0.770356 0.190260
v -0.025956 -0.427356 0.524260
v -0.025957 -0.770356 0.524260
v 0.355043 -0.427357 0.524260
v 0.355043 -0.770357 0.524260
v 0.355044 -0.427356 0.190260
v 0.355043 -0.770356 0.190260
v -0.025957 -0.665357 0.462260
v -0.025956 -1.009356 0.462260
v 0.307043 -0.665357 0.462260
v -0.025956 -1.009356 0.462260
v 0.307043 -1.009356 0.462260
v 0.307043 -0.665357 0.462260
v 0.307043 -0.665357 0.128260
v 0.307043 -1.009356 0.128260
v -0.025957 -0.665357 0.128260
v 0.307043 -1.009356 0.128260
v -0.025957 -1.009356 0.128260
v -0.025957 -0.665357 0.128260
v 0.307043 -0.665357 0.128260
v -0.025957 -0.665357 0.128260
v 0.307043 -0.665357 0.462260
v -0.025957 -0.665357 0.128260
v -0.025957 -0.665357 0.462260
v 0.307043 -0.665357 0.462260
v -0.025957 -1.009356 0.128260
v 0.307043 -1.009356 0.128260
v -0.025956 -1.009356 0.462260
v 0.307043 -1.009356 0.462260
v -0.025957 -0.665357 0.128260
v -0.025957 -1.009356 0.128260
v -0.025957 -0.665357 0.462260
v -0.025956 -1.009356 0.462260
v 0.307043 -0.665357 0.462260
v 0.307043 -1.009356 0.462260
v 0.307043 -0.665357 0.128260
v 0.307043 -1.009356 0.128260
v 0.117043 -0.522357 0.319260
v 0.117044 -0.866356 0.319260
v 0.450043 -0.522357 0.319260
v 0.117044 -0.866356 0.319260
v 0.450044 -0.866356 0.319260
v 0.450043 -0.522357 0.319260
v 0.450043 -0.522357 -0.014740
v 0.450043 -0.866356 -0.014740
v 0.117044 -0.522357 -0.014740
v 0.450043 -0.866356 -0.014740
v 0.117043 -0.866356 -0.014740
v 0.117044 -0.522357 -0.014740
v 0.450043 -0.522357 -0.014740
v 0.117044 -0.522357 -0.014740
v 0.450043 -0.522357 0.319260
v 0.117044 -0.522357 -0.014740
v 0.117043 -0.522357 0.319260
v 0.450043 -0.522357 0.319260
v 0.117043 -0.866356 -0.014740
v 0.450043 -0.866356 -0.014740
v 0.117044 -0.866356 0.319260
v 0.450044 -0.866356 0.319260
v 0.117044 -0.522357 -0.014740
v 0.117043 -0.866356 -0.014740
v 0.117043 -0.522357 0.319260
v 0.117044 -0.866356 0.319260
v 0.450043 -0.522357 0.319260
v 0.450044 -0.866356 0.319260
v 0.450043 -0.522357 -0.014740
v 0.450043 -0.866356 -0.014740
v -0.073956 -0.904356 0.462260
v -0.073956 -1.485357 0.462260
v 0.164044 -0.904357 0.462260
v -0.073956 -1.485357 0.462260
v 0.164044 -1.485357 0.462260
v 0.164044 -0.904357 0.462260
v 0.164043 -0.904357 0.081260
v 0.164043 -1.485357 0.081260
v -0.073956 -0.904356 0.081260
v 0.164043 -1.485357 0.081260
v -0.073957 -1.485357 0.081260
v -0.073956 -0.904356 0.081260
v 0.164043 -0.904357 0.081260
v -0.073956 -0.904356 0.081260
v 0.164044 -0.904357 0.462260
v -0.073956 -0.904356 0.081260
v -0.073956 -0.904356 0.462260
v 0.164044 -0.904357 0.462260
v -0.073957 -1.485357 0.081260
v 0.164043 -1.485357 0.081260
v -0.073956 -1.485357 0.462260
v 0.164044 -1.485357 0.462260
v -0.073956 -0.904356 0.081260
v -0.073957 -1.485357 0.081260
v -0.073956 -0.904356 0.462260
v -0.073956 -1.485357 0.462260
v 0.164044 -0.904357 0.462260
v 0.164044 -1.485357 0.462260
v 0.164043 -0.904357 0.081260
v 0.164043 -1.485357 0.081260
v 0.288043 -0.713357 0.252260
v 0.288043 -1.152357 0.252260
v 0.527043 -0.713357 0.252260
v 0.288043 -1.152357 0.252260
v 0.527043 -1.152357 0.252260
v 0.527043 -0.713357 0.252260
v 0.527043 -0.713356 -0.080740
v 0.527043 -1.152357 -0.080740
v 0.288043 -0.713357 -0.080740
v 0.527043 -1.152357 -0.080740
v 0.288043 -1.152357 -0.080740
v 0.288043 -0.713357 -0.080740
v 0.527043 -0.713356 -0.080740
v 0.288043 -0.713357 -0.080740
v 0.527043 -0.713357 0.252260
v 0.288043 -0.713357 -0.080740
v 0.288043 -0.713357 0.252260
v 0.527043 -0.713357 0.252260
v 0.288043 -1.152357 -0.080740
v 0.527043 -1.152357 -0.080740
v 0.288043 -1.152357 0.252260
v 0.527043 -1.152357 0.252260
v 0.288043 -0.713357 -0.080740
v 0.288043 -1.152357 -0.080740
v 0.288043 -0.713357 0.252260
v 0.288043 -1.152357 0.252260
v 0.527043 -0.713357 0.252260
v 0.527043 -1.152357 0.252260
v 0.527043 -0.713356 -0.080740
v 0.527043 -1.152357 -0.080740
v 0.431043 -0.618356 0.205260
v 0.431044 -1.056356 0.205260
v 0.670044 -0.618356 0.205260
v 0.431044 -1.056356 0.205260
v 0.670043 -1.056356 0.205260
v 0.670044 -0.618356 0.205260
v 0.670043 -0.618356 -0.128740
v 0.670043 -1.056356 -0.128740
v 0.431043 -0.618356 -0.128740
v 0.670043 -1.056356 -0.128740
v 0.431044 -1.056356 -0.128740
v 0.431043 -0.618356 -0.128740
v 0.670043 -0.618356 -0.128740
v 0.431043 -0.618356 -0.128740
v 0.670044 -0.618356 0.205260
v 0.431043 -0.618356 -0.128740
v 0.431043 -0.618356 0.205260
v 0.670044 -0.618356 0.205260
v 0.431044 -1.056356 -0.128740
v 0.670043 -1.056356 -0.128740
v 0.431044 -1.056356 0.205260
v 0.670043 -1.056356 0.205260
v 0.431043 -0.618356 -0.128740
v 0.431044 -1.056356 -0.128740
v 0.431043 -0.618356 0.205260
v 0.431044 -1.056356 0.205260
v 0.670044 -0.618356 0.205260
v 0.670043 -1.056356 0.205260
v 0.670043 -0.618356 -0.128740
v 0.670043 -1.056356 -0.128740
v 0.145044 -0.951356 0.395260
v 0.145044 -1.390357 0.395260
v 0.384043 -0.951356 0.395260
v 0.145044 -1.390357 0.395260
v 0.384043 -1.390357 0.395260
v 0.384043 -0.951356 0.395260
v 0.384043 -0.951356 0.062260
v 0.384043 -1.390357 0.062260
v 0.145043 -0.951356 0.062260
v 0.384043 -1.390357 0.062260
v 0.145044 -1.390357 0.062260
v 0.145043 -0.951356 0.062260
v 0.384043 -0.951356 0.062260
v 0.145043 -0.951356 0.062260
v 0.384043 -0.951356 0.395260
v 0.145043 -0.951356 0.062260
v 0.145044 -0.951356 0.395260
v 0.384043 -0.951356 0.395260
v 0.145044 -1.390357 0.062260
v 0.384043 -1.390357 0.062260
v 0.145044 -1.390357 0.395260
v 0.384043 -1.390357 0.395260
v 0.145043 -0.951356 0.062260
v 0.145044 -1.390357 0.062260
v 0.145044 -0.951356 0.395260
v 0.145044 -1.390357 0.395260
v 0.384043 -0.951356 0.395260
v 0.384043 -1.390357 0.395260
v 0.384043 -0.951356 0.062260
v 0.384043 -1.390357 0.062260
v 0.026044 -1.128356 0.348260
v 0.026043 -1.614357 0.348260
v 0.264044 -1.128356 0.348260
v 0.026043 -1.614357 0.348260
v 0.264044 -1.614357 0.348260
v 0.264044 -1.128356 0.348260
v 0.264044 -1.128357 0.014260
v 0.264044 -1.614357 0.014260
v 0.026044 -1.128356 0.014260
v 0.264044 -1.614357 0.014260
v 0.026044 -1.614357 0.014260
v 0.026044 -1.128356 0.014260
v 0.264044 -1.128357 0.014260
v 0.026044 -1.128356 0.014260
v 0.264044 -1.128356 0.348260
v 0.026044 -1.128356 0.014260
v 0.026044 -1.128356 0.348260
v 0.264044 -1.128356 0.348260
v 0.026044 -1.614357 0.014260
v 0.264044 -1.614357 0.014260
v 0.026043 -1.614357 0.348260
v 0.264044 -1.614357 0.348260
v 0.026044 -1.128356 0.014260
v 0.026044 -1.614357 0.014260
v 0.026044 -1.128356 0.348260
v 0.026043 -1.614357 0.348260
v 0.264044 -1.128356 0.348260
v 0.264044 -1.614357 0.348260
v 0.264044 -1.128357 0.014260
v 0.264044 -1.614357 0.014260
v -0.063957 -1.271357 0.310260
v -0.063957 -1.757356 0.310260
v 0.174044 -1.271357 0.310260
v -0.063957 -1.757356 0.310260
v 0.174044 -1.757356 0.310260
v 0.174044 -1.271357 0.310260
v 0.174044 -1.271357 -0.023740
v 0.174044 -1.757356 -0.023740
v -0.063956 -1.271357 -0.023740
v 0.174044 -1.757356 -0.023740
v -0.063956 -1.757356 -0.023740
v -0.063956 -1.271357 -0.023740
v 0.174044 -1.271357 -0.023740
v -0.063956 -1.271357 -0.023740
v 0.174044 -1.271357 0.310260
v -0.063956 -1.271357 -0.023740
v -0.063957 -1.271357 0.310260
v 0.174044 -1.271357 0.310260
v -0.063956 -1.757356 -0.023740
v 0.174044 -1.757356 -0.023740
v -0.063957 -1.757356 0.310260
v 0.174044 -1.757356 0.310260
v -0.063956 -1.271357 -0.023740
v -0.063956 -1.757356 -0.023740
v -0.063957 -1.271357 0.310260
v -0.063957 -1.757356 0.310260
v 0.174044 -1.271357 0.310260
v 0.174044 -1.757356 0.310260
v 0.174044 -1.271357 -0.023740
v 0.174044 -1.757356 -0.023740
v -0.359957 -0.398356 0.505260
v -0.359957 -0.742357 0.505260
v 0.021043 -0.398356 0.505260
v -0.359957 -0.742357 0.505260
v 0.021043 -0.742357 0.505260
v 0.021043 -0.398356 0.505260
v 0.021043 -0.398357 0.171260
v 0.021043 -0.742357 0.171260
v -0.359957 -0.398357 0.171260
v 0.021043 -0.742357 0.171260
v -0.359957 -0.742357 0.171260
v -0.359957 -0.398357 0.171260
v 0.021043 -0.398357 0.171260
v -0.359957 -0.398357 0.171260
v 0.021043 -0.398356 0.505260
v -0.359957 -0.398357 0.171260
v -0.359957 -0.398356 0.505260
v 0.021043 -0.398356 0.505260
v -0.359957 -0.742357 0.171260
v 0.021043 -0.742357 0.171260
v -0.359957 -0.742357 0.505260
v 0.021043 -0.742357 0.505260
v -0.359957 -0.398357 0.171260
v -0.359957 -0.742357 0.171260
v -0.359957 -0.398356 0.505260
v -0.359957 -0.742357 0.505260
v 0.021043 -0.398356 0.505260
v 0.021043 -0.742357 0.505260
v 0.021043 -0.398357 0.171260
v 0.021043 -0.742357 0.171260
v -0.407957 -0.541357 0.462260
v -0.407957 -0.885356 0.462260
v 0.069044 -0.541357 0.462260
v -0.407957 -0.885356 0.462260
v 0.069044 -0.885356 0.462260
v 0.069044 -0.541357 0.462260
v 0.069043 -0.541357 0.128260
v 0.069043 -0.885357 0.128260
v -0.407956 -0.541357 0.128260
v 0.069043 -0.885357 0.128260
v -0.407957 -0.885356 0.128260
v -0.407956 -0.541357 0.128260
v 0.069043 -0.541357 0.128260
v -0.407956 -0.541357 0.128260
v 0.069044 -0.541357 0.462260
v -0.407956 -0.541357 0.128260
v -0.407957 -0.541357 0.462260
v 0.069044 -0.541357 0.462260
v -0.407957 -0.885356 0.128260
v 0.069043 -0.885357 0.128260
v -0.407957 -0.885356 0.462260
v 0.069044 -0.885356 0.462260
v -0.407956 -0.541357 0.128260
v -0.407957 -0.885356 0.128260
v -0.407957 -0.541357 0.462260
v -0.407957 -0.885356 0.462260
v 0.069044 -0.541357 0.462260
v 0.069044 -0.885356 0.462260
v 0.069043 -0.541357 0.128260
v 0.069043 -0.885357 0.128260
v -0.626957 -0.513357 0.395260
v -0.626956 -1.142356 0.395260
v -0.216956 -0.513357 0.395260
v -0.626956 -1.142356 0.395260
v -0.216956 -1.142356 0.395260
v -0.216956 -0.513357 0.395260
v -0.216956 -0.513357 0.062260
v -0.216956 -1.142356 0.062260
v -0.626957 -0.513357 0.062260
v -0.216956 -1.142356 0.062260
v -0.626956 -1.142356 0.062260
v -0.626957 -0.513357 0.062260
v -0.216956 -0.513357 0.062260
v -0.626957 -0.513357 0.062260
v -0.216956 -0.513357 0.395260
v -0.626957 -0.513357 0.062260
v -0.626957 -0.513357 0.395260
v -0.216956 -0.513357 0.395260
v -0.626956 -1.142356 0.062260
v -0.216956 -1.142356 0.062260
v -0.626956 -1.142356 0.395260
v -0.216956 -1.142356 0.395260
v -0.626957 -0.513357 0.062260
v -0.626956 -1.142356 0.062260
v -0.626957 -0.513357 0.395260
v -0.626956 -1.142356 0.395260
v -0.216956 -0.513357 0.395260
v -0.216956 -1.142356 0.395260
v -0.216956 -0.513357 0.062260
v -0.216956 -1.142356 0.062260
v -0.645956 -0.322356 0.491260
v -0.645957 -0.665357 0.491260
v -0.264957 -0.322356 0.491260
v -0.645957 -0.665357 0.491260
v -0.264956 -0.665356 0.491260
v -0.264957 -0.322356 0.491260
v -0.264956 -0.322356 0.157260
v -0.264956 -0.665357 0.157260
v -0.645957 -0.322356 0.157260
v -0.264956 -0.665357 0.157260
v -0.645957 -0.665357 0.157260
v -0.645957 -0.322356 0.157260
v -0.264956 -0.322356 0.157260
v -0.645957 -0.322356 0.157260
v -0.264957 -0.322356 0.491260
v -0.645957 -0.322356 0.157260
v -0.645956 -0.322356 0.491260
v -0.264957 -0.322356 0.491260
v -0.645957 -0.665357 0.157260
v -0.264956 -0.665357 0.157260
v -0.645957 -0.665357 0.491260
v -0.264956 -0.665356 0.491260
v -0.645957 -0.322356 0.157260
v -0.645957 -0.665357 0.157260
v -0.645956 -0.322356 0.491260
v -0.645957 -0.665357 0.491260
v -0.264957 -0.322356 0.491260
v -0.264956 -0.665356 0.491260
v -0.264956 -0.322356 0.157260
v -0.264956 -0.665357 0.157260
v -0.741957 -0.322357 0.300260
v -0.741956 -0.665357 0.300260
v -0.359957 -0.322356 0.300260
v -0.741956 -0.665357 0.300260
v -0.359957 -0.665356 0.300260
v -0.359957 -0.322356 0.300260
v -0.359957 -0.322356 -0.033740
v -0.359957 -0.665357 -0.033740
v -0.741957 -0.322356 -0.033740
v -0.359957 -0.665357 -0.033740
v -0.741957 -0.665357 -0.033740
v -0.741957 -0.322356 -0.033740
v -0.359957 -0.322356 -0.033740
v -0.741957 -0.322356 -0.033740
v -0.359957 -0.322356 0.300260
v -0.741957 -0.322356 -0.033740
v -0.741957 -0.322357 0.300260
v -0.359957 -0.322356 0.300260
v -0.741957 -0.665357 -0.033740
v -0.359957 -0.665357 -0.033740
v -0.741956 -0.665357 0.300260
v -0.359957 -0.665356 0.300260
v -0.741957 -0.322356 -0.033740
v -0.741957 -0.665357 -0.033740
v -0.741957 -0.322357 0.300260
v -0.741956 -0.665357 0.300260
v -0.359957 -0.322356 0.300260
v -0.359957 -0.665356 0.300260
v -0.359957 -0.322356 -0.033740
v -0.359957 -0.665357 -0.033740
v -0.788956 -0.322356 0.157260
v -0.788956 -0.665357 0.157260
v -0.407957 -0.322356 0.157260
v -0.788956 -0.665357 0.157260
v -0.407956 -0.665357 0.157260
v -0.407957 -0.322356 0.157260
v -0.407956 -0.322356 -0.176740
v -0.407956 -0.665357 -0.176740
v -0.788956 -0.322356 -0.176740
v -0.407956 -0.665357 -0.176740
v -0.788956 -0.665357 -0.176740
v -0.788956 -0.322356 -0.176740
v -0.407956 -0.322356 -0.176740
v -0.788956 -0.322356 -0.176740
v -0.407957 -0.322356 0.157260
v -0.788956 -0.322356 -0.176740
v -0.788956 -0.322356 0.157260
v -0.407957 -0.322356 0.157260
v -0.788956 -0.665357 -0.176740
v -0.407956 -0.665357 -0.176740
v -0.788956 -0.665357 0.157260
v -0.407956 -0.665357 0.157260
v -0.788956 -0.322356 -0.176740
v -0.788956 -0.665357 -0.176740
v -0.788956 -0.322356 0.157260
v -0.788956 -0.665357 0.157260
v -0.407957 -0.322356 0.157260
v -0.407956 -0.665357 0.157260
v -0.407956 -0.322356 -0.176740
v -0.407956 -0.665357 -0.176740
v -0.741957 -0.370357 0.157260
v -0.741957 -0.713357 0.157260
v -0.359957 -0.370357 0.157260
v -0.741957 -0.713357 0.157260
v -0.359956 -0.713357 0.157260
v -0.359957 -0.370357 0.157260
v -0.359957 -0.370357 -0.176740
v -0.359957 -0.713356 -0.176740
v -0.741957 -0.370356 -0.176740
v -0.359957 -0.713356 -0.176740
v -0.741957 -0.713356 -0.176740
v -0.741957 -0.370356 -0.176740
v -0.359957 -0.370357 -0.176740
v -0.741957 -0.370356 -0.176740
v -0.359957 -0.370357 0.157260
v -0.741957 -0.370356 -0.176740
v -0.741957 -0.370357 0.157260
v -0.359957 -0.370357 0.157260
v -0.741957 -0.713356 -0.176740
v -0.359957 -0.713356 -0.176740
v -0.741957 -0.713357 0.157260
v -0.359956 -0.713357 0.157260
v -0.741957 -0.370356 -0.176740
v -0.741957 -0.713356 -0.176740
v -0.741957 -0.370357 0.157260
v -0.741957 -0.713357 0.157260
v -0.359957 -0.370357 0.157260
v -0.359956 -0.713357 0.157260
v -0.359957 -0.370357 -0.176740
v -0.359957 -0.713356 -0.176740
v -0.597956 -0.131356 0.443260
v -0.597956 -0.475357 0.443260
v -0.216956 -0.131356 0.443260
v -0.597956 -0.475357 0.443260
v -0.216956 -0.475357 0.443260
v -0.216956 -0.131356 0.443260
v -0.216956 -0.131356 0.109260
v -0.216956 -0.475357 0.109260
v -0.597956 -0.131357 0.109260
v -0.216956 -0.475357 0.109260
v -0.597957 -0.475357 0.109260
v -0.597956 -0.131357 0.109260
v -0.216956 -0.131356 0.109260
v -0.597956 -0.131357 0.109260
v -0.216956 -0.131356 0.443260
v -0.597956 -0.131357 0.109260
v -0.597956 -0.131356 0.443260
v -0.216956 -0.131356 0.443260
v -0.597957 -0.475357 0.109260
v -0.216956 -0.475357 0.109260
v -0.597956 -0.475357 0.443260
v -0.216956 -0.475357 0.443260
v -0.597956 -0.131357 0.109260
v -0.597957 -0.475357 0.109260
v -0.597956 -0.131356 0.443260
v -0.597956 -0.475357 0.443260
v -0.216956 -0.131356 0.443260
v -0.216956 -0.475357 0.443260
v -0.216956 -0.131356 0.109260
v -0.216956 -0.475357 0.109260
v -0.216956 -0.093357 0.677260
v -0.216956 -0.436357 0.677260
v 0.164043 -0.093357 0.677260
v -0.216956 -0.436357 0.677260
v 0.164043 -0.436357 0.677260
v 0.164043 -0.093357 0.677260
v 0.164043 -0.093357 0.343260
v 0.164043 -0.436357 0.343260
v -0.216957 -0.093357 0.343260
v 0.164043 -0.436357 0.343260
v -0.216956 -0.436357 0.343260
v -0.216957 -0.093357 0.343260
v 0.164043 -0.093357 0.343260
v -0.216957 -0.093357 0.343260
v 0.164043 -0.093357 0.677260
v -0.216957 -0.093357 0.343260
v -0.216956 -0.093357 0.677260
v 0.164043 -0.093357 0.677260
v -0.216956 -0.436357 0.343260
v 0.164043 -0.436357 0.343260
v -0.216956 -0.436357 0.677260
v 0.164043 -0.436357 0.677260
v -0.216957 -0.093357 0.343260
v -0.216956 -0.436357 0.343260
v -0.216956 -0.093357 0.677260
v -0.216956 -0.436357 0.677260
v 0.164043 -0.093357 0.677260
v 0.164043 -0.436357 0.677260
v 0.164043 -0.093357 0.343260
v 0.164043 -0.436357 0.343260
v 0.660043 -0.227357 0.529260
v 0.660043 -0.570357 0.529260
v 1.042043 -0.227356 0.529260
v 0.660043 -0.570357 0.529260
v 1.042043 -0.570357 0.529260
v 1.042043 -0.227356 0.529260
v 1.042043 -0.227356 0.195260
v 1.042043 -0.570357 0.195260
v 0.660043 -0.227357 0.195260
v 1.042043 -0.570357 0.195260
v 0.660043 -0.570357 0.195260
v 0.660043 -0.227357 0.195260
v 1.042043 -0.227356 0.195260
v 0.660043 -0.227357 0.195260
v 1.042043 -0.227356 0.529260
v 0.660043 -0.227357 0.195260
v 0.660043 -0.227357 0.529260
v 1.042043 -0.227356 0.529260
v 0.660043 -0.570357 0.195260
v 1.042043 -0.570357 0.195260
v 0.660043 -0.570357 0.529260
v 1.042043 -0.570357 0.529260
v 0.660043 -0.227357 0.195260
v 0.660043 -0.570357 0.195260
v 0.660043 -0.227357 0.529260
v 0.660043 -0.570357 0.529260
v 1.042043 -0.227356 0.529260
v 1.042043 -0.570357 0.529260
v 1.042043 -0.227356 0.195260
v 1.042043 -0.570357 0.195260
v 0.675044 -0.274357 0.338260
v 0.675044 -0.618356 0.338260
v 1.056044 -0.274357 0.338260
v 0.675044 -0.618356 0.338260
v 1.056044 -0.618356 0.338260
v 1.056044 -0.274357 0.338260
v 1.056043 -0.274357 0.004260
v 1.056043 -0.618356 0.004260
v 0.675043 -0.274357 0.004260
v 1.056043 -0.618356 0.004260
v 0.675044 -0.618357 0.004260
v 0.675043 -0.274357 0.004260
v 1.056043 -0.274357 0.004260
v 0.675043 -0.274357 0.004260
v 1.056044 -0.274357 0.338260
v 0.675043 -0.274357 0.004260
v 0.675044 -0.274357 0.338260
v 1.056044 -0.274357 0.338260
v 0.675044 -0.618357 0.004260
v 1.056043 -0.618356 0.004260
v 0.675044 -0.618356 0.338260
v 1.056044 -0.618356 0.338260
v 0.675043 -0.274357 0.004260
v 0.675044 -0.618357 0.004260
v 0.675044 -0.274357 0.338260
v 0.675044 -0.618356 0.338260
v 1.056044 -0.274357 0.338260
v 1.056044 -0.618356 0.338260
v 1.056043 -0.274357 0.004260
v 1.056043 -0.618356 0.004260
v 0.708044 -0.322356 0.100260
v 0.708044 -0.665357 0.100260
v 1.089044 -0.322356 0.100260
v 0.708044 -0.665357 0.100260
v 1.089043 -0.665357 0.100260
v 1.089044 -0.322356 0.100260
v 1.089044 -0.322356 -0.233740
v 1.089044 -0.665357 -0.233740
v 0.708043 -0.322356 -0.233740
v 1.089044 -0.665357 -0.233740
v 0.708043 -0.665357 -0.233740
v 0.708043 -0.322356 -0.233740
v 1.089044 -0.322356 -0.233740
v 0.708043 -0.322356 -0.233740
v 1.089044 -0.322356 0.100260
v 0.708043 -0.322356 -0.233740
v 0.708044 -0.322356 0.100260
v 1.089044 -0.322356 0.100260
v 0.708043 -0.665357 -0.233740
v 1.089044 -0.665357 -0.233740
v 0.708044 -0.665357 0.100260
v 1.089043 -0.665357 0.100260
v 0.708043 -0.322356 -0.233740
v 0.708043 -0.665357 -0.233740
v 0.708044 -0.322356 0.100260
v 0.708044 -0.665357 0.100260
v 1.089044 -0.322356 0.100260
v 1.089043 -0.665357 0.100260
v 1.089044 -0.322356 -0.233740
v 1.089044 -0.665357 -0.233740
v 0.517044 -0.513357 0.195260
v 0.517044 -0.856357 0.195260
v 0.899044 -0.513357 0.195260
v 0.517044 -0.856357 0.195260
v 0.899044 -0.856356 0.195260
v 0.899044 -0.513357 0.195260
v 0.899043 -0.513357 -0.138740
v 0.899044 -0.856357 -0.138740
v 0.517044 -0.513357 -0.138740
v 0.899044 -0.856357 -0.138740
v 0.517044 -0.856356 -0.138740
v 0.517044 -0.513357 -0.138740
v 0.899043 -0.513357 -0.138740
v 0.517044 -0.513357 -0.138740
v 0.899044 -0.513357 0.195260
v 0.517044 -0.513357 -0.138740
v 0.517044 -0.513357 0.195260
v 0.899044 -0.513357 0.195260
v 0.517044 -0.856356 -0.138740
v 0.899044 -0.856357 -0.138740
v 0.517044 -0.856357 0.195260
v 0.899044 -0.856356 0.195260
v 0.517044 -0.513357 -0.138740
v 0.517044 -0.856356 -0.138740
v 0.517044 -0.513357 0.195260
v 0.517044 -0.856357 0.195260
v 0.899044 -0.513357 0.195260
v 0.899044 -0.856356 0.195260
v 0.899043 -0.513357 -0.138740
v 0.899044 -0.856357 -0.138740
v 0.422044 -0.560357 0.195260
v 0.422044 -0.904357 0.195260
v 0.803043 -0.560356 0.195260
v 0.422044 -0.904357 0.195260
v 0.803044 -0.904356 0.195260
v 0.803043 -0.560356 0.195260
v 0.803043 -0.560357 -0.138740
v 0.803043 -0.904356 -0.138740
v 0.422044 -0.560356 -0.138740
v 0.803043 -0.904356 -0.138740
v 0.422043 -0.904357 -0.138740
v 0.422044 -0.560356 -0.138740
v 0.803043 -0.560357 -0.138740
v 0.422044 -0.560356 -0.138740
v 0.803043 -0.560356 0.195260
v 0.422044 -0.560356 -0.138740
v 0.422044 -0.560357 0.195260
v 0.803043 -0.560356 0.195260
v 0.422043 -0.904357 -0.138740
v 0.803043 -0.904356 -0.138740
v 0.422044 -0.904357 0.195260
v 0.803044 -0.904356 0.195260
v 0.422044 -0.560356 -0.138740
v 0.422043 -0.904357 -0.138740
v 0.422044 -0.560357 0.195260
v 0.422044 -0.904357 0.195260
v 0.803043 -0.560356 0.195260
v 0.803044 -0.904356 0.195260
v 0.803043 -0.560357 -0.138740
v 0.803043 -0.904356 -0.138740
v 0.613043 -0.370357 0.290260
v 0.613043 -0.713356 0.290260
v 0.994044 -0.370357 0.290260
v 0.613043 -0.713356 0.290260
v 0.994044 -0.713357 0.290260
v 0.994044 -0.370357 0.290260
v 0.994044 -0.370357 -0.042740
v 0.994043 -0.713356 -0.042740
v 0.613043 -0.370357 -0.042740
v 0.994043 -0.713356 -0.042740
v 0.613043 -0.713357 -0.042740
v 0.613043 -0.370357 -0.042740
v 0.994044 -0.370357 -0.042740
v 0.613043 -0.370357 -0.042740
v 0.994044 -0.370357 0.290260
v 0.613043 -0.370357 -0.042740
v 0.613043 -0.370357 0.290260
v 0.994044 -0.370357 0.290260
v 0.613043 -0.713357 -0.042740
v 0.994043 -0.713356 -0.042740
v 0.613043 -0.713356 0.290260
v 0.994044 -0.713357 0.290260
v 0.613043 -0.370357 -0.042740
v 0.613043 -0.713357 -0.042740
v 0.613043 -0.370357 0.290260
v 0.613043 -0.713356 0.290260
v 0.994044 -0.370357 0.290260
v 0.994044 -0.713357 0.290260
v 0.994044 -0.370357 -0.042740
v 0.994043 -0.713356 -0.042740
v 0.374043 -0.370357 -0.090740
v 0.374043 -0.713357 -0.090740
v 0.756044 -0.370357 -0.090740
v 0.374043 -0.713357 -0.090740
v 0.756043 -0.713356 -0.090740
v 0.756044 -0.370357 -0.090740
v 0.756043 -0.370357 -0.424740
v 0.756043 -0.713356 -0.424740
v 0.374043 -0.370357 -0.424740
v 0.756043 -0.713356 -0.424740
v 0.374043 -0.713356 -0.424740
v 0.374043 -0.370357 -0.424740
v 0.756043 -0.370357 -0.424740
v 0.374043 -0.370357 -0.424740
v 0.756044 -0.370357 -0.090740
v 0.374043 -0.370357 -0.424740
v 0.374043 -0.370357 -0.090740
v 0.756044 -0.370357 -0.090740
v 0.374043 -0.713356 -0.424740
v 0.756043 -0.713356 -0.424740
v 0.374043 -0.713357 -0.090740
v 0.756043 -0.713356 -0.090740
v 0.374043 -0.370357 -0.424740
v 0.374043 -0.713356 -0.424740
v 0.374043 -0.370357 -0.090740
v 0.374043 -0.713357 -0.090740
v 0.756044 -0.370357 -0.090740
v 0.756043 -0.713356 -0.090740
v 0.756043 -0.370357 -0.424740
v 0.756043 -0.713356 -0.424740
v 0.613043 -0.274357 -0.042740
v 0.613043 -0.618357 -0.042740
v 0.994043 -0.274357 -0.042740
v 0.613043 -0.618357 -0.042740
v 0.994044 -0.618356 -0.042740
v 0.994043 -0.274357 -0.042740
v 0.994044 -0.274357 -0.376740
v 0.994044 -0.618356 -0.376740
v 0.613043 -0.274356 -0.376740
v 0.994044 -0.618356 -0.376740
v 0.613043 -0.618357 -0.376740
v 0.613043 -0.274356 -0.376740
v 0.994044 -0.274357 -0.376740
v 0.613043 -0.274356 -0.376740
v 0.994043 -0.274357 -0.042740
v 0.613043 -0.274356 -0.376740
v 0.613043 -0.274357 -0.042740
v 0.994043 -0.274357 -0.042740
v 0.613043 -0.618357 -0.376740
v 0.994044 -0.618356 -0.376740
v 0.613043 -0.618357 -0.042740
v 0.994044 -0.618356 -0.042740
v 0.613043 -0.274356 -0.376740
v 0.613043 -0.618357 -0.376740
v 0.613043 -0.274357 -0.042740
v 0.613043 -0.618357 -0.042740
v 0.994043 -0.274357 -0.042740
v 0.994044 -0.618356 -0.042740
v 0.994044 -0.274357 -0.376740
v 0.994044 -0.618356 -0.376740
v 0.517043 -0.179357 0.624260
v 0.517044 -0.522357 0.624260
v 0.899043 -0.179357 0.624260
v 0.517044 -0.522357 0.624260
v 0.899043 -0.522357 0.624260
v 0.899043 -0.179357 0.624260
v 0.899044 -0.179357 0.290260
v 0.899043 -0.522357 0.290260
v 0.517043 -0.179357 0.290260
v 0.899043 -0.522357 0.290260
v 0.517044 -0.522357 0.290260
v 0.517043 -0.179357 0.290260
v 0.899044 -0.179357 0.290260
v 0.517043 -0.179357 0.290260
v 0.899043 -0.179357 0.624260
v 0.517043 -0.179357 0.290260
v 0.517043 -0.179357 0.624260
v 0.899043 -0.179357 0.624260
v 0.517044 -0.522357 0.290260
v 0.899043 -0.522357 0.290260
v 0.517044 -0.522357 0.624260
v 0.899043 -0.522357 0.624260
v 0.517043 -0.179357 0.290260
v 0.517044 -0.522357 0.290260
v 0.517043 -0.179357 0.624260
v 0.517044 -0.522357 0.624260
v 0.899043 -0.179357 0.624260
v 0.899043 -0.522357 0.624260
v 0.899044 -0.179357 0.290260
v 0.899043 -0.522357 0.290260
v 0.069044 -0.141356 0.700260
v 0.069043 -0.484356 0.700260
v 0.450044 -0.141356 0.700260
v 0.069043 -0.484356 0.700260
v 0.450044 -0.484356 0.700260
v 0.450044 -0.141356 0.700260
v 0.450044 -0.141356 0.367260
v 0.450044 -0.484357 0.367260
v 0.069043 -0.141356 0.367260
v 0.450044 -0.484357 0.367260
v 0.069043 -0.484356 0.367260
v 0.069043 -0.141356 0.367260
v 0.450044 -0.141356 0.367260
v 0.069043 -0.141356 0.367260
v 0.450044 -0.141356 0.700260
v 0.069043 -0.141356 0.367260
v 0.069044 -0.141356 0.700260
v 0.450044 -0.141356 0.700260
v 0.069043 -0.484356 0.367260
v 0.450044 -0.484357 0.367260
v 0.069043 -0.484356 0.700260
v 0.450044 -0.484356 0.700260
v 0.069043 -0.141356 0.367260
v 0.069043 -0.484356 0.367260
v 0.069044 -0.141356 0.700260
v 0.069043 -0.484356 0.700260
v 0.450044 -0.141356 0.700260
v 0.450044 -0.484356 0.700260
v 0.450044 -0.141356 0.367260
v 0.450044 -0.484357 0.367260
v 0.307043 -0.093357 0.672260
v 0.307043 -0.436357 0.672260
v 0.689043 -0.093357 0.672260
v 0.307043 -0.436357 0.672260
v 0.689043 -0.436357 0.672260
v 0.689043 -0.093357 0.672260
v 0.689044 -0.093357 0.338260
v 0.689043 -0.436357 0.338260
v 0.307043 -0.093357 0.338260
v 0.689043 -0.436357 0.338260
v 0.307043 -0.436357 0.338260
v 0.307043 -0.093357 0.338260
v 0.689044 -0.093357 0.338260
v 0.307043 -0.093357 0.338260
v 0.689043 -0.093357 0.672260
v 0.307043 -0.093357 0.338260
v 0.307043 -0.093357 0.672260
v 0.689043 -0.093357 0.672260
v 0.307043 -0.436357 0.338260
v 0.689043 -0.436357 0.338260
v 0.307043 -0.436357 0.672260
v 0.689043 -0.436357 0.672260
v 0.307043 -0.093357 0.338260
v 0.307043 -0.436357 0.338260
v 0.307043 -0.093357 0.672260
v 0.307043 -0.436357 0.672260
v 0.689043 -0.093357 0.672260
v 0.689043 -0.436357 0.672260
v 0.689044 -0.093357 0.338260
v 0.689043 -0.436357 0.338260
v -0.073956 0.192643 0.772260
v -0.073957 -0.150357 0.772260
v 0.307043 0.192644 0.772260
v -0.073957 -0.150357 0.772260
v 0.307043 -0.150357 0.772260
v 0.307043 0.192644 0.772260
v 0.307043 0.192644 0.438260
v 0.307043 -0.150357 0.438260
v -0.073956 0.192644 0.438260
v 0.307043 -0.150357 0.438260
v -0.073956 -0.150357 0.438260
v -0.073956 0.192644 0.438260
v 0.307043 0.192644 0.438260
v -0.073956 0.192644 0.438260
v 0.307043 0.192644 0.772260
v -0.073956 0.192644 0.438260
v -0.073956 0.192643 0.772260
v 0.307043 0.192644 0.772260
v -0.073956 -0.150357 0.438260
v 0.307043 -0.150357 0.438260
v -0.073957 -0.150357 0.772260
v 0.307043 -0.150357 0.772260
v -0.073956 0.192644 0.438260
v -0.073956 -0.150357 0.438260
v -0.073956 0.192643 0.772260
v -0.073957 -0.150357 0.772260
v 0.307043 0.192644 0.772260
v 0.307043 -0.150357 0.772260
v 0.307043 0.192644 0.438260
v 0.307043 -0.150357 0.438260
v 0.846043 0.154644 0.538260
v 0.846044 -0.189357 0.538260
v 1.228044 0.154644 0.538260
v 0.846044 -0.189357 0.538260
v 1.228043 -0.189357 0.538260
v 1.228044 0.154644 0.538260
v 1.228044 0.154644 0.205260
v 1.228043 -0.189357 0.205260
v 0.846043 0.154644 0.205260
v 1.228043 -0.189357 0.205260
v 0.846044 -0.189357 0.205260
v 0.846043 0.154644 0.205260
v 1.228044 0.154644 0.205260
v 0.846043 0.154644 0.205260
v 1.228044 0.154644 0.538260
v 0.846043 0.154644 0.205260
v 0.846043 0.154644 0.538260
v 1.228044 0.154644 0.538260
v 0.846044 -0.189357 0.205260
v 1.228043 -0.189357 0.205260
v 0.846044 -0.189357 0.538260
v 1.228043 -0.189357 0.538260
v 0.846043 0.154644 0.205260
v 0.846044 -0.189357 0.205260
v 0.846043 0.154644 0.538260
v 0.846044 -0.189357 0.538260
v 1.228044 0.154644 0.538260
v 1.228043 -0.189357 0.538260
v 1.228044 0.154644 0.205260
v 1.228043 -0.189357 0.205260
v 0.722044 0.106644 0.591260
v 0.722043 -0.236356 0.591260
v 1.104043 0.106644 0.591260
v 0.722043 -0.236356 0.591260
v 1.104043 -0.236357 0.591260
v 1.104043 0.106644 0.591260
v 1.104044 0.106644 0.257260
v 1.104043 -0.236357 0.257260
v 0.722043 0.106644 0.257260
v 1.104043 -0.236357 0.257260
v 0.722043 -0.236357 0.257260
v 0.722043 0.106644 0.257260
v 1.104044 0.106644 0.257260
v 0.722043 0.106644 0.257260
v 1.104043 0.106644 0.591260
v 0.722043 0.106644 0.257260
v 0.722044 0.106644 0.591260
v 1.104043 0.106644 0.591260
v 0.722043 -0.236357 0.257260
v 1.104043 -0.236357 0.257260
v 0.722043 -0.236356 0.591260
v 1.104043 -0.236357 0.591260
v 0.722043 0.106644 0.257260
v 0.722043 -0.236357 0.257260
v 0.722044 0.106644 0.591260
v 0.722043 -0.236356 0.591260
v 1.104043 0.106644 0.591260
v 1.104043 -0.236357 0.591260
v 1.104044 0.106644 0.257260
v 1.104043 -0.236357 0.257260
v 0.469043 0.011643 0.672260
v 0.469043 -0.332356 0.672260
v 0.851044 0.011643 0.672260
v 0.469043 -0.332356 0.672260
v 0.851044 -0.332356 0.672260
v 0.851044 0.011643 0.672260
v 0.851043 0.011643 0.338260
v 0.851043 -0.332356 0.338260
v 0.469043 0.011643 0.338260
v 0.851043 -0.332356 0.338260
v 0.469043 -0.332356 0.338260
v 0.469043 0.011643 0.338260
v 0.851043 0.011643 0.338260
v 0.469043 0.011643 0.338260
v 0.851044 0.011643 0.672260
v 0.469043 0.011643 0.338260
v 0.469043 0.011643 0.672260
v 0.851044 0.011643 0.672260
v 0.469043 -0.332356 0.338260
v 0.851043 -0.332356 0.338260
v 0.469043 -0.332356 0.672260
v 0.851044 -0.332356 0.672260
v 0.469043 0.011643 0.338260
v 0.469043 -0.332356 0.338260
v 0.469043 0.011643 0.672260
v 0.469043 -0.332356 0.672260
v 0.851044 0.011643 0.672260
v 0.851044 -0.332356 0.672260
v 0.851043 0.011643 0.338260
v 0.851043 -0.332356 0.338260
v 0.613043 -0.036356 0.577260
v 0.613043 -0.379356 0.577260
v 0.994044 -0.036356 0.577260
v 0.613043 -0.379356 0.577260
v 0.994044 -0.379356 0.577260
v 0.994044 -0.036356 0.577260
v 0.994044 -0.036356 0.243260
v 0.994044 -0.379356 0.243260
v 0.613044 -0.036356 0.243260
v 0.994044 -0.379356 0.243260
v 0.613043 -0.379356 0.243260
v 0.613044 -0.036356 0.243260
v 0.994044 -0.036356 0.243260
v 0.613044 -0.036356 0.243260
v 0.994044 -0.036356 0.577260
v 0.613044 -0.036356 0.243260
v 0.613043 -0.036356 0.577260
v 0.994044 -0.036356 0.577260
v 0.613043 -0.379356 0.243260
v 0.994044 -0.379356 0.243260
v 0.613043 -0.379356 0.577260
v 0.994044 -0.379356 0.577260
v 0.613044 -0.036356 0.243260
v 0.613043 -0.379356 0.243260
v 0.613043 -0.036356 0.577260
v 0.613043 -0.379356 0.577260
v 0.994044 -0.036356 0.577260
v 0.994044 -0.379356 0.577260
v 0.994044 -0.036356 0.243260
v 0.994044 -0.379356 0.243260
v 0.913043 0.344643 0.586260
v 0.913043 0.001643 0.586260
v 1.294044 0.344643 0.586260
v 0.913043 0.001643 0.586260
v 1.294044 0.001643 0.586260
v 1.294044 0.344643 0.586260
v 1.294044 0.344644 0.252260
v 1.294043 0.001643 0.252260
v 0.913043 0.344644 0.252260
v 1.294043 0.001643 0.252260
v 0.913043 0.001643 0.252260
v 0.913043 0.344644 0.252260
v 1.294044 0.344644 0.252260
v 0.913043 0.344644 0.252260
v 1.294044 0.344643 0.586260
v 0.913043 0.344644 0.252260
v 0.913043 0.344643 0.586260
v 1.294044 0.344643 0.586260
v 0.913043 0.001643 0.252260
v 1.294043 0.001643 0.252260
v 0.913043 0.001643 0.586260
v 1.294044 0.001643 0.586260
v 0.913043 0.344644 0.252260
v 0.913043 0.001643 0.252260
v 0.913043 0.344643 0.586260
v 0.913043 0.001643 0.586260
v 1.294044 0.344643 0.586260
v 1.294044 0.001643 0.586260
v 1.294044 0.344644 0.252260
v 1.294043 0.001643 0.252260
v 0.961043 0.082643 0.443260
v 0.961043 -0.260356 0.443260
v 1.342044 0.082644 0.443260
v 0.961043 -0.260356 0.443260
v 1.342043 -0.260356 0.443260
v 1.342044 0.082644 0.443260
v 1.342043 0.082643 0.109260
v 1.342043 -0.260356 0.109260
v 0.961043 0.082644 0.109260
v 1.342043 -0.260356 0.109260
v 0.961043 -0.260356 0.109260
v 0.961043 0.082644 0.109260
v 1.342043 0.082643 0.109260
v 0.961043 0.082644 0.109260
v 1.342044 0.082644 0.443260
v 0.961043 0.082644 0.109260
v 0.961043 0.082643 0.443260
v 1.342044 0.082644 0.443260
v 0.961043 -0.260356 0.109260
v 1.342043 -0.260356 0.109260
v 0.961043 -0.260356 0.443260
v 1.342043 -0.260356 0.443260
v 0.961043 0.082644 0.109260
v 0.961043 -0.260356 0.109260
v 0.961043 0.082643 0.443260
v 0.961043 -0.260356 0.443260
v 1.342044 0.082644 0.443260
v 1.342043 -0.260356 0.443260
v 1.342043 0.082643 0.109260
v 1.342043 -0.260356 0.109260
v 0.865043 -0.060356 0.395260
v 0.865043 -0.403357 0.395260
v 1.247043 -0.060356 0.395260
v 0.865043 -0.403357 0.395260
v 1.247043 -0.403357 0.395260
v 1.247043 -0.060356 0.395260
v 1.247043 -0.060356 0.062260
v 1.247043 -0.403357 0.062260
v 0.865043 -0.060357 0.062260
v 1.247043 -0.403357 0.062260
v 0.865043 -0.403357 0.062260
v 0.865043 -0.060357 0.062260
v 1.247043 -0.060356 0.062260
v 0.865043 -0.060357 0.062260
v 1.247043 -0.060356 0.395260
v 0.865043 -0.060357 0.062260
v 0.865043 -0.060356 0.395260
v 1.247043 -0.060356 0.395260
v 0.865043 -0.403357 0.062260
v 1.247043 -0.403357 0.062260
v 0.865043 -0.403357 0.395260
v 1.247043 -0.403357 0.395260
v 0.865043 -0.060357 0.062260
v 0.865043 -0.403357 0.062260
v 0.865043 -0.060356 0.395260
v 0.865043 -0.403357 0.395260
v 1.247043 -0.060356 0.395260
v 1.247043 -0.403357 0.395260
v 1.247043 -0.060356 0.062260
v 1.247043 -0.403357 0.062260
v 0.913043 -0.060356 0.157260
v 0.913043 -0.403357 0.157260
v 1.294044 -0.060356 0.157260
v 0.913043 -0.403357 0.157260
v 1.294044 -0.403357 0.157260
v 1.294044 -0.060356 0.157260
v 1.294044 -0.060356 -0.176740
v 1.294044 -0.403357 -0.176740
v 0.913043 -0.060357 -0.176740
v 1.294044 -0.403357 -0.176740
v 0.913043 -0.403357 -0.176740
v 0.913043 -0.060357 -0.176740
v 1.294044 -0.060356 -0.176740
v 0.913043 -0.060357 -0.176740
v 1.294044 -0.060356 0.157260
v 0.913043 -0.060357 -0.176740
v 0.913043 -0.060356 0.157260
v 1.294044 -0.060356 0.157260
v 0.913043 -0.403357 -0.176740
v 1.294044 -0.403357 -0.176740
v 0.913043 -0.403357 0.157260
v 1.294044 -0.403357 0.157260
v 0.913043 -0.060357 -0.176740
v 0.913043 -0.403357 -0.176740
v 0.913043 -0.060356 0.157260
v 0.913043 -0.403357 0.157260
v 1.294044 -0.060356 0.157260
v 1.294044 -0.403357 0.157260
v 1.294044 -0.060356 -0.176740
v 1.294044 -0.403357 -0.176740
v 1.056043 0.130643 0.395260
v 1.056044 -0.212357 0.395260
v 1.437043 0.130643 0.395260
v 1.056044 -0.212357 0.395260
v 1.437044 -0.212357 0.395260
v 1.437043 0.130643 0.395260
v 1.437043 0.130643 0.062260
v 1.437043 -0.212357 0.062260
v 1.056043 0.130643 0.062260
v 1.437043 -0.212357 0.062260
v 1.056044 -0.212357 0.062260
v 1.056043 0.130643 0.062260
v 1.437043 0.130643 0.062260
v 1.056043 0.130643 0.062260
v 1.437043 0.130643 0.395260
v 1.056043 0.130643 0.062260
v 1.056043 0.130643 0.395260
v 1.437043 0.130643 0.395260
v 1.056044 -0.212357 0.062260
v 1.437043 -0.212357 0.062260
v 1.056044 -0.212357 0.395260
v 1.437044 -0.212357 0.395260
v 1.056043 0.130643 0.062260
v 1.056044 -0.212357 0.062260
v 1.056043 0.130643 0.395260
v 1.056044 -0.212357 0.395260
v 1.437043 0.130643 0.395260
v 1.437044 -0.212357 0.395260
v 1.437043 0.130643 0.062260
v 1.437043 -0.212357 0.062260
v 1.008043 0.392643 0.538260
v 1.008044 0.049644 0.538260
v 1.390043 0.392643 0.538260
v 1.008044 0.049644 0.538260
v 1.390043 0.049643 0.538260
v 1.390043 0.392643 0.538260
v 1.390044 0.392643 0.205260
v 1.390043 0.049643 0.205260
v 1.008043 0.392643 0.205260
v 1.390043 0.049643 0.205260
v 1.008044 0.049644 0.205260
v 1.008043 0.392643 0.205260
v 1.390044 0.392643 0.205260
v 1.008043 0.392643 0.205260
v 1.390043 0.392643 0.538260
v 1.008043 0.392643 0.205260
v 1.008043 0.392643 0.538260
v 1.390043 0.392643 0.538260
v 1.008044 0.049644 0.205260
v 1.390043 0.049643 0.205260
v 1.008044 0.049644 0.538260
v 1.390043 0.049643 0.538260
v 1.008043 0.392643 0.205260
v 1.008044 0.049644 0.205260
v 1.008043 0.392643 0.538260
v 1.008044 0.049644 0.538260
v 1.390043 0.392643 0.538260
v 1.390043 0.049643 0.538260
v 1.390044 0.392643 0.205260
v 1.390043 0.049643 0.205260
v 0.017044 0.621644 0.720260
v 0.017044 0.278644 0.720260
v 0.398044 0.621643 0.720260
v 0.017044 0.278644 0.720260
v 0.398044 0.278644 0.720260
v 0.398044 0.621643 0.720260
v 0.398043 0.621643 0.386260
v 0.398043 0.278644 0.386260
v 0.017044 0.621643 0.386260
v 0.398043 0.278644 0.386260
v 0.017044 0.278644 0.386260
v 0.017044 0.621643 0.386260
v 0.398043 0.621643 0.386260
v 0.017044 0.621643 0.386260
v 0.398044 0.621643 0.720260
v 0.017044 0.621643 0.386260
v 0.017044 0.621644 0.720260
v 0.398044 0.621643 0.720260
v 0.017044 0.278644 0.386260
v 0.398043 0.278644 0.386260
v 0.017044 0.278644 0.720260
v 0.398044 0.278644 0.720260
v 0.017044 0.621643 0.386260
v 0.017044 0.278644 0.386260
v 0.017044 0.621644 0.720260
v 0.017044 0.278644 0.720260
v 0.398044 0.621643 0.720260
v 0.398044 0.278644 0.720260
v 0.398043 0.621643 0.386260
v 0.398043 0.278644 0.386260
v 0.207044 0.716643 0.696260
v 0.207043 0.373643 0.696260
v 0.589044 0.716643 0.696260
v 0.207043 0.373643 0.696260
v 0.589044 0.373643 0.696260
v 0.589044 0.716643 0.696260
v 0.589044 0.716643 0.362260
v 0.589043 0.373643 0.362260
v 0.207044 0.716643 0.362260
v 0.589043 0.373643 0.362260
v 0.207043 0.373643 0.362260
v 0.207044 0.716643 0.362260
v 0.589044 0.716643 0.362260
v 0.207044 0.716643 0.362260
v 0.589044 0.716643 0.696260
v 0.207044 0.716643 0.362260
v 0.207044 0.716643 0.696260
v 0.589044 0.716643 0.696260
v 0.207043 0.373643 0.362260
v 0.589043 0.373643 0.362260
v 0.207043 0.373643 0.696260
v 0.589044 0.373643 0.696260
v 0.207044 0.716643 0.362260
v 0.207043 0.373643 0.362260
v 0.207044 0.716643 0.696260
v 0.207043 0.373643 0.696260
v 0.589044 0.716643 0.696260
v 0.589044 0.373643 0.696260
v 0.589044 0.716643 0.362260
v 0.589043 0.373643 0.362260
v 0.207044 0.526643 0.772260
v 0.207044 0.182643 0.772260
v 0.589044 0.526643 0.772260
v 0.207044 0.182643 0.772260
v 0.589044 0.182643 0.772260
v 0.589044 0.526643 0.772260
v 0.589044 0.526643 0.438260
v 0.589044 0.182643 0.438260
v 0.207043 0.526643 0.438260
v 0.589044 0.182643 0.438260
v 0.207043 0.182643 0.438260
v 0.207043 0.526643 0.438260
v 0.589044 0.526643 0.438260
v 0.207043 0.526643 0.438260
v 0.589044 0.526643 0.772260
v 0.207043 0.526643 0.438260
v 0.207044 0.526643 0.772260
v 0.589044 0.526643 0.772260
v 0.207043 0.182643 0.438260
v 0.589044 0.182643 0.438260
v 0.207044 0.182643 0.772260
v 0.589044 0.182643 0.772260
v 0.207043 0.526643 0.438260
v 0.207043 0.182643 0.438260
v 0.207044 0.526643 0.772260
v 0.207044 0.182643 0.772260
v 0.589044 0.526643 0.772260
v 0.589044 0.182643 0.772260
v 0.589044 0.526643 0.438260
v 0.589044 0.182643 0.438260
v 0.398044 0.764643 0.691260
v 0.398043 0.421643 0.691260
v 0.779044 0.764644 0.691260
v 0.398043 0.421643 0.691260
v 0.779043 0.421643 0.691260
v 0.779044 0.764644 0.691260
v 0.779044 0.764643 0.357260
v 0.779043 0.421644 0.357260
v 0.398043 0.764644 0.357260
v 0.779043 0.421644 0.357260
v 0.398043 0.421643 0.357260
v 0.398043 0.764644 0.357260
v 0.779044 0.764643 0.357260
v 0.398043 0.764644 0.357260
v 0.779044 0.764644 0.691260
v 0.398043 0.764644 0.357260
v 0.398044 0.764643 0.691260
v 0.779044 0.764644 0.691260
v 0.398043 0.421643 0.357260
v 0.779043 0.421644 0.357260
v 0.398043 0.421643 0.691260
v 0.779043 0.421643 0.691260
v 0.398043 0.764644 0.357260
v 0.398043 0.421643 0.357260
v 0.398044 0.764643 0.691260
v 0.398043 0.421643 0.691260
v 0.779044 0.764644 0.691260
v 0.779043 0.421643 0.691260
v 0.779044 0.764643 0.357260
v 0.779043 0.421644 0.357260
v 0.589043 0.845643 0.619260
v 0.589044 0.502643 0.619260
v 0.970044 0.845644 0.619260
v 0.589044 0.502643 0.619260
v 0.970043 0.502644 0.619260
v 0.970044 0.845644 0.619260
v 0.970044 0.845644 0.286260
v 0.970043 0.502644 0.286260
v 0.589043 0.845644 0.286260
v 0.970043 0.502644 0.286260
v 0.589043 0.502643 0.286260
v 0.589043 0.845644 0.286260
v 0.970044 0.845644 0.286260
v 0.589043 0.845644 0.286260
v 0.970044 0.845644 0.619260
v 0.589043 0.845644 0.286260
v 0.589043 0.845643 0.619260
v 0.970044 0.845644 0.619260
v 0.589043 0.502643 0.286260
v 0.970043 0.502644 0.286260
v 0.589044 0.502643 0.619260
v 0.970043 0.502644 0.619260
v 0.589043 0.845644 0.286260
v 0.589043 0.502643 0.286260
v 0.589043 0.845643 0.619260
v 0.589044 0.502643 0.619260
v 0.970044 0.845644 0.619260
v 0.970043 0.502644 0.619260
v 0.970044 0.845644 0.286260
v 0.970043 0.502644 0.286260
v 0.684044 0.702643 0.667260
v 0.684043 0.359643 0.667260
v 1.065043 0.702643 0.667260
v 0.684043 0.359643 0.667260
v 1.065043 0.359643 0.667260
v 1.065043 0.702643 0.667260
v 1.065044 0.702643 0.333260
v 1.065044 0.359643 0.333260
v 0.684043 0.702643 0.333260
v 1.065044 0.359643 0.333260
v 0.684043 0.359643 0.333260
v 0.684043 0.702643 0.333260
v 1.065044 0.702643 0.333260
v 0.684043 0.702643 0.333260
v 1.065043 0.702643 0.667260
v 0.684043 0.702643 0.333260
v 0.684044 0.702643 0.667260
v 1.065043 0.702643 0.667260
v 0.684043 0.359643 0.333260
v 1.065044 0.359643 0.333260
v 0.684043 0.359643 0.667260
v 1.065043 0.359643 0.667260
v 0.684043 0.702643 0.333260
v 0.684043 0.359643 0.333260
v 0.684044 0.702643 0.667260
v 0.684043 0.359643 0.667260
v 1.065043 0.702643 0.667260
v 1.065043 0.359643 0.667260
v 1.065044 0.702643 0.333260
v 1.065044 0.359643 0.333260
v 0.732043 0.607644 0.715260
v 0.732044 0.263643 0.715260
v 1.113044 0.607644 0.715260
v 0.732044 0.263643 0.715260
v 1.113044 0.263643 0.715261
v 1.113044 0.607644 0.715260
v 1.113044 0.607644 0.381260
v 1.113044 0.263644 0.381260
v 0.732043 0.607644 0.381260
v 1.113044 0.263644 0.381260
v 0.732043 0.263644 0.381260
v 0.732043 0.607644 0.381260
v 1.113044 0.607644 0.381260
v 0.732043 0.607644 0.381260
v 1.113044 0.607644 0.715260
v 0.732043 0.607644 0.381260
v 0.732043 0.607644 0.715260
v 1.113044 0.607644 0.715260
v 0.732043 0.263644 0.381260
v 1.113044 0.263644 0.381260
v 0.732044 0.263643 0.715260
v 1.113044 0.263643 0.715261
v 0.732043 0.607644 0.381260
v 0.732043 0.263644 0.381260
v 0.732043 0.607644 0.715260
v 0.732044 0.263643 0.715260
v 1.113044 0.607644 0.715260
v 1.113044 0.263643 0.715261
v 1.113044 0.607644 0.381260
v 1.113044 0.263644 0.381260
v 0.875043 0.559644 0.667260
v 0.875044 0.216643 0.667260
v 1.256043 0.559644 0.667260
v 0.875044 0.216643 0.667260
v 1.256043 0.216643 0.667260
v 1.256043 0.559644 0.667260
v 1.256043 0.559644 0.333260
v 1.256043 0.216643 0.333260
v 0.875043 0.559644 0.333260
v 1.256043 0.216643 0.333260
v 0.875044 0.216643 0.333260
v 0.875043 0.559644 0.333260
v 1.256043 0.559644 0.333260
v 0.875043 0.559644 0.333260
v 1.256043 0.559644 0.667260
v 0.875043 0.559644 0.333260
v 0.875043 0.559644 0.667260
v 1.256043 0.559644 0.667260
v 0.875044 0.216643 0.333260
v 1.256043 0.216643 0.333260
v 0.875044 0.216643 0.667260
v 1.256043 0.216643 0.667260
v 0.875043 0.559644 0.333260
v 0.875044 0.216643 0.333260
v 0.875043 0.559644 0.667260
v 0.875044 0.216643 0.667260
v 1.256043 0.559644 0.667260
v 1.256043 0.216643 0.667260
v 1.256043 0.559644 0.333260
v 1.256043 0.216643 0.333260
v 0.493043 0.559644 0.782260
v 0.493044 0.216643 0.782260
v 0.875044 0.559644 0.782260
v 0.493044 0.216643 0.782260
v 0.875044 0.216643 0.782260
v 0.875044 0.559644 0.782260
v 0.875043 0.559644 0.448260
v 0.875044 0.216643 0.448260
v 0.493043 0.559644 0.448260
v 0.875044 0.216643 0.448260
v 0.493043 0.216643 0.448260
v 0.493043 0.559644 0.448260
v 0.875043 0.559644 0.448260
v 0.493043 0.559644 0.448260
v 0.875044 0.559644 0.782260
v 0.493043 0.559644 0.448260
v 0.493043 0.559644 0.782260
v 0.875044 0.559644 0.782260
v 0.493043 0.216643 0.448260
v 0.875044 0.216643 0.448260
v 0.493044 0.216643 0.782260
v 0.875044 0.216643 0.782260
v 0.493043 0.559644 0.448260
v 0.493043 0.216643 0.448260
v 0.493043 0.559644 0.782260
v 0.493044 0.216643 0.782260
v 0.875044 0.559644 0.782260
v 0.875044 0.216643 0.782260
v 0.875043 0.559644 0.448260
v 0.875044 0.216643 0.448260
v 0.827043 0.769643 0.596260
v 0.827043 0.425643 0.596260
v 1.209044 0.769643 0.596260
v 0.827043 0.425643 0.596260
v 1.209044 0.425643 0.596260
v 1.209044 0.769643 0.596260
v 1.209044 0.769643 0.262260
v 1.209044 0.425643 0.262260
v 0.827043 0.769643 0.262260
v 1.209044 0.425643 0.262260
v 0.827043 0.425643 0.262260
v 0.827043 0.769643 0.262260
v 1.209044 0.769643 0.262260
v 0.827043 0.769643 0.262260
v 1.209044 0.769643 0.596260
v 0.827043 0.769643 0.262260
v 0.827043 0.769643 0.596260
v 1.209044 0.769643 0.596260
v 0.827043 0.425643 0.262260
v 1.209044 0.425643 0.262260
v 0.827043 0.425643 0.596260
v 1.209044 0.425643 0.596260
v 0.827043 0.769643 0.262260
v 0.827043 0.425643 0.262260
v 0.827043 0.769643 0.596260
v 0.827043 0.425643 0.596260
v 1.209044 0.769643 0.596260
v 1.209044 0.425643 0.596260
v 1.209044 0.769643 0.262260
v 1.209044 0.425643 0.262260
v 0.970043 0.650643 0.634260
v 0.970043 0.306643 0.634260
v 1.352044 0.650643 0.634260
v 0.970043 0.306643 0.634260
v 1.352043 0.306643 0.634260
v 1.352044 0.650643 0.634260
v 1.352044 0.650643 0.300260
v 1.352044 0.306643 0.300260
v 0.970044 0.650643 0.300260
v 1.352044 0.306643 0.300260
v 0.970044 0.306643 0.300260
v 0.970044 0.650643 0.300260
v 1.352044 0.650643 0.300260
v 0.970044 0.650643 0.300260
v 1.352044 0.650643 0.634260
v 0.970044 0.650643 0.300260
v 0.970043 0.650643 0.634260
v 1.352044 0.650643 0.634260
v 0.970044 0.306643 0.300260
v 1.352044 0.306643 0.300260
v 0.970043 0.306643 0.634260
v 1.352043 0.306643 0.634260
v 0.970044 0.650643 0.300260
v 0.970044 0.306643 0.300260
v 0.970043 0.650643 0.634260
v 0.970043 0.306643 0.634260
v 1.352044 0.650643 0.634260
v 1.352043 0.306643 0.634260
v 1.352044 0.650643 0.300260
v 1.352044 0.306643 0.300260
v 1.113044 0.702643 0.586260
v 1.113044 0.359643 0.586260
v 1.495044 0.702643 0.586260
v 1.113044 0.359643 0.586260
v 1.495044 0.359643 0.586260
v 1.495044 0.702643 0.586260
v 1.495044 0.702643 0.252260
v 1.495044 0.359643 0.252260
v 1.113044 0.702643 0.252260
v 1.495044 0.359643 0.252260
v 1.113043 0.359643 0.252260
v 1.113044 0.702643 0.252260
v 1.495044 0.702643 0.252260
v 1.113044 0.702643 0.252260
v 1.495044 0.702643 0.586260
v 1.113044 0.702643 0.252260
v 1.113044 0.702643 0.586260
v 1.495044 0.702643 0.586260
v 1.113043 0.359643 0.252260
v 1.495044 0.359643 0.252260
v 1.113044 0.359643 0.586260
v 1.495044 0.359643 0.586260
v 1.113044 0.702643 0.252260
v 1.113043 0.359643 0.252260
v 1.113044 0.702643 0.586260
v 1.113044 0.359643 0.586260
v 1.495044 0.702643 0.586260
v 1.495044 0.359643 0.586260
v 1.495044 0.702643 0.252260
v 1.495044 0.359643 0.252260
v 1.065043 0.845644 0.538260
v 1.065044 0.502644 0.538260
v 1.447043 0.845643 0.538260
v 1.065044 0.502644 0.538260
v 1.447043 0.502643 0.538260
v 1.447043 0.845643 0.538260
v 1.447043 0.845644 0.205260
v 1.447043 0.502643 0.205260
v 1.065043 0.845644 0.205260
v 1.447043 0.502643 0.205260
v 1.065044 0.502643 0.205260
v 1.065043 0.845644 0.205260
v 1.447043 0.845644 0.205260
v 1.065043 0.845644 0.205260
v 1.447043 0.845643 0.538260
v 1.065043 0.845644 0.205260
v 1.065043 0.845644 0.538260
v 1.447043 0.845643 0.538260
v 1.065044 0.502643 0.205260
v 1.447043 0.502643 0.205260
v 1.065044 0.502644 0.538260
v 1.447043 0.502643 0.538260
v 1.065043 0.845644 0.205260
v 1.065044 0.502643 0.205260
v 1.065043 0.845644 0.538260
v 1.065044 0.502644 0.538260
v 1.447043 0.845643 0.538260
v 1.447043 0.502643 0.538260
v 1.447043 0.845644 0.205260
v 1.447043 0.502643 0.205260
v 0.236043 0.955644 0.629260
v 0.236043 0.611643 0.629260
v 0.617043 0.955643 0.629260
v 0.236043 0.611643 0.629260
v 0.617044 0.611643 0.629260
v 0.617043 0.955643 0.629260
v 0.617043 0.955643 0.295260
v 0.617044 0.611643 0.295260
v 0.236044 0.955644 0.295260
v 0.617044 0.611643 0.295260
v 0.236043 0.611643 0.295260
v 0.236044 0.955644 0.295260
v 0.617043 0.955643 0.295260
v 0.236044 0.955644 0.295260
v 0.617043 0.955643 0.629260
v 0.236044 0.955644 0.295260
v 0.236043 0.955644 0.629260
v 0.617043 0.955643 0.629260
v 0.236043 0.611643 0.295260
v 0.617044 0.611643 0.295260
v 0.236043 0.611643 0.629260
v 0.617044 0.611643 0.629260
v 0.236044 0.955644 0.295260
v 0.236043 0.611643 0.295260
v 0.236043 0.955644 0.629260
v 0.236043 0.611643 0.629260
v 0.617043 0.955643 0.629260
v 0.617044 0.611643 0.629260
v 0.617043 0.955643 0.295260
v 0.617044 0.611643 0.295260
v 0.403043 1.002643 0.605260
v 0.403043 0.659644 0.605260
v 0.784043 1.002644 0.605260
v 0.403043 0.659644 0.605260
v 0.784043 0.659644 0.605260
v 0.784043 1.002644 0.605260
v 0.784043 1.002643 0.271260
v 0.784043 0.659643 0.271260
v 0.403043 1.002643 0.271260
v 0.784043 0.659643 0.271260
v 0.403043 0.659643 0.271260
v 0.403043 1.002643 0.271260
v 0.784043 1.002643 0.271260
v 0.403043 1.002643 0.271260
v 0.784043 1.002644 0.605260
v 0.403043 1.002643 0.271260
v 0.403043 1.002643 0.605260
v 0.784043 1.002644 0.605260
v 0.403043 0.659643 0.271260
v 0.784043 0.659643 0.271260
v 0.403043 0.659644 0.605260
v 0.784043 0.659644 0.605260
v 0.403043 1.002643 0.271260
v 0.403043 0.659643 0.271260
v 0.403043 1.002643 0.605260
v 0.403043 0.659644 0.605260
v 0.784043 1.002644 0.605260
v 0.784043 0.659644 0.605260
v 0.784043 1.002643 0.271260
v 0.784043 0.659643 0.271260
v 0.641043 1.064643 0.572260
v 0.641044 0.721643 0.572260
v 1.023043 1.064643 0.572260
v 0.641044 0.721643 0.572260
v 1.023043 0.721643 0.572260
v 1.023043 1.064643 0.572260
v 1.023043 1.064643 0.238260
v 1.023044 0.721643 0.238260
v 0.641044 1.064643 0.238260
v 1.023044 0.721643 0.238260
v 0.641044 0.721643 0.238260
v 0.641044 1.064643 0.238260
v 1.023043 1.064643 0.238260
v 0.641044 1.064643 0.238260
v 1.023043 1.064643 0.572260
v 0.641044 1.064643 0.238260
v 0.641043 1.064643 0.572260
v 1.023043 1.064643 0.572260
v 0.641044 0.721643 0.238260
v 1.023044 0.721643 0.238260
v 0.641044 0.721643 0.572260
v 1.023043 0.721643 0.572260
v 0.641044 1.064643 0.238260
v 0.641044 0.721643 0.238260
v 0.641043 1.064643 0.572260
v 0.641044 0.721643 0.572260
v 1.023043 1.064643 0.572260
v 1.023043 0.721643 0.572260
v 1.023043 1.064643 0.238260
v 1.023044 0.721643 0.238260
v 0.922044 1.098643 0.476260
v 0.922044 0.754643 0.476260
v 1.304044 1.098643 0.476260
v 0.922044 0.754643 0.476260
v 1.304044 0.754643 0.476260
v 1.304044 1.098643 0.476260
v 1.304044 1.098643 0.143260
v 1.304044 0.754643 0.143260
v 0.922043 1.098643 0.143260
v 1.304044 0.754643 0.143260
v 0.922044 0.754643 0.143260
v 0.922043 1.098643 0.143260
v 1.304044 1.098643 0.143260
v 0.922043 1.098643 0.143260
v 1.304044 1.098643 0.476260
v 0.922043 1.098643 0.143260
v 0.922044 1.098643 0.476260
v 1.304044 1.098643 0.476260
v 0.922044 0.754643 0.143260
v 1.304044 0.754643 0.143260
v 0.922044 0.754643 0.476260
v 1.304044 0.754643 0.476260
v 0.922043 1.098643 0.143260
v 0.922044 0.754643 0.143260
v 0.922044 1.098643 0.476260
v 0.922044 0.754643 0.476260
v 1.304044 1.098643 0.476260
v 1.304044 0.754643 0.476260
v 1.304044 1.098643 0.143260
v 1.304044 0.754643 0.143260
v 1.018044 1.145644 0.429260
v 1.018044 0.802643 0.429260
v 1.399043 1.145644 0.429260
v 1.018044 0.802643 0.429260
v 1.399043 0.802643 0.429260
v 1.399043 1.145644 0.429260
v 1.399043 1.145644 0.095260
v 1.399043 0.802643 0.095260
v 1.018043 1.145644 0.095260
v 1.399043 0.802643 0.095260
v 1.018044 0.802643 0.095260
v 1.018043 1.145644 0.095260
v 1.399043 1.145644 0.095260
v 1.018043 1.145644 0.095260
v 1.399043 1.145644 0.429260
v 1.018043 1.145644 0.095260
v 1.018044 1.145644 0.429260
v 1.399043 1.145644 0.429260
v 1.018044 0.802643 0.095260
v 1.399043 0.802643 0.095260
v 1.018044 0.802643 0.429260
v 1.399043 0.802643 0.429260
v 1.018043 1.145644 0.095260
v 1.018044 0.802643 0.095260
v 1.018044 1.145644 0.429260
v 1.018044 0.802643 0.429260
v 1.399043 1.145644 0.429260
v 1.399043 0.802643 0.429260
v 1.399043 1.145644 0.095260
v 1.399043 0.802643 0.095260
v 1.209044 1.098643 0.381260
v 1.209044 0.754643 0.381260
v 1.590043 1.098643 0.381260
v 1.209044 0.754643 0.381260
v 1.590043 0.754643 0.381260
v 1.590043 1.098643 0.381260
v 1.590043 1.098643 0.047260
v 1.590044 0.754643 0.047260
v 1.209044 1.098643 0.047260
v 1.590044 0.754643 0.047260
v 1.209044 0.754643 0.047260
v 1.209044 1.098643 0.047260
v 1.590043 1.098643 0.047260
v 1.209044 1.098643 0.047260
v 1.590043 1.098643 0.381260
v 1.209044 1.098643 0.047260
v 1.209044 1.098643 0.381260
v 1.590043 1.098643 0.381260
v 1.209044 0.754643 0.047260
v 1.590044 0.754643 0.047260
v 1.209044 0.754643 0.381260
v 1.590043 0.754643 0.381260
v 1.209044 1.098643 0.047260
v 1.209044 0.754643 0.047260
v 1.209044 1.098643 0.381260
v 1.209044 0.754643 0.381260
v 1.590043 1.098643 0.381260
v 1.590043 0.754643 0.381260
v 1.590043 1.098643 0.047260
v 1.590044 0.754643 0.047260
v 1.256044 1.050643 0.410260
v 1.256043 0.707644 0.410260
v 1.638043 1.050643 0.410260
v 1.256043 0.707644 0.410260
v 1.638043 0.707644 0.410260
v 1.638043 1.050643 0.410260
v 1.638044 1.050643 0.076260
v 1.638043 0.707644 0.076260
v 1.256044 1.050643 0.076260
v 1.638043 0.707644 0.076260
v 1.256044 0.707644 0.076260
v 1.256044 1.050643 0.076260
v 1.638044 1.050643 0.076260
v 1.256044 1.050643 0.076260
v 1.638043 1.050643 0.410260
v 1.256044 1.050643 0.076260
v 1.256044 1.050643 0.410260
v 1.638043 1.050643 0.410260
v 1.256044 0.707644 0.076260
v 1.638043 0.707644 0.076260
v 1.256043 0.707644 0.410260
v 1.638043 0.707644 0.410260
v 1.256044 1.050643 0.076260
v 1.256044 0.707644 0.076260
v 1.256044 1.050643 0.410260
v 1.256043 0.707644 0.410260
v 1.638043 1.050643 0.410260
v 1.638043 0.707644 0.410260
v 1.638044 1.050643 0.076260
v 1.638043 0.707644 0.076260
v 1.290044 0.955644 0.453260
v 1.290044 0.611643 0.453260
v 1.671043 0.955644 0.453260
v 1.290044 0.611643 0.453260
v 1.671043 0.611643 0.453260
v 1.671043 0.955644 0.453260
v 1.671043 0.955644 0.119260
v 1.671043 0.611643 0.119260
v 1.290044 0.955643 0.119260
v 1.671043 0.611643 0.119260
v 1.290044 0.611643 0.119260
v 1.290044 0.955643 0.119260
v 1.671043 0.955644 0.119260
v 1.290044 0.955643 0.119260
v 1.671043 0.955644 0.453260
v 1.290044 0.955643 0.119260
v 1.290044 0.955644 0.453260
v 1.671043 0.955644 0.453260
v 1.290044 0.611643 0.119260
v 1.671043 0.611643 0.119260
v 1.290044 0.611643 0.453260
v 1.671043 0.611643 0.453260
v 1.290044 0.955643 0.119260
v 1.290044 0.611643 0.119260
v 1.290044 0.955644 0.453260
v 1.290044 0.611643 0.453260
v 1.671043 0.955644 0.453260
v 1.671043 0.611643 0.453260
v 1.671043 0.955644 0.119260
v 1.671043 0.611643 0.119260
v 1.242044 0.716643 0.405260
v 1.242043 0.373643 0.405260
v 1.623043 0.716643 0.405260
v 1.242043 0.373643 0.405260
v 1.623043 0.373643 0.405260
v 1.623043 0.716643 0.405260
v 1.623044 0.716643 0.071260
v 1.623043 0.373643 0.071260
v 1.242043 0.716643 0.071260
v 1.623043 0.373643 0.071260
v 1.242043 0.373643 0.071260
v 1.242043 0.716643 0.071260
v 1.623044 0.716643 0.071260
v 1.242043 0.716643 0.071260
v 1.623043 0.716643 0.405260
v 1.242043 0.716643 0.071260
v 1.242044 0.716643 0.405260
v 1.623043 0.716643 0.405260
v 1.242043 0.373643 0.071260
v 1.623043 0.373643 0.071260
v 1.242043 0.373643 0.405260
v 1.623043 0.373643 0.405260
v 1.242043 0.716643 0.071260
v 1.242043 0.373643 0.071260
v 1.242044 0.716643 0.405260
v 1.242043 0.373643 0.405260
v 1.623043 0.716643 0.405260
v 1.623043 0.373643 0.405260
v 1.623044 0.716643 0.071260
v 1.623043 0.373643 0.071260
v 1.194043 0.478643 0.453260
v 1.194043 0.135643 0.453260
v 1.576043 0.478643 0.453260
v 1.194043 0.135643 0.453260
v 1.576043 0.135643 0.453260
v 1.576043 0.478643 0.453260
v 1.576043 0.478643 0.119260
v 1.576043 0.135643 0.119260
v 1.194044 0.478643 0.119260
v 1.576043 0.135643 0.119260
v 1.194044 0.135643 0.119260
v 1.194044 0.478643 0.119260
v 1.576043 0.478643 0.119260
v 1.194044 0.478643 0.119260
v 1.576043 0.478643 0.453260
v 1.194044 0.478643 0.119260
v 1.194043 0.478643 0.453260
v 1.576043 0.478643 0.453260
v 1.194044 0.135643 0.119260
v 1.576043 0.135643 0.119260
v 1.194043 0.135643 0.453260
v 1.576043 0.135643 0.453260
v 1.194044 0.478643 0.119260
v 1.194044 0.135643 0.119260
v 1.194043 0.478643 0.453260
v 1.194043 0.135643 0.453260
v 1.576043 0.478643 0.453260
v 1.576043 0.135643 0.453260
v 1.576043 0.478643 0.119260
v 1.576043 0.135643 0.119260
v 1.352044 0.859643 0.095260
v 1.352043 0.516644 0.095260
v 1.733043 0.859643 0.095260
v 1.352043 0.516644 0.095260
v 1.733043 0.516644 0.095260
v 1.733043 0.859643 0.095260
v 1.733044 0.859643 -0.238740
v 1.733044 0.516644 -0.238740
v 1.352044 0.859643 -0.238740
v 1.733044 0.516644 -0.238740
v 1.352043 0.516644 -0.238740
v 1.352044 0.859643 -0.238740
v 1.733044 0.859643 -0.238740
v 1.352044 0.859643 -0.238740
v 1.733043 0.859643 0.095260
v 1.352044 0.859643 -0.238740
v 1.352044 0.859643 0.095260
v 1.733043 0.859643 0.095260
v 1.352043 0.516644 -0.238740
v 1.733044 0.516644 -0.238740
v 1.352043 0.516644 0.095260
v 1.733043 0.516644 0.095260
v 1.352044 0.859643 -0.238740
v 1.352043 0.516644 -0.238740
v 1.352044 0.859643 0.095260
v 1.352043 0.516644 0.095260
v 1.733043 0.859643 0.095260
v 1.733043 0.516644 0.095260
v 1.733044 0.859643 -0.238740
v 1.733044 0.516644 -0.238740
v 1.323043 0.936644 0.329260
v 1.323044 0.592644 0.329260
v 1.704044 0.936644 0.329260
v 1.323044 0.592644 0.329260
v 1.704043 0.592644 0.329260
v 1.704044 0.936644 0.329260
v 1.704044 0.936644 -0.004740
v 1.704044 0.592644 -0.004740
v 1.323043 0.936644 -0.004740
v 1.704044 0.592644 -0.004740
v 1.323044 0.592644 -0.004740
v 1.323043 0.936644 -0.004740
v 1.704044 0.936644 -0.004740
v 1.323043 0.936644 -0.004740
v 1.704044 0.936644 0.329260
v 1.323043 0.936644 -0.004740
v 1.323043 0.936644 0.329260
v 1.704044 0.936644 0.329260
v 1.323044 0.592644 -0.004740
v 1.704044 0.592644 -0.004740
v 1.323044 0.592644 0.329260
v 1.704043 0.592644 0.329260
v 1.323043 0.936644 -0.004740
v 1.323044 0.592644 -0.004740
v 1.323043 0.936644 0.329260
v 1.323044 0.592644 0.329260
v 1.704044 0.936644 0.329260
v 1.704043 0.592644 0.329260
v 1.704044 0.936644 -0.004740
v 1.704044 0.592644 -0.004740
v 1.270044 0.650643 0.276260
v 1.270044 0.306643 0.276260
v 1.652043 0.650643 0.276260
v 1.270044 0.306643 0.276260
v 1.652043 0.306643 0.276260
v 1.652043 0.650643 0.276260
v 1.652043 0.650643 -0.057740
v 1.652043 0.306643 -0.057740
v 1.270044 0.650643 -0.057740
v 1.652043 0.306643 -0.057740
v 1.270044 0.306643 -0.057740
v 1.270044 0.650643 -0.057740
v 1.652043 0.650643 -0.057740
v 1.270044 0.650643 -0.057740
v 1.652043 0.650643 0.276260
v 1.270044 0.650643 -0.057740
v 1.270044 0.650643 0.276260
v 1.652043 0.650643 0.276260
v 1.270044 0.306643 -0.057740
v 1.652043 0.306643 -0.057740
v 1.270044 0.306643 0.276260
v 1.652043 0.306643 0.276260
v 1.270044 0.650643 -0.057740
v 1.270044 0.306643 -0.057740
v 1.270044 0.650643 0.276260
v 1.270044 0.306643 0.276260
v 1.652043 0.650643 0.276260
v 1.652043 0.306643 0.276260
v 1.652043 0.650643 -0.057740
v 1.652043 0.306643 -0.057740
v 1.223043 0.363644 0.228260
v 1.223044 0.020643 0.228260
v 1.604044 0.363644 0.228260
v 1.223044 0.020643 0.228260
v 1.604043 0.020643 0.228260
v 1.604044 0.363644 0.228260
v 1.604044 0.363644 -0.104740
v 1.604043 0.020643 -0.104740
v 1.223043 0.363644 -0.104740
v 1.604043 0.020643 -0.104740
v 1.223043 0.020643 -0.104740
v 1.223043 0.363644 -0.104740
v 1.604044 0.363644 -0.104740
v 1.223043 0.363644 -0.104740
v 1.604044 0.363644 0.228260
v 1.223043 0.363644 -0.104740
v 1.223043 0.363644 0.228260
v 1.604044 0.363644 0.228260
v 1.223043 0.020643 -0.104740
v 1.604043 0.020643 -0.104740
v 1.223044 0.020643 0.228260
v 1.604043 0.020643 0.228260
v 1.223043 0.363644 -0.104740
v 1.223043 0.020643 -0.104740
v 1.223043 0.363644 0.228260
v 1.223044 0.020643 0.228260
v 1.604044 0.363644 0.228260
v 1.604043 0.020643 0.228260
v 1.604044 0.363644 -0.104740
v 1.604043 0.020643 -0.104740
v 1.127043 0.268643 0.181260
v 1.127043 -0.074357 0.181260
v 1.509043 0.268643 0.181260
v 1.127043 -0.074357 0.181260
v 1.509043 -0.074357 0.181260
v 1.509043 0.268643 0.181260
v 1.509043 0.268643 -0.152740
v 1.509043 -0.074357 -0.152740
v 1.127043 0.268643 -0.152740
v 1.509043 -0.074357 -0.152740
v 1.127043 -0.074357 -0.152740
v 1.127043 0.268643 -0.152740
v 1.509043 0.268643 -0.152740
v 1.127043 0.268643 -0.152740
v 1.509043 0.268643 0.181260
v 1.127043 0.268643 -0.152740
v 1.127043 0.268643 0.181260
v 1.509043 0.268643 0.181260
v 1.127043 -0.074357 -0.152740
v 1.509043 -0.074357 -0.152740
v 1.127043 -0.074357 0.181260
v 1.509043 -0.074357 0.181260
v 1.127043 0.268643 -0.152740
v 1.127043 -0.074357 -0.152740
v 1.127043 0.268643 0.181260
v 1.127043 -0.074357 0.181260
v 1.509043 0.268643 0.181260
v 1.509043 -0.074357 0.181260
v 1.509043 0.268643 -0.152740
v 1.509043 -0.074357 -0.152740
v 1.080044 0.173644 0.276260
v 1.080044 -0.193357 0.276260
v 1.461043 0.173644 0.276260
v 1.080044 -0.193357 0.276260
v 1.461043 -0.193357 0.276260
v 1.461043 0.173644 0.276260
v 1.461043 0.173644 -0.281740
v 1.461043 -0.193357 -0.281740
v 1.080044 0.173644 -0.281740
v 1.461043 -0.193357 -0.281740
v 1.080044 -0.193357 -0.281740
v 1.080044 0.173644 -0.281740
v 1.461043 0.173644 -0.281740
v 1.080044 0.173644 -0.281740
v 1.461043 0.173644 0.276260
v 1.080044 0.173644 -0.281740
v 1.080044 0.173644 0.276260
v 1.461043 0.173644 0.276260
v 1.080044 -0.193357 -0.281740
v 1.461043 -0.193357 -0.281740
v 1.080044 -0.193357 0.276260
v 1.461043 -0.193357 0.276260
v 1.080044 0.173644 -0.281740
v 1.080044 -0.193357 -0.281740
v 1.080044 0.173644 0.276260
v 1.080044 -0.193357 0.276260
v 1.461043 0.173644 0.276260
v 1.461043 -0.193357 0.276260
v 1.461043 0.173644 -0.281740
v 1.461043 -0.193357 -0.281740
v 0.827043 1.193644 0.524260
v 0.827043 0.850644 0.524260
v 1.209044 1.193644 0.524260
v 0.827043 0.850644 0.524260
v 1.209044 0.850644 0.524260
v 1.209044 1.193644 0.524260
v 1.209044 1.193644 0.190260
v 1.209044 0.850644 0.190260
v 0.827044 1.193644 0.190260
v 1.209044 0.850644 0.190260
v 0.827043 0.850644 0.190260
v 0.827044 1.193644 0.190260
v 1.209044 1.193644 0.190260
v 0.827044 1.193644 0.190260
v 1.209044 1.193644 0.524260
v 0.827044 1.193644 0.190260
v 0.827043 1.193644 0.524260
v 1.209044 1.193644 0.524260
v 0.827043 0.850644 0.190260
v 1.209044 0.850644 0.190260
v 0.827043 0.850644 0.524260
v 1.209044 0.850644 0.524260
v 0.827044 1.193644 0.190260
v 0.827043 0.850644 0.190260
v 0.827043 1.193644 0.524260
v 0.827043 0.850644 0.524260
v 1.209044 1.193644 0.524260
v 1.209044 0.850644 0.524260
v 1.209044 1.193644 0.190260
v 1.209044 0.850644 0.190260
v 0.965043 1.007644 0.553260
v 0.965043 0.616643 0.553260
v 1.347044 1.007644 0.553260
v 0.965043 0.616643 0.553260
v 1.347044 0.616643 0.553260
v 1.347044 1.007644 0.553260
v 1.347044 1.007644 0.219260
v 1.347043 0.616643 0.219260
v 0.965043 1.007644 0.219260
v 1.347043 0.616643 0.219260
v 0.965043 0.616643 0.219260
v 0.965043 1.007644 0.219260
v 1.347044 1.007644 0.219260
v 0.965043 1.007644 0.219260
v 1.347044 1.007644 0.553260
v 0.965043 1.007644 0.219260
v 0.965043 1.007644 0.553260
v 1.347044 1.007644 0.553260
v 0.965043 0.616643 0.219260
v 1.347043 0.616643 0.219260
v 0.965043 0.616643 0.553260
v 1.347044 0.616643 0.553260
v 0.965043 1.007644 0.219260
v 0.965043 0.616643 0.219260
v 0.965043 1.007644 0.553260
v 0.965043 0.616643 0.553260
v 1.347044 1.007644 0.553260
v 1.347044 0.616643 0.553260
v 1.347044 1.007644 0.219260
v 1.347043 0.616643 0.219260
v 0.207043 1.145644 0.581260
v 0.207044 0.802643 0.581260
v 0.589043 1.145644 0.581260
v 0.207044 0.802643 0.581260
v 0.589043 0.802643 0.581260
v 0.589043 1.145644 0.581260
v 0.589043 1.145644 0.248260
v 0.589043 0.802643 0.248260
v 0.207043 1.145644 0.248260
v 0.589043 0.802643 0.248260
v 0.207043 0.802643 0.248260
v 0.207043 1.145644 0.248260
v 0.589043 1.145644 0.248260
v 0.207043 1.145644 0.248260
v 0.589043 1.145644 0.581260
v 0.207043 1.145644 0.248260
v 0.207043 1.145644 0.581260
v 0.589043 1.145644 0.581260
v 0.207043 0.802643 0.248260
v 0.589043 0.802643 0.248260
v 0.207044 0.802643 0.581260
v 0.589043 0.802643 0.581260
v 0.207043 1.145644 0.248260
v 0.207043 0.802643 0.248260
v 0.207043 1.145644 0.581260
v 0.207044 0.802643 0.581260
v 0.589043 1.145644 0.581260
v 0.589043 0.802643 0.581260
v 0.589043 1.145644 0.248260
v 0.589043 0.802643 0.248260
v 0.045044 0.907643 0.600260
v 0.045044 0.564643 0.600260
v 0.427043 0.907643 0.600260
v 0.045044 0.564643 0.600260
v 0.427044 0.564643 0.600260
v 0.427043 0.907643 0.600260
v 0.427044 0.907643 0.267260
v 0.427044 0.564643 0.267260
v 0.045044 0.907643 0.267260
v 0.427044 0.564643 0.267260
v 0.045043 0.564643 0.267260
v 0.045044 0.907643 0.267260
v 0.427044 0.907643 0.267260
v 0.045044 0.907643 0.267260
v 0.427043 0.907643 0.600260
v 0.045044 0.907643 0.267260
v 0.045044 0.907643 0.600260
v 0.427043 0.907643 0.600260
v 0.045043 0.564643 0.267260
v 0.427044 0.564643 0.267260
v 0.045044 0.564643 0.600260
v 0.427044 0.564643 0.600260
v 0.045044 0.907643 0.267260
v 0.045043 0.564643 0.267260
v 0.045044 0.907643 0.600260
v 0.045044 0.564643 0.600260
v 0.427043 0.907643 0.600260
v 0.427044 0.564643 0.600260
v 0.427044 0.907643 0.267260
v 0.427044 0.564643 0.267260
v -0.407957 0.359643 0.710260
v -0.407957 0.015643 0.710260
v -0.025956 0.359643 0.710260
v -0.407957 0.015643 0.710260
v -0.025956 0.015643 0.710260
v -0.025956 0.359643 0.710260
v -0.025957 0.359643 0.376260
v -0.025956 0.015643 0.376260
v -0.407956 0.359643 0.376260
v -0.025956 0.015643 0.376260
v -0.407956 0.015644 0.376260
v -0.407956 0.359643 0.376260
v -0.025957 0.359643 0.376260
v -0.407956 0.359643 0.376260
v -0.025956 0.359643 0.710260
v -0.407956 0.359643 0.376260
v -0.407957 0.359643 0.710260
v -0.025956 0.359643 0.710260
v -0.407956 0.015644 0.376260
v -0.025956 0.015643 0.376260
v -0.407957 0.015643 0.710260
v -0.025956 0.015643 0.710260
v -0.407956 0.359643 0.376260
v -0.407956 0.015644 0.376260
v -0.407957 0.359643 0.710260
v -0.407957 0.015643 0.710260
v -0.025956 0.359643 0.710260
v -0.025956 0.015643 0.710260
v -0.025957 0.359643 0.376260
v -0.025956 0.015643 0.376260
v -0.664956 0.831643 0.662260
v -0.664956 0.487643 0.662260
v -0.283956 0.831644 0.662260
v -0.664956 0.487643 0.662260
v -0.283956 0.487643 0.662260
v -0.283956 0.831644 0.662260
v -0.283956 0.831643 0.329260
v -0.283956 0.487643 0.329260
v -0.664957 0.831643 0.329260
v -0.283956 0.487643 0.329260
v -0.664956 0.487643 0.329260
v -0.664957 0.831643 0.329260
v -0.283956 0.831643 0.329260
v -0.664957 0.831643 0.329260
v -0.283956 0.831644 0.662260
v -0.664957 0.831643 0.329260
v -0.664956 0.831643 0.662260
v -0.283956 0.831644 0.662260
v -0.664956 0.487643 0.329260
v -0.283956 0.487643 0.329260
v -0.664956 0.487643 0.662260
v -0.283956 0.487643 0.662260
v -0.664957 0.831643 0.329260
v -0.664956 0.487643 0.329260
v -0.664956 0.831643 0.662260
v -0.664956 0.487643 0.662260
v -0.283956 0.831644 0.662260
v -0.283956 0.487643 0.662260
v -0.283956 0.831643 0.329260
v -0.283956 0.487643 0.329260
v -1.117956 1.131643 0.662260
v -1.117956 0.788643 0.662260
v -0.736956 1.131643 0.662260
v -1.117956 0.788643 0.662260
v -0.736956 0.788643 0.662260
v -0.736956 1.131643 0.662260
v -0.736956 1.131643 0.329260
v -0.736956 0.788643 0.329260
v -1.117956 1.131643 0.329260
v -0.736956 0.788643 0.329260
v -1.117956 0.788643 0.329260
v -1.117956 1.131643 0.329260
v -0.736956 1.131643 0.329260
v -1.117956 1.131643 0.329260
v -0.736956 1.131643 0.662260
v -1.117956 1.131643 0.329260
v -1.117956 1.131643 0.662260
v -0.736956 1.131643 0.662260
v -1.117956 0.788643 0.329260
v -0.736956 0.788643 0.329260
v -1.117956 0.788643 0.662260
v -0.736956 0.788643 0.662260
v -1.117956 1.131643 0.329260
v -1.117956 0.788643 0.329260
v -1.117956 1.131643 0.662260
v -1.117956 0.788643 0.662260
v -0.736956 1.131643 0.662260
v -0.736956 0.788643 0.662260
v -0.736956 1.131643 0.329260
v -0.736956 0.788643 0.329260
v -1.241956 0.950643 0.705260
v -1.241957 0.607644 0.705260
v -0.860956 0.950644 0.705260
v -1.241957 0.607644 0.705260
v -0.860956 0.607644 0.705260
v -0.860956 0.950644 0.705260
v -0.860956 0.950643 0.357260
v -0.860956 0.607644 0.357260
v -1.241956 0.950643 0.357260
v -0.860956 0.607644 0.357260
v -1.241956 0.607644 0.357260
v -1.241956 0.950643 0.357260
v -0.860956 0.950643 0.357260
v -1.241956 0.950643 0.357260
v -0.860956 0.950644 0.705260
v -1.241956 0.950643 0.357260
v -1.241956 0.950643 0.705260
v -0.860956 0.950644 0.705260
v -1.241956 0.607644 0.357260
v -0.860956 0.607644 0.357260
v -1.241957 0.607644 0.705260
v -0.860956 0.607644 0.705260
v -1.241956 0.950643 0.357260
v -1.241956 0.607644 0.357260
v -1.241956 0.950643 0.705260
v -1.241957 0.607644 0.705260
v -0.860956 0.950644 0.705260
v -0.860956 0.607644 0.705260
v -0.860956 0.950643 0.357260
v -0.860956 0.607644 0.357260
v -1.193957 1.041644 0.729260
v -1.193956 0.697643 0.729260
v -0.812957 1.041643 0.729260
v -1.193956 0.697643 0.729260
v -0.812957 0.697643 0.729260
v -0.812957 1.041643 0.729260
v -0.812956 1.041644 0.357260
v -0.812957 0.697643 0.357260
v -1.193957 1.041644 0.357260
v -0.812957 0.697643 0.357260
v -1.193956 0.697643 0.357260
v -1.193957 1.041644 0.357260
v -0.812956 1.041644 0.357260
v -1.193957 1.041644 0.357260
v -0.812957 1.041643 0.729260
v -1.193957 1.041644 0.357260
v -1.193957 1.041644 0.729260
v -0.812957 1.041643 0.729260
v -1.193956 0.697643 0.357260
v -0.812957 0.697643 0.357260
v -1.193956 0.697643 0.729260
v -0.812957 0.697643 0.729260
v -1.193957 1.041644 0.357260
v -1.193956 0.697643 0.357260
v -1.193957 1.041644 0.729260
v -1.193956 0.697643 0.729260
v -0.812957 1.041643 0.729260
v -0.812957 0.697643 0.729260
v -0.812956 1.041644 0.357260
v -0.812957 0.697643 0.357260
v -1.494956 0.678644 0.648260
v -1.494956 0.335643 0.648260
v -1.112957 0.678644 0.648260
v -1.494956 0.335643 0.648260
v -1.112956 0.335643 0.648260
v -1.112957 0.678644 0.648260
v -1.112956 0.678644 0.314260
v -1.112956 0.335643 0.314260
v -1.494956 0.678644 0.314260
v -1.112956 0.335643 0.314260
v -1.494956 0.335643 0.314260
v -1.494956 0.678644 0.314260
v -1.112956 0.678644 0.314260
v -1.494956 0.678644 0.314260
v -1.112957 0.678644 0.648260
v -1.494956 0.678644 0.314260
v -1.494956 0.678644 0.648260
v -1.112957 0.678644 0.648260
v -1.494956 0.335643 0.314260
v -1.112956 0.335643 0.314260
v -1.494956 0.335643 0.648260
v -1.112956 0.335643 0.648260
v -1.494956 0.678644 0.314260
v -1.494956 0.335643 0.314260
v -1.494956 0.678644 0.648260
v -1.494956 0.335643 0.648260
v -1.112957 0.678644 0.648260
v -1.112956 0.335643 0.648260
v -1.112956 0.678644 0.314260
v -1.112956 0.335643 0.314260
v -1.322956 0.363644 0.610260
v -1.322956 -0.012357 0.610260
v -0.941956 0.363644 0.610260
v -1.322956 -0.012357 0.610260
v -0.941956 -0.012357 0.610260
v -0.941956 0.363644 0.610260
v -0.941957 0.363644 0.276260
v -0.941957 -0.012357 0.276260
v -1.322956 0.363644 0.276260
v -0.941957 -0.012357 0.276260
v -1.322956 -0.012357 0.276260
v -1.322956 0.363644 0.276260
v -0.941957 0.363644 0.276260
v -1.322956 0.363644 0.276260
v -0.941956 0.363644 0.610260
v -1.322956 0.363644 0.276260
v -1.322956 0.363644 0.610260
v -0.941956 0.363644 0.610260
v -1.322956 -0.012357 0.276260
v -0.941957 -0.012357 0.276260
v -1.322956 -0.012357 0.610260
v -0.941956 -0.012357 0.610260
v -1.322956 0.363644 0.276260
v -1.322956 -0.012357 0.276260
v -1.322956 0.363644 0.610260
v -1.322956 -0.012357 0.610260
v -0.941956 0.363644 0.610260
v -0.941956 -0.012357 0.610260
v -0.941957 0.363644 0.276260
v -0.941957 -0.012357 0.276260
v -1.227957 0.459643 0.715260
v -1.227957 0.082643 0.715260
v -0.845957 0.459643 0.715260
v -1.227957 0.082643 0.715260
v -0.845957 0.082644 0.715260
v -0.845957 0.459643 0.715260
v -0.845957 0.459643 0.357260
v -0.845957 0.082644 0.357260
v -1.227957 0.459643 0.357260
v -0.845957 0.082644 0.357260
v -1.227957 0.082644 0.357260
v -1.227957 0.459643 0.357260
v -0.845957 0.459643 0.357260
v -1.227957 0.459643 0.357260
v -0.845957 0.459643 0.715260
v -1.227957 0.459643 0.357260
v -1.227957 0.459643 0.715260
v -0.845957 0.459643 0.715260
v -1.227957 0.082644 0.357260
v -0.845957 0.082644 0.357260
v -1.227957 0.082643 0.715260
v -0.845957 0.082644 0.715260
v -1.227957 0.459643 0.357260
v -1.227957 0.082644 0.357260
v -1.227957 0.459643 0.715260
v -1.227957 0.082643 0.715260
v -0.845957 0.459643 0.715260
v -0.845957 0.082644 0.715260
v -0.845957 0.459643 0.357260
v -0.845957 0.082644 0.357260
v -1.227957 0.268643 0.515260
v -1.227957 -0.074357 0.515260
v -0.845957 0.268643 0.515260
v -1.227957 -0.074357 0.515260
v -0.845957 -0.074357 0.515260
v -0.845957 0.268643 0.515260
v -0.845957 0.268643 0.181260
v -0.845957 -0.074357 0.181260
v -1.227957 0.268643 0.181260
v -0.845957 -0.074357 0.181260
v -1.227957 -0.074357 0.181260
v -1.227957 0.268643 0.181260
v -0.845957 0.268643 0.181260
v -1.227957 0.268643 0.181260
v -0.845957 0.268643 0.515260
v -1.227957 0.268643 0.181260
v -1.227957 0.268643 0.515260
v -0.845957 0.268643 0.515260
v -1.227957 -0.074357 0.181260
v -0.845957 -0.074357 0.181260
v -1.227957 -0.074357 0.515260
v -0.845957 -0.074357 0.515260
v -1.227957 0.268643 0.181260
v -1.227957 -0.074357 0.181260
v -1.227957 0.268643 0.515260
v -1.227957 -0.074357 0.515260
v -0.845957 0.268643 0.515260
v -0.845957 -0.074357 0.515260
v -0.845957 0.268643 0.181260
v -0.845957 -0.074357 0.181260
v -1.623956 0.664643 0.524260
v -1.623956 0.321643 0.524260
v -1.241956 0.664643 0.524260
v -1.623956 0.321643 0.524260
v -1.241956 0.321643 0.524260
v -1.241956 0.664643 0.524260
v -1.241956 0.664643 0.190260
v -1.241956 0.321643 0.190260
v -1.623956 0.664643 0.190260
v -1.241956 0.321643 0.190260
v -1.623956 0.321643 0.190260
v -1.623956 0.664643 0.190260
v -1.241956 0.664643 0.190260
v -1.623956 0.664643 0.190260
v -1.241956 0.664643 0.524260
v -1.623956 0.664643 0.190260
v -1.623956 0.664643 0.524260
v -1.241956 0.664643 0.524260
v -1.623956 0.321643 0.190260
v -1.241956 0.321643 0.190260
v -1.623956 0.321643 0.524260
v -1.241956 0.321643 0.524260
v -1.623956 0.664643 0.190260
v -1.623956 0.321643 0.190260
v -1.623956 0.664643 0.524260
v -1.623956 0.321643 0.524260
v -1.241956 0.664643 0.524260
v -1.241956 0.321643 0.524260
v -1.241956 0.664643 0.190260
v -1.241956 0.321643 0.190260
v -1.599956 1.007644 0.500260
v -1.599956 0.664643 0.500260
v -1.217957 1.007644 0.500260
v -1.599956 0.664643 0.500260
v -1.217956 0.664643 0.500260
v -1.217957 1.007644 0.500260
v -1.217956 1.007644 0.166260
v -1.217956 0.664643 0.166260
v -1.599957 1.007644 0.166260
v -1.217956 0.664643 0.166260
v -1.599957 0.664643 0.166260
v -1.599957 1.007644 0.166260
v -1.217956 1.007644 0.166260
v -1.599957 1.007644 0.166260
v -1.217957 1.007644 0.500260
v -1.599957 1.007644 0.166260
v -1.599956 1.007644 0.500260
v -1.217957 1.007644 0.500260
v -1.599957 0.664643 0.166260
v -1.217956 0.664643 0.166260
v -1.599956 0.664643 0.500260
v -1.217956 0.664643 0.500260
v -1.599957 1.007644 0.166260
v -1.599957 0.664643 0.166260
v -1.599956 1.007644 0.500260
v -1.599956 0.664643 0.500260
v -1.217957 1.007644 0.500260
v -1.217956 0.664643 0.500260
v -1.217956 1.007644 0.166260
v -1.217956 0.664643 0.166260
v -1.582956 0.683643 -0.302740
v -1.582957 0.340643 -0.302740
v -1.582956 0.683643 0.078260
v -1.582957 0.340643 0.078260
v -1.248956 0.683643 0.078260
v -1.248956 0.340643 0.078260
v -1.248956 0.683643 -0.302740
v -1.248956 0.340643 -0.302740
v -1.248956 0.683643 0.078260
v -1.248956 0.683643 -0.302740
v -1.582956 0.683643 0.078260
v -1.582956 0.683643 -0.302740
v -1.248956 0.340643 -0.302740
v -1.248956 0.340643 0.078260
v -1.582957 0.340643 -0.302740
v -1.248956 0.340643 0.078260
v -1.582957 0.340643 0.078260
v -1.582957 0.340643 -0.302740
v -1.248956 0.683643 -0.302740
v -1.248956 0.340643 -0.302740
v -1.582956 0.683643 -0.302740
v -1.248956 0.340643 -0.302740
v -1.582957 0.340643 -0.302740
v -1.582956 0.683643 -0.302740
v -1.582956 0.683643 0.078260
v -1.582957 0.340643 0.078260
v -1.248956 0.683643 0.078260
v -1.582957 0.340643 0.078260
v -1.248956 0.340643 0.078260
v -1.248956 0.683643 0.078260
v -1.649957 0.449644 -0.259740
v -1.649956 0.106644 -0.259740
v -1.649956 0.449644 0.121260
v -1.649956 0.106644 0.121260
v -1.315956 0.449643 0.121260
v -1.315957 0.106644 0.121260
v -1.315956 0.449643 -0.259740
v -1.315957 0.106644 -0.259740
v -1.315956 0.449643 0.121260
v -1.315956 0.449643 -0.259740
v -1.649956 0.449644 0.121260
v -1.649957 0.449644 -0.259740
v -1.315957 0.106644 -0.259740
v -1.315957 0.106644 0.121260
v -1.649956 0.106644 -0.259740
v -1.315957 0.106644 0.121260
v -1.649956 0.106644 0.121260
v -1.649956 0.106644 -0.259740
v -1.315956 0.449643 -0.259740
v -1.315957 0.106644 -0.259740
v -1.649957 0.449644 -0.259740
v -1.315957 0.106644 -0.259740
v -1.649956 0.106644 -0.259740
v -1.649957 0.449644 -0.259740
v -1.649956 0.449644 0.121260
v -1.649956 0.106644 0.121260
v -1.315956 0.449643 0.121260
v -1.649956 0.106644 0.121260
v -1.315957 0.106644 0.121260
v -1.315956 0.449643 0.121260
v -1.553956 0.368643 -0.293740
v -1.553957 0.025643 -0.293740
v -1.553957 0.368643 0.088260
v -1.553957 0.025644 0.088260
v -1.220957 0.368643 0.088260
v -1.220956 0.025643 0.088260
v -1.220957 0.368643 -0.293740
v -1.220957 0.025643 -0.293740
v -1.220957 0.368643 0.088260
v -1.220957 0.368643 -0.293740
v -1.553957 0.368643 0.088260
v -1.553956 0.368643 -0.293740
v -1.220957 0.025643 -0.293740
v -1.220956 0.025643 0.088260
v -1.553957 0.025643 -0.293740
v -1.220956 0.025643 0.088260
v -1.553957 0.025644 0.088260
v -1.553957 0.025643 -0.293740
v -1.220957 0.368643 -0.293740
v -1.220957 0.025643 -0.293740
v -1.553956 0.368643 -0.293740
v -1.220957 0.025643 -0.293740
v -1.553957 0.025643 -0.293740
v -1.553956 0.368643 -0.293740
v -1.553957 0.368643 0.088260
v -1.553957 0.025644 0.088260
v -1.220957 0.368643 0.088260
v -1.553957 0.025644 0.088260
v -1.220956 0.025643 0.088260
v -1.220957 0.368643 0.088260
v -1.692957 1.026643 -0.164740
v -1.692957 0.683643 -0.164740
v -1.692956 1.026644 0.217260
v -1.692957 0.683643 0.217260
v -1.358956 1.026643 0.217260
v -1.358957 0.683643 0.217260
v -1.358957 1.026644 -0.164740
v -1.358957 0.683643 -0.164740
v -1.358956 1.026643 0.217260
v -1.358957 1.026644 -0.164740
v -1.692956 1.026644 0.217260
v -1.692957 1.026643 -0.164740
v -1.358957 0.683643 -0.164740
v -1.358957 0.683643 0.217260
v -1.692957 0.683643 -0.164740
v -1.358957 0.683643 0.217260
v -1.692957 0.683643 0.217260
v -1.692957 0.683643 -0.164740
v -1.358957 1.026644 -0.164740
v -1.358957 0.683643 -0.164740
v -1.692957 1.026643 -0.164740
v -1.358957 0.683643 -0.164740
v -1.692957 0.683643 -0.164740
v -1.692957 1.026643 -0.164740
v -1.692956 1.026644 0.217260
v -1.692957 0.683643 0.217260
v -1.358956 1.026643 0.217260
v -1.692957 0.683643 0.217260
v -1.358957 0.683643 0.217260
v -1.358956 1.026643 0.217260
v -1.482956 1.074643 -0.192740
v -1.482957 0.731644 -0.192740
v -1.482957 1.074643 0.188260
v -1.482957 0.731644 0.188260
v -1.148957 1.074644 0.188260
v -1.148957 0.731644 0.188260
v -1.148957 1.074643 -0.192740
v -1.148957 0.731644 -0.192740
v -1.148957 1.074644 0.188260
v -1.148957 1.074643 -0.192740
v -1.482957 1.074643 0.188260
v -1.482956 1.074643 -0.192740
v -1.148957 0.731644 -0.192740
v -1.148957 0.731644 0.188260
v -1.482957 0.731644 -0.192740
v -1.148957 0.731644 0.188260
v -1.482957 0.731644 0.188260
v -1.482957 0.731644 -0.192740
v -1.148957 1.074643 -0.192740
v -1.148957 0.731644 -0.192740
v -1.482956 1.074643 -0.192740
v -1.148957 0.731644 -0.192740
v -1.482957 0.731644 -0.192740
v -1.482956 1.074643 -0.192740
v -1.482957 1.074643 0.188260
v -1.482957 0.731644 0.188260
v -1.148957 1.074644 0.188260
v -1.482957 0.731644 0.188260
v -1.148957 0.731644 0.188260
v -1.148957 1.074644 0.188260
v -1.701957 0.716643 -0.212740
v -1.701957 0.373643 -0.212740
v -1.701957 0.716643 0.169260
v -1.701956 0.373643 0.169260
v -1.367956 0.716643 0.169260
v -1.367956 0.373643 0.169260
v -1.367956 0.716643 -0.212740
v -1.367956 0.373643 -0.212740
v -1.367956 0.716643 0.169260
v -1.367956 0.716643 -0.212740
v -1.701957 0.716643 0.169260
v -1.701957 0.716643 -0.212740
v -1.367956 0.373643 -0.212740
v -1.367956 0.373643 0.169260
v -1.701957 0.373643 -0.212740
v -1.367956 0.373643 0.169260
v -1.701956 0.373643 0.169260
v -1.701957 0.373643 -0.212740
v -1.367956 0.716643 -0.212740
v -1.367956 0.373643 -0.212740
v -1.701957 0.716643 -0.212740
v -1.367956 0.373643 -0.212740
v -1.701957 0.373643 -0.212740
v -1.701957 0.716643 -0.212740
v -1.701957 0.716643 0.169260
v -1.701956 0.373643 0.169260
v -1.367956 0.716643 0.169260
v -1.701956 0.373643 0.169260
v -1.367956 0.373643 0.169260
v -1.367956 0.716643 0.169260
v -1.372956 0.940643 -0.297740
v -1.372957 0.597643 -0.297740
v -1.372956 0.940643 0.083260
v -1.372957 0.597643 0.083260
v -1.039956 0.940643 0.083260
v -1.039956 0.597643 0.083260
v -1.039956 0.940643 -0.297740
v -1.039956 0.597643 -0.297740
v -1.039956 0.940643 0.083260
v -1.039956 0.940643 -0.297740
v -1.372956 0.940643 0.083260
v -1.372956 0.940643 -0.297740
v -1.039956 0.597643 -0.297740
v -1.039956 0.597643 0.083260
v -1.372957 0.597643 -0.297740
v -1.039956 0.597643 0.083260
v -1.372957 0.597643 0.083260
v -1.372957 0.597643 -0.297740
v -1.039956 0.940643 -0.297740
v -1.039956 0.597643 -0.297740
v -1.372956 0.940643 -0.297740
v -1.039956 0.597643 -0.297740
v -1.372957 0.597643 -0.297740
v -1.372956 0.940643 -0.297740
v -1.372956 0.940643 0.083260
v -1.372957 0.597643 0.083260
v -1.039956 0.940643 0.083260
v -1.372957 0.597643 0.083260
v -1.039956 0.597643 0.083260
v -1.039956 0.940643 0.083260
v -1.391957 0.549644 -0.498740
v -1.391957 0.206643 -0.498740
v -1.391957 0.549644 -0.116740
v -1.391957 0.206643 -0.116740
v -1.058957 0.549644 -0.116740
v -1.058956 0.206643 -0.116740
v -1.058956 0.549644 -0.498740
v -1.058956 0.206643 -0.498740
v -1.058957 0.549644 -0.116740
v -1.058956 0.549644 -0.498740
v -1.391957 0.549644 -0.116740
v -1.391957 0.549644 -0.498740
v -1.058956 0.206643 -0.498740
v -1.058956 0.206643 -0.116740
v -1.391957 0.206643 -0.498740
v -1.058956 0.206643 -0.116740
v -1.391957 0.206643 -0.116740
v -1.391957 0.206643 -0.498740
v -1.058956 0.549644 -0.498740
v -1.058956 0.206643 -0.498740
v -1.391957 0.549644 -0.498740
v -1.058956 0.206643 -0.498740
v -1.391957 0.206643 -0.498740
v -1.391957 0.549644 -0.498740
v -1.391957 0.549644 -0.116740
v -1.391957 0.206643 -0.116740
v -1.058957 0.549644 -0.116740
v -1.391957 0.206643 -0.116740
v -1.058956 0.206643 -0.116740
v -1.058957 0.549644 -0.116740
v -1.348957 0.359643 -0.421740
v -1.348956 0.015643 -0.421740
v -1.348956 0.359643 -0.040740
v -1.348956 0.015643 -0.040740
v -1.015956 0.359643 -0.040740
v -1.015957 0.015643 -0.040740
v -1.015957 0.359643 -0.421740
v -1.015957 0.015643 -0.421740
v -1.015956 0.359643 -0.040740
v -1.015957 0.359643 -0.421740
v -1.348956 0.359643 -0.040740
v -1.348957 0.359643 -0.421740
v -1.015957 0.015643 -0.421740
v -1.015957 0.015643 -0.040740
v -1.348956 0.015643 -0.421740
v -1.015957 0.015643 -0.040740
v -1.348956 0.015643 -0.040740
v -1.348956 0.015643 -0.421740
v -1.015957 0.359643 -0.421740
v -1.015957 0.015643 -0.421740
v -1.348957 0.359643 -0.421740
v -1.015957 0.015643 -0.421740
v -1.348956 0.015643 -0.421740
v -1.348957 0.359643 -0.421740
v -1.348956 0.359643 -0.040740
v -1.348956 0.015643 -0.040740
v -1.015956 0.359643 -0.040740
v -1.348956 0.015643 -0.040740
v -1.015957 0.015643 -0.040740
v -1.015956 0.359643 -0.040740
v -1.334956 0.816644 -0.479740
v -1.334956 0.473643 -0.479740
v -1.334956 0.816644 -0.097740
v -1.334956 0.473643 -0.097740
v -1.000956 0.816644 -0.097740
v -1.000956 0.473643 -0.097740
v -1.000956 0.816644 -0.479740
v -1.000956 0.473643 -0.479740
v -1.000956 0.816644 -0.097740
v -1.000956 0.816644 -0.479740
v -1.334956 0.816644 -0.097740
v -1.334956 0.816644 -0.479740
v -1.000956 0.473643 -0.479740
v -1.000956 0.473643 -0.097740
v -1.334956 0.473643 -0.479740
v -1.000956 0.473643 -0.097740
v -1.334956 0.473643 -0.097740
v -1.334956 0.473643 -0.479740
v -1.000956 0.816644 -0.479740
v -1.000956 0.473643 -0.479740
v -1.334956 0.816644 -0.479740
v -1.000956 0.473643 -0.479740
v -1.334956 0.473643 -0.479740
v -1.334956 0.816644 -0.479740
v -1.334956 0.816644 -0.097740
v -1.334956 0.473643 -0.097740
v -1.000956 0.816644 -0.097740
v -1.334956 0.473643 -0.097740
v -1.000956 0.473643 -0.097740
v -1.000956 0.816644 -0.097740
v -1.100957 0.387643 -0.369740
v -1.100956 0.044643 -0.369740
v -1.100956 0.387643 0.012260
v -1.100956 0.044643 0.012260
v -0.767957 0.387643 0.012260
v -0.767957 0.044643 0.012260
v -0.767957 0.387643 -0.369740
v -0.767956 0.044643 -0.369740
v -0.767957 0.387643 0.012260
v -0.767957 0.387643 -0.369740
v -1.100956 0.387643 0.012260
v -1.100957 0.387643 -0.369740
v -0.767956 0.044643 -0.369740
v -0.767957 0.044643 0.012260
v -1.100956 0.044643 -0.369740
v -0.767957 0.044643 0.012260
v -1.100956 0.044643 0.012260
v -1.100956 0.044643 -0.369740
v -0.767957 0.387643 -0.369740
v -0.767956 0.044643 -0.369740
v -1.100957 0.387643 -0.369740
v -0.767956 0.044643 -0.369740
v -1.100956 0.044643 -0.369740
v -1.100957 0.387643 -0.369740
v -1.100956 0.387643 0.012260
v -1.100956 0.044643 0.012260
v -0.767957 0.387643 0.012260
v -1.100956 0.044643 0.012260
v -0.767957 0.044643 0.012260
v -0.767957 0.387643 0.012260
v -1.172956 0.244644 -0.412740
v -1.172956 -0.098356 -0.412740
v -1.172957 0.244644 -0.030740
v -1.172956 -0.098356 -0.030740
v -0.838956 0.244644 -0.030740
v -0.838957 -0.098356 -0.030740
v -0.838956 0.244644 -0.412740
v -0.838957 -0.098356 -0.412740
v -0.838956 0.244644 -0.030740
v -0.838956 0.244644 -0.412740
v -1.172957 0.244644 -0.030740
v -1.172956 0.244644 -0.412740
v -0.838957 -0.098356 -0.412740
v -0.838957 -0.098356 -0.030740
v -1.172956 -0.098356 -0.412740
v -0.838957 -0.098356 -0.030740
v -1.172956 -0.098356 -0.030740
v -1.172956 -0.098356 -0.412740
v -0.838956 0.244644 -0.412740
v -0.838957 -0.098356 -0.412740
v -1.172956 0.244644 -0.412740
v -0.838957 -0.098356 -0.412740
v -1.172956 -0.098356 -0.412740
v -1.172956 0.244644 -0.412740
v -1.172957 0.244644 -0.030740
v -1.172956 -0.098356 -0.030740
v -0.838956 0.244644 -0.030740
v -1.172956 -0.098356 -0.030740
v -0.838957 -0.098356 -0.030740
v -0.838956 0.244644 -0.030740
v -0.991957 0.530643 -0.302740
v -0.991957 0.187644 -0.302740
v -0.991957 0.530643 0.078260
v -0.991956 0.187644 0.078260
v -0.657957 0.530643 0.078260
v -0.657956 0.187644 0.078260
v -0.657956 0.530643 -0.302740
v -0.657957 0.187644 -0.302740
v -0.657957 0.530643 0.078260
v -0.657956 0.530643 -0.302740
v -0.991957 0.530643 0.078260
v -0.991957 0.530643 -0.302740
v -0.657957 0.187644 -0.302740
v -0.657956 0.187644 0.078260
v -0.991957 0.187644 -0.302740
v -0.657956 0.187644 0.078260
v -0.991956 0.187644 0.078260
v -0.991957 0.187644 -0.302740
v -0.657956 0.530643 -0.302740
v -0.657957 0.187644 -0.302740
v -0.991957 0.530643 -0.302740
v -0.657957 0.187644 -0.302740
v -0.991957 0.187644 -0.302740
v -0.991957 0.530643 -0.302740
v -0.991957 0.530643 0.078260
v -0.991956 0.187644 0.078260
v -0.657957 0.530643 0.078260
v -0.991956 0.187644 0.078260
v -0.657956 0.187644 0.078260
v -0.657957 0.530643 0.078260
v -1.005957 0.292644 -0.269740
v -1.005956 -0.050356 -0.269740
v -1.005956 0.292644 0.112260
v -1.005956 -0.050356 0.112260
v -0.671957 0.292644 0.112260
v -0.671956 -0.050357 0.112260
v -0.671956 0.292644 -0.269740
v -0.671956 -0.050357 -0.269740
v -0.671957 0.292644 0.112260
v -0.671956 0.292644 -0.269740
v -1.005956 0.292644 0.112260
v -1.005957 0.292644 -0.269740
v -0.671956 -0.050357 -0.269740
v -0.671956 -0.050357 0.112260
v -1.005956 -0.050356 -0.269740
v -0.671956 -0.050357 0.112260
v -1.005956 -0.050356 0.112260
v -1.005956 -0.050356 -0.269740
v -0.671956 0.292644 -0.269740
v -0.671956 -0.050357 -0.269740
v -1.005957 0.292644 -0.269740
v -0.671956 -0.050357 -0.269740
v -1.005956 -0.050356 -0.269740
v -1.005957 0.292644 -0.269740
v -1.005956 0.292644 0.112260
v -1.005956 -0.050356 0.112260
v -0.671957 0.292644 0.112260
v -1.005956 -0.050356 0.112260
v -0.671956 -0.050357 0.112260
v -0.671957 0.292644 0.112260
v -0.957957 0.244644 -0.173740
v -0.957957 -0.098356 -0.173740
v -0.957957 0.244644 0.207260
v -0.957957 -0.098357 0.207260
v -0.624957 0.244644 0.207260
v -0.624956 -0.098356 0.207260
v -0.624957 0.244644 -0.173740
v -0.624957 -0.098357 -0.173740
v -0.624957 0.244644 0.207260
v -0.624957 0.244644 -0.173740
v -0.957957 0.244644 0.207260
v -0.957957 0.244644 -0.173740
v -0.624957 -0.098357 -0.173740
v -0.624956 -0.098356 0.207260
v -0.957957 -0.098356 -0.173740
v -0.624956 -0.098356 0.207260
v -0.957957 -0.098357 0.207260
v -0.957957 -0.098356 -0.173740
v -0.624957 0.244644 -0.173740
v -0.624957 -0.098357 -0.173740
v -0.957957 0.244644 -0.173740
v -0.624957 -0.098357 -0.173740
v -0.957957 -0.098356 -0.173740
v -0.957957 0.244644 -0.173740
v -0.957957 0.244644 0.207260
v -0.957957 -0.098357 0.207260
v -0.624957 0.244644 0.207260
v -0.957957 -0.098357 0.207260
v -0.624956 -0.098356 0.207260
v -0.624957 0.244644 0.207260
v -0.805957 0.244644 -0.159740
v -0.805957 -0.098356 -0.159740
v -0.805957 0.244644 0.221260
v -0.805957 -0.098356 0.221260
v -0.471957 0.244643 0.221260
v -0.471957 -0.098357 0.221260
v -0.471957 0.244644 -0.159740
v -0.471956 -0.098356 -0.159740
v -0.471957 0.244643 0.221260
v -0.471957 0.244644 -0.159740
v -0.805957 0.244644 0.221260
v -0.805957 0.244644 -0.159740
v -0.471956 -0.098356 -0.159740
v -0.471957 -0.098357 0.221260
v -0.805957 -0.098356 -0.159740
v -0.471957 -0.098357 0.221260
v -0.805957 -0.098356 0.221260
v -0.805957 -0.098356 -0.159740
v -0.471957 0.244644 -0.159740
v -0.471956 -0.098356 -0.159740
v -0.805957 0.244644 -0.159740
v -0.471956 -0.098356 -0.159740
v -0.805957 -0.098356 -0.159740
v -0.805957 0.244644 -0.159740
v -0.805957 0.244644 0.221260
v -0.805957 -0.098356 0.221260
v -0.471957 0.244643 0.221260
v -0.805957 -0.098356 0.221260
v -0.471957 -0.098357 0.221260
v -0.471957 0.244643 0.221260
v -1.100956 0.883643 -0.331740
v -1.100957 0.540644 -0.331740
v -1.100956 0.883643 0.050260
v -1.100957 0.540644 0.050260
v -0.767957 0.883643 0.050260
v -0.767957 0.540644 0.050260
v -0.767956 0.883643 -0.331740
v -0.767957 0.540644 -0.331740
v -0.767957 0.883643 0.050260
v -0.767956 0.883643 -0.331740
v -1.100956 0.883643 0.050260
v -1.100956 0.883643 -0.331740
v -0.767957 0.540644 -0.331740
v -0.767957 0.540644 0.050260
v -1.100957 0.540644 -0.331740
v -0.767957 0.540644 0.050260
v -1.100957 0.540644 0.050260
v -1.100957 0.540644 -0.331740
v -0.767956 0.883643 -0.331740
v -0.767957 0.540644 -0.331740
v -1.100956 0.883643 -0.331740
v -0.767957 0.540644 -0.331740
v -1.100957 0.540644 -0.331740
v -1.100956 0.883643 -0.331740
v -1.100956 0.883643 0.050260
v -1.100957 0.540644 0.050260
v -0.767957 0.883643 0.050260
v -1.100957 0.540644 0.050260
v -0.767957 0.540644 0.050260
v -0.767957 0.883643 0.050260
v -1.363956 0.740643 -0.181740
v -1.363956 0.397644 -0.181740
v -1.363956 0.740644 0.200260
v -1.363956 0.397644 0.200260
v -1.029957 0.740643 0.200260
v -1.029957 0.397644 0.200260
v -1.029956 0.740644 -0.181740
v -1.029957 0.397644 -0.181740
v -1.029957 0.740643 0.200260
v -1.029956 0.740644 -0.181740
v -1.363956 0.740644 0.200260
v -1.363956 0.740643 -0.181740
v -1.029957 0.397644 -0.181740
v -1.029957 0.397644 0.200260
v -1.363956 0.397644 -0.181740
v -1.029957 0.397644 0.200260
v -1.363956 0.397644 0.200260
v -1.363956 0.397644 -0.181740
v -1.029956 0.740644 -0.181740
v -1.029957 0.397644 -0.181740
v -1.363956 0.740643 -0.181740
v -1.029957 0.397644 -0.181740
v -1.363956 0.397644 -0.181740
v -1.363956 0.740643 -0.181740
v -1.363956 0.740644 0.200260
v -1.363956 0.397644 0.200260
v -1.029957 0.740643 0.200260
v -1.363956 0.397644 0.200260
v -1.029957 0.397644 0.200260
v -1.029957 0.740643 0.200260
v -1.053956 1.074643 -0.090740
v -1.053957 0.731644 -0.090740
v -1.053956 1.074643 0.290260
v -1.053956 0.731643 0.290260
v -0.624956 1.074643 0.290260
v -0.624957 0.731644 0.290260
v -0.624956 1.074643 -0.090740
v -0.624956 0.731644 -0.090740
v -0.624956 1.074643 0.290260
v -0.624956 1.074643 -0.090740
v -1.053956 1.074643 0.290260
v -1.053956 1.074643 -0.090740
v -0.624956 0.731644 -0.090740
v -0.624957 0.731644 0.290260
v -1.053957 0.731644 -0.090740
v -0.624957 0.731644 0.290260
v -1.053956 0.731643 0.290260
v -1.053957 0.731644 -0.090740
v -0.624956 1.074643 -0.090740
v -0.624956 0.731644 -0.090740
v -1.053956 1.074643 -0.090740
v -0.624956 0.731644 -0.090740
v -1.053957 0.731644 -0.090740
v -1.053956 1.074643 -0.090740
v -1.053956 1.074643 0.290260
v -1.053956 0.731643 0.290260
v -0.624956 1.074643 0.290260
v -1.053956 0.731643 0.290260
v -0.624957 0.731644 0.290260
v -0.624956 1.074643 0.290260
v -1.000956 0.836643 -0.138740
v -1.000956 0.492643 -0.138740
v -1.000956 0.836643 0.243260
v -1.000956 0.492643 0.243260
v -0.571956 0.836644 0.243260
v -0.571957 0.492643 0.243260
v -0.571956 0.836644 -0.138740
v -0.571956 0.492643 -0.138740
v -0.571956 0.836644 0.243260
v -0.571956 0.836644 -0.138740
v -1.000956 0.836643 0.243260
v -1.000956 0.836643 -0.138740
v -0.571956 0.492643 -0.138740
v -0.571957 0.492643 0.243260
v -1.000956 0.492643 -0.138740
v -0.571957 0.492643 0.243260
v -1.000956 0.492643 0.243260
v -1.000956 0.492643 -0.138740
v -0.571956 0.836644 -0.138740
v -0.571956 0.492643 -0.138740
v -1.000956 0.836643 -0.138740
v -0.571956 0.492643 -0.138740
v -1.000956 0.492643 -0.138740
v -1.000956 0.836643 -0.138740
v -1.000956 0.836643 0.243260
v -1.000956 0.492643 0.243260
v -0.571956 0.836644 0.243260
v -1.000956 0.492643 0.243260
v -0.571957 0.492643 0.243260
v -0.571956 0.836644 0.243260
v 0.434044 0.793643 -0.829740
v 0.434044 0.449644 -0.829740
v 0.434043 0.793644 -0.448740
v 0.434044 0.449644 -0.448740
v 0.767044 0.793643 -0.448740
v 0.767043 0.449644 -0.448740
v 0.767043 0.793643 -0.829740
v 0.767044 0.449644 -0.829740
v 0.767044 0.793643 -0.448740
v 0.767043 0.793643 -0.829740
v 0.434043 0.793644 -0.448740
v 0.434044 0.793643 -0.829740
v 0.767044 0.449644 -0.829740
v 0.767043 0.449644 -0.448740
v 0.434044 0.449644 -0.829740
v 0.767043 0.449644 -0.448740
v 0.434044 0.449644 -0.448740
v 0.434044 0.449644 -0.829740
v 0.767043 0.793643 -0.829740
v 0.767044 0.449644 -0.829740
v 0.434044 0.793643 -0.829740
v 0.767044 0.449644 -0.829740
v 0.434044 0.449644 -0.829740
v 0.434044 0.793643 -0.829740
v 0.434043 0.793644 -0.448740
v 0.434044 0.449644 -0.448740
v 0.767044 0.793643 -0.448740
v 0.434044 0.449644 -0.448740
v 0.767043 0.449644 -0.448740
v 0.767044 0.793643 -0.448740
v 0.291043 0.554643 -0.638740
v 0.291043 0.211644 -0.638740
v 0.291043 0.554643 -0.257740
v 0.291043 0.211644 -0.257740
v 0.624043 0.554644 -0.257740
v 0.624044 0.211644 -0.257740
v 0.624043 0.554644 -0.638740
v 0.624043 0.211644 -0.638740
v 0.624043 0.554644 -0.257740
v 0.624043 0.554644 -0.638740
v 0.291043 0.554643 -0.257740
v 0.291043 0.554643 -0.638740
v 0.624043 0.211644 -0.638740
v 0.624044 0.211644 -0.257740
v 0.291043 0.211644 -0.638740
v 0.624044 0.211644 -0.257740
v 0.291043 0.211644 -0.257740
v 0.291043 0.211644 -0.638740
v 0.624043 0.554644 -0.638740
v 0.624043 0.211644 -0.638740
v 0.291043 0.554643 -0.638740
v 0.624043 0.211644 -0.638740
v 0.291043 0.211644 -0.638740
v 0.291043 0.554643 -0.638740
v 0.291043 0.554643 -0.257740
v 0.291043 0.211644 -0.257740
v 0.624043 0.554644 -0.257740
v 0.291043 0.211644 -0.257740
v 0.624044 0.211644 -0.257740
v 0.624043 0.554644 -0.257740
v 0.310043 0.459643 -0.791740
v 0.310044 0.116643 -0.791740
v 0.310043 0.459643 -0.409740
v 0.310043 0.116643 -0.409740
v 0.644044 0.459643 -0.409740
v 0.644043 0.116643 -0.409740
v 0.644043 0.459643 -0.791740
v 0.644043 0.116643 -0.791740
v 0.644044 0.459643 -0.409740
v 0.644043 0.459643 -0.791740
v 0.310043 0.459643 -0.409740
v 0.310043 0.459643 -0.791740
v 0.644043 0.116643 -0.791740
v 0.644043 0.116643 -0.409740
v 0.310044 0.116643 -0.791740
v 0.644043 0.116643 -0.409740
v 0.310043 0.116643 -0.409740
v 0.310044 0.116643 -0.791740
v 0.644043 0.459643 -0.791740
v 0.644043 0.116643 -0.791740
v 0.310043 0.459643 -0.791740
v 0.644043 0.116643 -0.791740
v 0.310044 0.116643 -0.791740
v 0.310043 0.459643 -0.791740
v 0.310043 0.459643 -0.409740
v 0.310043 0.116643 -0.409740
v 0.644044 0.459643 -0.409740
v 0.310043 0.116643 -0.409740
v 0.644043 0.116643 -0.409740
v 0.644044 0.459643 -0.409740
v 0.434043 0.316644 -0.781740
v 0.434044 -0.026357 -0.781740
v 0.434043 0.316644 -0.400740
v 0.434043 -0.026357 -0.400740
v 0.767044 0.316644 -0.400740
v 0.767043 -0.026357 -0.400740
v 0.767043 0.316644 -0.781740
v 0.767043 -0.026357 -0.781740
v 0.767044 0.316644 -0.400740
v 0.767043 0.316644 -0.781740
v 0.434043 0.316644 -0.400740
v 0.434043 0.316644 -0.781740
v 0.767043 -0.026357 -0.781740
v 0.767043 -0.026357 -0.400740
v 0.434044 -0.026357 -0.781740
v 0.767043 -0.026357 -0.400740
v 0.434043 -0.026357 -0.400740
v 0.434044 -0.026357 -0.781740
v 0.767043 0.316644 -0.781740
v 0.767043 -0.026357 -0.781740
v 0.434043 0.316644 -0.781740
v 0.767043 -0.026357 -0.781740
v 0.434044 -0.026357 -0.781740
v 0.434043 0.316644 -0.781740
v 0.434043 0.316644 -0.400740
v 0.434043 -0.026357 -0.400740
v 0.767044 0.316644 -0.400740
v 0.434043 -0.026357 -0.400740
v 0.767043 -0.026357 -0.400740
v 0.767044 0.316644 -0.400740
v 0.567043 0.411644 -0.896740
v 0.567043 0.068644 -0.896740
v 0.567043 0.411643 -0.514740
v 0.567043 0.068643 -0.514740
v 0.901044 0.411644 -0.514740
v 0.901043 0.068644 -0.514740
v 0.901043 0.411644 -0.896740
v 0.901043 0.068644 -0.896740
v 0.901044 0.411644 -0.514740
v 0.901043 0.411644 -0.896740
v 0.567043 0.411643 -0.514740
v 0.567043 0.411644 -0.896740
v 0.901043 0.068644 -0.896740
v 0.901043 0.068644 -0.514740
v 0.567043 0.068644 -0.896740
v 0.901043 0.068644 -0.514740
v 0.567043 0.068643 -0.514740
v 0.567043 0.068644 -0.896740
v 0.901043 0.411644 -0.896740
v 0.901043 0.068644 -0.896740
v 0.567043 0.411644 -0.896740
v 0.901043 0.068644 -0.896740
v 0.567043 0.068644 -0.896740
v 0.567043 0.411644 -0.896740
v 0.567043 0.411643 -0.514740
v 0.567043 0.068643 -0.514740
v 0.901044 0.411644 -0.514740
v 0.567043 0.068643 -0.514740
v 0.901043 0.068644 -0.514740
v 0.901044 0.411644 -0.514740
v 0.415044 0.092644 -0.667740
v 0.415044 -0.251357 -0.667740
v 0.415044 0.092644 -0.285740
v 0.415044 -0.251357 -0.285740
v 0.796044 0.092644 -0.285740
v 0.796043 -0.251357 -0.285740
v 0.796044 0.092644 -0.667740
v 0.796043 -0.251357 -0.667740
v 0.796044 0.092644 -0.285740
v 0.796044 0.092644 -0.667740
v 0.415044 0.092644 -0.285740
v 0.415044 0.092644 -0.667740
v 0.796043 -0.251357 -0.667740
v 0.796043 -0.251357 -0.285740
v 0.415044 -0.251357 -0.667740
v 0.796043 -0.251357 -0.285740
v 0.415044 -0.251357 -0.285740
v 0.415044 -0.251357 -0.667740
v 0.796044 0.092644 -0.667740
v 0.796043 -0.251357 -0.667740
v 0.415044 0.092644 -0.667740
v 0.796043 -0.251357 -0.667740
v 0.415044 -0.251357 -0.667740
v 0.415044 0.092644 -0.667740
v 0.415044 0.092644 -0.285740
v 0.415044 -0.251357 -0.285740
v 0.796044 0.092644 -0.285740
v 0.415044 -0.251357 -0.285740
v 0.796043 -0.251357 -0.285740
v 0.796044 0.092644 -0.285740
v 0.319044 -0.017356 -0.476740
v 0.319043 -0.360357 -0.476740
v 0.319043 -0.017357 -0.095740
v 0.319044 -0.360357 -0.095740
v 0.653043 -0.017357 -0.095740
v 0.653043 -0.360357 -0.095740
v 0.653043 -0.017357 -0.476740
v 0.653043 -0.360357 -0.476740
v 0.653043 -0.017357 -0.095740
v 0.653043 -0.017357 -0.476740
v 0.319043 -0.017357 -0.095740
v 0.319044 -0.017356 -0.476740
v 0.653043 -0.360357 -0.476740
v 0.653043 -0.360357 -0.095740
v 0.319043 -0.360357 -0.476740
v 0.653043 -0.360357 -0.095740
v 0.319044 -0.360357 -0.095740
v 0.319043 -0.360357 -0.476740
v 0.653043 -0.017357 -0.476740
v 0.653043 -0.360357 -0.476740
v 0.319044 -0.017356 -0.476740
v 0.653043 -0.360357 -0.476740
v 0.319043 -0.360357 -0.476740
v 0.319044 -0.017356 -0.476740
v 0.319043 -0.017357 -0.095740
v 0.319044 -0.360357 -0.095740
v 0.653043 -0.017357 -0.095740
v 0.319044 -0.360357 -0.095740
v 0.653043 -0.360357 -0.095740
v 0.653043 -0.017357 -0.095740
v 0.462043 0.030643 -0.610740
v 0.462043 -0.313356 -0.610740
v 0.462043 0.030643 -0.228740
v 0.462043 -0.313356 -0.228740
v 0.796043 0.030643 -0.228740
v 0.796043 -0.313356 -0.228740
v 0.796044 0.030643 -0.610740
v 0.796043 -0.313356 -0.610740
v 0.796043 0.030643 -0.228740
v 0.796044 0.030643 -0.610740
v 0.462043 0.030643 -0.228740
v 0.462043 0.030643 -0.610740
v 0.796043 -0.313356 -0.610740
v 0.796043 -0.313356 -0.228740
v 0.462043 -0.313356 -0.610740
v 0.796043 -0.313356 -0.228740
v 0.462043 -0.313356 -0.228740
v 0.462043 -0.313356 -0.610740
v 0.796044 0.030643 -0.610740
v 0.796043 -0.313356 -0.610740
v 0.462043 0.030643 -0.610740
v 0.796043 -0.313356 -0.610740
v 0.462043 -0.313356 -0.610740
v 0.462043 0.030643 -0.610740
v 0.462043 0.030643 -0.228740
v 0.462043 -0.313356 -0.228740
v 0.796043 0.030643 -0.228740
v 0.462043 -0.313356 -0.228740
v 0.796043 -0.313356 -0.228740
v 0.796043 0.030643 -0.228740
v 0.272043 0.125644 -0.524740
v 0.272043 -0.217357 -0.524740
v 0.272043 0.125644 -0.142740
v 0.272044 -0.217357 -0.142740
v 0.605043 0.125644 -0.142740
v 0.605044 -0.217357 -0.142740
v 0.605043 0.125644 -0.524740
v 0.605044 -0.217356 -0.524740
v 0.605043 0.125644 -0.142740
v 0.605043 0.125644 -0.524740
v 0.272043 0.125644 -0.142740
v 0.272043 0.125644 -0.524740
v 0.605044 -0.217356 -0.524740
v 0.605044 -0.217357 -0.142740
v 0.272043 -0.217357 -0.524740
v 0.605044 -0.217357 -0.142740
v 0.272044 -0.217357 -0.142740
v 0.272043 -0.217357 -0.524740
v 0.605043 0.125644 -0.524740
v 0.605044 -0.217356 -0.524740
v 0.272043 0.125644 -0.524740
v 0.605044 -0.217356 -0.524740
v 0.272043 -0.217357 -0.524740
v 0.272043 0.125644 -0.524740
v 0.272043 0.125644 -0.142740
v 0.272044 -0.217357 -0.142740
v 0.605043 0.125644 -0.142740
v 0.272044 -0.217357 -0.142740
v 0.605044 -0.217357 -0.142740
v 0.605043 0.125644 -0.142740
v 0.081043 0.125644 -0.428740
v 0.081043 -0.217357 -0.428740
v 0.081043 0.125644 -0.047740
v 0.081043 -0.217357 -0.047740
v 0.415044 0.125644 -0.047740
v 0.415044 -0.217357 -0.047740
v 0.415043 0.125644 -0.428740
v 0.415044 -0.217357 -0.428740
v 0.415044 0.125644 -0.047740
v 0.415043 0.125644 -0.428740
v 0.081043 0.125644 -0.047740
v 0.081043 0.125644 -0.428740
v 0.415044 -0.217357 -0.428740
v 0.415044 -0.217357 -0.047740
v 0.081043 -0.217357 -0.428740
v 0.415044 -0.217357 -0.047740
v 0.081043 -0.217357 -0.047740
v 0.081043 -0.217357 -0.428740
v 0.415043 0.125644 -0.428740
v 0.415044 -0.217357 -0.428740
v 0.081043 0.125644 -0.428740
v 0.415044 -0.217357 -0.428740
v 0.081043 -0.217357 -0.428740
v 0.081043 0.125644 -0.428740
v 0.081043 0.125644 -0.047740
v 0.081043 -0.217357 -0.047740
v 0.415044 0.125644 -0.047740
v 0.081043 -0.217357 -0.047740
v 0.415044 -0.217357 -0.047740
v 0.415044 0.125644 -0.047740
v 0.038043 0.077643 -0.386740
v 0.038043 -0.265357 -0.386740
v 0.038043 0.077643 -0.004740
v 0.038043 -0.265357 -0.004740
v 0.372044 0.077643 -0.004740
v 0.372043 -0.265357 -0.004740
v 0.372044 0.077643 -0.386740
v 0.372043 -0.265357 -0.386740
v 0.372044 0.077643 -0.004740
v 0.372044 0.077643 -0.386740
v 0.038043 0.077643 -0.004740
v 0.038043 0.077643 -0.386740
v 0.372043 -0.265357 -0.386740
v 0.372043 -0.265357 -0.004740
v 0.038043 -0.265357 -0.386740
v 0.372043 -0.265357 -0.004740
v 0.038043 -0.265357 -0.004740
v 0.038043 -0.265357 -0.386740
v 0.372044 0.077643 -0.386740
v 0.372043 -0.265357 -0.386740
v 0.038043 0.077643 -0.386740
v 0.372043 -0.265357 -0.386740
v 0.038043 -0.265357 -0.386740
v 0.038043 0.077643 -0.386740
v 0.038043 0.077643 -0.004740
v 0.038043 -0.265357 -0.004740
v 0.372044 0.077643 -0.004740
v 0.038043 -0.265357 -0.004740
v 0.372043 -0.265357 -0.004740
v 0.372044 0.077643 -0.004740
v 0.214044 -0.193357 -0.409740
v 0.214044 -0.537357 -0.409740
v 0.214043 -0.193357 -0.028740
v 0.214044 -0.537356 -0.028740
v 0.548044 -0.193357 -0.028740
v 0.548043 -0.537356 -0.028740
v 0.548043 -0.193357 -0.409740
v 0.548043 -0.537357 -0.409740
v 0.548044 -0.193357 -0.028740
v 0.548043 -0.193357 -0.409740
v 0.214043 -0.193357 -0.028740
v 0.214044 -0.193357 -0.409740
v 0.548043 -0.537357 -0.409740
v 0.548043 -0.537356 -0.028740
v 0.214044 -0.537357 -0.409740
v 0.548043 -0.537356 -0.028740
v 0.214044 -0.537356 -0.028740
v 0.214044 -0.537357 -0.409740
v 0.548043 -0.193357 -0.409740
v 0.548043 -0.537357 -0.409740
v 0.214044 -0.193357 -0.409740
v 0.548043 -0.537357 -0.409740
v 0.214044 -0.537357 -0.409740
v 0.214044 -0.193357 -0.409740
v 0.214043 -0.193357 -0.028740
v 0.214044 -0.537356 -0.028740
v 0.548044 -0.193357 -0.028740
v 0.214044 -0.537356 -0.028740
v 0.548043 -0.537356 -0.028740
v 0.548044 -0.193357 -0.028740
v 0.062043 -0.193357 -0.343740
v 0.062043 -0.537356 -0.343740
v 0.062043 -0.193357 0.038260
v 0.062044 -0.537357 0.038260
v 0.305044 -0.193357 0.038260
v 0.305044 -0.537357 0.038260
v 0.305043 -0.193357 -0.343740
v 0.305043 -0.537356 -0.343740
v 0.305044 -0.193357 0.038260
v 0.305043 -0.193357 -0.343740
v 0.062043 -0.193357 0.038260
v 0.062043 -0.193357 -0.343740
v 0.305043 -0.537356 -0.343740
v 0.305044 -0.537357 0.038260
v 0.062043 -0.537356 -0.343740
v 0.305044 -0.537357 0.038260
v 0.062044 -0.537357 0.038260
v 0.062043 -0.537356 -0.343740
v 0.305043 -0.193357 -0.343740
v 0.305043 -0.537356 -0.343740
v 0.062043 -0.193357 -0.343740
v 0.305043 -0.537356 -0.343740
v 0.062043 -0.537356 -0.343740
v 0.062043 -0.193357 -0.343740
v 0.062043 -0.193357 0.038260
v 0.062044 -0.537357 0.038260
v 0.305044 -0.193357 0.038260
v 0.062044 -0.537357 0.038260
v 0.305044 -0.537357 0.038260
v 0.305044 -0.193357 0.038260
v -0.066957 0.068644 -0.262740
v -0.066957 -0.513357 -0.262740
v -0.066956 0.068644 0.119260
v -0.066956 -0.513357 0.119260
v 0.176043 0.068644 0.119260
v 0.176044 -0.513357 0.119260
v 0.176043 0.068644 -0.262740
v 0.176043 -0.513357 -0.262740
v 0.176043 0.068644 0.119260
v 0.176043 0.068644 -0.262740
v -0.066956 0.068644 0.119260
v -0.066957 0.068644 -0.262740
v 0.176043 -0.513357 -0.262740
v 0.176044 -0.513357 0.119260
v -0.066957 -0.513357 -0.262740
v 0.176044 -0.513357 0.119260
v -0.066956 -0.513357 0.119260
v -0.066957 -0.513357 -0.262740
v 0.176043 0.068644 -0.262740
v 0.176043 -0.513357 -0.262740
v -0.066957 0.068644 -0.262740
v 0.176043 -0.513357 -0.262740
v -0.066957 -0.513357 -0.262740
v -0.066957 0.068644 -0.262740
v -0.066956 0.068644 0.119260
v -0.066956 -0.513357 0.119260
v 0.176043 0.068644 0.119260
v -0.066956 -0.513357 0.119260
v 0.176044 -0.513357 0.119260
v 0.176043 0.068644 0.119260
v 0.124043 -0.456357 -0.314740
v 0.124044 -1.037356 -0.314740
v 0.124043 -0.456357 -0.076740
v 0.124043 -1.037357 -0.076740
v 0.510043 -0.456357 -0.076740
v 0.510043 -1.037356 -0.076740
v 0.510044 -0.456357 -0.314740
v 0.510044 -1.037356 -0.314740
v 0.510043 -0.456357 -0.076740
v 0.510044 -0.456357 -0.314740
v 0.124043 -0.456357 -0.076740
v 0.124043 -0.456357 -0.314740
v 0.510044 -1.037356 -0.314740
v 0.510043 -1.037356 -0.076740
v 0.124044 -1.037356 -0.314740
v 0.510043 -1.037356 -0.076740
v 0.124043 -1.037357 -0.076740
v 0.124044 -1.037356 -0.314740
v 0.510044 -0.456357 -0.314740
v 0.510044 -1.037356 -0.314740
v 0.124043 -0.456357 -0.314740
v 0.510044 -1.037356 -0.314740
v 0.124044 -1.037356 -0.314740
v 0.124043 -0.456357 -0.314740
v 0.124043 -0.456357 -0.076740
v 0.124043 -1.037357 -0.076740
v 0.510043 -0.456357 -0.076740
v 0.124043 -1.037357 -0.076740
v 0.510043 -1.037356 -0.076740
v 0.510043 -0.456357 -0.076740
v 0.458044 -0.217356 -0.266740
v 0.458044 -0.799356 -0.266740
v 0.458044 -0.217357 -0.028740
v 0.458043 -0.799356 -0.028740
v 0.844043 -0.217357 -0.028740
v 0.844043 -0.799356 -0.028740
v 0.844043 -0.217357 -0.266740
v 0.844044 -0.799356 -0.266740
v 0.844043 -0.217357 -0.028740
v 0.844043 -0.217357 -0.266740
v 0.458044 -0.217357 -0.028740
v 0.458044 -0.217356 -0.266740
v 0.844044 -0.799356 -0.266740
v 0.844043 -0.799356 -0.028740
v 0.458044 -0.799356 -0.266740
v 0.844043 -0.799356 -0.028740
v 0.458043 -0.799356 -0.028740
v 0.458044 -0.799356 -0.266740
v 0.844043 -0.217357 -0.266740
v 0.844044 -0.799356 -0.266740
v 0.458044 -0.217356 -0.266740
v 0.844044 -0.799356 -0.266740
v 0.458044 -0.799356 -0.266740
v 0.458044 -0.217356 -0.266740
v 0.458044 -0.217357 -0.028740
v 0.458043 -0.799356 -0.028740
v 0.844043 -0.217357 -0.028740
v 0.458043 -0.799356 -0.028740
v 0.844043 -0.799356 -0.028740
v 0.844043 -0.217357 -0.028740
v 0.157044 -0.746356 -0.324740
v 0.157043 -1.328357 -0.324740
v 0.157044 -0.746356 -0.085740
v 0.157043 -1.328357 -0.085740
v 0.400043 -0.746356 -0.085740
v 0.400043 -1.328357 -0.085740
v 0.400043 -0.746356 -0.324740
v 0.400043 -1.328357 -0.324740
v 0.400043 -0.746356 -0.085740
v 0.400043 -0.746356 -0.324740
v 0.157044 -0.746356 -0.085740
v 0.157044 -0.746356 -0.324740
v 0.400043 -1.328357 -0.324740
v 0.400043 -1.328357 -0.085740
v 0.157043 -1.328357 -0.324740
v 0.400043 -1.328357 -0.085740
v 0.157043 -1.328357 -0.085740
v 0.157043 -1.328357 -0.324740
v 0.400043 -0.746356 -0.324740
v 0.400043 -1.328357 -0.324740
v 0.157044 -0.746356 -0.324740
v 0.400043 -1.328357 -0.324740
v 0.157043 -1.328357 -0.324740
v 0.157044 -0.746356 -0.324740
v 0.157044 -0.746356 -0.085740
v 0.157043 -1.328357 -0.085740
v 0.400043 -0.746356 -0.085740
v 0.157043 -1.328357 -0.085740
v 0.400043 -1.328357 -0.085740
v 0.400043 -0.746356 -0.085740
v 0.172044 -0.842357 -0.181740
v 0.172044 -1.423357 -0.181740
v 0.172044 -0.842356 0.057260
v 0.172044 -1.423357 0.057260
v 0.415043 -0.842357 0.057260
v 0.415044 -1.423357 0.057260
v 0.415044 -0.842356 -0.181740
v 0.415044 -1.423357 -0.181740
v 0.415043 -0.842357 0.057260
v 0.415044 -0.842356 -0.181740
v 0.172044 -0.842356 0.057260
v 0.172044 -0.842357 -0.181740
v 0.415044 -1.423357 -0.181740
v 0.415044 -1.423357 0.057260
v 0.172044 -1.423357 -0.181740
v 0.415044 -1.423357 0.057260
v 0.172044 -1.423357 0.057260
v 0.172044 -1.423357 -0.181740
v 0.415044 -0.842356 -0.181740
v 0.415044 -1.423357 -0.181740
v 0.172044 -0.842357 -0.181740
v 0.415044 -1.423357 -0.181740
v 0.172044 -1.423357 -0.181740
v 0.172044 -0.842357 -0.181740
v 0.172044 -0.842356 0.057260
v 0.172044 -1.423357 0.057260
v 0.415043 -0.842357 0.057260
v 0.172044 -1.423357 0.057260
v 0.415044 -1.423357 0.057260
v 0.415043 -0.842357 0.057260
v 0.124043 -0.985357 0.043260
v 0.124044 -1.566356 0.043260
v 0.124043 -0.985357 0.281260
v 0.124043 -1.566357 0.281260
v 0.367043 -0.985357 0.281260
v 0.367043 -1.566356 0.281260
v 0.367043 -0.985356 0.043260
v 0.367043 -1.566356 0.043260
v 0.367043 -0.985357 0.281260
v 0.367043 -0.985356 0.043260
v 0.124043 -0.985357 0.281260
v 0.124043 -0.985357 0.043260
v 0.367043 -1.566356 0.043260
v 0.367043 -1.566356 0.281260
v 0.124044 -1.566356 0.043260
v 0.367043 -1.566356 0.281260
v 0.124043 -1.566357 0.281260
v 0.124044 -1.566356 0.043260
v 0.367043 -0.985356 0.043260
v 0.367043 -1.566356 0.043260
v 0.124043 -0.985357 0.043260
v 0.367043 -1.566356 0.043260
v 0.124044 -1.566356 0.043260
v 0.124043 -0.985357 0.043260
v 0.124043 -0.985357 0.281260
v 0.124043 -1.566357 0.281260
v 0.367043 -0.985357 0.281260
v 0.124043 -1.566357 0.281260
v 0.367043 -1.566356 0.281260
v 0.367043 -0.985357 0.281260
v 0.214044 -0.889356 -0.004740
v 0.214043 -1.471356 -0.004740
v 0.214044 -0.889357 0.233260
v 0.214043 -1.471356 0.233260
v 0.458044 -0.889357 0.233260
v 0.458044 -1.471356 0.233260
v 0.458044 -0.889356 -0.004740
v 0.458043 -1.471356 -0.004740
v 0.458044 -0.889357 0.233260
v 0.458044 -0.889356 -0.004740
v 0.214044 -0.889357 0.233260
v 0.214044 -0.889356 -0.004740
v 0.458043 -1.471356 -0.004740
v 0.458044 -1.471356 0.233260
v 0.214043 -1.471356 -0.004740
v 0.458044 -1.471356 0.233260
v 0.214043 -1.471356 0.233260
v 0.214043 -1.471356 -0.004740
v 0.458044 -0.889356 -0.004740
v 0.458043 -1.471356 -0.004740
v 0.214044 -0.889356 -0.004740
v 0.458043 -1.471356 -0.004740
v 0.214043 -1.471356 -0.004740
v 0.214044 -0.889356 -0.004740
v 0.214044 -0.889357 0.233260
v 0.214043 -1.471356 0.233260
v 0.458044 -0.889357 0.233260
v 0.214043 -1.471356 0.233260
v 0.458044 -1.471356 0.233260
v 0.458044 -0.889357 0.233260
v -0.004956 -0.618356 -0.328740
v -0.004956 -1.199357 -0.328740
v -0.004957 -0.618357 -0.090740
v -0.004957 -1.199357 -0.090740
v 0.238043 -0.618357 -0.090740
v 0.238043 -1.199357 -0.090740
v 0.238044 -0.618356 -0.328740
v 0.238044 -1.199357 -0.328740
v 0.238043 -0.618357 -0.090740
v 0.238044 -0.618356 -0.328740
v -0.004957 -0.618357 -0.090740
v -0.004956 -0.618356 -0.328740
v 0.238044 -1.199357 -0.328740
v 0.238043 -1.199357 -0.090740
v -0.004956 -1.199357 -0.328740
v 0.238043 -1.199357 -0.090740
v -0.004957 -1.199357 -0.090740
v -0.004956 -1.199357 -0.328740
v 0.238044 -0.618356 -0.328740
v 0.238044 -1.199357 -0.328740
v -0.004956 -0.618356 -0.328740
v 0.238044 -1.199357 -0.328740
v -0.004956 -1.199357 -0.328740
v -0.004956 -0.618356 -0.328740
v -0.004957 -0.618357 -0.090740
v -0.004957 -1.199357 -0.090740
v 0.238043 -0.618357 -0.090740
v -0.004957 -1.199357 -0.090740
v 0.238043 -1.199357 -0.090740
v 0.238043 -0.618357 -0.090740
v -0.085956 -0.999357 -0.300740
v -0.085956 -1.581357 -0.300740
v -0.085956 -0.999357 -0.061740
v -0.085956 -1.581357 -0.061740
v 0.157044 -0.999357 -0.061740
v 0.157043 -1.581357 -0.061740
v 0.157044 -0.999357 -0.300740
v 0.157043 -1.581357 -0.300740
v 0.157044 -0.999357 -0.061740
v 0.157044 -0.999357 -0.300740
v -0.085956 -0.999357 -0.061740
v -0.085956 -0.999357 -0.300740
v 0.157043 -1.581357 -0.300740
v 0.157043 -1.581357 -0.061740
v -0.085956 -1.581357 -0.300740
v 0.157043 -1.581357 -0.061740
v -0.085956 -1.581357 -0.061740
v -0.085956 -1.581357 -0.300740
v 0.157044 -0.999357 -0.300740
v 0.157043 -1.581357 -0.300740
v -0.085956 -0.999357 -0.300740
v 0.157043 -1.581357 -0.300740
v -0.085956 -1.581357 -0.300740
v -0.085956 -0.999357 -0.300740
v -0.085956 -0.999357 -0.061740
v -0.085956 -1.581357 -0.061740
v 0.157044 -0.999357 -0.061740
v -0.085956 -1.581357 -0.061740
v 0.157043 -1.581357 -0.061740
v 0.157044 -0.999357 -0.061740
v -0.028956 -1.161356 -0.166740
v -0.028957 -1.743357 -0.166740
v -0.028957 -1.161356 0.071260
v -0.028957 -1.743357 0.071260
v 0.214044 -1.161357 0.071260
v 0.214043 -1.743357 0.071260
v 0.214044 -1.161356 -0.166740
v 0.214044 -1.743357 -0.166740
v 0.214044 -1.161357 0.071260
v 0.214044 -1.161356 -0.166740
v -0.028957 -1.161356 0.071260
v -0.028956 -1.161356 -0.166740
v 0.214044 -1.743357 -0.166740
v 0.214043 -1.743357 0.071260
v -0.028957 -1.743357 -0.166740
v 0.214043 -1.743357 0.071260
v -0.028957 -1.743357 0.071260
v -0.028957 -1.743357 -0.166740
v 0.214044 -1.161356 -0.166740
v 0.214044 -1.743357 -0.166740
v -0.028956 -1.161356 -0.166740
v 0.214044 -1.743357 -0.166740
v -0.028957 -1.743357 -0.166740
v -0.028956 -1.161356 -0.166740
v -0.028957 -1.161356 0.071260
v -0.028957 -1.743357 0.071260
v 0.214044 -1.161357 0.071260
v -0.028957 -1.743357 0.071260
v 0.214043 -1.743357 0.071260
v 0.214044 -1.161357 0.071260
v -0.228957 -1.090356 -0.295740
v -0.228957 -1.671357 -0.295740
v -0.228957 -1.090356 -0.057740
v -0.228957 -1.671356 -0.057740
v 0.014044 -1.090357 -0.057740
v 0.014043 -1.671357 -0.057740
v 0.014044 -1.090356 -0.295740
v 0.014044 -1.671356 -0.295740
v 0.014044 -1.090357 -0.057740
v 0.014044 -1.090356 -0.295740
v -0.228957 -1.090356 -0.057740
v -0.228957 -1.090356 -0.295740
v 0.014044 -1.671356 -0.295740
v 0.014043 -1.671357 -0.057740
v -0.228957 -1.671357 -0.295740
v 0.014043 -1.671357 -0.057740
v -0.228957 -1.671356 -0.057740
v -0.228957 -1.671357 -0.295740
v 0.014044 -1.090356 -0.295740
v 0.014044 -1.671356 -0.295740
v -0.228957 -1.090356 -0.295740
v 0.014044 -1.671356 -0.295740
v -0.228957 -1.671357 -0.295740
v -0.228957 -1.090356 -0.295740
v -0.228957 -1.090356 -0.057740
v -0.228957 -1.671356 -0.057740
v 0.014044 -1.090357 -0.057740
v -0.228957 -1.671356 -0.057740
v 0.014043 -1.671357 -0.057740
v 0.014044 -1.090357 -0.057740
v -0.166956 -1.953357 -0.133740
v -0.166957 -2.534357 -0.133740
v -0.166957 -1.953357 0.104260
v -0.166957 -2.534357 0.104260
v 0.076043 -1.953357 0.104260
v 0.076043 -2.534357 0.104260
v 0.076043 -1.953357 -0.133740
v 0.076043 -2.534357 -0.133740
v 0.076043 -1.953357 0.104260
v 0.076043 -1.953357 -0.133740
v -0.166957 -1.953357 0.104260
v -0.166956 -1.953357 -0.133740
v 0.076043 -2.534357 -0.133740
v 0.076043 -2.534357 0.104260
v -0.166957 -2.534357 -0.133740
v 0.076043 -2.534357 0.104260
v -0.166957 -2.534357 0.104260
v -0.166957 -2.534357 -0.133740
v 0.076043 -1.953357 -0.133740
v 0.076043 -2.534357 -0.133740
v -0.166956 -1.953357 -0.133740
v 0.076043 -2.534357 -0.133740
v -0.166957 -2.534357 -0.133740
v -0.166956 -1.953357 -0.133740
v -0.166957 -1.953357 0.104260
v -0.166957 -2.534357 0.104260
v 0.076043 -1.953357 0.104260
v -0.166957 -2.534357 0.104260
v 0.076043 -2.534357 0.104260
v 0.076043 -1.953357 0.104260
v -0.171956 -1.981357 0.014260
v -0.171956 -2.563356 0.014260
v -0.171957 -1.981357 0.252260
v -0.171957 -2.563357 0.252260
v 0.071044 -1.981357 0.252260
v 0.071043 -2.563357 0.252260
v 0.071043 -1.981357 0.014260
v 0.071044 -2.563356 0.014260
v 0.071044 -1.981357 0.252260
v 0.071043 -1.981357 0.014260
v -0.171957 -1.981357 0.252260
v -0.171956 -1.981357 0.014260
v 0.071044 -2.563356 0.014260
v 0.071043 -2.563357 0.252260
v -0.171956 -2.563356 0.014260
v 0.071043 -2.563357 0.252260
v -0.171957 -2.563357 0.252260
v -0.171956 -2.563356 0.014260
v 0.071043 -1.981357 0.014260
v 0.071044 -2.563356 0.014260
v -0.171956 -1.981357 0.014260
v 0.071044 -2.563356 0.014260
v -0.171956 -2.563356 0.014260
v -0.171956 -1.981357 0.014260
v -0.171957 -1.981357 0.252260
v -0.171957 -2.563357 0.252260
v 0.071044 -1.981357 0.252260
v -0.171957 -2.563357 0.252260
v 0.071043 -2.563357 0.252260
v 0.071044 -1.981357 0.252260
v -0.242956 -0.651356 -0.300740
v -0.242956 -1.233356 -0.300740
v -0.242956 -0.651356 -0.061740
v -0.242956 -1.233356 -0.061740
v 0.000044 -0.651356 -0.061740
v 0.000043 -1.233356 -0.061740
v 0.000043 -0.651356 -0.300740
v 0.000043 -1.233356 -0.300740
v 0.000044 -0.651356 -0.061740
v 0.000043 -0.651356 -0.300740
v -0.242956 -0.651356 -0.061740
v -0.242956 -0.651356 -0.300740
v 0.000043 -1.233356 -0.300740
v 0.000043 -1.233356 -0.061740
v -0.242956 -1.233356 -0.300740
v 0.000043 -1.233356 -0.061740
v -0.242956 -1.233356 -0.061740
v -0.242956 -1.233356 -0.300740
v 0.000043 -0.651356 -0.300740
v 0.000043 -1.233356 -0.300740
v -0.242956 -0.651356 -0.300740
v 0.000043 -1.233356 -0.300740
v -0.242956 -1.233356 -0.300740
v -0.242956 -0.651356 -0.300740
v -0.242956 -0.651356 -0.061740
v -0.242956 -1.233356 -0.061740
v 0.000044 -0.651356 -0.061740
v -0.242956 -1.233356 -0.061740
v 0.000043 -1.233356 -0.061740
v 0.000044 -0.651356 -0.061740
v -0.462957 -0.794357 -0.276740
v -0.462957 -1.566356 -0.276740
v -0.462957 -0.794357 -0.038740
v -0.462956 -1.566357 -0.038740
v -0.218956 -0.794357 -0.038740
v -0.218957 -1.566357 -0.038740
v -0.218956 -0.794357 -0.276740
v -0.218957 -1.566356 -0.276740
v -0.218956 -0.794357 -0.038740
v -0.218956 -0.794357 -0.276740
v -0.462957 -0.794357 -0.038740
v -0.462957 -0.794357 -0.276740
v -0.218957 -1.566356 -0.276740
v -0.218957 -1.566357 -0.038740
v -0.462957 -1.566356 -0.276740
v -0.218957 -1.566357 -0.038740
v -0.462956 -1.566357 -0.038740
v -0.462957 -1.566356 -0.276740
v -0.218956 -0.794357 -0.276740
v -0.218957 -1.566356 -0.276740
v -0.462957 -0.794357 -0.276740
v -0.218957 -1.566356 -0.276740
v -0.462957 -1.566356 -0.276740
v -0.462957 -0.794357 -0.276740
v -0.462957 -0.794357 -0.038740
v -0.462956 -1.566357 -0.038740
v -0.218956 -0.794357 -0.038740
v -0.462956 -1.566357 -0.038740
v -0.218957 -1.566357 -0.038740
v -0.218956 -0.794357 -0.038740
v 0.095044 -1.543357 -0.176740
v 0.095043 -2.124357 -0.176740
v 0.095044 -1.543357 0.062260
v 0.095043 -2.124357 0.062260
v 0.338043 -1.543356 0.062260
v 0.338043 -2.124357 0.062260
v 0.338043 -1.543356 -0.176740
v 0.338043 -2.124357 -0.176740
v 0.338043 -1.543356 0.062260
v 0.338043 -1.543356 -0.176740
v 0.095044 -1.543357 0.062260
v 0.095044 -1.543357 -0.176740
v 0.338043 -2.124357 -0.176740
v 0.338043 -2.124357 0.062260
v 0.095043 -2.124357 -0.176740
v 0.338043 -2.124357 0.062260
v 0.095043 -2.124357 0.062260
v 0.095043 -2.124357 -0.176740
v 0.338043 -1.543356 -0.176740
v 0.338043 -2.124357 -0.176740
v 0.095044 -1.543357 -0.176740
v 0.338043 -2.124357 -0.176740
v 0.095043 -2.124357 -0.176740
v 0.095044 -1.543357 -0.176740
v 0.095044 -1.543357 0.062260
v 0.095043 -2.124357 0.062260
v 0.338043 -1.543356 0.062260
v 0.095043 -2.124357 0.062260
v 0.338043 -2.124357 0.062260
v 0.338043 -1.543356 0.062260
v 0.048043 -1.686357 -0.128740
v 0.048043 -2.267356 -0.128740
v 0.048044 -1.686357 0.109260
v 0.048043 -2.267357 0.109260
v 0.291043 -1.686357 0.109260
v 0.291043 -2.267356 0.109260
v 0.291044 -1.686357 -0.128740
v 0.291043 -2.267357 -0.128740
v 0.291043 -1.686357 0.109260
v 0.291044 -1.686357 -0.128740
v 0.048044 -1.686357 0.109260
v 0.048043 -1.686357 -0.128740
v 0.291043 -2.267357 -0.128740
v 0.291043 -2.267356 0.109260
v 0.048043 -2.267356 -0.128740
v 0.291043 -2.267356 0.109260
v 0.048043 -2.267357 0.109260
v 0.048043 -2.267356 -0.128740
v 0.291044 -1.686357 -0.128740
v 0.291043 -2.267357 -0.128740
v 0.048043 -1.686357 -0.128740
v 0.291043 -2.267357 -0.128740
v 0.048043 -2.267356 -0.128740
v 0.048043 -1.686357 -0.128740
v 0.048044 -1.686357 0.109260
v 0.048043 -2.267357 0.109260
v 0.291043 -1.686357 0.109260
v 0.048043 -2.267357 0.109260
v 0.291043 -2.267356 0.109260
v 0.291043 -1.686357 0.109260
v -0.490957 -1.452357 -0.100740
v -0.490957 -2.034357 -0.100740
v -0.490956 -1.452356 0.138260
v -0.490957 -2.034357 0.138260
v -0.247957 -1.452357 0.138260
v -0.247956 -2.034357 0.138260
v -0.247957 -1.452357 -0.100740
v -0.247957 -2.034357 -0.100740
v -0.247957 -1.452357 0.138260
v -0.247957 -1.452357 -0.100740
v -0.490956 -1.452356 0.138260
v -0.490957 -1.452357 -0.100740
v -0.247957 -2.034357 -0.100740
v -0.247956 -2.034357 0.138260
v -0.490957 -2.034357 -0.100740
v -0.247956 -2.034357 0.138260
v -0.490957 -2.034357 0.138260
v -0.490957 -2.034357 -0.100740
v -0.247957 -1.452357 -0.100740
v -0.247957 -2.034357 -0.100740
v -0.490957 -1.452357 -0.100740
v -0.247957 -2.034357 -0.100740
v -0.490957 -2.034357 -0.100740
v -0.490957 -1.452357 -0.100740
v -0.490956 -1.452356 0.138260
v -0.490957 -2.034357 0.138260
v -0.247957 -1.452357 0.138260
v -0.490957 -2.034357 0.138260
v -0.247956 -2.034357 0.138260
v -0.247957 -1.452357 0.138260
v 0.172043 -1.223357 -0.004740
v 0.172044 -1.805357 -0.004740
v 0.172043 -1.223357 0.233260
v 0.172043 -1.805357 0.233260
v 0.415043 -1.223357 0.233260
v 0.415044 -1.805357 0.233260
v 0.415043 -1.223357 -0.004740
v 0.415044 -1.805357 -0.004740
v 0.415043 -1.223357 0.233260
v 0.415043 -1.223357 -0.004740
v 0.172043 -1.223357 0.233260
v 0.172043 -1.223357 -0.004740
v 0.415044 -1.805357 -0.004740
v 0.415044 -1.805357 0.233260
v 0.172044 -1.805357 -0.004740
v 0.415044 -1.805357 0.233260
v 0.172043 -1.805357 0.233260
v 0.172044 -1.805357 -0.004740
v 0.415043 -1.223357 -0.004740
v 0.415044 -1.805357 -0.004740
v 0.172043 -1.223357 -0.004740
v 0.415044 -1.805357 -0.004740
v 0.172044 -1.805357 -0.004740
v 0.172043 -1.223357 -0.004740
v 0.172043 -1.223357 0.233260
v 0.172043 -1.805357 0.233260
v 0.415043 -1.223357 0.233260
v 0.172043 -1.805357 0.233260
v 0.415044 -1.805357 0.233260
v 0.415043 -1.223357 0.233260
v 0.124043 -1.319356 0.043260
v 0.124043 -1.900357 0.043260
v 0.124043 -1.319356 0.281260
v 0.124043 -1.900357 0.281260
v 0.367043 -1.319356 0.281260
v 0.367043 -1.900357 0.281260
v 0.367043 -1.319356 0.043260
v 0.367043 -1.900356 0.043260
v 0.367043 -1.319356 0.281260
v 0.367043 -1.319356 0.043260
v 0.124043 -1.319356 0.281260
v 0.124043 -1.319356 0.043260
v 0.367043 -1.900356 0.043260
v 0.367043 -1.900357 0.281260
v 0.124043 -1.900357 0.043260
v 0.367043 -1.900357 0.281260
v 0.124043 -1.900357 0.281260
v 0.124043 -1.900357 0.043260
v 0.367043 -1.319356 0.043260
v 0.367043 -1.900356 0.043260
v 0.124043 -1.319356 0.043260
v 0.367043 -1.900356 0.043260
v 0.124043 -1.900357 0.043260
v 0.124043 -1.319356 0.043260
v 0.124043 -1.319356 0.281260
v 0.124043 -1.900357 0.281260
v 0.367043 -1.319356 0.281260
v 0.124043 -1.900357 0.281260
v 0.367043 -1.900357 0.281260
v 0.367043 -1.319356 0.281260
v -0.466956 -1.547357 0.062260
v -0.466956 -2.129357 0.062260
v -0.466956 -1.547357 0.300260
v -0.466957 -2.129356 0.300260
v -0.223957 -1.547357 0.300260
v -0.223956 -2.129357 0.300260
v -0.223957 -1.547357 0.062260
v -0.223956 -2.129356 0.062260
v -0.223957 -1.547357 0.300260
v -0.223957 -1.547357 0.062260
v -0.466956 -1.547357 0.300260
v -0.466956 -1.547357 0.062260
v -0.223956 -2.129356 0.062260
v -0.223956 -2.129357 0.300260
v -0.466956 -2.129357 0.062260
v -0.223956 -2.129357 0.300260
v -0.466957 -2.129356 0.300260
v -0.466956 -2.129357 0.062260
v -0.223957 -1.547357 0.062260
v -0.223956 -2.129356 0.062260
v -0.466956 -1.547357 0.062260
v -0.223956 -2.129356 0.062260
v -0.466956 -2.129357 0.062260
v -0.466956 -1.547357 0.062260
v -0.466956 -1.547357 0.300260
v -0.466957 -2.129356 0.300260
v -0.223957 -1.547357 0.300260
v -0.466957 -2.129356 0.300260
v -0.223956 -2.129357 0.300260
v -0.223957 -1.547357 0.300260
v -0.419957 -1.595356 -0.114740
v -0.419957 -2.177357 -0.114740
v -0.419957 -1.595356 0.124260
v -0.419957 -2.177357 0.124260
v -0.176956 -1.595356 0.124260
v -0.176957 -2.177357 0.124260
v -0.176956 -1.595356 -0.114740
v -0.176956 -2.177357 -0.114740
v -0.176956 -1.595356 0.124260
v -0.176956 -1.595356 -0.114740
v -0.419957 -1.595356 0.124260
v -0.419957 -1.595356 -0.114740
v -0.176956 -2.177357 -0.114740
v -0.176957 -2.177357 0.124260
v -0.419957 -2.177357 -0.114740
v -0.176957 -2.177357 0.124260
v -0.419957 -2.177357 0.124260
v -0.419957 -2.177357 -0.114740
v -0.176956 -1.595356 -0.114740
v -0.176956 -2.177357 -0.114740
v -0.419957 -1.595356 -0.114740
v -0.176956 -2.177357 -0.114740
v -0.419957 -2.177357 -0.114740
v -0.419957 -1.595356 -0.114740
v -0.419957 -1.595356 0.124260
v -0.419957 -2.177357 0.124260
v -0.176956 -1.595356 0.124260
v -0.419957 -2.177357 0.124260
v -0.176957 -2.177357 0.124260
v -0.176956 -1.595356 0.124260
v -0.514956 -1.357357 -0.190740
v -0.514956 -1.938356 -0.190740
v -0.514957 -1.357357 0.047260
v -0.514957 -1.938357 0.047260
v -0.271956 -1.357357 0.047260
v -0.271956 -1.938357 0.047260
v -0.271956 -1.357357 -0.190740
v -0.271957 -1.938356 -0.190740
v -0.271956 -1.357357 0.047260
v -0.271956 -1.357357 -0.190740
v -0.514957 -1.357357 0.047260
v -0.514956 -1.357357 -0.190740
v -0.271957 -1.938356 -0.190740
v -0.271956 -1.938357 0.047260
v -0.514956 -1.938356 -0.190740
v -0.271956 -1.938357 0.047260
v -0.514957 -1.938357 0.047260
v -0.514956 -1.938356 -0.190740
v -0.271956 -1.357357 -0.190740
v -0.271957 -1.938356 -0.190740
v -0.514956 -1.357357 -0.190740
v -0.271957 -1.938356 -0.190740
v -0.514956 -1.938356 -0.190740
v -0.514956 -1.357357 -0.190740
v -0.514957 -1.357357 0.047260
v -0.514957 -1.938357 0.047260
v -0.271956 -1.357357 0.047260
v -0.514957 -1.938357 0.047260
v -0.271956 -1.938357 0.047260
v -0.271956 -1.357357 0.047260
v -0.514957 -1.404356 -0.076740
v -0.514956 -1.986356 -0.076740
v -0.514956 -1.404356 0.162260
v -0.514956 -1.986357 0.162260
v -0.271956 -1.404356 0.162260
v -0.271957 -1.986357 0.162260
v -0.271957 -1.404357 -0.076740
v -0.271957 -1.986356 -0.076740
v -0.271956 -1.404356 0.162260
v -0.271957 -1.404357 -0.076740
v -0.514956 -1.404356 0.162260
v -0.514957 -1.404356 -0.076740
v -0.271957 -1.986356 -0.076740
v -0.271957 -1.986357 0.162260
v -0.514956 -1.986356 -0.076740
v -0.271957 -1.986357 0.162260
v -0.514956 -1.986357 0.162260
v -0.514956 -1.986356 -0.076740
v -0.271957 -1.404357 -0.076740
v -0.271957 -1.986356 -0.076740
v -0.514957 -1.404356 -0.076740
v -0.271957 -1.986356 -0.076740
v -0.514956 -1.986356 -0.076740
v -0.514957 -1.404356 -0.076740
v -0.514956 -1.404356 0.162260
v -0.514956 -1.986357 0.162260
v -0.271956 -1.404356 0.162260
v -0.514956 -1.986357 0.162260
v -0.271957 -1.986357 0.162260
v -0.271956 -1.404356 0.162260
v -0.519957 -1.452357 0.095260
v -0.519956 -2.034357 0.095260
v -0.519957 -1.452357 0.333260
v -0.519956 -2.034357 0.333260
v -0.276956 -1.452357 0.333260
v -0.276957 -2.034357 0.333260
v -0.276956 -1.452357 0.095260
v -0.276956 -2.034357 0.095260
v -0.276956 -1.452357 0.333260
v -0.276956 -1.452357 0.095260
v -0.519957 -1.452357 0.333260
v -0.519957 -1.452357 0.095260
v -0.276956 -2.034357 0.095260
v -0.276957 -2.034357 0.333260
v -0.519956 -2.034357 0.095260
v -0.276957 -2.034357 0.333260
v -0.519956 -2.034357 0.333260
v -0.519956 -2.034357 0.095260
v -0.276956 -1.452357 0.095260
v -0.276956 -2.034357 0.095260
v -0.519957 -1.452357 0.095260
v -0.276956 -2.034357 0.095260
v -0.519956 -2.034357 0.095260
v -0.519957 -1.452357 0.095260
v -0.519957 -1.452357 0.333260
v -0.519956 -2.034357 0.333260
v -0.276956 -1.452357 0.333260
v -0.519956 -2.034357 0.333260
v -0.276957 -2.034357 0.333260
v -0.276956 -1.452357 0.333260
v -0.509957 -1.471356 0.100260
v -0.509957 -2.053357 0.100260
v -0.509957 -1.471356 0.338260
v -0.509957 -2.053357 0.338260
v -0.171957 -1.471357 0.338260
v -0.171956 -2.053357 0.338260
v -0.171956 -1.471356 0.100260
v -0.171957 -2.053356 0.100260
v -0.171957 -1.471357 0.338260
v -0.171956 -1.471356 0.100260
v -0.509957 -1.471356 0.338260
v -0.509957 -1.471356 0.100260
v -0.171957 -2.053356 0.100260
v -0.171956 -2.053357 0.338260
v -0.509957 -2.053357 0.100260
v -0.171956 -2.053357 0.338260
v -0.509957 -2.053357 0.338260
v -0.509957 -2.053357 0.100260
v -0.171956 -1.471356 0.100260
v -0.171957 -2.053356 0.100260
v -0.509957 -1.471356 0.100260
v -0.171957 -2.053356 0.100260
v -0.509957 -2.053357 0.100260
v -0.509957 -1.471356 0.100260
v -0.509957 -1.471356 0.338260
v -0.509957 -2.053357 0.338260
v -0.171957 -1.471357 0.338260
v -0.509957 -2.053357 0.338260
v -0.171956 -2.053357 0.338260
v -0.171957 -1.471357 0.338260
v -0.309956 -1.428356 0.138260
v -0.309956 -2.010356 0.138260
v -0.309956 -1.428356 0.376260
v -0.309957 -2.010357 0.376260
v -0.066957 -1.428356 0.376260
v -0.066957 -2.010357 0.376260
v -0.066957 -1.428356 0.138260
v -0.066957 -2.010357 0.138260
v -0.066957 -1.428356 0.376260
v -0.066957 -1.428356 0.138260
v -0.309956 -1.428356 0.376260
v -0.309956 -1.428356 0.138260
v -0.066957 -2.010357 0.138260
v -0.066957 -2.010357 0.376260
v -0.309956 -2.010356 0.138260
v -0.066957 -2.010357 0.376260
v -0.309957 -2.010357 0.376260
v -0.309956 -2.010356 0.138260
v -0.066957 -1.428356 0.138260
v -0.066957 -2.010357 0.138260
v -0.309956 -1.428356 0.138260
v -0.066957 -2.010357 0.138260
v -0.309956 -2.010356 0.138260
v -0.309956 -1.428356 0.138260
v -0.309956 -1.428356 0.376260
v -0.309957 -2.010357 0.376260
v -0.066957 -1.428356 0.376260
v -0.309957 -2.010357 0.376260
v -0.066957 -2.010357 0.376260
v -0.066957 -1.428356 0.376260
v -0.063957 -1.605356 0.310260
v -0.063957 -2.091357 0.310260
v 0.174044 -1.605356 0.310260
v -0.063957 -2.091357 0.310260
v 0.174043 -2.091357 0.310260
v 0.174044 -1.605356 0.310260
v 0.174043 -1.605357 -0.023740
v 0.174043 -2.091357 -0.023740
v -0.063956 -1.605356 -0.023740
v 0.174043 -2.091357 -0.023740
v -0.063957 -2.091357 -0.023740
v -0.063956 -1.605356 -0.023740
v 0.174043 -1.605357 -0.023740
v -0.063956 -1.605356 -0.023740
v 0.174044 -1.605356 0.310260
v -0.063956 -1.605356 -0.023740
v -0.063957 -1.605356 0.310260
v 0.174044 -1.605356 0.310260
v -0.063957 -2.091357 -0.023740
v 0.174043 -2.091357 -0.023740
v -0.063957 -2.091357 0.310260
v 0.174043 -2.091357 0.310260
v -0.063956 -1.605356 -0.023740
v -0.063957 -2.091357 -0.023740
v -0.063957 -1.605356 0.310260
v -0.063957 -2.091357 0.310260
v 0.174044 -1.605356 0.310260
v 0.174043 -2.091357 0.310260
v 0.174043 -1.605357 -0.023740
v 0.174043 -2.091357 -0.023740
v 0.026044 -1.462357 0.348260
v 0.026044 -1.948357 0.348260
v 0.264043 -1.462357 0.348260
v 0.026044 -1.948357 0.348260
v 0.264043 -1.948357 0.348260
v 0.264043 -1.462357 0.348260
v 0.264044 -1.462357 0.014260
v 0.264044 -1.948356 0.014260
v 0.026043 -1.462357 0.014260
v 0.264044 -1.948356 0.014260
v 0.026043 -1.948357 0.014260
v 0.026043 -1.462357 0.014260
v 0.264044 -1.462357 0.014260
v 0.026043 -1.462357 0.014260
v 0.264043 -1.462357 0.348260
v 0.026043 -1.462357 0.014260
v 0.026044 -1.462357 0.348260
v 0.264043 -1.462357 0.348260
v 0.026043 -1.948357 0.014260
v 0.264044 -1.948356 0.014260
v 0.026044 -1.948357 0.348260
v 0.264043 -1.948357 0.348260
v 0.026043 -1.462357 0.014260
v 0.026043 -1.948357 0.014260
v 0.026044 -1.462357 0.348260
v 0.026044 -1.948357 0.348260
v 0.264043 -1.462357 0.348260
v 0.264043 -1.948357 0.348260
v 0.264044 -1.462357 0.014260
v 0.264044 -1.948356 0.014260
v -0.509957 -1.233356 0.162260
v -0.509956 -1.814357 0.162260
v -0.509957 -1.233356 0.400260
v -0.509957 -1.814357 0.400260
v -0.266957 -1.233356 0.400260
v -0.266956 -1.814357 0.400260
v -0.266956 -1.233356 0.162260
v -0.266956 -1.814357 0.162260
v -0.266957 -1.233356 0.400260
v -0.266956 -1.233356 0.162260
v -0.509957 -1.233356 0.400260
v -0.509957 -1.233356 0.162260
v -0.266956 -1.814357 0.162260
v -0.266956 -1.814357 0.400260
v -0.509956 -1.814357 0.162260
v -0.266956 -1.814357 0.400260
v -0.509957 -1.814357 0.400260
v -0.509956 -1.814357 0.162260
v -0.266956 -1.233356 0.162260
v -0.266956 -1.814357 0.162260
v -0.509957 -1.233356 0.162260
v -0.266956 -1.814357 0.162260
v -0.509956 -1.814357 0.162260
v -0.509957 -1.233356 0.162260
v -0.509957 -1.233356 0.400260
v -0.509957 -1.814357 0.400260
v -0.266957 -1.233356 0.400260
v -0.509957 -1.814357 0.400260
v -0.266956 -1.814357 0.400260
v -0.266957 -1.233356 0.400260
v -0.118956 -1.333356 0.176260
v -0.118957 -1.915357 0.176260
v -0.118957 -1.333356 0.414260
v -0.118956 -1.915356 0.414260
v 0.124043 -1.333356 0.414260
v 0.124043 -1.915356 0.414260
v 0.124043 -1.333356 0.176260
v 0.124043 -1.915357 0.176260
v 0.124043 -1.333356 0.414260
v 0.124043 -1.333356 0.176260
v -0.118957 -1.333356 0.414260
v -0.118956 -1.333356 0.176260
v 0.124043 -1.915357 0.176260
v 0.124043 -1.915356 0.414260
v -0.118957 -1.915357 0.176260
v 0.124043 -1.915356 0.414260
v -0.118956 -1.915356 0.414260
v -0.118957 -1.915357 0.176260
v 0.124043 -1.333356 0.176260
v 0.124043 -1.915357 0.176260
v -0.118956 -1.333356 0.176260
v 0.124043 -1.915357 0.176260
v -0.118957 -1.915357 0.176260
v -0.118956 -1.333356 0.176260
v -0.118957 -1.333356 0.414260
v -0.118956 -1.915356 0.414260
v 0.124043 -1.333356 0.414260
v -0.118956 -1.915356 0.414260
v 0.124043 -1.915356 0.414260
v 0.124043 -1.333356 0.414260
v -0.073957 -1.237356 0.462260
v -0.073957 -1.819356 0.462260
v 0.164043 -1.237356 0.462260
v -0.073957 -1.819356 0.462260
v 0.164044 -1.819356 0.462260
v 0.164043 -1.237356 0.462260
v 0.164043 -1.237357 0.081260
v 0.164044 -1.819356 0.081260
v -0.073957 -1.237356 0.081260
v 0.164044 -1.819356 0.081260
v -0.073957 -1.819356 0.081260
v -0.073957 -1.237356 0.081260
v 0.164043 -1.237357 0.081260
v -0.073957 -1.237356 0.081260
v 0.164043 -1.237356 0.462260
v -0.073957 -1.237356 0.081260
v -0.073957 -1.237356 0.462260
v 0.164043 -1.237356 0.462260
v -0.073957 -1.819356 0.081260
v 0.164044 -1.819356 0.081260
v -0.073957 -1.819356 0.462260
v 0.164044 -1.819356 0.462260
v -0.073957 -1.237356 0.081260
v -0.073957 -1.819356 0.081260
v -0.073957 -1.237356 0.462260
v -0.073957 -1.819356 0.462260
v 0.164043 -1.237356 0.462260
v 0.164044 -1.819356 0.462260
v 0.164043 -1.237357 0.081260
v 0.164044 -1.819356 0.081260
v 0.119043 -1.352356 -0.228740
v 0.119044 -1.934356 -0.228740
v 0.119043 -1.352357 0.009260
v 0.119044 -1.934357 0.009260
v 0.362043 -1.352357 0.009260
v 0.362044 -1.934356 0.009260
v 0.362043 -1.352356 -0.228740
v 0.362043 -1.934356 -0.228740
v 0.362043 -1.352357 0.009260
v 0.362043 -1.352356 -0.228740
v 0.119043 -1.352357 0.009260
v 0.119043 -1.352356 -0.228740
v 0.362043 -1.934356 -0.228740
v 0.362044 -1.934356 0.009260
v 0.119044 -1.934356 -0.228740
v 0.362044 -1.934356 0.009260
v 0.119044 -1.934357 0.009260
v 0.119044 -1.934356 -0.228740
v 0.362043 -1.352356 -0.228740
v 0.362043 -1.934356 -0.228740
v 0.119043 -1.352356 -0.228740
v 0.362043 -1.934356 -0.228740
v 0.119044 -1.934356 -0.228740
v 0.119043 -1.352356 -0.228740
v 0.119043 -1.352357 0.009260
v 0.119044 -1.934357 0.009260
v 0.362043 -1.352357 0.009260
v 0.119044 -1.934357 0.009260
v 0.362044 -1.934356 0.009260
v 0.362043 -1.352357 0.009260
v -0.290957 -1.237356 -0.109740
v -0.290957 -1.819357 -0.109740
v -0.290957 -1.237356 0.128260
v -0.290956 -1.819356 0.128260
v -0.047957 -1.237357 0.128260
v -0.047956 -1.819356 0.128260
v -0.047957 -1.237356 -0.109740
v -0.047957 -1.819356 -0.109740
v -0.047957 -1.237357 0.128260
v -0.047957 -1.237356 -0.109740
v -0.290957 -1.237356 0.128260
v -0.290957 -1.237356 -0.109740
v -0.047957 -1.819356 -0.109740
v -0.047956 -1.819356 0.128260
v -0.290957 -1.819357 -0.109740
v -0.047956 -1.819356 0.128260
v -0.290956 -1.819356 0.128260
v -0.290957 -1.819357 -0.109740
v -0.047957 -1.237356 -0.109740
v -0.047957 -1.819356 -0.109740
v -0.290957 -1.237356 -0.109740
v -0.047957 -1.819356 -0.109740
v -0.290957 -1.819357 -0.109740
v -0.290957 -1.237356 -0.109740
v -0.290957 -1.237356 0.128260
v -0.290956 -1.819356 0.128260
v -0.047957 -1.237357 0.128260
v -0.290956 -1.819356 0.128260
v -0.047956 -1.819356 0.128260
v -0.047957 -1.237357 0.128260
v -0.490957 -1.266356 -0.162740
v -0.490957 -1.848356 -0.162740
v -0.490957 -1.266356 0.076260
v -0.490957 -1.848356 0.076260
v -0.247957 -1.266356 0.076260
v -0.247957 -1.848356 0.076260
v -0.247957 -1.266356 -0.162740
v -0.247957 -1.848357 -0.162740
v -0.247957 -1.266356 0.076260
v -0.247957 -1.266356 -0.162740
v -0.490957 -1.266356 0.076260
v -0.490957 -1.266356 -0.162740
v -0.247957 -1.848357 -0.162740
v -0.247957 -1.848356 0.076260
v -0.490957 -1.848356 -0.162740
v -0.247957 -1.848356 0.076260
v -0.490957 -1.848356 0.076260
v -0.490957 -1.848356 -0.162740
v -0.247957 -1.266356 -0.162740
v -0.247957 -1.848357 -0.162740
v -0.490957 -1.266356 -0.162740
v -0.247957 -1.848357 -0.162740
v -0.490957 -1.848356 -0.162740
v -0.490957 -1.266356 -0.162740
v -0.490957 -1.266356 0.076260
v -0.490957 -1.848356 0.076260
v -0.247957 -1.266356 0.076260
v -0.490957 -1.848356 0.076260
v -0.247957 -1.848356 0.076260
v -0.247957 -1.266356 0.076260
v -0.309956 -1.605356 -0.247740
v -0.309956 -2.186357 -0.247740
v -0.309956 -1.605357 -0.009740
v -0.309956 -2.186357 -0.009740
v -0.114957 -1.605356 -0.009740
v -0.114957 -2.186357 -0.009740
v -0.114956 -1.605356 -0.247740
v -0.114956 -2.186357 -0.247740
v -0.114957 -1.605356 -0.009740
v -0.114956 -1.605356 -0.247740
v -0.309956 -1.605357 -0.009740
v -0.309956 -1.605356 -0.247740
v -0.114956 -2.186357 -0.247740
v -0.114957 -2.186357 -0.009740
v -0.309956 -2.186357 -0.247740
v -0.114957 -2.186357 -0.009740
v -0.309956 -2.186357 -0.009740
v -0.309956 -2.186357 -0.247740
v -0.114956 -1.605356 -0.247740
v -0.114956 -2.186357 -0.247740
v -0.309956 -1.605356 -0.247740
v -0.114956 -2.186357 -0.247740
v -0.309956 -2.186357 -0.247740
v -0.309956 -1.605356 -0.247740
v -0.309956 -1.605357 -0.009740
v -0.309956 -2.186357 -0.009740
v -0.114957 -1.605356 -0.009740
v -0.309956 -2.186357 -0.009740
v -0.114957 -2.186357 -0.009740
v -0.114957 -1.605356 -0.009740
v -0.123956 -1.495357 -0.214740
v -0.123957 -2.077356 -0.214740
v -0.123957 -1.495357 0.023260
v -0.123957 -2.077357 0.023260
v 0.214044 -1.495357 0.023260
v 0.214044 -2.077357 0.023260
v 0.214043 -1.495357 -0.214740
v 0.214044 -2.077356 -0.214740
v 0.214044 -1.495357 0.023260
v 0.214043 -1.495357 -0.214740
v -0.123957 -1.495357 0.023260
v -0.123956 -1.495357 -0.214740
v 0.214044 -2.077356 -0.214740
v 0.214044 -2.077357 0.023260
v -0.123957 -2.077356 -0.214740
v 0.214044 -2.077357 0.023260
v -0.123957 -2.077357 0.023260
v -0.123957 -2.077356 -0.214740
v 0.214043 -1.495357 -0.214740
v 0.214044 -2.077356 -0.214740
v -0.123956 -1.495357 -0.214740
v 0.214044 -2.077356 -0.214740
v -0.123957 -2.077356 -0.214740
v -0.123956 -1.495357 -0.214740
v -0.123957 -1.495357 0.023260
v -0.123957 -2.077357 0.023260
v 0.214044 -1.495357 0.023260
v -0.123957 -2.077357 0.023260
v 0.214044 -2.077357 0.023260
v 0.214044 -1.495357 0.023260
v -0.228957 -1.423357 -0.266740
v -0.228957 -2.005357 -0.266740
v -0.228957 -1.423357 -0.028740
v -0.228957 -2.005357 -0.028740
v 0.014044 -1.423357 -0.028740
v 0.014043 -2.005357 -0.028740
v 0.014043 -1.423357 -0.266740
v 0.014044 -2.005357 -0.266740
v 0.014044 -1.423357 -0.028740
v 0.014043 -1.423357 -0.266740
v -0.228957 -1.423357 -0.028740
v -0.228957 -1.423357 -0.266740
v 0.014044 -2.005357 -0.266740
v 0.014043 -2.005357 -0.028740
v -0.228957 -2.005357 -0.266740
v 0.014043 -2.005357 -0.028740
v -0.228957 -2.005357 -0.028740
v -0.228957 -2.005357 -0.266740
v 0.014043 -1.423357 -0.266740
v 0.014044 -2.005357 -0.266740
v -0.228957 -1.423357 -0.266740
v 0.014044 -2.005357 -0.266740
v -0.228957 -2.005357 -0.266740
v -0.228957 -1.423357 -0.266740
v -0.228957 -1.423357 -0.028740
v -0.228957 -2.005357 -0.028740
v 0.014044 -1.423357 -0.028740
v -0.228957 -2.005357 -0.028740
v 0.014043 -2.005357 -0.028740
v 0.014044 -1.423357 -0.028740
v 0.000044 -1.333356 -0.281740
v 0.000043 -1.915356 -0.281740
v 0.000043 -1.333356 -0.042740
v 0.000043 -1.915356 -0.042740
v 0.243043 -1.333356 -0.042740
v 0.243044 -1.915356 -0.042740
v 0.243043 -1.333356 -0.281740
v 0.243044 -1.915356 -0.281740
v 0.243043 -1.333356 -0.042740
v 0.243043 -1.333356 -0.281740
v 0.000043 -1.333356 -0.042740
v 0.000044 -1.333356 -0.281740
v 0.243044 -1.915356 -0.281740
v 0.243044 -1.915356 -0.042740
v 0.000043 -1.915356 -0.281740
v 0.243044 -1.915356 -0.042740
v 0.000043 -1.915356 -0.042740
v 0.000043 -1.915356 -0.281740
v 0.243043 -1.333356 -0.281740
v 0.243044 -1.915356 -0.281740
v 0.000044 -1.333356 -0.281740
v 0.243044 -1.915356 -0.281740
v 0.000043 -1.915356 -0.281740
v 0.000044 -1.333356 -0.281740
v 0.000043 -1.333356 -0.042740
v 0.000043 -1.915356 -0.042740
v 0.243043 -1.333356 -0.042740
v 0.000043 -1.915356 -0.042740
v 0.243044 -1.915356 -0.042740
v 0.243043 -1.333356 -0.042740
v -0.462956 -1.128357 -0.223740
v -0.462957 -1.900357 -0.223740
v -0.462956 -1.128357 0.014260
v -0.462957 -1.900357 0.014260
v -0.218957 -1.128357 0.014260
v -0.218957 -1.900357 0.014260
v -0.218957 -1.128357 -0.223740
v -0.218957 -1.900357 -0.223740
v -0.218957 -1.128357 0.014260
v -0.218957 -1.128357 -0.223740
v -0.462956 -1.128357 0.014260
v -0.462956 -1.128357 -0.223740
v -0.218957 -1.900357 -0.223740
v -0.218957 -1.900357 0.014260
v -0.462957 -1.900357 -0.223740
v -0.218957 -1.900357 0.014260
v -0.462957 -1.900357 0.014260
v -0.462957 -1.900357 -0.223740
v -0.218957 -1.128357 -0.223740
v -0.218957 -1.900357 -0.223740
v -0.462956 -1.128357 -0.223740
v -0.218957 -1.900357 -0.223740
v -0.462957 -1.900357 -0.223740
v -0.462956 -1.128357 -0.223740
v -0.462956 -1.128357 0.014260
v -0.462957 -1.900357 0.014260
v -0.218957 -1.128357 0.014260
v -0.462957 -1.900357 0.014260
v -0.218957 -1.900357 0.014260
v -0.218957 -1.128357 0.014260
v -0.309956 -1.271357 -0.233740
v -0.309956 -1.853356 -0.233740
v -0.309956 -1.271357 0.004260
v -0.309957 -1.853357 0.004260
v -0.114957 -1.271357 0.004260
v -0.114957 -1.853357 0.004260
v -0.114956 -1.271357 -0.233740
v -0.114957 -1.853357 -0.233740
v -0.114957 -1.271357 0.004260
v -0.114956 -1.271357 -0.233740
v -0.309956 -1.271357 0.004260
v -0.309956 -1.271357 -0.233740
v -0.114957 -1.853357 -0.233740
v -0.114957 -1.853357 0.004260
v -0.309956 -1.853356 -0.233740
v -0.114957 -1.853357 0.004260
v -0.309957 -1.853357 0.004260
v -0.309956 -1.853356 -0.233740
v -0.114956 -1.271357 -0.233740
v -0.114957 -1.853357 -0.233740
v -0.309956 -1.271357 -0.233740
v -0.114957 -1.853357 -0.233740
v -0.309956 -1.853356 -0.233740
v -0.309956 -1.271357 -0.233740
v -0.309956 -1.271357 0.004260
v -0.309957 -1.853357 0.004260
v -0.114957 -1.271357 0.004260
v -0.309957 -1.853357 0.004260
v -0.114957 -1.853357 0.004260
v -0.114957 -1.271357 0.004260
v 0.071044 -2.081357 -0.119740
v 0.071043 -2.901356 -0.119740
v 0.071044 -2.081357 0.119260
v 0.071043 -2.901357 0.119260
v 0.219043 -2.081357 0.119260
v 0.219043 -2.901356 0.119260
v 0.219043 -2.081357 -0.119740
v 0.219043 -2.901356 -0.119740
v 0.219043 -2.081357 0.119260
v 0.219043 -2.081357 -0.119740
v 0.071044 -2.081357 0.119260
v 0.071044 -2.081357 -0.119740
v 0.219043 -2.901356 -0.119740
v 0.219043 -2.901356 0.119260
v 0.071043 -2.901356 -0.119740
v 0.219043 -2.901356 0.119260
v 0.071043 -2.901357 0.119260
v 0.071043 -2.901356 -0.119740
v 0.219043 -2.081357 -0.119740
v 0.219043 -2.901356 -0.119740
v 0.071044 -2.081357 -0.119740
v 0.219043 -2.901356 -0.119740
v 0.071043 -2.901356 -0.119740
v 0.071044 -2.081357 -0.119740
v 0.071044 -2.081357 0.119260
v 0.071043 -2.901357 0.119260
v 0.219043 -2.081357 0.119260
v 0.071043 -2.901357 0.119260
v 0.219043 -2.901356 0.119260
v 0.219043 -2.081357 0.119260
v -0.266957 -1.795357 -0.195740
v -0.266957 -2.615356 -0.195740
v -0.266956 -1.795357 -0.004740
v -0.266957 -2.615356 -0.004740
v -0.118957 -1.795357 -0.004740
v -0.118956 -2.615356 -0.004740
v -0.118956 -1.795357 -0.195740
v -0.118956 -2.615356 -0.195740
v -0.118957 -1.795357 -0.004740
v -0.118956 -1.795357 -0.195740
v -0.266956 -1.795357 -0.004740
v -0.266957 -1.795357 -0.195740
v -0.118956 -2.615356 -0.195740
v -0.118956 -2.615356 -0.004740
v -0.266957 -2.615356 -0.195740
v -0.118956 -2.615356 -0.004740
v -0.266957 -2.615356 -0.004740
v -0.266957 -2.615356 -0.195740
v -0.118956 -1.795357 -0.195740
v -0.118956 -2.615356 -0.195740
v -0.266957 -1.795357 -0.195740
v -0.118956 -2.615356 -0.195740
v -0.266957 -2.615356 -0.195740
v -0.266957 -1.795357 -0.195740
v -0.266956 -1.795357 -0.004740
v -0.266957 -2.615356 -0.004740
v -0.118957 -1.795357 -0.004740
v -0.266957 -2.615356 -0.004740
v -0.118956 -2.615356 -0.004740
v -0.118957 -1.795357 -0.004740
v -0.242957 -2.177357 -0.071740
v -0.242957 -3.283357 -0.071740
v -0.242956 -2.177356 0.166260
v -0.242957 -3.283357 0.166260
v -0.094957 -2.177356 0.166260
v -0.094956 -3.283357 0.166260
v -0.094957 -2.177356 -0.071740
v -0.094957 -3.283357 -0.071740
v -0.094957 -2.177356 0.166260
v -0.094957 -2.177356 -0.071740
v -0.242956 -2.177356 0.166260
v -0.242957 -2.177357 -0.071740
v -0.094957 -3.283357 -0.071740
v -0.094956 -3.283357 0.166260
v -0.242957 -3.283357 -0.071740
v -0.094956 -3.283357 0.166260
v -0.242957 -3.283357 0.166260
v -0.242957 -3.283357 -0.071740
v -0.094957 -2.177356 -0.071740
v -0.094957 -3.283357 -0.071740
v -0.242957 -2.177357 -0.071740
v -0.094957 -3.283357 -0.071740
v -0.242957 -3.283357 -0.071740
v -0.242957 -2.177357 -0.071740
v -0.242956 -2.177356 0.166260
v -0.242957 -3.283357 0.166260
v -0.094957 -2.177356 0.166260
v -0.242957 -3.283357 0.166260
v -0.094956 -3.283357 0.166260
v -0.094957 -2.177356 0.166260
v -0.543957 -0.904356 -0.257740
v -0.543957 -1.485357 -0.257740
v -0.543957 -0.904356 -0.018740
v -0.543957 -1.485357 -0.018740
v -0.300956 -0.904357 -0.018740
v -0.300956 -1.485357 -0.018740
v -0.300956 -0.904356 -0.257740
v -0.300956 -1.485357 -0.257740
v -0.300956 -0.904357 -0.018740
v -0.300956 -0.904356 -0.257740
v -0.543957 -0.904356 -0.018740
v -0.543957 -0.904356 -0.257740
v -0.300956 -1.485357 -0.257740
v -0.300956 -1.485357 -0.018740
v -0.543957 -1.485357 -0.257740
v -0.300956 -1.485357 -0.018740
v -0.543957 -1.485357 -0.018740
v -0.543957 -1.485357 -0.257740
v -0.300956 -0.904356 -0.257740
v -0.300956 -1.485357 -0.257740
v -0.543957 -0.904356 -0.257740
v -0.300956 -1.485357 -0.257740
v -0.543957 -1.485357 -0.257740
v -0.543957 -0.904356 -0.257740
v -0.543957 -0.904356 -0.018740
v -0.543957 -1.485357 -0.018740
v -0.300956 -0.904357 -0.018740
v -0.543957 -1.485357 -0.018740
v -0.300956 -1.485357 -0.018740
v -0.300956 -0.904357 -0.018740
v -0.490957 -0.932357 -0.162740
v -0.490957 -1.514356 -0.162740
v -0.490957 -0.932356 0.076260
v -0.490957 -1.514356 0.076260
v -0.247956 -0.932357 0.076260
v -0.247957 -1.514356 0.076260
v -0.247957 -0.932357 -0.162740
v -0.247957 -1.514356 -0.162740
v -0.247956 -0.932357 0.076260
v -0.247957 -0.932357 -0.162740
v -0.490957 -0.932356 0.076260
v -0.490957 -0.932357 -0.162740
v -0.247957 -1.514356 -0.162740
v -0.247957 -1.514356 0.076260
v -0.490957 -1.514356 -0.162740
v -0.247957 -1.514356 0.076260
v -0.490957 -1.514356 0.076260
v -0.490957 -1.514356 -0.162740
v -0.247957 -0.932357 -0.162740
v -0.247957 -1.514356 -0.162740
v -0.490957 -0.932357 -0.162740
v -0.247957 -1.514356 -0.162740
v -0.490957 -1.514356 -0.162740
v -0.490957 -0.932357 -0.162740
v -0.490957 -0.932356 0.076260
v -0.490957 -1.514356 0.076260
v -0.247956 -0.932357 0.076260
v -0.490957 -1.514356 0.076260
v -0.247957 -1.514356 0.076260
v -0.247956 -0.932357 0.076260
v -0.290956 -0.904356 -0.109740
v -0.290956 -1.485356 -0.109740
v -0.290956 -0.904357 0.128260
v -0.290956 -1.485357 0.128260
v -0.047957 -0.904356 0.128260
v -0.047957 -1.485357 0.128260
v -0.047957 -0.904356 -0.109740
v -0.047957 -1.485357 -0.109740
v -0.047957 -0.904356 0.128260
v -0.047957 -0.904356 -0.109740
v -0.290956 -0.904357 0.128260
v -0.290956 -0.904356 -0.109740
v -0.047957 -1.485357 -0.109740
v -0.047957 -1.485357 0.128260
v -0.290956 -1.485356 -0.109740
v -0.047957 -1.485357 0.128260
v -0.290956 -1.485357 0.128260
v -0.290956 -1.485356 -0.109740
v -0.047957 -0.904356 -0.109740
v -0.047957 -1.485357 -0.109740
v -0.290956 -0.904356 -0.109740
v -0.047957 -1.485357 -0.109740
v -0.290956 -1.485356 -0.109740
v -0.290956 -0.904356 -0.109740
v -0.290956 -0.904357 0.128260
v -0.290956 -1.485357 0.128260
v -0.047957 -0.904356 0.128260
v -0.290956 -1.485357 0.128260
v -0.047957 -1.485357 0.128260
v -0.047957 -0.904356 0.128260
v -0.118956 -0.999357 0.176260
v -0.118957 -1.581357 0.176260
v -0.118957 -0.999357 0.414260
v -0.118957 -1.581357 0.414260
v 0.124043 -0.999357 0.414260
v 0.124043 -1.581357 0.414260
v 0.124044 -0.999357 0.176260
v 0.124044 -1.581357 0.176260
v 0.124043 -0.999357 0.414260
v 0.124044 -0.999357 0.176260
v -0.118957 -0.999357 0.414260
v -0.118956 -0.999357 0.176260
v 0.124044 -1.581357 0.176260
v 0.124043 -1.581357 0.414260
v -0.118957 -1.581357 0.176260
v 0.124043 -1.581357 0.414260
v -0.118957 -1.581357 0.414260
v -0.118957 -1.581357 0.176260
v 0.124044 -0.999357 0.176260
v 0.124044 -1.581357 0.176260
v -0.118956 -0.999357 0.176260
v 0.124044 -1.581357 0.176260
v -0.118957 -1.581357 0.176260
v -0.118956 -0.999357 0.176260
v -0.118957 -0.999357 0.414260
v -0.118957 -1.581357 0.414260
v 0.124043 -0.999357 0.414260
v -0.118957 -1.581357 0.414260
v 0.124043 -1.581357 0.414260
v 0.124043 -0.999357 0.414260
v -0.214957 -0.808357 0.190260
v -0.214957 -1.390357 0.190260
v -0.214957 -0.808357 0.429260
v -0.214957 -1.390357 0.429260
v 0.028043 -0.808357 0.429260
v 0.028043 -1.390357 0.429260
v 0.028043 -0.808357 0.190260
v 0.028043 -1.390357 0.190260
v 0.028043 -0.808357 0.429260
v 0.028043 -0.808357 0.190260
v -0.214957 -0.808357 0.429260
v -0.214957 -0.808357 0.190260
v 0.028043 -1.390357 0.190260
v 0.028043 -1.390357 0.429260
v -0.214957 -1.390357 0.190260
v 0.028043 -1.390357 0.429260
v -0.214957 -1.390357 0.429260
v -0.214957 -1.390357 0.190260
v 0.028043 -0.808357 0.190260
v 0.028043 -1.390357 0.190260
v -0.214957 -0.808357 0.190260
v 0.028043 -1.390357 0.190260
v -0.214957 -1.390357 0.190260
v -0.214957 -0.808357 0.190260
v -0.214957 -0.808357 0.429260
v -0.214957 -1.390357 0.429260
v 0.028043 -0.808357 0.429260
v -0.214957 -1.390357 0.429260
v 0.028043 -1.390357 0.429260
v 0.028043 -0.808357 0.429260
v -0.309957 -1.094357 0.138260
v -0.309956 -1.676357 0.138260
v -0.309956 -1.094357 0.376260
v -0.309957 -1.676357 0.376260
v -0.066956 -1.094357 0.376260
v -0.066956 -1.676357 0.376260
v -0.066957 -1.094357 0.138260
v -0.066956 -1.676357 0.138260
v -0.066956 -1.094357 0.376260
v -0.066957 -1.094357 0.138260
v -0.309956 -1.094357 0.376260
v -0.309957 -1.094357 0.138260
v -0.066956 -1.676357 0.138260
v -0.066956 -1.676357 0.376260
v -0.309956 -1.676357 0.138260
v -0.066956 -1.676357 0.376260
v -0.309957 -1.676357 0.376260
v -0.309956 -1.676357 0.138260
v -0.066957 -1.094357 0.138260
v -0.066956 -1.676357 0.138260
v -0.309957 -1.094357 0.138260
v -0.066956 -1.676357 0.138260
v -0.309956 -1.676357 0.138260
v -0.309957 -1.094357 0.138260
v -0.309956 -1.094357 0.376260
v -0.309957 -1.676357 0.376260
v -0.066956 -1.094357 0.376260
v -0.309957 -1.676357 0.376260
v -0.066956 -1.676357 0.376260
v -0.066956 -1.094357 0.376260
v -0.414957 -0.804357 0.190260
v -0.414957 -1.385356 0.190260
v -0.414957 -0.804357 0.429260
v -0.414957 -1.385357 0.429260
v -0.171957 -0.804357 0.429260
v -0.171956 -1.385357 0.429260
v -0.171956 -0.804357 0.190260
v -0.171956 -1.385357 0.190260
v -0.171957 -0.804357 0.429260
v -0.171956 -0.804357 0.190260
v -0.414957 -0.804357 0.429260
v -0.414957 -0.804357 0.190260
v -0.171956 -1.385357 0.190260
v -0.171956 -1.385357 0.429260
v -0.414957 -1.385356 0.190260
v -0.171956 -1.385357 0.429260
v -0.414957 -1.385357 0.429260
v -0.414957 -1.385356 0.190260
v -0.171956 -0.804357 0.190260
v -0.171956 -1.385357 0.190260
v -0.414957 -0.804357 0.190260
v -0.171956 -1.385357 0.190260
v -0.414957 -1.385356 0.190260
v -0.414957 -0.804357 0.190260
v -0.414957 -0.804357 0.429260
v -0.414957 -1.385357 0.429260
v -0.171957 -0.804357 0.429260
v -0.414957 -1.385357 0.429260
v -0.171956 -1.385357 0.429260
v -0.171957 -0.804357 0.429260
v -0.509957 -1.137357 0.100260
v -0.509957 -1.719357 0.100260
v -0.509957 -1.137357 0.338260
v -0.509957 -1.719357 0.338260
v -0.171957 -1.137357 0.338260
v -0.171957 -1.719357 0.338260
v -0.171957 -1.137357 0.100260
v -0.171957 -1.719357 0.100260
v -0.171957 -1.137357 0.338260
v -0.171957 -1.137357 0.100260
v -0.509957 -1.137357 0.338260
v -0.509957 -1.137357 0.100260
v -0.171957 -1.719357 0.100260
v -0.171957 -1.719357 0.338260
v -0.509957 -1.719357 0.100260
v -0.171957 -1.719357 0.338260
v -0.509957 -1.719357 0.338260
v -0.509957 -1.719357 0.100260
v -0.171957 -1.137357 0.100260
v -0.171957 -1.719357 0.100260
v -0.509957 -1.137357 0.100260
v -0.171957 -1.719357 0.100260
v -0.509957 -1.719357 0.100260
v -0.509957 -1.137357 0.100260
v -0.509957 -1.137357 0.338260
v -0.509957 -1.719357 0.338260
v -0.171957 -1.137357 0.338260
v -0.509957 -1.719357 0.338260
v -0.171957 -1.719357 0.338260
v -0.171957 -1.137357 0.338260
v -0.509957 -0.899357 0.162260
v -0.509956 -1.481356 0.162260
v -0.509957 -0.899357 0.400260
v -0.509957 -1.481356 0.400260
v -0.266956 -0.899357 0.400260
v -0.266957 -1.481357 0.400260
v -0.266957 -0.899357 0.162260
v -0.266956 -1.481356 0.162260
v -0.266956 -0.899357 0.400260
v -0.266957 -0.899357 0.162260
v -0.509957 -0.899357 0.400260
v -0.509957 -0.899357 0.162260
v -0.266956 -1.481356 0.162260
v -0.266957 -1.481357 0.400260
v -0.509956 -1.481356 0.162260
v -0.266957 -1.481357 0.400260
v -0.509957 -1.481356 0.400260
v -0.509956 -1.481356 0.162260
v -0.266957 -0.899357 0.162260
v -0.266956 -1.481356 0.162260
v -0.509957 -0.899357 0.162260
v -0.266956 -1.481356 0.162260
v -0.509956 -1.481356 0.162260
v -0.509957 -0.899357 0.162260
v -0.509957 -0.899357 0.400260
v -0.509957 -1.481356 0.400260
v -0.266956 -0.899357 0.400260
v -0.509957 -1.481356 0.400260
v -0.266957 -1.481357 0.400260
v -0.266956 -0.899357 0.400260
v -0.547956 -1.118356 0.095260
v -0.547957 -1.700356 0.095260
v -0.547956 -1.118356 0.333260
v -0.547956 -1.700356 0.333260
v -0.304957 -1.118357 0.333260
v -0.304957 -1.700356 0.333260
v -0.304957 -1.118357 0.095260
v -0.304957 -1.700356 0.095260
v -0.304957 -1.118357 0.333260
v -0.304957 -1.118357 0.095260
v -0.547956 -1.118356 0.333260
v -0.547956 -1.118356 0.095260
v -0.304957 -1.700356 0.095260
v -0.304957 -1.700356 0.333260
v -0.547957 -1.700356 0.095260
v -0.304957 -1.700356 0.333260
v -0.547956 -1.700356 0.333260
v -0.547957 -1.700356 0.095260
v -0.304957 -1.118357 0.095260
v -0.304957 -1.700356 0.095260
v -0.547956 -1.118356 0.095260
v -0.304957 -1.700356 0.095260
v -0.547957 -1.700356 0.095260
v -0.547956 -1.118356 0.095260
v -0.547956 -1.118356 0.333260
v -0.547956 -1.700356 0.333260
v -0.304957 -1.118357 0.333260
v -0.547956 -1.700356 0.333260
v -0.304957 -1.700356 0.333260
v -0.304957 -1.118357 0.333260
v -0.514956 -1.071357 -0.076740
v -0.514956 -1.652356 -0.076740
v -0.514956 -1.071357 0.162260
v -0.514957 -1.652356 0.162260
v -0.271957 -1.071357 0.162260
v -0.271956 -1.652356 0.162260
v -0.271957 -1.071357 -0.076740
v -0.271957 -1.652356 -0.076740
v -0.271957 -1.071357 0.162260
v -0.271957 -1.071357 -0.076740
v -0.514956 -1.071357 0.162260
v -0.514956 -1.071357 -0.076740
v -0.271957 -1.652356 -0.076740
v -0.271956 -1.652356 0.162260
v -0.514956 -1.652356 -0.076740
v -0.271956 -1.652356 0.162260
v -0.514957 -1.652356 0.162260
v -0.514956 -1.652356 -0.076740
v -0.271957 -1.071357 -0.076740
v -0.271957 -1.652356 -0.076740
v -0.514956 -1.071357 -0.076740
v -0.271957 -1.652356 -0.076740
v -0.514956 -1.652356 -0.076740
v -0.514956 -1.071357 -0.076740
v -0.514956 -1.071357 0.162260
v -0.514957 -1.652356 0.162260
v -0.271957 -1.071357 0.162260
v -0.514957 -1.652356 0.162260
v -0.271956 -1.652356 0.162260
v -0.271957 -1.071357 0.162260
v -0.490957 -1.118357 -0.100740
v -0.490957 -1.700356 -0.100740
v -0.490957 -1.118357 0.138260
v -0.490957 -1.700356 0.138260
v -0.247957 -1.118357 0.138260
v -0.247957 -1.700356 0.138260
v -0.247957 -1.118357 -0.100740
v -0.247957 -1.700356 -0.100740
v -0.247957 -1.118357 0.138260
v -0.247957 -1.118357 -0.100740
v -0.490957 -1.118357 0.138260
v -0.490957 -1.118357 -0.100740
v -0.247957 -1.700356 -0.100740
v -0.247957 -1.700356 0.138260
v -0.490957 -1.700356 -0.100740
v -0.247957 -1.700356 0.138260
v -0.490957 -1.700356 0.138260
v -0.490957 -1.700356 -0.100740
v -0.247957 -1.118357 -0.100740
v -0.247957 -1.700356 -0.100740
v -0.490957 -1.118357 -0.100740
v -0.247957 -1.700356 -0.100740
v -0.490957 -1.700356 -0.100740
v -0.490957 -1.118357 -0.100740
v -0.490957 -1.118357 0.138260
v -0.490957 -1.700356 0.138260
v -0.247957 -1.118357 0.138260
v -0.490957 -1.700356 0.138260
v -0.247957 -1.700356 0.138260
v -0.247957 -1.118357 0.138260
v -0.419956 -1.261357 -0.114740
v -0.419957 -1.843357 -0.114740
v -0.419956 -1.261357 0.124260
v -0.419957 -1.843357 0.124260
v -0.176956 -1.261357 0.124260
v -0.176956 -1.843357 0.124260
v -0.176956 -1.261357 -0.114740
v -0.176956 -1.843357 -0.114740
v -0.176956 -1.261357 0.124260
v -0.176956 -1.261357 -0.114740
v -0.419956 -1.261357 0.124260
v -0.419956 -1.261357 -0.114740
v -0.176956 -1.843357 -0.114740
v -0.176956 -1.843357 0.124260
v -0.419957 -1.843357 -0.114740
v -0.176956 -1.843357 0.124260
v -0.419957 -1.843357 0.124260
v -0.419957 -1.843357 -0.114740
v -0.176956 -1.261357 -0.114740
v -0.176956 -1.843357 -0.114740
v -0.419956 -1.261357 -0.114740
v -0.176956 -1.843357 -0.114740
v -0.419957 -1.843357 -0.114740
v -0.419956 -1.261357 -0.114740
v -0.419956 -1.261357 0.124260
v -0.419957 -1.843357 0.124260
v -0.176956 -1.261357 0.124260
v -0.419957 -1.843357 0.124260
v -0.176956 -1.843357 0.124260
v -0.176956 -1.261357 0.124260
v -0.323957 -1.881356 -0.018740
v -0.323957 -2.463356 -0.018740
v -0.323956 -1.881356 0.219260
v -0.323957 -2.463356 0.219260
v -0.080957 -1.881356 0.219260
v -0.080957 -2.463356 0.219260
v -0.080956 -1.881356 -0.018740
v -0.080957 -2.463356 -0.018740
v -0.080957 -1.881356 0.219260
v -0.080956 -1.881356 -0.018740
v -0.323956 -1.881356 0.219260
v -0.323957 -1.881356 -0.018740
v -0.080957 -2.463356 -0.018740
v -0.080957 -2.463356 0.219260
v -0.323957 -2.463356 -0.018740
v -0.080957 -2.463356 0.219260
v -0.323957 -2.463356 0.219260
v -0.323957 -2.463356 -0.018740
v -0.080956 -1.881356 -0.018740
v -0.080957 -2.463356 -0.018740
v -0.323957 -1.881356 -0.018740
v -0.080957 -2.463356 -0.018740
v -0.323957 -2.463356 -0.018740
v -0.323957 -1.881356 -0.018740
v -0.323956 -1.881356 0.219260
v -0.323957 -2.463356 0.219260
v -0.080957 -1.881356 0.219260
v -0.323957 -2.463356 0.219260
v -0.080957 -2.463356 0.219260
v -0.080957 -1.881356 0.219260
v -0.466957 -1.214356 0.062260
v -0.466956 -1.795357 0.062260
v -0.466957 -1.214357 0.300260
v -0.466957 -1.795357 0.300260
v -0.223956 -1.214357 0.300260
v -0.223956 -1.795357 0.300260
v -0.223956 -1.214357 0.062260
v -0.223957 -1.795357 0.062260
v -0.223956 -1.214357 0.300260
v -0.223956 -1.214357 0.062260
v -0.466957 -1.214357 0.300260
v -0.466957 -1.214356 0.062260
v -0.223957 -1.795357 0.062260
v -0.223956 -1.795357 0.300260
v -0.466956 -1.795357 0.062260
v -0.223956 -1.795357 0.300260
v -0.466957 -1.795357 0.300260
v -0.466956 -1.795357 0.062260
v -0.223956 -1.214357 0.062260
v -0.223957 -1.795357 0.062260
v -0.466957 -1.214356 0.062260
v -0.223957 -1.795357 0.062260
v -0.466956 -1.795357 0.062260
v -0.466957 -1.214356 0.062260
v -0.466957 -1.214357 0.300260
v -0.466957 -1.795357 0.300260
v -0.223956 -1.214357 0.300260
v -0.466957 -1.795357 0.300260
v -0.223956 -1.795357 0.300260
v -0.223956 -1.214357 0.300260
v -0.371956 -1.929357 -0.162740
v -0.371956 -2.510356 -0.162740
v -0.371957 -1.929357 0.076260
v -0.371956 -2.510357 0.076260
v -0.128957 -1.929357 0.076260
v -0.128957 -2.510356 0.076260
v -0.128957 -1.929356 -0.162740
v -0.128957 -2.510356 -0.162740
v -0.128957 -1.929357 0.076260
v -0.128957 -1.929356 -0.162740
v -0.371957 -1.929357 0.076260
v -0.371956 -1.929357 -0.162740
v -0.128957 -2.510356 -0.162740
v -0.128957 -2.510356 0.076260
v -0.371956 -2.510356 -0.162740
v -0.128957 -2.510356 0.076260
v -0.371956 -2.510357 0.076260
v -0.371956 -2.510356 -0.162740
v -0.128957 -1.929356 -0.162740
v -0.128957 -2.510356 -0.162740
v -0.371956 -1.929357 -0.162740
v -0.128957 -2.510356 -0.162740
v -0.371956 -2.510356 -0.162740
v -0.371956 -1.929357 -0.162740
v -0.371957 -1.929357 0.076260
v -0.371956 -2.510357 0.076260
v -0.128957 -1.929357 0.076260
v -0.371956 -2.510357 0.076260
v -0.128957 -2.510356 0.076260
v -0.128957 -1.929357 0.076260
v -0.533956 -1.023357 -0.171740
v -0.533957 -1.605357 -0.171740
v -0.533956 -1.023357 0.066260
v -0.533957 -1.605356 0.066260
v -0.290957 -1.023356 0.066260
v -0.290956 -1.605356 0.066260
v -0.290956 -1.023357 -0.171740
v -0.290957 -1.605357 -0.171740
v -0.290957 -1.023356 0.066260
v -0.290956 -1.023357 -0.171740
v -0.533956 -1.023357 0.066260
v -0.533956 -1.023357 -0.171740
v -0.290957 -1.605357 -0.171740
v -0.290956 -1.605356 0.066260
v -0.533957 -1.605357 -0.171740
v -0.290956 -1.605356 0.066260
v -0.533957 -1.605356 0.066260
v -0.533957 -1.605357 -0.171740
v -0.290956 -1.023357 -0.171740
v -0.290957 -1.605357 -0.171740
v -0.533956 -1.023357 -0.171740
v -0.290957 -1.605357 -0.171740
v -0.533957 -1.605357 -0.171740
v -0.533956 -1.023357 -0.171740
v -0.533956 -1.023357 0.066260
v -0.533957 -1.605356 0.066260
v -0.290957 -1.023356 0.066260
v -0.533957 -1.605356 0.066260
v -0.290956 -1.605356 0.066260
v -0.290957 -1.023356 0.066260
v -0.605956 -0.804357 0.043260
v -0.605956 -1.385356 0.043260
v -0.605957 -0.804357 0.281260
v -0.605956 -1.385356 0.281260
v -0.361956 -0.804357 0.281260
v -0.361956 -1.385356 0.281260
v -0.361956 -0.804357 0.043260
v -0.361956 -1.385357 0.043260
v -0.361956 -0.804357 0.281260
v -0.361956 -0.804357 0.043260
v -0.605957 -0.804357 0.281260
v -0.605956 -0.804357 0.043260
v -0.361956 -1.385357 0.043260
v -0.361956 -1.385356 0.281260
v -0.605956 -1.385356 0.043260
v -0.361956 -1.385356 0.281260
v -0.605956 -1.385356 0.281260
v -0.605956 -1.385356 0.043260
v -0.361956 -0.804357 0.043260
v -0.361956 -1.385357 0.043260
v -0.605956 -0.804357 0.043260
v -0.361956 -1.385357 0.043260
v -0.605956 -1.385356 0.043260
v -0.605956 -0.804357 0.043260
v -0.605957 -0.804357 0.281260
v -0.605956 -1.385356 0.281260
v -0.361956 -0.804357 0.281260
v -0.605956 -1.385356 0.281260
v -0.361956 -1.385356 0.281260
v -0.361956 -0.804357 0.281260
v 0.119043 -1.018357 -0.252740
v 0.119043 -1.600357 -0.252740
v 0.119043 -1.018357 -0.014740
v 0.119044 -1.600357 -0.014740
v 0.362044 -1.018357 -0.014740
v 0.362043 -1.600357 -0.014740
v 0.362043 -1.018357 -0.252740
v 0.362044 -1.600357 -0.252740
v 0.362044 -1.018357 -0.014740
v 0.362043 -1.018357 -0.252740
v 0.119043 -1.018357 -0.014740
v 0.119043 -1.018357 -0.252740
v 0.362044 -1.600357 -0.252740
v 0.362043 -1.600357 -0.014740
v 0.119043 -1.600357 -0.252740
v 0.362043 -1.600357 -0.014740
v 0.119044 -1.600357 -0.014740
v 0.119043 -1.600357 -0.252740
v 0.362043 -1.018357 -0.252740
v 0.362044 -1.600357 -0.252740
v 0.119043 -1.018357 -0.252740
v 0.362044 -1.600357 -0.252740
v 0.119043 -1.600357 -0.252740
v 0.119043 -1.018357 -0.252740
v 0.119043 -1.018357 -0.014740
v 0.119044 -1.600357 -0.014740
v 0.362044 -1.018357 -0.014740
v 0.119044 -1.600357 -0.014740
v 0.362043 -1.600357 -0.014740
v 0.362044 -1.018357 -0.014740
v 0.152043 -1.018357 -0.157740
v 0.152044 -1.600357 -0.157740
v 0.152043 -1.018356 0.081260
v 0.152044 -1.600357 0.081260
v 0.396043 -1.018357 0.081260
v 0.396044 -1.600357 0.081260
v 0.396043 -1.018356 -0.157740
v 0.396044 -1.600357 -0.157740
v 0.396043 -1.018357 0.081260
v 0.396043 -1.018356 -0.157740
v 0.152043 -1.018356 0.081260
v 0.152043 -1.018357 -0.157740
v 0.396044 -1.600357 -0.157740
v 0.396044 -1.600357 0.081260
v 0.152044 -1.600357 -0.157740
v 0.396044 -1.600357 0.081260
v 0.152044 -1.600357 0.081260
v 0.152044 -1.600357 -0.157740
v 0.396043 -1.018356 -0.157740
v 0.396044 -1.600357 -0.157740
v 0.152043 -1.018357 -0.157740
v 0.396044 -1.600357 -0.157740
v 0.152044 -1.600357 -0.157740
v 0.152043 -1.018357 -0.157740
v 0.152043 -1.018356 0.081260
v 0.152044 -1.600357 0.081260
v 0.396043 -1.018357 0.081260
v 0.152044 -1.600357 0.081260
v 0.396044 -1.600357 0.081260
v 0.396043 -1.018357 0.081260
v 0.095044 -1.209357 -0.176740
v 0.095043 -1.791357 -0.176740
v 0.095044 -1.209356 0.062260
v 0.095043 -1.791357 0.062260
v 0.338044 -1.209357 0.062260
v 0.338043 -1.791357 0.062260
v 0.338044 -1.209356 -0.176740
v 0.338043 -1.791357 -0.176740
v 0.338044 -1.209357 0.062260
v 0.338044 -1.209356 -0.176740
v 0.095044 -1.209356 0.062260
v 0.095044 -1.209357 -0.176740
v 0.338043 -1.791357 -0.176740
v 0.338043 -1.791357 0.062260
v 0.095043 -1.791357 -0.176740
v 0.338043 -1.791357 0.062260
v 0.095043 -1.791357 0.062260
v 0.095043 -1.791357 -0.176740
v 0.338044 -1.209356 -0.176740
v 0.338043 -1.791357 -0.176740
v 0.095044 -1.209357 -0.176740
v 0.338043 -1.791357 -0.176740
v 0.095043 -1.791357 -0.176740
v 0.095044 -1.209357 -0.176740
v 0.095044 -1.209356 0.062260
v 0.095043 -1.791357 0.062260
v 0.338044 -1.209357 0.062260
v 0.095043 -1.791357 0.062260
v 0.338043 -1.791357 0.062260
v 0.338044 -1.209357 0.062260
v -0.075956 -0.875356 -0.157740
v -0.075956 -1.457357 -0.157740
v -0.075956 -0.875356 0.081260
v -0.075957 -1.457357 0.081260
v 0.167043 -0.875356 0.081260
v 0.167043 -1.457357 0.081260
v 0.167044 -0.875356 -0.157740
v 0.167043 -1.457356 -0.157740
v 0.167043 -0.875356 0.081260
v 0.167044 -0.875356 -0.157740
v -0.075956 -0.875356 0.081260
v -0.075956 -0.875356 -0.157740
v 0.167043 -1.457356 -0.157740
v 0.167043 -1.457357 0.081260
v -0.075956 -1.457357 -0.157740
v 0.167043 -1.457357 0.081260
v -0.075957 -1.457357 0.081260
v -0.075956 -1.457357 -0.157740
v 0.167044 -0.875356 -0.157740
v 0.167043 -1.457356 -0.157740
v -0.075956 -0.875356 -0.157740
v 0.167043 -1.457356 -0.157740
v -0.075956 -1.457357 -0.157740
v -0.075956 -0.875356 -0.157740
v -0.075956 -0.875356 0.081260
v -0.075957 -1.457357 0.081260
v 0.167043 -0.875356 0.081260
v -0.075957 -1.457357 0.081260
v 0.167043 -1.457357 0.081260
v 0.167043 -0.875356 0.081260
v 0.019043 -0.398356 -0.109740
v 0.019044 -0.980356 -0.109740
v 0.019043 -0.398356 0.128260
v 0.019044 -0.980356 0.128260
v 0.262043 -0.398356 0.128260
v 0.262043 -0.980357 0.128260
v 0.262044 -0.398356 -0.109740
v 0.262044 -0.980356 -0.109740
v 0.262043 -0.398356 0.128260
v 0.262044 -0.398356 -0.109740
v 0.019043 -0.398356 0.128260
v 0.019043 -0.398356 -0.109740
v 0.262044 -0.980356 -0.109740
v 0.262043 -0.980357 0.128260
v 0.019044 -0.980356 -0.109740
v 0.262043 -0.980357 0.128260
v 0.019044 -0.980356 0.128260
v 0.019044 -0.980356 -0.109740
v 0.262044 -0.398356 -0.109740
v 0.262044 -0.980356 -0.109740
v 0.019043 -0.398356 -0.109740
v 0.262044 -0.980356 -0.109740
v 0.019044 -0.980356 -0.109740
v 0.019043 -0.398356 -0.109740
v 0.019043 -0.398356 0.128260
v 0.019044 -0.980356 0.128260
v 0.262043 -0.398356 0.128260
v 0.019044 -0.980356 0.128260
v 0.262043 -0.980357 0.128260
v 0.262043 -0.398356 0.128260
v -0.109957 -0.098356 -0.066740
v -0.109957 -0.680357 -0.066740
v -0.109957 -0.098356 0.171260
v -0.109956 -0.680357 0.171260
v 0.133043 -0.098356 0.171260
v 0.133044 -0.680357 0.171260
v 0.133043 -0.098356 -0.066740
v 0.133043 -0.680357 -0.066740
v 0.133043 -0.098356 0.171260
v 0.133043 -0.098356 -0.066740
v -0.109957 -0.098356 0.171260
v -0.109957 -0.098356 -0.066740
v 0.133043 -0.680357 -0.066740
v 0.133044 -0.680357 0.171260
v -0.109957 -0.680357 -0.066740
v 0.133044 -0.680357 0.171260
v -0.109956 -0.680357 0.171260
v -0.109957 -0.680357 -0.066740
v 0.133043 -0.098356 -0.066740
v 0.133043 -0.680357 -0.066740
v -0.109957 -0.098356 -0.066740
v 0.133043 -0.680357 -0.066740
v -0.109957 -0.680357 -0.066740
v -0.109957 -0.098356 -0.066740
v -0.109957 -0.098356 0.171260
v -0.109956 -0.680357 0.171260
v 0.133043 -0.098356 0.171260
v -0.109956 -0.680357 0.171260
v 0.133044 -0.680357 0.171260
v 0.133043 -0.098356 0.171260
v -0.004957 -0.351357 -0.023740
v -0.004957 -0.932357 -0.023740
v -0.004956 -0.351357 0.214260
v -0.004957 -0.932357 0.214260
v 0.238043 -0.351357 0.214260
v 0.238043 -0.932357 0.214260
v 0.238043 -0.351357 -0.023740
v 0.238043 -0.932357 -0.023740
v 0.238043 -0.351357 0.214260
v 0.238043 -0.351357 -0.023740
v -0.004956 -0.351357 0.214260
v -0.004957 -0.351357 -0.023740
v 0.238043 -0.932357 -0.023740
v 0.238043 -0.932357 0.214260
v -0.004957 -0.932357 -0.023740
v 0.238043 -0.932357 0.214260
v -0.004957 -0.932357 0.214260
v -0.004957 -0.932357 -0.023740
v 0.238043 -0.351357 -0.023740
v 0.238043 -0.932357 -0.023740
v -0.004957 -0.351357 -0.023740
v 0.238043 -0.932357 -0.023740
v -0.004957 -0.932357 -0.023740
v -0.004957 -0.351357 -0.023740
v -0.004956 -0.351357 0.214260
v -0.004957 -0.932357 0.214260
v 0.238043 -0.351357 0.214260
v -0.004957 -0.932357 0.214260
v 0.238043 -0.932357 0.214260
v 0.238043 -0.351357 0.214260
v -0.414956 -0.460356 -0.214740
v -0.414957 -1.042356 -0.214740
v -0.414956 -0.460356 0.023260
v -0.414956 -1.042356 0.023260
v -0.171957 -0.460357 0.023260
v -0.171956 -1.042356 0.023260
v -0.171956 -0.460356 -0.214740
v -0.171957 -1.042356 -0.214740
v -0.171957 -0.460357 0.023260
v -0.171956 -0.460356 -0.214740
v -0.414956 -0.460356 0.023260
v -0.414956 -0.460356 -0.214740
v -0.171957 -1.042356 -0.214740
v -0.171956 -1.042356 0.023260
v -0.414957 -1.042356 -0.214740
v -0.171956 -1.042356 0.023260
v -0.414956 -1.042356 0.023260
v -0.414957 -1.042356 -0.214740
v -0.171956 -0.460356 -0.214740
v -0.171957 -1.042356 -0.214740
v -0.414956 -0.460356 -0.214740
v -0.171957 -1.042356 -0.214740
v -0.414957 -1.042356 -0.214740
v -0.414956 -0.460356 -0.214740
v -0.414956 -0.460356 0.023260
v -0.414956 -1.042356 0.023260
v -0.171957 -0.460357 0.023260
v -0.414956 -1.042356 0.023260
v -0.171956 -1.042356 0.023260
v -0.171957 -0.460357 0.023260
v -0.648957 -0.508357 -0.204740
v -0.648957 -1.090357 -0.204740
v -0.648956 -0.508357 0.033260
v -0.648957 -1.090357 0.033260
v -0.404957 -0.508357 0.033260
v -0.404957 -1.090357 0.033260
v -0.404957 -0.508357 -0.204740
v -0.404957 -1.090357 -0.204740
v -0.404957 -0.508357 0.033260
v -0.404957 -0.508357 -0.204740
v -0.648956 -0.508357 0.033260
v -0.648957 -0.508357 -0.204740
v -0.404957 -1.090357 -0.204740
v -0.404957 -1.090357 0.033260
v -0.648957 -1.090357 -0.204740
v -0.404957 -1.090357 0.033260
v -0.648957 -1.090357 0.033260
v -0.648957 -1.090357 -0.204740
v -0.404957 -0.508357 -0.204740
v -0.404957 -1.090357 -0.204740
v -0.648957 -0.508357 -0.204740
v -0.404957 -1.090357 -0.204740
v -0.648957 -1.090357 -0.204740
v -0.648957 -0.508357 -0.204740
v -0.648956 -0.508357 0.033260
v -0.648957 -1.090357 0.033260
v -0.404957 -0.508357 0.033260
v -0.648957 -1.090357 0.033260
v -0.404957 -1.090357 0.033260
v -0.404957 -0.508357 0.033260
v -0.571956 -0.794357 -0.228740
v -0.571956 -1.376357 -0.228740
v -0.571956 -0.794357 0.057260
v -0.571956 -1.376357 0.057260
v -0.328956 -0.794357 0.057260
v -0.328957 -1.376357 0.057260
v -0.328957 -0.794357 -0.228740
v -0.328956 -1.376357 -0.228740
v -0.328956 -0.794357 0.057260
v -0.328957 -0.794357 -0.228740
v -0.571956 -0.794357 0.057260
v -0.571956 -0.794357 -0.228740
v -0.328956 -1.376357 -0.228740
v -0.328957 -1.376357 0.057260
v -0.571956 -1.376357 -0.228740
v -0.328957 -1.376357 0.057260
v -0.571956 -1.376357 0.057260
v -0.571956 -1.376357 -0.228740
v -0.328957 -0.794357 -0.228740
v -0.328956 -1.376357 -0.228740
v -0.571956 -0.794357 -0.228740
v -0.328956 -1.376357 -0.228740
v -0.571956 -1.376357 -0.228740
v -0.571956 -0.794357 -0.228740
v -0.571956 -0.794357 0.057260
v -0.571956 -1.376357 0.057260
v -0.328956 -0.794357 0.057260
v -0.571956 -1.376357 0.057260
v -0.328957 -1.376357 0.057260
v -0.328956 -0.794357 0.057260
v -0.252956 0.302643 -0.195740
v -0.252957 -0.279357 -0.195740
v -0.252957 0.302643 0.186260
v -0.252957 -0.279357 0.186260
v -0.009956 0.302643 0.186260
v -0.009957 -0.279357 0.186260
v -0.009956 0.302643 -0.195740
v -0.009957 -0.279356 -0.195740
v -0.009956 0.302643 0.186260
v -0.009956 0.302643 -0.195740
v -0.252957 0.302643 0.186260
v -0.252956 0.302643 -0.195740
v -0.009957 -0.279356 -0.195740
v -0.009957 -0.279357 0.186260
v -0.252957 -0.279357 -0.195740
v -0.009957 -0.279357 0.186260
v -0.252957 -0.279357 0.186260
v -0.252957 -0.279357 -0.195740
v -0.009956 0.302643 -0.195740
v -0.009957 -0.279356 -0.195740
v -0.252956 0.302643 -0.195740
v -0.009957 -0.279356 -0.195740
v -0.252957 -0.279357 -0.195740
v -0.252956 0.302643 -0.195740
v -0.252957 0.302643 0.186260
v -0.252957 -0.279357 0.186260
v -0.009956 0.302643 0.186260
v -0.252957 -0.279357 0.186260
v -0.009957 -0.279357 0.186260
v -0.009956 0.302643 0.186260
v -0.218957 0.063643 -0.214740
v -0.218957 -0.518357 -0.214740
v -0.218957 0.063643 0.166260
v -0.218956 -0.518357 0.166260
v 0.024043 0.063643 0.166260
v 0.024044 -0.518357 0.166260
v 0.024044 0.063643 -0.214740
v 0.024043 -0.518357 -0.214740
v 0.024043 0.063643 0.166260
v 0.024044 0.063643 -0.214740
v -0.218957 0.063643 0.166260
v -0.218957 0.063643 -0.214740
v 0.024043 -0.518357 -0.214740
v 0.024044 -0.518357 0.166260
v -0.218957 -0.518357 -0.214740
v 0.024044 -0.518357 0.166260
v -0.218956 -0.518357 0.166260
v -0.218957 -0.518357 -0.214740
v 0.024044 0.063643 -0.214740
v 0.024043 -0.518357 -0.214740
v -0.218957 0.063643 -0.214740
v 0.024043 -0.518357 -0.214740
v -0.218957 -0.518357 -0.214740
v -0.218957 0.063643 -0.214740
v -0.218957 0.063643 0.166260
v -0.218956 -0.518357 0.166260
v 0.024043 0.063643 0.166260
v -0.218956 -0.518357 0.166260
v 0.024044 -0.518357 0.166260
v 0.024043 0.063643 0.166260
v -0.395956 0.015643 -0.119740
v -0.395957 -0.565356 -0.119740
v -0.395957 0.015643 0.262260
v -0.395957 -0.565357 0.262260
v -0.152957 0.015643 0.262260
v -0.152957 -0.565357 0.262260
v -0.152956 0.015643 -0.119740
v -0.152956 -0.565356 -0.119740
v -0.152957 0.015643 0.262260
v -0.152956 0.015643 -0.119740
v -0.395957 0.015643 0.262260
v -0.395956 0.015643 -0.119740
v -0.152956 -0.565356 -0.119740
v -0.152957 -0.565357 0.262260
v -0.395957 -0.565356 -0.119740
v -0.152957 -0.565357 0.262260
v -0.395957 -0.565357 0.262260
v -0.395957 -0.565356 -0.119740
v -0.152956 0.015643 -0.119740
v -0.152956 -0.565356 -0.119740
v -0.395956 0.015643 -0.119740
v -0.152956 -0.565356 -0.119740
v -0.395957 -0.565356 -0.119740
v -0.395956 0.015643 -0.119740
v -0.395957 0.015643 0.262260
v -0.395957 -0.565357 0.262260
v -0.152957 0.015643 0.262260
v -0.395957 -0.565357 0.262260
v -0.152957 -0.565357 0.262260
v -0.152957 0.015643 0.262260
v -0.271957 0.125644 -0.119740
v -0.271956 -0.217357 -0.119740
v -0.271957 0.125644 0.262260
v -0.271956 -0.217357 0.262260
v 0.062044 0.125644 0.262260
v 0.062043 -0.217357 0.262260
v 0.062043 0.125644 -0.119740
v 0.062043 -0.217357 -0.119740
v 0.062044 0.125644 0.262260
v 0.062043 0.125644 -0.119740
v -0.271957 0.125644 0.262260
v -0.271957 0.125644 -0.119740
v 0.062043 -0.217357 -0.119740
v 0.062043 -0.217357 0.262260
v -0.271956 -0.217357 -0.119740
v 0.062043 -0.217357 0.262260
v -0.271956 -0.217357 0.262260
v -0.271956 -0.217357 -0.119740
v 0.062043 0.125644 -0.119740
v 0.062043 -0.217357 -0.119740
v -0.271957 0.125644 -0.119740
v 0.062043 -0.217357 -0.119740
v -0.271956 -0.217357 -0.119740
v -0.271957 0.125644 -0.119740
v -0.271957 0.125644 0.262260
v -0.271956 -0.217357 0.262260
v 0.062044 0.125644 0.262260
v -0.271956 -0.217357 0.262260
v 0.062043 -0.217357 0.262260
v 0.062044 0.125644 0.262260
v -0.395956 0.168643 -0.047740
v -0.395956 -0.174356 -0.047740
v -0.395956 0.168643 0.333260
v -0.395957 -0.174356 0.333260
v -0.061957 0.168643 0.333260
v -0.061956 -0.174357 0.333260
v -0.061956 0.168643 -0.047740
v -0.061957 -0.174357 -0.047740
v -0.061957 0.168643 0.333260
v -0.061956 0.168643 -0.047740
v -0.395956 0.168643 0.333260
v -0.395956 0.168643 -0.047740
v -0.061957 -0.174357 -0.047740
v -0.061956 -0.174357 0.333260
v -0.395956 -0.174356 -0.047740
v -0.061956 -0.174357 0.333260
v -0.395957 -0.174356 0.333260
v -0.395956 -0.174356 -0.047740
v -0.061956 0.168643 -0.047740
v -0.061957 -0.174357 -0.047740
v -0.395956 0.168643 -0.047740
v -0.061957 -0.174357 -0.047740
v -0.395956 -0.174356 -0.047740
v -0.395956 0.168643 -0.047740
v -0.395956 0.168643 0.333260
v -0.395957 -0.174356 0.333260
v -0.061957 0.168643 0.333260
v -0.395957 -0.174356 0.333260
v -0.061956 -0.174357 0.333260
v -0.061957 0.168643 0.333260
v 0.176043 0.363644 -0.619740
v 0.176043 0.020643 -0.619740
v 0.176043 0.363644 -0.238740
v 0.176043 0.020643 -0.238740
v 0.510043 0.363644 -0.238740
v 0.510043 0.020643 -0.238740
v 0.510043 0.363644 -0.619740
v 0.510044 0.020643 -0.619740
v 0.510043 0.363644 -0.238740
v 0.510043 0.363644 -0.619740
v 0.176043 0.363644 -0.238740
v 0.176043 0.363644 -0.619740
v 0.510044 0.020643 -0.619740
v 0.510043 0.020643 -0.238740
v 0.176043 0.020643 -0.619740
v 0.510043 0.020643 -0.238740
v 0.176043 0.020643 -0.238740
v 0.176043 0.020643 -0.619740
v 0.510043 0.363644 -0.619740
v 0.510044 0.020643 -0.619740
v 0.176043 0.363644 -0.619740
v 0.510044 0.020643 -0.619740
v 0.176043 0.020643 -0.619740
v 0.176043 0.363644 -0.619740
v 0.176043 0.363644 -0.238740
v 0.176043 0.020643 -0.238740
v 0.510043 0.363644 -0.238740
v 0.176043 0.020643 -0.238740
v 0.510043 0.020643 -0.238740
v 0.510043 0.363644 -0.238740
v 0.129044 0.406643 -0.524740
v 0.129043 0.063643 -0.524740
v 0.129043 0.406643 -0.142740
v 0.129044 0.063643 -0.142740
v 0.462043 0.406643 -0.142740
v 0.462043 0.063643 -0.142740
v 0.462043 0.406643 -0.524740
v 0.462043 0.063643 -0.524740
v 0.462043 0.406643 -0.142740
v 0.462043 0.406643 -0.524740
v 0.129043 0.406643 -0.142740
v 0.129044 0.406643 -0.524740
v 0.462043 0.063643 -0.524740
v 0.462043 0.063643 -0.142740
v 0.129043 0.063643 -0.524740
v 0.462043 0.063643 -0.142740
v 0.129044 0.063643 -0.142740
v 0.129043 0.063643 -0.524740
v 0.462043 0.406643 -0.524740
v 0.462043 0.063643 -0.524740
v 0.129044 0.406643 -0.524740
v 0.462043 0.063643 -0.524740
v 0.129043 0.063643 -0.524740
v 0.129044 0.406643 -0.524740
v 0.129043 0.406643 -0.142740
v 0.129044 0.063643 -0.142740
v 0.462043 0.406643 -0.142740
v 0.129044 0.063643 -0.142740
v 0.462043 0.063643 -0.142740
v 0.462043 0.406643 -0.142740
v 0.758043 0.316644 -0.896740
v 0.758043 -0.026357 -0.896740
v 0.758043 0.316644 -0.514740
v 0.758043 -0.026357 -0.514740
v 1.092043 0.316644 -0.514740
v 1.092044 -0.026357 -0.514740
v 1.092043 0.316644 -0.896740
v 1.092043 -0.026357 -0.896740
v 1.092043 0.316644 -0.514740
v 1.092043 0.316644 -0.896740
v 0.758043 0.316644 -0.514740
v 0.758043 0.316644 -0.896740
v 1.092043 -0.026357 -0.896740
v 1.092044 -0.026357 -0.514740
v 0.758043 -0.026357 -0.896740
v 1.092044 -0.026357 -0.514740
v 0.758043 -0.026357 -0.514740
v 0.758043 -0.026357 -0.896740
v 1.092043 0.316644 -0.896740
v 1.092043 -0.026357 -0.896740
v 0.758043 0.316644 -0.896740
v 1.092043 -0.026357 -0.896740
v 0.758043 -0.026357 -0.896740
v 0.758043 0.316644 -0.896740
v 0.758043 0.316644 -0.514740
v 0.758043 -0.026357 -0.514740
v 1.092043 0.316644 -0.514740
v 0.758043 -0.026357 -0.514740
v 1.092044 -0.026357 -0.514740
v 1.092043 0.316644 -0.514740
v 0.567043 -0.217357 -0.409740
v 0.567043 -0.560357 -0.409740
v 0.567043 -0.217357 -0.028740
v 0.567043 -0.560357 -0.028740
v 0.901044 -0.217357 -0.028740
v 0.901043 -0.560357 -0.028740
v 0.901043 -0.217357 -0.409740
v 0.901043 -0.560356 -0.409740
v 0.901044 -0.217357 -0.028740
v 0.901043 -0.217357 -0.409740
v 0.567043 -0.217357 -0.028740
v 0.567043 -0.217357 -0.409740
v 0.901043 -0.560356 -0.409740
v 0.901043 -0.560357 -0.028740
v 0.567043 -0.560357 -0.409740
v 0.901043 -0.560357 -0.028740
v 0.567043 -0.560357 -0.028740
v 0.567043 -0.560357 -0.409740
v 0.901043 -0.217357 -0.409740
v 0.901043 -0.560356 -0.409740
v 0.567043 -0.217357 -0.409740
v 0.901043 -0.560356 -0.409740
v 0.567043 -0.560357 -0.409740
v 0.567043 -0.217357 -0.409740
v 0.567043 -0.217357 -0.028740
v 0.567043 -0.560357 -0.028740
v 0.901044 -0.217357 -0.028740
v 0.567043 -0.560357 -0.028740
v 0.901043 -0.560357 -0.028740
v 0.901044 -0.217357 -0.028740
v 0.629043 -0.074357 -0.543740
v 0.629043 -0.417356 -0.543740
v 0.629044 -0.074357 -0.162740
v 0.629043 -0.417357 -0.162740
v 0.963043 -0.074357 -0.162740
v 0.963043 -0.417356 -0.162740
v 0.963043 -0.074357 -0.543740
v 0.963043 -0.417357 -0.543740
v 0.963043 -0.074357 -0.162740
v 0.963043 -0.074357 -0.543740
v 0.629044 -0.074357 -0.162740
v 0.629043 -0.074357 -0.543740
v 0.963043 -0.417357 -0.543740
v 0.963043 -0.417356 -0.162740
v 0.629043 -0.417356 -0.543740
v 0.963043 -0.417356 -0.162740
v 0.629043 -0.417357 -0.162740
v 0.629043 -0.417356 -0.543740
v 0.963043 -0.074357 -0.543740
v 0.963043 -0.417357 -0.543740
v 0.629043 -0.074357 -0.543740
v 0.963043 -0.417357 -0.543740
v 0.629043 -0.417356 -0.543740
v 0.629043 -0.074357 -0.543740
v 0.629044 -0.074357 -0.162740
v 0.629043 -0.417357 -0.162740
v 0.963043 -0.074357 -0.162740
v 0.629043 -0.417357 -0.162740
v 0.963043 -0.417356 -0.162740
v 0.963043 -0.074357 -0.162740
v 0.782043 0.077643 -0.700740
v 0.782044 -0.265357 -0.700740
v 0.782043 0.077643 -0.319740
v 0.782043 -0.265357 -0.319740
v 1.116043 0.077643 -0.319740
v 1.116044 -0.265357 -0.319740
v 1.116044 0.077643 -0.700740
v 1.116044 -0.265357 -0.700740
v 1.116043 0.077643 -0.319740
v 1.116044 0.077643 -0.700740
v 0.782043 0.077643 -0.319740
v 0.782043 0.077643 -0.700740
v 1.116044 -0.265357 -0.700740
v 1.116044 -0.265357 -0.319740
v 0.782044 -0.265357 -0.700740
v 1.116044 -0.265357 -0.319740
v 0.782043 -0.265357 -0.319740
v 0.782044 -0.265357 -0.700740
v 1.116044 0.077643 -0.700740
v 1.116044 -0.265357 -0.700740
v 0.782043 0.077643 -0.700740
v 1.116044 -0.265357 -0.700740
v 0.782044 -0.265357 -0.700740
v 0.782043 0.077643 -0.700740
v 0.782043 0.077643 -0.319740
v 0.782043 -0.265357 -0.319740
v 1.116043 0.077643 -0.319740
v 0.782043 -0.265357 -0.319740
v 1.116044 -0.265357 -0.319740
v 1.116043 0.077643 -0.319740
v 1.068043 0.306643 -0.929740
v 1.068043 -0.036356 -0.929740
v 1.068044 0.306643 -0.548740
v 1.068043 -0.036356 -0.548740
v 1.402043 0.306643 -0.548740
v 1.402044 -0.036356 -0.548740
v 1.402044 0.306643 -0.929739
v 1.402043 -0.036356 -0.929740
v 1.402043 0.306643 -0.548740
v 1.402044 0.306643 -0.929739
v 1.068044 0.306643 -0.548740
v 1.068043 0.306643 -0.929740
v 1.402043 -0.036356 -0.929740
v 1.402044 -0.036356 -0.548740
v 1.068043 -0.036356 -0.929740
v 1.402044 -0.036356 -0.548740
v 1.068043 -0.036356 -0.548740
v 1.068043 -0.036356 -0.929740
v 1.402044 0.306643 -0.929739
v 1.402043 -0.036356 -0.929740
v 1.068043 0.306643 -0.929740
v 1.402043 -0.036356 -0.929740
v 1.068043 -0.036356 -0.929740
v 1.068043 0.306643 -0.929740
v 1.068044 0.306643 -0.548740
v 1.068043 -0.036356 -0.548740
v 1.402043 0.306643 -0.548740
v 1.068043 -0.036356 -0.548740
v 1.402044 -0.036356 -0.548740
v 1.402043 0.306643 -0.548740
v 0.925044 0.211644 -0.819740
v 0.925043 -0.131356 -0.819740
v 0.925044 0.211644 -0.438740
v 0.925043 -0.131356 -0.438740
v 1.259043 0.211644 -0.438740
v 1.259043 -0.131356 -0.438740
v 1.259044 0.211644 -0.819740
v 1.259044 -0.131356 -0.819740
v 1.259043 0.211644 -0.438740
v 1.259044 0.211644 -0.819740
v 0.925044 0.211644 -0.438740
v 0.925044 0.211644 -0.819740
v 1.259044 -0.131356 -0.819740
v 1.259043 -0.131356 -0.438740
v 0.925043 -0.131356 -0.819740
v 1.259043 -0.131356 -0.438740
v 0.925043 -0.131356 -0.438740
v 0.925043 -0.131356 -0.819740
v 1.259044 0.211644 -0.819740
v 1.259044 -0.131356 -0.819740
v 0.925044 0.211644 -0.819740
v 1.259044 -0.131356 -0.819740
v 0.925043 -0.131356 -0.819740
v 0.925044 0.211644 -0.819740
v 0.925044 0.211644 -0.438740
v 0.925043 -0.131356 -0.438740
v 1.259043 0.211644 -0.438740
v 0.925043 -0.131356 -0.438740
v 1.259043 -0.131356 -0.438740
v 1.259043 0.211644 -0.438740
v 0.558043 0.316644 -0.810740
v 0.558044 -0.026357 -0.810740
v 0.558043 0.316644 -0.428740
v 0.558044 -0.026357 -0.428740
v 0.891043 0.316644 -0.428740
v 0.891044 -0.026357 -0.428740
v 0.891044 0.316644 -0.810740
v 0.891043 -0.026357 -0.810740
v 0.891043 0.316644 -0.428740
v 0.891044 0.316644 -0.810740
v 0.558043 0.316644 -0.428740
v 0.558043 0.316644 -0.810740
v 0.891043 -0.026357 -0.810740
v 0.891044 -0.026357 -0.428740
v 0.558044 -0.026357 -0.810740
v 0.891044 -0.026357 -0.428740
v 0.558044 -0.026357 -0.428740
v 0.558044 -0.026357 -0.810740
v 0.891044 0.316644 -0.810740
v 0.891043 -0.026357 -0.810740
v 0.558043 0.316644 -0.810740
v 0.891043 -0.026357 -0.810740
v 0.558044 -0.026357 -0.810740
v 0.558043 0.316644 -0.810740
v 0.558043 0.316644 -0.428740
v 0.558044 -0.026357 -0.428740
v 0.891043 0.316644 -0.428740
v 0.558044 -0.026357 -0.428740
v 0.891044 -0.026357 -0.428740
v 0.891043 0.316644 -0.428740
v 0.615044 0.178644 -0.753740
v 0.615043 -0.165357 -0.753740
v 0.615043 0.178644 -0.371740
v 0.615044 -0.165357 -0.371740
v 0.949043 0.178644 -0.371740
v 0.949043 -0.165357 -0.371740
v 0.949043 0.178644 -0.753740
v 0.949043 -0.165356 -0.753740
v 0.949043 0.178644 -0.371740
v 0.949043 0.178644 -0.753740
v 0.615043 0.178644 -0.371740
v 0.615044 0.178644 -0.753740
v 0.949043 -0.165356 -0.753740
v 0.949043 -0.165357 -0.371740
v 0.615043 -0.165357 -0.753740
v 0.949043 -0.165357 -0.371740
v 0.615044 -0.165357 -0.371740
v 0.615043 -0.165357 -0.753740
v 0.949043 0.178644 -0.753740
v 0.949043 -0.165356 -0.753740
v 0.615044 0.178644 -0.753740
v 0.949043 -0.165356 -0.753740
v 0.615043 -0.165357 -0.753740
v 0.615044 0.178644 -0.753740
v 0.615043 0.178644 -0.371740
v 0.615044 -0.165357 -0.371740
v 0.949043 0.178644 -0.371740
v 0.615044 -0.165357 -0.371740
v 0.949043 -0.165357 -0.371740
v 0.949043 0.178644 -0.371740
v 0.710043 0.411644 -0.962740
v 0.710044 0.068644 -0.962740
v 0.710044 0.411644 -0.581740
v 0.710043 0.068644 -0.581740
v 1.044044 0.411644 -0.581740
v 1.044044 0.068644 -0.581740
v 1.044044 0.411644 -0.962739
v 1.044043 0.068644 -0.962740
v 1.044044 0.411644 -0.581740
v 1.044044 0.411644 -0.962739
v 0.710044 0.411644 -0.581740
v 0.710043 0.411644 -0.962740
v 1.044043 0.068644 -0.962740
v 1.044044 0.068644 -0.581740
v 0.710044 0.068644 -0.962740
v 1.044044 0.068644 -0.581740
v 0.710043 0.068644 -0.581740
v 0.710044 0.068644 -0.962740
v 1.044044 0.411644 -0.962739
v 1.044043 0.068644 -0.962740
v 0.710043 0.411644 -0.962740
v 1.044043 0.068644 -0.962740
v 0.710044 0.068644 -0.962740
v 0.710043 0.411644 -0.962740
v 0.710044 0.411644 -0.581740
v 0.710043 0.068644 -0.581740
v 1.044044 0.411644 -0.581740
v 0.710043 0.068644 -0.581740
v 1.044044 0.068644 -0.581740
v 1.044044 0.411644 -0.581740
v 0.901043 0.397644 -0.991740
v 0.901043 0.054643 -0.991740
v 0.901044 0.397644 -0.610740
v 0.901043 0.054643 -0.610740
v 1.235043 0.397644 -0.610740
v 1.235044 0.054643 -0.610740
v 1.235044 0.397644 -0.991740
v 1.235043 0.054643 -0.991740
v 1.235043 0.397644 -0.610740
v 1.235044 0.397644 -0.991740
v 0.901044 0.397644 -0.610740
v 0.901043 0.397644 -0.991740
v 1.235043 0.054643 -0.991740
v 1.235044 0.054643 -0.610740
v 0.901043 0.054643 -0.991740
v 1.235044 0.054643 -0.610740
v 0.901043 0.054643 -0.610740
v 0.901043 0.054643 -0.991740
v 1.235044 0.397644 -0.991740
v 1.235043 0.054643 -0.991740
v 0.901043 0.397644 -0.991740
v 1.235043 0.054643 -0.991740
v 0.901043 0.054643 -0.991740
v 0.901043 0.397644 -0.991740
v 0.901044 0.397644 -0.610740
v 0.901043 0.054643 -0.610740
v 1.235043 0.397644 -0.610740
v 0.901043 0.054643 -0.610740
v 1.235044 0.054643 -0.610740
v 1.235043 0.397644 -0.610740
v 0.291043 0.983644 -0.400740
v 0.291043 0.545643 -0.400740
v 0.291043 0.983644 -0.162740
v 0.291043 0.545643 -0.162740
v 0.624044 0.983644 -0.162740
v 0.624043 0.545643 -0.162740
v 0.624044 0.983644 -0.400740
v 0.624044 0.545643 -0.400740
v 0.624044 0.983644 -0.162740
v 0.624044 0.983644 -0.400740
v 0.291043 0.983644 -0.162740
v 0.291043 0.983644 -0.400740
v 0.624044 0.545643 -0.400740
v 0.624043 0.545643 -0.162740
v 0.291043 0.545643 -0.400740
v 0.624043 0.545643 -0.162740
v 0.291043 0.545643 -0.162740
v 0.291043 0.545643 -0.400740
v 0.624044 0.983644 -0.400740
v 0.624044 0.545643 -0.400740
v 0.291043 0.983644 -0.400740
v 0.624044 0.545643 -0.400740
v 0.291043 0.545643 -0.400740
v 0.291043 0.983644 -0.400740
v 0.291043 0.983644 -0.162740
v 0.291043 0.545643 -0.162740
v 0.624044 0.983644 -0.162740
v 0.291043 0.545643 -0.162740
v 0.624043 0.545643 -0.162740
v 0.624044 0.983644 -0.162740
v -0.185956 0.650643 -0.252740
v -0.185957 0.211644 -0.252740
v -0.185957 0.650643 -0.014740
v -0.185957 0.211644 -0.014740
v 0.148044 0.650643 -0.014740
v 0.148043 0.211643 -0.014740
v 0.148044 0.650643 -0.252740
v 0.148043 0.211644 -0.252740
v 0.148044 0.650643 -0.014740
v 0.148044 0.650643 -0.252740
v -0.185957 0.650643 -0.014740
v -0.185956 0.650643 -0.252740
v 0.148043 0.211644 -0.252740
v 0.148043 0.211643 -0.014740
v -0.185957 0.211644 -0.252740
v 0.148043 0.211643 -0.014740
v -0.185957 0.211644 -0.014740
v -0.185957 0.211644 -0.252740
v 0.148044 0.650643 -0.252740
v 0.148043 0.211644 -0.252740
v -0.185956 0.650643 -0.252740
v 0.148043 0.211644 -0.252740
v -0.185957 0.211644 -0.252740
v -0.185956 0.650643 -0.252740
v -0.185957 0.650643 -0.014740
v -0.185957 0.211644 -0.014740
v 0.148044 0.650643 -0.014740
v -0.185957 0.211644 -0.014740
v 0.148043 0.211643 -0.014740
v 0.148044 0.650643 -0.014740
v -0.066956 0.478643 -0.367740
v -0.066956 0.039643 -0.367740
v -0.066957 0.478643 -0.128740
v -0.066957 0.039643 -0.128740
v 0.267043 0.478643 -0.128740
v 0.267043 0.039643 -0.128740
v 0.267043 0.478643 -0.367740
v 0.267044 0.039643 -0.367740
v 0.267043 0.478643 -0.128740
v 0.267043 0.478643 -0.367740
v -0.066957 0.478643 -0.128740
v -0.066956 0.478643 -0.367740
v 0.267044 0.039643 -0.367740
v 0.267043 0.039643 -0.128740
v -0.066956 0.039643 -0.367740
v 0.267043 0.039643 -0.128740
v -0.066957 0.039643 -0.128740
v -0.066956 0.039643 -0.367740
v 0.267043 0.478643 -0.367740
v 0.267044 0.039643 -0.367740
v -0.066956 0.478643 -0.367740
v 0.267044 0.039643 -0.367740
v -0.066956 0.039643 -0.367740
v -0.066956 0.478643 -0.367740
v -0.066957 0.478643 -0.128740
v -0.066957 0.039643 -0.128740
v 0.267043 0.478643 -0.128740
v -0.066957 0.039643 -0.128740
v 0.267043 0.039643 -0.128740
v 0.267043 0.478643 -0.128740
v -0.319957 0.459643 -0.209740
v -0.319957 0.020643 -0.209740
v -0.319957 0.459643 0.028260
v -0.319957 0.020643 0.028260
v 0.014044 0.459643 0.028260
v 0.014044 0.020643 0.028260
v 0.014044 0.459643 -0.209740
v 0.014044 0.020644 -0.209740
v 0.014044 0.459643 0.028260
v 0.014044 0.459643 -0.209740
v -0.319957 0.459643 0.028260
v -0.319957 0.459643 -0.209740
v 0.014044 0.020644 -0.209740
v 0.014044 0.020643 0.028260
v -0.319957 0.020643 -0.209740
v 0.014044 0.020643 0.028260
v -0.319957 0.020643 0.028260
v -0.319957 0.020643 -0.209740
v 0.014044 0.459643 -0.209740
v 0.014044 0.020644 -0.209740
v -0.319957 0.459643 -0.209740
v 0.014044 0.020644 -0.209740
v -0.319957 0.020643 -0.209740
v -0.319957 0.459643 -0.209740
v -0.319957 0.459643 0.028260
v -0.319957 0.020643 0.028260
v 0.014044 0.459643 0.028260
v -0.319957 0.020643 0.028260
v 0.014044 0.020643 0.028260
v 0.014044 0.459643 0.028260
v -0.738956 0.878643 -0.142740
v -0.738956 0.440643 -0.142740
v -0.738956 0.878643 0.095260
v -0.738957 0.440643 0.095260
v -0.404956 0.878643 0.095260
v -0.404957 0.440643 0.095260
v -0.404957 0.878643 -0.142740
v -0.404957 0.440643 -0.142740
v -0.404956 0.878643 0.095260
v -0.404957 0.878643 -0.142740
v -0.738956 0.878643 0.095260
v -0.738956 0.878643 -0.142740
v -0.404957 0.440643 -0.142740
v -0.404957 0.440643 0.095260
v -0.738956 0.440643 -0.142740
v -0.404957 0.440643 0.095260
v -0.738957 0.440643 0.095260
v -0.738956 0.440643 -0.142740
v -0.404957 0.878643 -0.142740
v -0.404957 0.440643 -0.142740
v -0.738956 0.878643 -0.142740
v -0.404957 0.440643 -0.142740
v -0.738956 0.440643 -0.142740
v -0.738956 0.878643 -0.142740
v -0.738956 0.878643 0.095260
v -0.738957 0.440643 0.095260
v -0.404956 0.878643 0.095260
v -0.738957 0.440643 0.095260
v -0.404957 0.440643 0.095260
v -0.404956 0.878643 0.095260
v -0.786956 1.136643 -0.033740
v -0.786957 0.697643 -0.033740
v -0.786956 1.136643 0.205260
v -0.786957 0.697643 0.205260
v -0.452957 1.136643 0.205260
v -0.452956 0.697643 0.205260
v -0.452957 1.136643 -0.033740
v -0.452957 0.697643 -0.033740
v -0.452957 1.136643 0.205260
v -0.452957 1.136643 -0.033740
v -0.786956 1.136643 0.205260
v -0.786956 1.136643 -0.033740
v -0.452957 0.697643 -0.033740
v -0.452956 0.697643 0.205260
v -0.786957 0.697643 -0.033740
v -0.452956 0.697643 0.205260
v -0.786957 0.697643 0.205260
v -0.786957 0.697643 -0.033740
v -0.452957 1.136643 -0.033740
v -0.452957 0.697643 -0.033740
v -0.786956 1.136643 -0.033740
v -0.452957 0.697643 -0.033740
v -0.786957 0.697643 -0.033740
v -0.786956 1.136643 -0.033740
v -0.786956 1.136643 0.205260
v -0.786957 0.697643 0.205260
v -0.452957 1.136643 0.205260
v -0.786957 0.697643 0.205260
v -0.452956 0.697643 0.205260
v -0.452957 1.136643 0.205260
v 0.119043 1.269643 0.028260
v 0.119043 0.831644 0.028260
v 0.119044 1.269643 0.267260
v 0.119044 0.831643 0.267260
v 0.834043 1.269643 0.267260
v 0.834043 0.831643 0.267260
v 0.834043 1.269643 0.028260
v 0.834044 0.831643 0.028260
v 0.834043 1.269643 0.267260
v 0.834043 1.269643 0.028260
v 0.119044 1.269643 0.267260
v 0.119043 1.269643 0.028260
v 0.834044 0.831643 0.028260
v 0.834043 0.831643 0.267260
v 0.119043 0.831644 0.028260
v 0.834043 0.831643 0.267260
v 0.119044 0.831643 0.267260
v 0.119043 0.831644 0.028260
v 0.834043 1.269643 0.028260
v 0.834044 0.831643 0.028260
v 0.119043 1.269643 0.028260
v 0.834044 0.831643 0.028260
v 0.119043 0.831644 0.028260
v 0.119043 1.269643 0.028260
v 0.119044 1.269643 0.267260
v 0.119044 0.831643 0.267260
v 0.834043 1.269643 0.267260
v 0.119044 0.831643 0.267260
v 0.834043 0.831643 0.267260
v 0.834043 1.269643 0.267260
v -0.190956 0.917644 -0.076740
v -0.190956 0.478643 -0.076740
v -0.190957 0.917644 0.162260
v -0.190957 0.478643 0.162260
v 0.238043 0.917644 0.162260
v 0.238043 0.478643 0.162260
v 0.238043 0.917644 -0.076740
v 0.238043 0.478643 -0.076740
v 0.238043 0.917644 0.162260
v 0.238043 0.917644 -0.076740
v -0.190957 0.917644 0.162260
v -0.190956 0.917644 -0.076740
v 0.238043 0.478643 -0.076740
v 0.238043 0.478643 0.162260
v -0.190956 0.478643 -0.076740
v 0.238043 0.478643 0.162260
v -0.190957 0.478643 0.162260
v -0.190956 0.478643 -0.076740
v 0.238043 0.917644 -0.076740
v 0.238043 0.478643 -0.076740
v -0.190956 0.917644 -0.076740
v 0.238043 0.478643 -0.076740
v -0.190956 0.478643 -0.076740
v -0.190956 0.917644 -0.076740
v -0.190957 0.917644 0.162260
v -0.190957 0.478643 0.162260
v 0.238043 0.917644 0.162260
v -0.190957 0.478643 0.162260
v 0.238043 0.478643 0.162260
v 0.238043 0.917644 0.162260
v -0.042957 1.126644 -0.028740
v -0.042957 0.688643 -0.028740
v -0.042957 1.126644 0.209260
v -0.042956 0.688643 0.209260
v 0.386043 1.126644 0.209260
v 0.386043 0.688643 0.209260
v 0.386044 1.126643 -0.028740
v 0.386043 0.688643 -0.028740
v 0.386043 1.126644 0.209260
v 0.386044 1.126643 -0.028740
v -0.042957 1.126644 0.209260
v -0.042957 1.126644 -0.028740
v 0.386043 0.688643 -0.028740
v 0.386043 0.688643 0.209260
v -0.042957 0.688643 -0.028740
v 0.386043 0.688643 0.209260
v -0.042956 0.688643 0.209260
v -0.042957 0.688643 -0.028740
v 0.386044 1.126643 -0.028740
v 0.386043 0.688643 -0.028740
v -0.042957 1.126644 -0.028740
v 0.386043 0.688643 -0.028740
v -0.042957 0.688643 -0.028740
v -0.042957 1.126644 -0.028740
v -0.042957 1.126644 0.209260
v -0.042956 0.688643 0.209260
v 0.386043 1.126644 0.209260
v -0.042956 0.688643 0.209260
v 0.386043 0.688643 0.209260
v 0.386043 1.126644 0.209260
v -0.090957 0.983644 -0.033740
v -0.090957 0.545643 -0.033740
v -0.090957 0.983644 0.205260
v -0.090957 0.545643 0.205260
v 0.338043 0.983644 0.205260
v 0.338044 0.545643 0.205260
v 0.338043 0.983644 -0.033740
v 0.338044 0.545643 -0.033740
v 0.338043 0.983644 0.205260
v 0.338043 0.983644 -0.033740
v -0.090957 0.983644 0.205260
v -0.090957 0.983644 -0.033740
v 0.338044 0.545643 -0.033740
v 0.338044 0.545643 0.205260
v -0.090957 0.545643 -0.033740
v 0.338044 0.545643 0.205260
v -0.090957 0.545643 0.205260
v -0.090957 0.545643 -0.033740
v 0.338043 0.983644 -0.033740
v 0.338044 0.545643 -0.033740
v -0.090957 0.983644 -0.033740
v 0.338044 0.545643 -0.033740
v -0.090957 0.545643 -0.033740
v -0.090957 0.983644 -0.033740
v -0.090957 0.983644 0.205260
v -0.090957 0.545643 0.205260
v 0.338043 0.983644 0.205260
v -0.090957 0.545643 0.205260
v 0.338044 0.545643 0.205260
v 0.338043 0.983644 0.205260
v -0.567957 0.459643 -0.157740
v -0.567957 -0.169357 -0.157740
v -0.567957 0.459643 0.081260
v -0.567957 -0.169357 0.081260
v -0.233957 0.459643 0.081260
v -0.233956 -0.169357 0.081260
v -0.233956 0.459643 -0.157740
v -0.233957 -0.169357 -0.157740
v -0.233957 0.459643 0.081260
v -0.233956 0.459643 -0.157740
v -0.567957 0.459643 0.081260
v -0.567957 0.459643 -0.157740
v -0.233957 -0.169357 -0.157740
v -0.233956 -0.169357 0.081260
v -0.567957 -0.169357 -0.157740
v -0.233956 -0.169357 0.081260
v -0.567957 -0.169357 0.081260
v -0.567957 -0.169357 -0.157740
v -0.233956 0.459643 -0.157740
v -0.233957 -0.169357 -0.157740
v -0.567957 0.459643 -0.157740
v -0.233957 -0.169357 -0.157740
v -0.567957 -0.169357 -0.157740
v -0.567957 0.459643 -0.157740
v -0.567957 0.459643 0.081260
v -0.567957 -0.169357 0.081260
v -0.233957 0.459643 0.081260
v -0.567957 -0.169357 0.081260
v -0.233956 -0.169357 0.081260
v -0.233957 0.459643 0.081260
v -0.638956 0.120644 -0.181740
v -0.638956 -0.508357 -0.181740
v -0.638956 0.120644 0.057260
v -0.638956 -0.508357 0.057260
v -0.304956 0.120644 0.057260
v -0.304957 -0.508357 0.057260
v -0.304956 0.120644 -0.181740
v -0.304957 -0.508357 -0.181740
v -0.304956 0.120644 0.057260
v -0.304956 0.120644 -0.181740
v -0.638956 0.120644 0.057260
v -0.638956 0.120644 -0.181740
v -0.304957 -0.508357 -0.181740
v -0.304957 -0.508357 0.057260
v -0.638956 -0.508357 -0.181740
v -0.304957 -0.508357 0.057260
v -0.638956 -0.508357 0.057260
v -0.638956 -0.508357 -0.181740
v -0.304956 0.120644 -0.181740
v -0.304957 -0.508357 -0.181740
v -0.638956 0.120644 -0.181740
v -0.304957 -0.508357 -0.181740
v -0.638956 -0.508357 -0.181740
v -0.638956 0.120644 -0.181740
v -0.638956 0.120644 0.057260
v -0.638956 -0.508357 0.057260
v -0.304956 0.120644 0.057260
v -0.638956 -0.508357 0.057260
v -0.304957 -0.508357 0.057260
v -0.304956 0.120644 0.057260
v 0.176043 -0.336356 -0.381740
v 0.176043 -0.680357 -0.381740
v 0.176044 -0.336357 0.000260
v 0.176043 -0.680357 0.000260
v 0.419043 -0.336356 0.000260
v 0.419043 -0.680357 0.000260
v 0.419043 -0.336356 -0.381740
v 0.419043 -0.680357 -0.381740
v 0.419043 -0.336356 0.000260
v 0.419043 -0.336356 -0.381740
v 0.176044 -0.336357 0.000260
v 0.176043 -0.336356 -0.381740
v 0.419043 -0.680357 -0.381740
v 0.419043 -0.680357 0.000260
v 0.176043 -0.680357 -0.381740
v 0.419043 -0.680357 0.000260
v 0.176043 -0.680357 0.000260
v 0.176043 -0.680357 -0.381740
v 0.419043 -0.336356 -0.381740
v 0.419043 -0.680357 -0.381740
v 0.176043 -0.336356 -0.381740
v 0.419043 -0.680357 -0.381740
v 0.176043 -0.680357 -0.381740
v 0.176043 -0.336356 -0.381740
v 0.176044 -0.336357 0.000260
v 0.176043 -0.680357 0.000260
v 0.419043 -0.336356 0.000260
v 0.176043 -0.680357 0.000260
v 0.419043 -0.680357 0.000260
v 0.419043 -0.336356 0.000260
v 0.000044 -0.074357 -0.309740
v 0.000043 -0.656357 -0.309740
v 0.000044 -0.074357 0.071260
v 0.000043 -0.656357 0.071260
v 0.243043 -0.074357 0.071260
v 0.243043 -0.656357 0.071260
v 0.243044 -0.074357 -0.309740
v 0.243043 -0.656357 -0.309740
v 0.243043 -0.074357 0.071260
v 0.243044 -0.074357 -0.309740
v 0.000044 -0.074357 0.071260
v 0.000044 -0.074357 -0.309740
v 0.243043 -0.656357 -0.309740
v 0.243043 -0.656357 0.071260
v 0.000043 -0.656357 -0.309740
v 0.243043 -0.656357 0.071260
v 0.000043 -0.656357 0.071260
v 0.000043 -0.656357 -0.309740
v 0.243044 -0.074357 -0.309740
v 0.243043 -0.656357 -0.309740
v 0.000044 -0.074357 -0.309740
v 0.243043 -0.656357 -0.309740
v 0.000043 -0.656357 -0.309740
v 0.000044 -0.074357 -0.309740
v 0.000044 -0.074357 0.071260
v 0.000043 -0.656357 0.071260
v 0.243043 -0.074357 0.071260
v 0.000043 -0.656357 0.071260
v 0.243043 -0.656357 0.071260
v 0.243043 -0.074357 0.071260
v 0.095043 -0.408357 -0.357740
v 0.095044 -0.990356 -0.357740
v 0.095043 -0.408357 0.023260
v 0.095043 -0.990357 0.023260
v 0.338043 -0.408357 0.023260
v 0.338043 -0.990356 0.023260
v 0.338044 -0.408357 -0.357740
v 0.338043 -0.990356 -0.357740
v 0.338043 -0.408357 0.023260
v 0.338044 -0.408357 -0.357740
v 0.095043 -0.408357 0.023260
v 0.095043 -0.408357 -0.357740
v 0.338043 -0.990356 -0.357740
v 0.338043 -0.990356 0.023260
v 0.095044 -0.990356 -0.357740
v 0.338043 -0.990356 0.023260
v 0.095043 -0.990357 0.023260
v 0.095044 -0.990356 -0.357740
v 0.338044 -0.408357 -0.357740
v 0.338043 -0.990356 -0.357740
v 0.095043 -0.408357 -0.357740
v 0.338043 -0.990356 -0.357740
v 0.095044 -0.990356 -0.357740
v 0.095043 -0.408357 -0.357740
v 0.095043 -0.408357 0.023260
v 0.095043 -0.990357 0.023260
v 0.338043 -0.408357 0.023260
v 0.095043 -0.990357 0.023260
v 0.338043 -0.990356 0.023260
v 0.338043 -0.408357 0.023260
v -0.171956 -0.079356 -0.138740
v -0.171957 -0.661357 -0.138740
v -0.171956 -0.079357 0.243260
v -0.171956 -0.661357 0.243260
v 0.071043 -0.079356 0.243260
v 0.071043 -0.661356 0.243260
v 0.071043 -0.079357 -0.138740
v 0.071043 -0.661356 -0.138740
v 0.071043 -0.079356 0.243260
v 0.071043 -0.079357 -0.138740
v -0.171956 -0.079357 0.243260
v -0.171956 -0.079356 -0.138740
v 0.071043 -0.661356 -0.138740
v 0.071043 -0.661356 0.243260
v -0.171957 -0.661357 -0.138740
v 0.071043 -0.661356 0.243260
v -0.171956 -0.661357 0.243260
v -0.171957 -0.661357 -0.138740
v 0.071043 -0.079357 -0.138740
v 0.071043 -0.661356 -0.138740
v -0.171956 -0.079356 -0.138740
v 0.071043 -0.661356 -0.138740
v -0.171957 -0.661357 -0.138740
v -0.171956 -0.079356 -0.138740
v -0.171956 -0.079357 0.243260
v -0.171956 -0.661357 0.243260
v 0.071043 -0.079356 0.243260
v -0.171956 -0.661357 0.243260
v 0.071043 -0.661356 0.243260
v 0.071043 -0.079356 0.243260
v -0.166957 -0.270357 -0.266740
v -0.166957 -0.851357 -0.266740
v -0.166957 -0.270357 0.114260
v -0.166957 -0.851357 0.114260
v 0.076043 -0.270357 0.114260
v 0.076043 -0.851357 0.114260
v 0.076043 -0.270356 -0.266740
v 0.076043 -0.851357 -0.266740
v 0.076043 -0.270357 0.114260
v 0.076043 -0.270356 -0.266740
v -0.166957 -0.270357 0.114260
v -0.166957 -0.270357 -0.266740
v 0.076043 -0.851357 -0.266740
v 0.076043 -0.851357 0.114260
v -0.166957 -0.851357 -0.266740
v 0.076043 -0.851357 0.114260
v -0.166957 -0.851357 0.114260
v -0.166957 -0.851357 -0.266740
v 0.076043 -0.270356 -0.266740
v 0.076043 -0.851357 -0.266740
v -0.166957 -0.270357 -0.266740
v 0.076043 -0.851357 -0.266740
v -0.166957 -0.851357 -0.266740
v -0.166957 -0.270357 -0.266740
v -0.166957 -0.270357 0.114260
v -0.166957 -0.851357 0.114260
v 0.076043 -0.270357 0.114260
v -0.166957 -0.851357 0.114260
v 0.076043 -0.851357 0.114260
v 0.076043 -0.270357 0.114260
v -0.633956 -0.022357 -0.100740
v -0.633957 -0.651356 -0.100740
v -0.633956 -0.022357 0.138260
v -0.633957 -0.651356 0.138260
v -0.300957 -0.022357 0.138260
v -0.300957 -0.651356 0.138260
v -0.300957 -0.022357 -0.100740
v -0.300957 -0.651357 -0.100740
v -0.300957 -0.022357 0.138260
v -0.300957 -0.022357 -0.100740
v -0.633956 -0.022357 0.138260
v -0.633956 -0.022357 -0.100740
v -0.300957 -0.651357 -0.100740
v -0.300957 -0.651356 0.138260
v -0.633957 -0.651356 -0.100740
v -0.300957 -0.651356 0.138260
v -0.633957 -0.651356 0.138260
v -0.633957 -0.651356 -0.100740
v -0.300957 -0.022357 -0.100740
v -0.300957 -0.651357 -0.100740
v -0.633956 -0.022357 -0.100740
v -0.300957 -0.651357 -0.100740
v -0.633957 -0.651356 -0.100740
v -0.633956 -0.022357 -0.100740
v -0.633956 -0.022357 0.138260
v -0.633957 -0.651356 0.138260
v -0.300957 -0.022357 0.138260
v -0.633957 -0.651356 0.138260
v -0.300957 -0.651356 0.138260
v -0.300957 -0.022357 0.138260
v -0.781956 0.216643 -0.195740
v -0.781957 -0.413357 -0.195740
v -0.781956 0.216643 -0.004740
v -0.781956 -0.413357 -0.004740
v -0.590956 0.216643 -0.004740
v -0.590957 -0.413357 -0.004740
v -0.590957 0.216643 -0.195740
v -0.590957 -0.413357 -0.195740
v -0.590956 0.216643 -0.004740
v -0.590957 0.216643 -0.195740
v -0.781956 0.216643 -0.004740
v -0.781956 0.216643 -0.195740
v -0.590957 -0.413357 -0.195740
v -0.590957 -0.413357 -0.004740
v -0.781957 -0.413357 -0.195740
v -0.590957 -0.413357 -0.004740
v -0.781956 -0.413357 -0.004740
v -0.781957 -0.413357 -0.195740
v -0.590957 0.216643 -0.195740
v -0.590957 -0.413357 -0.195740
v -0.781956 0.216643 -0.195740
v -0.590957 -0.413357 -0.195740
v -0.781957 -0.413357 -0.195740
v -0.781956 0.216643 -0.195740
v -0.781956 0.216643 -0.004740
v -0.781956 -0.413357 -0.004740
v -0.590956 0.216643 -0.004740
v -0.781956 -0.413357 -0.004740
v -0.590957 -0.413357 -0.004740
v -0.590956 0.216643 -0.004740
v -0.957956 0.240643 -0.252740
v -0.957957 -0.389357 -0.252740
v -0.957957 0.240644 -0.061740
v -0.957957 -0.389357 -0.061740
v -0.767956 0.240644 -0.061740
v -0.767957 -0.389356 -0.061740
v -0.767957 0.240644 -0.252740
v -0.767957 -0.389357 -0.252740
v -0.767956 0.240644 -0.061740
v -0.767957 0.240644 -0.252740
v -0.957957 0.240644 -0.061740
v -0.957956 0.240643 -0.252740
v -0.767957 -0.389357 -0.252740
v -0.767957 -0.389356 -0.061740
v -0.957957 -0.389357 -0.252740
v -0.767957 -0.389356 -0.061740
v -0.957957 -0.389357 -0.061740
v -0.957957 -0.389357 -0.252740
v -0.767957 0.240644 -0.252740
v -0.767957 -0.389357 -0.252740
v -0.957956 0.240643 -0.252740
v -0.767957 -0.389357 -0.252740
v -0.957957 -0.389357 -0.252740
v -0.957956 0.240643 -0.252740
v -0.957957 0.240644 -0.061740
v -0.957957 -0.389357 -0.061740
v -0.767956 0.240644 -0.061740
v -0.957957 -0.389357 -0.061740
v -0.767957 -0.389356 -0.061740
v -0.767956 0.240644 -0.061740
v -1.100956 0.335643 -0.295740
v -1.100956 -0.293356 -0.295740
v -1.100957 0.335643 -0.104740
v -1.100957 -0.293356 -0.104740
v -0.910957 0.335643 -0.104740
v -0.910957 -0.293357 -0.104740
v -0.910956 0.335643 -0.295740
v -0.910957 -0.293356 -0.295740
v -0.910957 0.335643 -0.104740
v -0.910956 0.335643 -0.295740
v -1.100957 0.335643 -0.104740
v -1.100956 0.335643 -0.295740
v -0.910957 -0.293356 -0.295740
v -0.910957 -0.293357 -0.104740
v -1.100956 -0.293356 -0.295740
v -0.910957 -0.293357 -0.104740
v -1.100957 -0.293356 -0.104740
v -1.100956 -0.293356 -0.295740
v -0.910956 0.335643 -0.295740
v -0.910957 -0.293356 -0.295740
v -1.100956 0.335643 -0.295740
v -0.910957 -0.293356 -0.295740
v -1.100956 -0.293356 -0.295740
v -1.100956 0.335643 -0.295740
v -1.100957 0.335643 -0.104740
v -1.100957 -0.293356 -0.104740
v -0.910957 0.335643 -0.104740
v -1.100957 -0.293356 -0.104740
v -0.910957 -0.293357 -0.104740
v -0.910957 0.335643 -0.104740
v -1.244956 0.411644 -0.371740
v -1.244957 -0.217357 -0.371740
v -1.244956 0.411644 -0.181740
v -1.244957 -0.217357 -0.181740
v -1.053957 0.411643 -0.181740
v -1.053956 -0.217357 -0.181740
v -1.053957 0.411644 -0.371740
v -1.053957 -0.217357 -0.371740
v -1.053957 0.411643 -0.181740
v -1.053957 0.411644 -0.371740
v -1.244956 0.411644 -0.181740
v -1.244956 0.411644 -0.371740
v -1.053957 -0.217357 -0.371740
v -1.053956 -0.217357 -0.181740
v -1.244957 -0.217357 -0.371740
v -1.053956 -0.217357 -0.181740
v -1.244957 -0.217357 -0.181740
v -1.244957 -0.217357 -0.371740
v -1.053957 0.411644 -0.371740
v -1.053957 -0.217357 -0.371740
v -1.244956 0.411644 -0.371740
v -1.053957 -0.217357 -0.371740
v -1.244957 -0.217357 -0.371740
v -1.244956 0.411644 -0.371740
v -1.244956 0.411644 -0.181740
v -1.244957 -0.217357 -0.181740
v -1.053957 0.411643 -0.181740
v -1.244957 -0.217357 -0.181740
v -1.053956 -0.217357 -0.181740
v -1.053957 0.411643 -0.181740
v -0.853957 0.173644 -0.223740
v -0.853957 -0.456357 -0.223740
v -0.853957 0.173644 -0.033740
v -0.853957 -0.456357 -0.033740
v -0.662957 0.173644 -0.033740
v -0.662956 -0.456357 -0.033740
v -0.662957 0.173644 -0.223740
v -0.662957 -0.456357 -0.223740
v -0.662957 0.173644 -0.033740
v -0.662957 0.173644 -0.223740
v -0.853957 0.173644 -0.033740
v -0.853957 0.173644 -0.223740
v -0.662957 -0.456357 -0.223740
v -0.662956 -0.456357 -0.033740
v -0.853957 -0.456357 -0.223740
v -0.662956 -0.456357 -0.033740
v -0.853957 -0.456357 -0.033740
v -0.853957 -0.456357 -0.223740
v -0.662957 0.173644 -0.223740
v -0.662957 -0.456357 -0.223740
v -0.853957 0.173644 -0.223740
v -0.662957 -0.456357 -0.223740
v -0.853957 -0.456357 -0.223740
v -0.853957 0.173644 -0.223740
v -0.853957 0.173644 -0.033740
v -0.853957 -0.456357 -0.033740
v -0.662957 0.173644 -0.033740
v -0.853957 -0.456357 -0.033740
v -0.662956 -0.456357 -0.033740
v -0.662957 0.173644 -0.033740
v -1.124956 0.282643 -0.228740
v -1.124956 -0.346356 -0.228740
v -1.124956 0.282643 -0.038740
v -1.124956 -0.346356 -0.038740
v -0.934957 0.282643 -0.038740
v -0.934956 -0.346356 -0.038740
v -0.934956 0.282643 -0.228740
v -0.934957 -0.346356 -0.228740
v -0.934957 0.282643 -0.038740
v -0.934956 0.282643 -0.228740
v -1.124956 0.282643 -0.038740
v -1.124956 0.282643 -0.228740
v -0.934957 -0.346356 -0.228740
v -0.934956 -0.346356 -0.038740
v -1.124956 -0.346356 -0.228740
v -0.934956 -0.346356 -0.038740
v -1.124956 -0.346356 -0.038740
v -1.124956 -0.346356 -0.228740
v -0.934956 0.282643 -0.228740
v -0.934957 -0.346356 -0.228740
v -1.124956 0.282643 -0.228740
v -0.934957 -0.346356 -0.228740
v -1.124956 -0.346356 -0.228740
v -1.124956 0.282643 -0.228740
v -1.124956 0.282643 -0.038740
v -1.124956 -0.346356 -0.038740
v -0.934957 0.282643 -0.038740
v -1.124956 -0.346356 -0.038740
v -0.934956 -0.346356 -0.038740
v -0.934957 0.282643 -0.038740
v -0.919957 0.039643 -0.209740
v -0.919957 -0.589356 -0.209740
v -0.919957 0.039643 -0.018740
v -0.919957 -0.589356 -0.018740
v -0.729956 0.039643 -0.018740
v -0.729956 -0.589357 -0.018740
v -0.729956 0.039643 -0.209740
v -0.729956 -0.589357 -0.209740
v -0.729956 0.039643 -0.018740
v -0.729956 0.039643 -0.209740
v -0.919957 0.039643 -0.018740
v -0.919957 0.039643 -0.209740
v -0.729956 -0.589357 -0.209740
v -0.729956 -0.589357 -0.018740
v -0.919957 -0.589356 -0.209740
v -0.729956 -0.589357 -0.018740
v -0.919957 -0.589356 -0.018740
v -0.919957 -0.589356 -0.209740
v -0.729956 0.039643 -0.209740
v -0.729956 -0.589357 -0.209740
v -0.919957 0.039643 -0.209740
v -0.729956 -0.589357 -0.209740
v -0.919957 -0.589356 -0.209740
v -0.919957 0.039643 -0.209740
v -0.919957 0.039643 -0.018740
v -0.919957 -0.589356 -0.018740
v -0.729956 0.039643 -0.018740
v -0.919957 -0.589356 -0.018740
v -0.729956 -0.589357 -0.018740
v -0.729956 0.039643 -0.018740
v -0.776956 -0.007357 -0.181740
v -0.776957 -0.637357 -0.181740
v -0.776956 -0.007357 0.009260
v -0.776956 -0.637357 0.009260
v -0.586956 -0.007357 0.009260
v -0.586957 -0.637357 0.009260
v -0.586957 -0.007357 -0.181740
v -0.586956 -0.637357 -0.181740
v -0.586956 -0.007357 0.009260
v -0.586957 -0.007357 -0.181740
v -0.776956 -0.007357 0.009260
v -0.776956 -0.007357 -0.181740
v -0.586956 -0.637357 -0.181740
v -0.586957 -0.637357 0.009260
v -0.776957 -0.637357 -0.181740
v -0.586957 -0.637357 0.009260
v -0.776956 -0.637357 0.009260
v -0.776957 -0.637357 -0.181740
v -0.586957 -0.007357 -0.181740
v -0.586956 -0.637357 -0.181740
v -0.776956 -0.007357 -0.181740
v -0.586956 -0.637357 -0.181740
v -0.776957 -0.637357 -0.181740
v -0.776956 -0.007357 -0.181740
v -0.776956 -0.007357 0.009260
v -0.776956 -0.637357 0.009260
v -0.586956 -0.007357 0.009260
v -0.776956 -0.637357 0.009260
v -0.586957 -0.637357 0.009260
v -0.586956 -0.007357 0.009260
v -1.267956 0.359643 -0.252740
v -1.267956 -0.270357 -0.252740
v -1.267956 0.359643 -0.061740
v -1.267956 -0.270357 -0.061740
v -1.077956 0.359643 -0.061740
v -1.077956 -0.270357 -0.061740
v -1.077956 0.359643 -0.252740
v -1.077957 -0.270357 -0.252740
v -1.077956 0.359643 -0.061740
v -1.077956 0.359643 -0.252740
v -1.267956 0.359643 -0.061740
v -1.267956 0.359643 -0.252740
v -1.077957 -0.270357 -0.252740
v -1.077956 -0.270357 -0.061740
v -1.267956 -0.270357 -0.252740
v -1.077956 -0.270357 -0.061740
v -1.267956 -0.270357 -0.061740
v -1.267956 -0.270357 -0.252740
v -1.077956 0.359643 -0.252740
v -1.077957 -0.270357 -0.252740
v -1.267956 0.359643 -0.252740
v -1.077957 -0.270357 -0.252740
v -1.267956 -0.270357 -0.252740
v -1.267956 0.359643 -0.252740
v -1.267956 0.359643 -0.061740
v -1.267956 -0.270357 -0.061740
v -1.077956 0.359643 -0.061740
v -1.267956 -0.270357 -0.061740
v -1.077956 -0.270357 -0.061740
v -1.077956 0.359643 -0.061740
v -1.387956 0.411643 -0.200740
v -1.387956 -0.217357 -0.200740
v -1.387956 0.411644 -0.009740
v -1.387956 -0.217357 -0.009740
v -1.196956 0.411644 -0.009740
v -1.196956 -0.217356 -0.009740
v -1.196956 0.411644 -0.200740
v -1.196957 -0.217357 -0.200740
v -1.196956 0.411644 -0.009740
v -1.196956 0.411644 -0.200740
v -1.387956 0.411644 -0.009740
v -1.387956 0.411643 -0.200740
v -1.196957 -0.217357 -0.200740
v -1.196956 -0.217356 -0.009740
v -1.387956 -0.217357 -0.200740
v -1.196956 -0.217356 -0.009740
v -1.387956 -0.217357 -0.009740
v -1.387956 -0.217357 -0.200740
v -1.196956 0.411644 -0.200740
v -1.196957 -0.217357 -0.200740
v -1.387956 0.411643 -0.200740
v -1.196957 -0.217357 -0.200740
v -1.387956 -0.217357 -0.200740
v -1.387956 0.411643 -0.200740
v -1.387956 0.411644 -0.009740
v -1.387956 -0.217357 -0.009740
v -1.196956 0.411644 -0.009740
v -1.387956 -0.217357 -0.009740
v -1.196956 -0.217356 -0.009740
v -1.196956 0.411644 -0.009740
v -1.220957 0.216643 -0.181740
v -1.220957 -0.413357 -0.181740
v -1.220956 0.216643 0.009260
v -1.220956 -0.413357 0.009260
v -1.029957 0.216643 0.009260
v -1.029957 -0.413357 0.009260
v -1.029956 0.216643 -0.181740
v -1.029957 -0.413357 -0.181740
v -1.029957 0.216643 0.009260
v -1.029956 0.216643 -0.181740
v -1.220956 0.216643 0.009260
v -1.220957 0.216643 -0.181740
v -1.029957 -0.413357 -0.181740
v -1.029957 -0.413357 0.009260
v -1.220957 -0.413357 -0.181740
v -1.029957 -0.413357 0.009260
v -1.220956 -0.413357 0.009260
v -1.220957 -0.413357 -0.181740
v -1.029956 0.216643 -0.181740
v -1.029957 -0.413357 -0.181740
v -1.220957 0.216643 -0.181740
v -1.029957 -0.413357 -0.181740
v -1.220957 -0.413357 -0.181740
v -1.220957 0.216643 -0.181740
v -1.220956 0.216643 0.009260
v -1.220956 -0.413357 0.009260
v -1.029957 0.216643 0.009260
v -1.220956 -0.413357 0.009260
v -1.029957 -0.413357 0.009260
v -1.029957 0.216643 0.009260
v -1.077956 0.111643 -0.190740
v -1.077956 -0.518357 -0.190740
v -1.077957 0.111643 0.000260
v -1.077956 -0.518357 0.000260
v -0.886957 0.111643 0.000260
v -0.886957 -0.518357 0.000260
v -0.886956 0.111643 -0.190740
v -0.886957 -0.518357 -0.190740
v -0.886957 0.111643 0.000260
v -0.886956 0.111643 -0.190740
v -1.077957 0.111643 0.000260
v -1.077956 0.111643 -0.190740
v -0.886957 -0.518357 -0.190740
v -0.886957 -0.518357 0.000260
v -1.077956 -0.518357 -0.190740
v -0.886957 -0.518357 0.000260
v -1.077956 -0.518357 0.000260
v -1.077956 -0.518357 -0.190740
v -0.886956 0.111643 -0.190740
v -0.886957 -0.518357 -0.190740
v -1.077956 0.111643 -0.190740
v -0.886957 -0.518357 -0.190740
v -1.077956 -0.518357 -0.190740
v -1.077956 0.111643 -0.190740
v -1.077957 0.111643 0.000260
v -1.077956 -0.518357 0.000260
v -0.886957 0.111643 0.000260
v -1.077956 -0.518357 0.000260
v -0.886957 -0.518357 0.000260
v -0.886957 0.111643 0.000260
v -1.387956 0.459643 -0.386740
v -1.387956 -0.169357 -0.386740
v -1.387956 0.459643 -0.195740
v -1.387957 -0.169357 -0.195740
v -1.196956 0.459643 -0.195740
v -1.196956 -0.169357 -0.195740
v -1.196956 0.459643 -0.386740
v -1.196956 -0.169357 -0.386740
v -1.196956 0.459643 -0.195740
v -1.196956 0.459643 -0.386740
v -1.387956 0.459643 -0.195740
v -1.387956 0.459643 -0.386740
v -1.196956 -0.169357 -0.386740
v -1.196956 -0.169357 -0.195740
v -1.387956 -0.169357 -0.386740
v -1.196956 -0.169357 -0.195740
v -1.387957 -0.169357 -0.195740
v -1.387956 -0.169357 -0.386740
v -1.196956 0.459643 -0.386740
v -1.196956 -0.169357 -0.386740
v -1.387956 0.459643 -0.386740
v -1.196956 -0.169357 -0.386740
v -1.387956 -0.169357 -0.386740
v -1.387956 0.459643 -0.386740
v -1.387956 0.459643 -0.195740
v -1.387957 -0.169357 -0.195740
v -1.196956 0.459643 -0.195740
v -1.387957 -0.169357 -0.195740
v -1.196956 -0.169357 -0.195740
v -1.196956 0.459643 -0.195740
v -0.929956 0.459643 -0.066740
v -0.929957 -0.169357 -0.066740
v -0.929957 0.459643 0.171260
v -0.929957 -0.169357 0.171260
v -0.595957 0.459643 0.171260
v -0.595956 -0.169357 0.171260
v -0.595957 0.459643 -0.066740
v -0.595957 -0.169357 -0.066740
v -0.595957 0.459643 0.171260
v -0.595957 0.459643 -0.066740
v -0.929957 0.459643 0.171260
v -0.929956 0.459643 -0.066740
v -0.595957 -0.169357 -0.066740
v -0.595956 -0.169357 0.171260
v -0.929957 -0.169357 -0.066740
v -0.595956 -0.169357 0.171260
v -0.929957 -0.169357 0.171260
v -0.929957 -0.169357 -0.066740
v -0.595957 0.459643 -0.066740
v -0.595957 -0.169357 -0.066740
v -0.929956 0.459643 -0.066740
v -0.595957 -0.169357 -0.066740
v -0.929957 -0.169357 -0.066740
v -0.929956 0.459643 -0.066740
v -0.929957 0.459643 0.171260
v -0.929957 -0.169357 0.171260
v -0.595957 0.459643 0.171260
v -0.929957 -0.169357 0.171260
v -0.595956 -0.169357 0.171260
v -0.595957 0.459643 0.171260
v -0.519956 1.007644 0.124260
v -0.519956 0.378644 0.124260
v -0.519957 1.007644 0.362260
v -0.519956 0.378644 0.362260
v -0.185957 1.007644 0.362260
v -0.185957 0.378643 0.362260
v -0.185957 1.007644 0.124260
v -0.185957 0.378643 0.124260
v -0.185957 1.007644 0.362260
v -0.185957 1.007644 0.124260
v -0.519957 1.007644 0.362260
v -0.519956 1.007644 0.124260
v -0.185957 0.378643 0.124260
v -0.185957 0.378643 0.362260
v -0.519956 0.378644 0.124260
v -0.185957 0.378643 0.362260
v -0.519956 0.378644 0.362260
v -0.519956 0.378644 0.124260
v -0.185957 1.007644 0.124260
v -0.185957 0.378643 0.124260
v -0.519956 1.007644 0.124260
v -0.185957 0.378643 0.124260
v -0.519956 0.378644 0.124260
v -0.519956 1.007644 0.124260
v -0.519957 1.007644 0.362260
v -0.519956 0.378644 0.362260
v -0.185957 1.007644 0.362260
v -0.519956 0.378644 0.362260
v -0.185957 0.378643 0.362260
v -0.185957 1.007644 0.362260
v -0.495956 0.554644 -0.028740
v -0.495957 0.116643 -0.028740
v -0.495957 0.554643 0.209260
v -0.495957 0.116643 0.209260
v -0.161957 0.554643 0.209260
v -0.161957 0.116643 0.209260
v -0.161957 0.554643 -0.028740
v -0.161957 0.116643 -0.028740
v -0.161957 0.554643 0.209260
v -0.161957 0.554643 -0.028740
v -0.495957 0.554643 0.209260
v -0.495956 0.554644 -0.028740
v -0.161957 0.116643 -0.028740
v -0.161957 0.116643 0.209260
v -0.495957 0.116643 -0.028740
v -0.161957 0.116643 0.209260
v -0.495957 0.116643 0.209260
v -0.495957 0.116643 -0.028740
v -0.161957 0.554643 -0.028740
v -0.161957 0.116643 -0.028740
v -0.495956 0.554644 -0.028740
v -0.161957 0.116643 -0.028740
v -0.495957 0.116643 -0.028740
v -0.495956 0.554644 -0.028740
v -0.495957 0.554643 0.209260
v -0.495957 0.116643 0.209260
v -0.161957 0.554643 0.209260
v -0.495957 0.116643 0.209260
v -0.161957 0.116643 0.209260
v -0.161957 0.554643 0.209260
v -0.304957 0.602643 -0.123740
v -0.304957 0.020643 -0.123740
v -0.304956 0.602643 0.114260
v -0.304956 0.020643 0.114260
v 0.028043 0.602643 0.114260
v 0.028043 0.020643 0.114260
v 0.028044 0.602643 -0.123740
v 0.028044 0.020643 -0.123740
v 0.028043 0.602643 0.114260
v 0.028044 0.602643 -0.123740
v -0.304956 0.602643 0.114260
v -0.304957 0.602643 -0.123740
v 0.028044 0.020643 -0.123740
v 0.028043 0.020643 0.114260
v -0.304957 0.020643 -0.123740
v 0.028043 0.020643 0.114260
v -0.304956 0.020643 0.114260
v -0.304957 0.020643 -0.123740
v 0.028044 0.602643 -0.123740
v 0.028044 0.020643 -0.123740
v -0.304957 0.602643 -0.123740
v 0.028044 0.020643 -0.123740
v -0.304957 0.020643 -0.123740
v -0.304957 0.602643 -0.123740
v -0.304956 0.602643 0.114260
v -0.304956 0.020643 0.114260
v 0.028043 0.602643 0.114260
v -0.304956 0.020643 0.114260
v 0.028043 0.020643 0.114260
v 0.028043 0.602643 0.114260
v -0.471957 0.840644 -0.018740
v -0.471957 0.402644 -0.018740
v -0.471957 0.840643 0.219260
v -0.471957 0.402644 0.219260
v -0.137956 0.840643 0.219260
v -0.137956 0.402644 0.219260
v -0.137956 0.840643 -0.018740
v -0.137956 0.402644 -0.018740
v -0.137956 0.840643 0.219260
v -0.137956 0.840643 -0.018740
v -0.471957 0.840643 0.219260
v -0.471957 0.840644 -0.018740
v -0.137956 0.402644 -0.018740
v -0.137956 0.402644 0.219260
v -0.471957 0.402644 -0.018740
v -0.137956 0.402644 0.219260
v -0.471957 0.402644 0.219260
v -0.471957 0.402644 -0.018740
v -0.137956 0.840643 -0.018740
v -0.137956 0.402644 -0.018740
v -0.471957 0.840644 -0.018740
v -0.137956 0.402644 -0.018740
v -0.471957 0.402644 -0.018740
v -0.471957 0.840644 -0.018740
v -0.471957 0.840643 0.219260
v -0.471957 0.402644 0.219260
v -0.137956 0.840643 0.219260
v -0.471957 0.402644 0.219260
v -0.137956 0.402644 0.219260
v -0.137956 0.840643 0.219260
v -0.042956 0.793643 -0.209740
v -0.042956 0.354643 -0.209740
v -0.042957 0.793643 0.028260
v -0.042956 0.354643 0.028260
v 0.291044 0.793643 0.028260
v 0.291043 0.354643 0.028260
v 0.291043 0.793643 -0.209740
v 0.291043 0.354643 -0.209740
v 0.291044 0.793643 0.028260
v 0.291043 0.793643 -0.209740
v -0.042957 0.793643 0.028260
v -0.042956 0.793643 -0.209740
v 0.291043 0.354643 -0.209740
v 0.291043 0.354643 0.028260
v -0.042956 0.354643 -0.209740
v 0.291043 0.354643 0.028260
v -0.042956 0.354643 0.028260
v -0.042956 0.354643 -0.209740
v 0.291043 0.793643 -0.209740
v 0.291043 0.354643 -0.209740
v -0.042956 0.793643 -0.209740
v 0.291043 0.354643 -0.209740
v -0.042956 0.354643 -0.209740
v -0.042956 0.793643 -0.209740
v -0.042957 0.793643 0.028260
v -0.042956 0.354643 0.028260
v 0.291044 0.793643 0.028260
v -0.042956 0.354643 0.028260
v 0.291043 0.354643 0.028260
v 0.291044 0.793643 0.028260
v 0.100043 1.079644 -0.209740
v 0.100044 0.640643 -0.209740
v 0.100043 1.079644 0.028260
v 0.100043 0.640644 0.028260
v 0.434044 1.079644 0.028260
v 0.434043 0.640643 0.028260
v 0.434043 1.079644 -0.209740
v 0.434044 0.640644 -0.209740
v 0.434044 1.079644 0.028260
v 0.434043 1.079644 -0.209740
v 0.100043 1.079644 0.028260
v 0.100043 1.079644 -0.209740
v 0.434044 0.640644 -0.209740
v 0.434043 0.640643 0.028260
v 0.100044 0.640643 -0.209740
v 0.434043 0.640643 0.028260
v 0.100043 0.640644 0.028260
v 0.100044 0.640643 -0.209740
v 0.434043 1.079644 -0.209740
v 0.434044 0.640644 -0.209740
v 0.100043 1.079644 -0.209740
v 0.434044 0.640644 -0.209740
v 0.100044 0.640643 -0.209740
v 0.100043 1.079644 -0.209740
v 0.100043 1.079644 0.028260
v 0.100043 0.640644 0.028260
v 0.434044 1.079644 0.028260
v 0.100043 0.640644 0.028260
v 0.434043 0.640643 0.028260
v 0.434044 1.079644 0.028260
v 0.148043 0.697643 -0.400740
v 0.148043 0.259644 -0.400740
v 0.148043 0.697643 -0.162740
v 0.148043 0.259644 -0.162740
v 0.481043 0.697643 -0.162740
v 0.481043 0.259644 -0.162740
v 0.481043 0.697643 -0.400740
v 0.481044 0.259644 -0.400740
v 0.481043 0.697643 -0.162740
v 0.481043 0.697643 -0.400740
v 0.148043 0.697643 -0.162740
v 0.148043 0.697643 -0.400740
v 0.481044 0.259644 -0.400740
v 0.481043 0.259644 -0.162740
v 0.148043 0.259644 -0.400740
v 0.481043 0.259644 -0.162740
v 0.148043 0.259644 -0.162740
v 0.148043 0.259644 -0.400740
v 0.481043 0.697643 -0.400740
v 0.481044 0.259644 -0.400740
v 0.148043 0.697643 -0.400740
v 0.481044 0.259644 -0.400740
v 0.148043 0.259644 -0.400740
v 0.148043 0.697643 -0.400740
v 0.148043 0.697643 -0.162740
v 0.148043 0.259644 -0.162740
v 0.481043 0.697643 -0.162740
v 0.148043 0.259644 -0.162740
v 0.481043 0.259644 -0.162740
v 0.481043 0.697643 -0.162740
v 0.338043 0.697643 -0.543740
v 0.338044 0.259644 -0.543740
v 0.338043 0.697643 -0.305740
v 0.338043 0.259644 -0.305740
v 0.672043 0.697643 -0.305740
v 0.672044 0.259644 -0.305740
v 0.672044 0.697643 -0.543740
v 0.672044 0.259644 -0.543740
v 0.672043 0.697643 -0.305740
v 0.672044 0.697643 -0.543740
v 0.338043 0.697643 -0.305740
v 0.338043 0.697643 -0.543740
v 0.672044 0.259644 -0.543740
v 0.672044 0.259644 -0.305740
v 0.338044 0.259644 -0.543740
v 0.672044 0.259644 -0.305740
v 0.338043 0.259644 -0.305740
v 0.338044 0.259644 -0.543740
v 0.672044 0.697643 -0.543740
v 0.672044 0.259644 -0.543740
v 0.338043 0.697643 -0.543740
v 0.672044 0.259644 -0.543740
v 0.338044 0.259644 -0.543740
v 0.338043 0.697643 -0.543740
v 0.338043 0.697643 -0.305740
v 0.338043 0.259644 -0.305740
v 0.672043 0.697643 -0.305740
v 0.338043 0.259644 -0.305740
v 0.672044 0.259644 -0.305740
v 0.672043 0.697643 -0.305740
v 0.005044 0.554643 -0.448740
v 0.005043 0.116643 -0.448740
v 0.005043 0.554643 -0.209740
v 0.005044 0.116643 -0.209740
v 0.338044 0.554644 -0.209740
v 0.338043 0.116643 -0.209740
v 0.338044 0.554644 -0.448740
v 0.338043 0.116643 -0.448740
v 0.338044 0.554644 -0.209740
v 0.338044 0.554644 -0.448740
v 0.005043 0.554643 -0.209740
v 0.005044 0.554643 -0.448740
v 0.338043 0.116643 -0.448740
v 0.338043 0.116643 -0.209740
v 0.005043 0.116643 -0.448740
v 0.338043 0.116643 -0.209740
v 0.005044 0.116643 -0.209740
v 0.005043 0.116643 -0.448740
v 0.338044 0.554644 -0.448740
v 0.338043 0.116643 -0.448740
v 0.005044 0.554643 -0.448740
v 0.338043 0.116643 -0.448740
v 0.005043 0.116643 -0.448740
v 0.005044 0.554643 -0.448740
v 0.005043 0.554643 -0.209740
v 0.005044 0.116643 -0.209740
v 0.338044 0.554644 -0.209740
v 0.005044 0.116643 -0.209740
v 0.338043 0.116643 -0.209740
v 0.338044 0.554644 -0.209740
v 0.434044 1.007644 -0.552740
v 0.434043 0.664643 -0.552740
v 0.434043 1.007644 -0.171740
v 0.434044 0.664643 -0.171740
v 0.767044 1.007644 -0.171740
v 0.767044 0.664643 -0.171740
v 0.767043 1.007644 -0.552740
v 0.767044 0.664643 -0.552740
v 0.767044 1.007644 -0.171740
v 0.767043 1.007644 -0.552740
v 0.434043 1.007644 -0.171740
v 0.434044 1.007644 -0.552740
v 0.767044 0.664643 -0.552740
v 0.767044 0.664643 -0.171740
v 0.434043 0.664643 -0.552740
v 0.767044 0.664643 -0.171740
v 0.434044 0.664643 -0.171740
v 0.434043 0.664643 -0.552740
v 0.767043 1.007644 -0.552740
v 0.767044 0.664643 -0.552740
v 0.434044 1.007644 -0.552740
v 0.767044 0.664643 -0.552740
v 0.434043 0.664643 -0.552740
v 0.434044 1.007644 -0.552740
v 0.434043 1.007644 -0.171740
v 0.434044 0.664643 -0.171740
v 0.767044 1.007644 -0.171740
v 0.434044 0.664643 -0.171740
v 0.767044 0.664643 -0.171740
v 0.767044 1.007644 -0.171740
v 0.386043 1.103643 -0.409740
v 0.386044 0.759644 -0.409740
v 0.386043 1.103643 -0.028740
v 0.386043 0.759643 -0.028740
v 0.720043 1.103643 -0.028740
v 0.720043 0.759644 -0.028740
v 0.720043 1.103643 -0.409740
v 0.720043 0.759644 -0.409740
v 0.720043 1.103643 -0.028740
v 0.720043 1.103643 -0.409740
v 0.386043 1.103643 -0.028740
v 0.386043 1.103643 -0.409740
v 0.720043 0.759644 -0.409740
v 0.720043 0.759644 -0.028740
v 0.386044 0.759644 -0.409740
v 0.720043 0.759644 -0.028740
v 0.386043 0.759643 -0.028740
v 0.386044 0.759644 -0.409740
v 0.720043 1.103643 -0.409740
v 0.720043 0.759644 -0.409740
v 0.386043 1.103643 -0.409740
v 0.720043 0.759644 -0.409740
v 0.386044 0.759644 -0.409740
v 0.386043 1.103643 -0.409740
v 0.386043 1.103643 -0.028740
v 0.386043 0.759643 -0.028740
v 0.720043 1.103643 -0.028740
v 0.386043 0.759643 -0.028740
v 0.720043 0.759644 -0.028740
v 0.720043 1.103643 -0.028740
v 0.434043 1.246644 -0.266740
v 0.434044 0.902644 -0.266740
v 0.434044 1.246644 0.114260
v 0.434044 0.902643 0.114260
v 0.767044 1.246644 0.114260
v 0.767043 0.902643 0.114260
v 0.767044 1.246644 -0.266740
v 0.767044 0.902644 -0.266740
v 0.767044 1.246644 0.114260
v 0.767044 1.246644 -0.266740
v 0.434044 1.246644 0.114260
v 0.434043 1.246644 -0.266740
v 0.767044 0.902644 -0.266740
v 0.767043 0.902643 0.114260
v 0.434044 0.902644 -0.266740
v 0.767043 0.902643 0.114260
v 0.434044 0.902643 0.114260
v 0.434044 0.902644 -0.266740
v 0.767044 1.246644 -0.266740
v 0.767044 0.902644 -0.266740
v 0.434043 1.246644 -0.266740
v 0.767044 0.902644 -0.266740
v 0.434044 0.902644 -0.266740
v 0.434043 1.246644 -0.266740
v 0.434044 1.246644 0.114260
v 0.434044 0.902643 0.114260
v 0.767044 1.246644 0.114260
v 0.434044 0.902643 0.114260
v 0.767043 0.902643 0.114260
v 0.767044 1.246644 0.114260
v 0.434043 0.917644 -0.705740
v 0.434043 0.573644 -0.705740
v 0.434043 0.917644 -0.324740
v 0.434043 0.573644 -0.324740
v 0.767043 0.917644 -0.324740
v 0.767043 0.573644 -0.324740
v 0.767043 0.917644 -0.705740
v 0.767043 0.573643 -0.705740
v 0.767043 0.917644 -0.324740
v 0.767043 0.917644 -0.705740
v 0.434043 0.917644 -0.324740
v 0.434043 0.917644 -0.705740
v 0.767043 0.573643 -0.705740
v 0.767043 0.573644 -0.324740
v 0.434043 0.573644 -0.705740
v 0.767043 0.573644 -0.324740
v 0.434043 0.573644 -0.324740
v 0.434043 0.573644 -0.705740
v 0.767043 0.917644 -0.705740
v 0.767043 0.573643 -0.705740
v 0.434043 0.917644 -0.705740
v 0.767043 0.573643 -0.705740
v 0.434043 0.573644 -0.705740
v 0.434043 0.917644 -0.705740
v 0.434043 0.917644 -0.324740
v 0.434043 0.573644 -0.324740
v 0.767043 0.917644 -0.324740
v 0.434043 0.573644 -0.324740
v 0.767043 0.573644 -0.324740
v 0.767043 0.917644 -0.324740
v 0.558043 1.064643 -1.015740
v 0.558043 0.530643 -1.015740
v 0.558043 1.064643 -0.538740
v 0.558043 0.530643 -0.538740
v 1.144044 1.064643 -0.538740
v 1.144043 0.530643 -0.538740
v 1.144043 1.064643 -1.015740
v 1.144043 0.530643 -1.015740
v 1.144044 1.064643 -0.538740
v 1.144043 1.064643 -1.015740
v 0.558043 1.064643 -0.538740
v 0.558043 1.064643 -1.015740
v 1.144043 0.530643 -1.015740
v 1.144043 0.530643 -0.538740
v 0.558043 0.530643 -1.015740
v 1.144043 0.530643 -0.538740
v 0.558043 0.530643 -0.538740
v 0.558043 0.530643 -1.015740
v 1.144043 1.064643 -1.015740
v 1.144043 0.530643 -1.015740
v 0.558043 1.064643 -1.015740
v 1.144043 0.530643 -1.015740
v 0.558043 0.530643 -1.015740
v 0.558043 1.064643 -1.015740
v 0.558043 1.064643 -0.538740
v 0.558043 0.530643 -0.538740
v 1.144044 1.064643 -0.538740
v 0.558043 0.530643 -0.538740
v 1.144043 0.530643 -0.538740
v 1.144044 1.064643 -0.538740
v 0.572044 1.207644 -0.681740
v 0.572044 0.673644 -0.681740
v 0.572044 1.207644 -0.300740
v 0.572044 0.673644 -0.300740
v 1.096044 1.207644 -0.300740
v 1.096043 0.673644 -0.300740
v 1.096044 1.207644 -0.681740
v 1.096043 0.673644 -0.681740
v 1.096044 1.207644 -0.300740
v 1.096044 1.207644 -0.681740
v 0.572044 1.207644 -0.300740
v 0.572044 1.207644 -0.681740
v 1.096043 0.673644 -0.681740
v 1.096043 0.673644 -0.300740
v 0.572044 0.673644 -0.681740
v 1.096043 0.673644 -0.300740
v 0.572044 0.673644 -0.300740
v 0.572044 0.673644 -0.681740
v 1.096044 1.207644 -0.681740
v 1.096043 0.673644 -0.681740
v 0.572044 1.207644 -0.681740
v 1.096043 0.673644 -0.681740
v 0.572044 0.673644 -0.681740
v 0.572044 1.207644 -0.681740
v 0.572044 1.207644 -0.300740
v 0.572044 0.673644 -0.300740
v 1.096044 1.207644 -0.300740
v 0.572044 0.673644 -0.300740
v 1.096043 0.673644 -0.300740
v 1.096044 1.207644 -0.300740
v 0.539043 1.350644 -0.443740
v 0.539043 0.816644 -0.443740
v 0.539044 1.350644 -0.061740
v 0.539043 0.816644 -0.061740
v 1.120044 1.350644 -0.061740
v 1.120044 0.816644 -0.061740
v 1.120044 1.350644 -0.443740
v 1.120044 0.816644 -0.443740
v 1.120044 1.350644 -0.061740
v 1.120044 1.350644 -0.443740
v 0.539044 1.350644 -0.061740
v 0.539043 1.350644 -0.443740
v 1.120044 0.816644 -0.443740
v 1.120044 0.816644 -0.061740
v 0.539043 0.816644 -0.443740
v 1.120044 0.816644 -0.061740
v 0.539043 0.816644 -0.061740
v 0.539043 0.816644 -0.443740
v 1.120044 1.350644 -0.443740
v 1.120044 0.816644 -0.443740
v 0.539043 1.350644 -0.443740
v 1.120044 0.816644 -0.443740
v 0.539043 0.816644 -0.443740
v 0.539043 1.350644 -0.443740
v 0.539044 1.350644 -0.061740
v 0.539043 0.816644 -0.061740
v 1.120044 1.350644 -0.061740
v 0.539043 0.816644 -0.061740
v 1.120044 0.816644 -0.061740
v 1.120044 1.350644 -0.061740
v 0.572044 1.446643 -0.204740
v 0.572043 0.912643 -0.204740
v 0.572044 1.446643 0.176260
v 0.572044 0.912643 0.176260
v 1.144044 1.446643 0.176260
v 1.144043 0.912643 0.176260
v 1.144044 1.446643 -0.204740
v 1.144043 0.912643 -0.204740
v 1.144044 1.446643 0.176260
v 1.144044 1.446643 -0.204740
v 0.572044 1.446643 0.176260
v 0.572044 1.446643 -0.204740
v 1.144043 0.912643 -0.204740
v 1.144043 0.912643 0.176260
v 0.572043 0.912643 -0.204740
v 1.144043 0.912643 0.176260
v 0.572044 0.912643 0.176260
v 0.572043 0.912643 -0.204740
v 1.144044 1.446643 -0.204740
v 1.144043 0.912643 -0.204740
v 0.572044 1.446643 -0.204740
v 1.144043 0.912643 -0.204740
v 0.572043 0.912643 -0.204740
v 0.572044 1.446643 -0.204740
v 0.572044 1.446643 0.176260
v 0.572044 0.912643 0.176260
v 1.144044 1.446643 0.176260
v 0.572044 0.912643 0.176260
v 1.144043 0.912643 0.176260
v 1.144044 1.446643 0.176260
v 0.434043 -0.954356 -0.157987
v 0.893043 -1.434356 -0.293987
v 0.545043 -0.938356 0.156013
v 0.893043 -1.434356 -0.293987
v 1.003043 -1.417356 0.020013
v 0.545043 -0.938356 0.156013
v 0.765043 -0.703357 0.066013
v 1.223043 -1.182357 -0.069987
v 0.654043 -0.719357 -0.247987
v 1.223043 -1.182357 -0.069987
v 1.112043 -1.199357 -0.383987
v 0.654043 -0.719357 -0.247987
v 0.765043 -0.703357 0.066013
v 0.654043 -0.719357 -0.247987
v 0.545043 -0.938356 0.156013
v 0.434043 -0.954356 -0.157987
v 1.112043 -1.199357 -0.383987
v 1.223043 -1.182357 -0.069987
v 0.893043 -1.434356 -0.293987
v 1.223043 -1.182357 -0.069987
v 1.003043 -1.417356 0.020013
v 0.893043 -1.434356 -0.293987
v 0.654043 -0.719357 -0.247987
v 1.112043 -1.199357 -0.383987
v 0.434043 -0.954356 -0.157987
v 1.112043 -1.199357 -0.383987
v 0.893043 -1.434356 -0.293987
v 0.434043 -0.954356 -0.157987
v 0.545043 -0.938356 0.156013
v 1.003043 -1.417356 0.020013
v 0.765043 -0.703357 0.066013
v 1.223043 -1.182357 -0.069987
v 0.837043 -1.331357 -0.244987
v 1.395043 -1.670356 -0.423987
v 0.928043 -1.317357 0.011013
v 1.395043 -1.670356 -0.423987
v 1.485044 -1.657357 -0.167987
v 0.928043 -1.317357 0.011013
v 1.048043 -1.091357 -0.042987
v 1.606043 -1.430357 -0.221987
v 0.958043 -1.104357 -0.298987
v 1.606043 -1.430357 -0.221987
v 1.515043 -1.444356 -0.477987
v 0.958043 -1.104357 -0.298987
v 1.048043 -1.091357 -0.042987
v 0.958043 -1.104357 -0.298987
v 0.928043 -1.317357 0.011013
v 0.958043 -1.104357 -0.298987
v 0.837043 -1.331357 -0.244987
v 0.928043 -1.317357 0.011013
v 1.515043 -1.444356 -0.477987
v 1.606043 -1.430357 -0.221987
v 1.395043 -1.670356 -0.423987
v 1.606043 -1.430357 -0.221987
v 1.485044 -1.657357 -0.167987
v 1.395043 -1.670356 -0.423987
v 0.958043 -1.104357 -0.298987
v 1.515043 -1.444356 -0.477987
v 0.837043 -1.331357 -0.244987
v 1.515043 -1.444356 -0.477987
v 1.395043 -1.670356 -0.423987
v 0.837043 -1.331357 -0.244987
v 0.928043 -1.317357 0.011013
v 1.485044 -1.657357 -0.167987
v 1.048043 -1.091357 -0.042987
v 1.485044 -1.657357 -0.167987
v 1.606043 -1.430357 -0.221987
v 1.048043 -1.091357 -0.042987
v 1.397043 -1.659357 -0.404987
v 2.079043 -1.724356 -0.641987
v 1.473043 -1.647357 -0.188987
v 2.079043 -1.724356 -0.641987
v 2.155043 -1.713356 -0.425987
v 1.473043 -1.647357 -0.188987
v 1.488043 -1.434356 -0.205987
v 2.170043 -1.499356 -0.442987
v 1.412043 -1.445357 -0.420987
v 2.170043 -1.499356 -0.442987
v 2.093043 -1.511356 -0.657987
v 1.412043 -1.445357 -0.420987
v 1.488043 -1.434356 -0.205987
v 1.412043 -1.445357 -0.420987
v 1.473043 -1.647357 -0.188987
v 1.412043 -1.445357 -0.420987
v 1.397043 -1.659357 -0.404987
v 1.473043 -1.647357 -0.188987
v 2.093043 -1.511356 -0.657987
v 2.170043 -1.499356 -0.442987
v 2.079043 -1.724356 -0.641987
v 2.170043 -1.499356 -0.442987
v 2.155043 -1.713356 -0.425987
v 2.079043 -1.724356 -0.641987
v 1.412043 -1.445357 -0.420987
v 2.093043 -1.511356 -0.657987
v 1.397043 -1.659357 -0.404987
v 2.093043 -1.511356 -0.657987
v 2.079043 -1.724356 -0.641987
v 1.397043 -1.659357 -0.404987
v 1.473043 -1.647357 -0.188987
v 2.155043 -1.713356 -0.425987
v 1.488043 -1.434356 -0.205987
v 2.155043 -1.713356 -0.425987
v 2.170043 -1.499356 -0.442987
v 1.488043 -1.434356 -0.205987
v 2.081043 -1.689356 -0.603987
v 2.752043 -1.565356 -0.846987
v 2.130043 -1.681356 -0.464987
v 2.752043 -1.565356 -0.846987
v 2.801044 -1.558357 -0.707987
v 2.130043 -1.681356 -0.464987
v 2.104043 -1.536356 -0.462987
v 2.775043 -1.412356 -0.706987
v 2.055043 -1.543357 -0.601987
v 2.775043 -1.412356 -0.706987
v 2.726043 -1.420357 -0.845987
v 2.055043 -1.543357 -0.601987
v 2.104043 -1.536356 -0.462987
v 2.055043 -1.543357 -0.601987
v 2.130043 -1.681356 -0.464987
v 2.055043 -1.543357 -0.601987
v 2.081043 -1.689356 -0.603987
v 2.130043 -1.681356 -0.464987
v 2.726043 -1.420357 -0.845987
v 2.775043 -1.412356 -0.706987
v 2.752043 -1.565356 -0.846987
v 2.775043 -1.412356 -0.706987
v 2.801044 -1.558357 -0.707987
v 2.752043 -1.565356 -0.846987
v 2.055043 -1.543357 -0.601987
v 2.726043 -1.420357 -0.845987
v 2.081043 -1.689356 -0.603987
v 2.726043 -1.420357 -0.845987
v 2.752043 -1.565356 -0.846987
v 2.081043 -1.689356 -0.603987
v 2.130043 -1.681356 -0.464987
v 2.801044 -1.558357 -0.707987
v 2.104043 -1.536356 -0.462987
v 2.801044 -1.558357 -0.707987
v 2.775043 -1.412356 -0.706987
v 2.104043 -1.536356 -0.462987
v 2.760043 -1.546356 -0.830987
v 3.387043 -1.078357 -1.076987
v 2.796043 -1.541357 -0.726987
v 3.423043 -1.073356 -0.972987
v 2.735043 -1.451356 -0.710987
v 3.363044 -0.983356 -0.956987
v 2.699044 -1.456357 -0.813987
v 3.363044 -0.983356 -0.956987
v 3.326043 -0.989356 -1.059986
v 2.699044 -1.456357 -0.813987
v 2.735043 -1.451356 -0.710987
v 2.699044 -1.456357 -0.813987
v 2.796043 -1.541357 -0.726987
v 2.699044 -1.456357 -0.813987
v 2.760043 -1.546356 -0.830987
v 2.796043 -1.541357 -0.726987
v 3.326043 -0.989356 -1.059986
v 3.363044 -0.983356 -0.956987
v 3.387043 -1.078357 -1.076987
v 3.363044 -0.983356 -0.956987
v 3.423043 -1.073356 -0.972987
v 3.387043 -1.078357 -1.076987
v 2.699044 -1.456357 -0.813987
v 3.326043 -0.989356 -1.059986
v 2.760043 -1.546356 -0.830987
v 3.326043 -0.989356 -1.059986
v 3.387043 -1.078357 -1.076987
v 2.760043 -1.546356 -0.830987
v 2.796043 -1.541357 -0.726987
v 3.423043 -1.073356 -0.972987
v 2.735043 -1.451356 -0.710987
v 3.423043 -1.073356 -0.972987
v 3.363044 -0.983356 -0.956987
v 2.735043 -1.451356 -0.710987
v 3.386043 -1.066356 -1.046987
v 3.655043 -0.252357 -1.184987
v 3.407043 -1.063356 -0.988987
v 3.655043 -0.252357 -1.184987
v 3.675043 -0.249357 -1.125987
v 3.407043 -1.063356 -0.988987
v 3.352043 -1.041357 -0.969987
v 3.620044 -0.228357 -1.107987
v 3.331043 -1.044357 -1.028987
v 3.620044 -0.228357 -1.107987
v 3.600043 -0.231357 -1.166987
v 3.331043 -1.044357 -1.028987
v 3.352043 -1.041357 -0.969987
v 3.331043 -1.044357 -1.028987
v 3.407043 -1.063356 -0.988987
v 3.331043 -1.044357 -1.028987
v 3.386043 -1.066356 -1.046987
v 3.407043 -1.063356 -0.988987
v 3.600043 -0.231357 -1.166987
v 3.620044 -0.228357 -1.107987
v 3.655043 -0.252357 -1.184987
v 3.675043 -0.249357 -1.125987
v 3.331043 -1.044357 -1.028987
v 3.600043 -0.231357 -1.166987
v 3.386043 -1.066356 -1.046987
v 3.600043 -0.231357 -1.166987
v 3.655043 -0.252357 -1.184987
v 3.386043 -1.066356 -1.046987
v 3.407043 -1.063356 -0.988987
v 3.675043 -0.249357 -1.125987
v 3.352043 -1.041357 -0.969987
v 3.675043 -0.249357 -1.125987
v 3.620044 -0.228357 -1.107987
v 3.352043 -1.041357 -0.969987
v 1.182044 0.287643 -0.176740
v 1.853043 0.355643 -0.230740
v 1.225043 0.046643 0.050260
v 1.896044 0.114644 -0.003740
v 1.221043 0.275643 0.293260
v 1.893044 0.343644 0.239260
v 1.178043 0.516644 0.067260
v 1.850044 0.584643 0.013260
v 1.221043 0.275643 0.293260
v 1.178043 0.516644 0.067260
v 1.225043 0.046643 0.050260
v 1.178043 0.516644 0.067260
v 1.182044 0.287643 -0.176740
v 1.225043 0.046643 0.050260
v 1.850044 0.584643 0.013260
v 1.893044 0.343644 0.239260
v 1.853043 0.355643 -0.230740
v 1.893044 0.343644 0.239260
v 1.896044 0.114644 -0.003740
v 1.853043 0.355643 -0.230740
v 1.178043 0.516644 0.067260
v 1.850044 0.584643 0.013260
v 1.182044 0.287643 -0.176740
v 1.850044 0.584643 0.013260
v 1.853043 0.355643 -0.230740
v 1.182044 0.287643 -0.176740
v 1.225043 0.046643 0.050260
v 1.896044 0.114644 -0.003740
v 1.221043 0.275643 0.293260
v 1.896044 0.114644 -0.003740
v 1.893044 0.343644 0.239260
v 1.221043 0.275643 0.293260
v 1.738043 0.335643 -0.181740
v 2.385043 0.521644 -0.105740
v 1.773044 0.139644 0.003260
v 2.385043 0.521644 -0.105740
v 2.419043 0.325644 0.079260
v 1.773044 0.139644 0.003260
v 1.703043 0.305644 0.193260
v 2.349043 0.491643 0.269260
v 1.668043 0.502644 0.008260
v 2.349043 0.491643 0.269260
v 2.315044 0.687644 0.084260
v 1.668043 0.502644 0.008260
v 1.703043 0.305644 0.193260
v 1.668043 0.502644 0.008260
v 1.773044 0.139644 0.003260
v 1.668043 0.502644 0.008260
v 1.738043 0.335643 -0.181740
v 1.773044 0.139644 0.003260
v 2.315044 0.687644 0.084260
v 2.349043 0.491643 0.269260
v 2.385043 0.521644 -0.105740
v 2.419043 0.325644 0.079260
v 1.668043 0.502644 0.008260
v 2.315044 0.687644 0.084260
v 1.738043 0.335643 -0.181740
v 2.315044 0.687644 0.084260
v 2.385043 0.521644 -0.105740
v 1.738043 0.335643 -0.181740
v 1.773044 0.139644 0.003260
v 2.419043 0.325644 0.079260
v 1.703043 0.305644 0.193260
v 2.349043 0.491643 0.269260
v 2.344043 0.480643 -0.085740
v 2.782044 1.016644 0.128260
v 2.417043 0.351643 0.089260
v 2.855044 0.887643 0.303260
v 2.260044 0.429644 0.212260
v 2.698043 0.966643 0.426260
v 2.188043 0.558643 0.038260
v 2.698043 0.966643 0.426260
v 2.625043 1.095644 0.252260
v 2.188043 0.558643 0.038260
v 2.260044 0.429644 0.212260
v 2.188043 0.558643 0.038260
v 2.417043 0.351643 0.089260
v 2.188043 0.558643 0.038260
v 2.344043 0.480643 -0.085740
v 2.417043 0.351643 0.089260
v 2.625043 1.095644 0.252260
v 2.698043 0.966643 0.426260
v 2.782044 1.016644 0.128260
v 2.698043 0.966643 0.426260
v 2.855044 0.887643 0.303260
v 2.782044 1.016644 0.128260
v 2.188043 0.558643 0.038260
v 2.625043 1.095644 0.252260
v 2.344043 0.480643 -0.085740
v 2.625043 1.095644 0.252260
v 2.782044 1.016644 0.128260
v 2.344043 0.480643 -0.085740
v 2.417043 0.351643 0.089260
v 2.855044 0.887643 0.303260
v 2.260044 0.429644 0.212260
v 2.855044 0.887643 0.303260
v 2.698043 0.966643 0.426260
v 2.260044 0.429644 0.212260
v 2.779043 0.986643 0.165260
v 3.020043 1.616643 0.429260
v 2.825043 0.917644 0.287260
v 3.020043 1.616643 0.429260
v 3.066043 1.547643 0.552260
v 2.825043 0.917644 0.287260
v 2.693044 0.940643 0.350260
v 2.935043 1.570643 0.615260
v 2.647043 1.009644 0.228260
v 2.935043 1.570643 0.615260
v 2.889044 1.639644 0.492260
v 2.647043 1.009644 0.228260
v 2.693044 0.940643 0.350260
v 2.647043 1.009644 0.228260
v 2.825043 0.917644 0.287260
v 2.779043 0.986643 0.165260
v 2.889044 1.639644 0.492260
v 2.935043 1.570643 0.615260
v 3.020043 1.616643 0.429260
v 3.066043 1.547643 0.552260
v 2.647043 1.009644 0.228260
v 2.889044 1.639644 0.492260
v 2.779043 0.986643 0.165260
v 2.889044 1.639644 0.492260
v 3.020043 1.616643 0.429260
v 2.779043 0.986643 0.165260
v 2.825043 0.917644 0.287260
v 3.066043 1.547643 0.552260
v 2.693044 0.940643 0.350260
v 3.066043 1.547643 0.552260
v 2.935043 1.570643 0.615260
v 2.693044 0.940643 0.350260
v 2.993043 1.560643 0.447260
v 3.049043 2.357644 0.635260
v 3.015043 1.534643 0.552260
v 3.049043 2.357644 0.635260
v 3.070044 2.331643 0.739260
v 3.015043 1.534643 0.552260
v 2.907043 1.537643 0.574260
v 2.963044 2.333643 0.761261
v 2.886043 1.563643 0.470260
v 2.963044 2.333643 0.761261
v 2.941044 2.359643 0.657260
v 2.886043 1.563643 0.470260
v 2.907043 1.537643 0.574260
v 2.886043 1.563643 0.470260
v 3.015043 1.534643 0.552260
v 2.886043 1.563643 0.470260
v 2.993043 1.560643 0.447260
v 3.015043 1.534643 0.552260
v 2.941044 2.359643 0.657260
v 2.963044 2.333643 0.761261
v 3.049043 2.357644 0.635260
v 2.963044 2.333643 0.761261
v 3.070044 2.331643 0.739260
v 3.049043 2.357644 0.635260
v 2.886043 1.563643 0.470260
v 2.941044 2.359643 0.657260
v 2.993043 1.560643 0.447260
v 2.941044 2.359643 0.657260
v 3.049043 2.357644 0.635260
v 2.993043 1.560643 0.447260
v 3.015043 1.534643 0.552260
v 3.070044 2.331643 0.739260
v 2.907043 1.537643 0.574260
v 3.070044 2.331643 0.739260
v 2.963044 2.333643 0.761261
v 2.907043 1.537643 0.574260
v 3.051043 2.286644 0.684260
v 2.769044 3.080644 0.474260
v 3.032043 2.295643 0.742260
v 2.769044 3.080644 0.474260
v 2.750044 3.088643 0.533260
v 3.032043 2.295643 0.742260
v 2.977043 2.271644 0.728260
v 2.694043 3.065643 0.518260
v 2.996044 2.263643 0.669260
v 2.694043 3.065643 0.518260
v 2.713043 3.056643 0.460260
v 2.996044 2.263643 0.669260
v 2.977043 2.271644 0.728260
v 2.996044 2.263643 0.669260
v 3.032043 2.295643 0.742260
v 2.996044 2.263643 0.669260
v 3.051043 2.286644 0.684260
v 3.032043 2.295643 0.742260
v 2.713043 3.056643 0.460260
v 2.694043 3.065643 0.518260
v 2.769044 3.080644 0.474260
v 2.694043 3.065643 0.518260
v 2.750044 3.088643 0.533260
v 2.769044 3.080644 0.474260
v 2.996044 2.263643 0.669260
v 2.713043 3.056643 0.460260
v 3.051043 2.286644 0.684260
v 2.713043 3.056643 0.460260
v 2.769044 3.080644 0.474260
v 3.051043 2.286644 0.684260
v 3.032043 2.295643 0.742260
v 2.750044 3.088643 0.533260
v 2.977043 2.271644 0.728260
v 2.750044 3.088643 0.533260
v 2.694043 3.065643 0.518260
v 2.977043 2.271644 0.728260
v -0.602957 0.791644 0.533260
v -0.522957 1.449644 0.670260
v -0.897957 0.795643 0.687260
v -0.522957 1.449644 0.670260
v -0.817956 1.453643 0.825260
v -0.897957 0.795643 0.687260
v -1.047957 0.873643 0.400260
v -0.967956 1.531643 0.537260
v -0.751956 0.869643 0.245260
v -0.671956 1.527644 0.382260
v -1.047957 0.873643 0.400260
v -0.751956 0.869643 0.245260
v -0.897957 0.795643 0.687260
v -0.751956 0.869643 0.245260
v -0.602957 0.791644 0.533260
v -0.897957 0.795643 0.687260
v -0.671956 1.527644 0.382260
v -0.967956 1.531643 0.537260
v -0.522957 1.449644 0.670260
v -0.967956 1.531643 0.537260
v -0.817956 1.453643 0.825260
v -0.522957 1.449644 0.670260
v -0.751956 0.869643 0.245260
v -0.671956 1.527644 0.382260
v -0.602957 0.791644 0.533260
v -0.522957 1.449644 0.670260
v -0.897957 0.795643 0.687260
v -0.817956 1.453643 0.825260
v -1.047957 0.873643 0.400260
v -0.817956 1.453643 0.825260
v -0.967956 1.531643 0.537260
v -1.047957 0.873643 0.400260
v -0.555957 1.514643 0.660260
v -0.627956 2.187643 0.659260
v -0.795956 1.489643 0.785260
v -0.867956 2.162643 0.784261
v -0.915956 1.475643 0.553260
v -0.987956 2.149643 0.551260
v -0.675957 1.501643 0.428260
v -0.987956 2.149643 0.551260
v -0.747956 2.174643 0.426260
v -0.675957 1.501643 0.428260
v -0.915956 1.475643 0.553260
v -0.675957 1.501643 0.428260
v -0.795956 1.489643 0.785260
v -0.675957 1.501643 0.428260
v -0.555957 1.514643 0.660260
v -0.795956 1.489643 0.785260
v -0.747956 2.174643 0.426260
v -0.987956 2.149643 0.551260
v -0.627956 2.187643 0.659260
v -0.867956 2.162643 0.784261
v -0.675957 1.501643 0.428260
v -0.747956 2.174643 0.426260
v -0.555957 1.514643 0.660260
v -0.747956 2.174643 0.426260
v -0.627956 2.187643 0.659260
v -0.555957 1.514643 0.660260
v -0.795956 1.489643 0.785260
v -0.867956 2.162643 0.784261
v -0.915956 1.475643 0.553260
v -0.867956 2.162643 0.784261
v -0.987956 2.149643 0.551260
v -0.915956 1.475643 0.553260
v -1.043957 2.559644 0.030260
v -0.741957 2.082644 0.484260
v -1.240957 2.543643 0.144260
v -0.741957 2.082644 0.484260
v -0.938957 2.067643 0.599260
v -1.240957 2.543643 0.144260
v -1.179957 2.704644 0.272260
v -0.876957 2.228643 0.727260
v -0.981956 2.720643 0.157260
v -0.876957 2.228643 0.727260
v -0.679956 2.243643 0.612260
v -0.981956 2.720643 0.157260
v -1.179957 2.704644 0.272260
v -0.981956 2.720643 0.157260
v -1.240957 2.543643 0.144260
v -0.981956 2.720643 0.157260
v -1.043957 2.559644 0.030260
v -1.240957 2.543643 0.144260
v -0.679956 2.243643 0.612260
v -0.876957 2.228643 0.727260
v -0.741957 2.082644 0.484260
v -0.938957 2.067643 0.599260
v -0.981956 2.720643 0.157260
v -0.679956 2.243643 0.612260
v -1.043957 2.559644 0.030260
v -0.679956 2.243643 0.612260
v -0.741957 2.082644 0.484260
v -1.043957 2.559644 0.030260
v -1.240957 2.543643 0.144260
v -0.938957 2.067643 0.599260
v -1.179957 2.704644 0.272260
v -0.938957 2.067643 0.599260
v -0.876957 2.228643 0.727260
v -1.179957 2.704644 0.272260
v -1.529956 2.791643 -0.421740
v -1.061956 2.570643 0.085260
v -1.641957 2.770644 -0.327740
v -1.173957 2.549644 0.179260
v -1.627956 2.909643 -0.279740
v -1.159956 2.688643 0.227260
v -1.515956 2.930643 -0.373740
v -1.047956 2.709643 0.133260
v -1.627956 2.909643 -0.279740
v -1.515956 2.930643 -0.373740
v -1.641957 2.770644 -0.327740
v -1.529956 2.791643 -0.421740
v -1.047956 2.709643 0.133260
v -1.159956 2.688643 0.227260
v -1.061956 2.570643 0.085260
v -1.173957 2.549644 0.179260
v -1.515956 2.930643 -0.373740
v -1.047956 2.709643 0.133260
v -1.529956 2.791643 -0.421740
v -1.061956 2.570643 0.085260
v -1.641957 2.770644 -0.327740
v -1.173957 2.549644 0.179260
v -1.627956 2.909643 -0.279740
v -1.159956 2.688643 0.227260
v -2.133957 2.719643 -0.865740
v -1.496957 2.809644 -0.357740
v -2.198956 2.698644 -0.780740
v -1.496957 2.809644 -0.357740
v -1.561956 2.788643 -0.271740
v -2.198956 2.698644 -0.780740
v -2.221956 2.805643 -0.771740
v -1.584956 2.895644 -0.262740
v -2.155957 2.826643 -0.856740
v -1.584956 2.895644 -0.262740
v -1.518956 2.916644 -0.348740
v -2.155957 2.826643 -0.856740
v -2.221956 2.805643 -0.771740
v -2.155957 2.826643 -0.856740
v -2.198956 2.698644 -0.780740
v -2.155957 2.826643 -0.856740
v -2.133957 2.719643 -0.865740
v -2.198956 2.698644 -0.780740
v -1.518956 2.916644 -0.348740
v -1.584956 2.895644 -0.262740
v -1.496957 2.809644 -0.357740
v -1.584956 2.895644 -0.262740
v -1.561956 2.788643 -0.271740
v -1.496957 2.809644 -0.357740
v -2.155957 2.826643 -0.856740
v -1.518956 2.916644 -0.348740
v -2.133957 2.719643 -0.865740
v -1.496957 2.809644 -0.357740
v -2.198956 2.698644 -0.780740
v -1.561956 2.788643 -0.271740
v -2.221956 2.805643 -0.771740
v -1.584956 2.895644 -0.262740
v -2.163956 2.800643 -0.838740
v -2.786957 2.326643 -1.212740
v -2.192956 2.795643 -0.783740
v -2.786957 2.326643 -1.212740
v -2.814957 2.320643 -1.157740
v -2.192956 2.795643 -0.783740
v -2.160957 2.743643 -0.771740
v -2.782957 2.269643 -1.145740
v -2.131956 2.749643 -0.826740
v -2.782957 2.269643 -1.145740
v -2.753957 2.274643 -1.200740
v -2.131956 2.749643 -0.826740
v -2.160957 2.743643 -0.771740
v -2.131956 2.749643 -0.826740
v -2.192956 2.795643 -0.783740
v -2.131956 2.749643 -0.826740
v -2.163956 2.800643 -0.838740
v -2.192956 2.795643 -0.783740
v -2.753957 2.274643 -1.200740
v -2.782957 2.269643 -1.145740
v -2.786957 2.326643 -1.212740
v -2.782957 2.269643 -1.145740
v -2.814957 2.320643 -1.157740
v -2.786957 2.326643 -1.212740
v -2.131956 2.749643 -0.826740
v -2.753957 2.274643 -1.200740
v -2.163956 2.800643 -0.838740
v -2.753957 2.274643 -1.200740
v -2.786957 2.326643 -1.212740
v -2.163956 2.800643 -0.838740
v -2.192956 2.795643 -0.783740
v -2.814957 2.320643 -1.157740
v -2.160957 2.743643 -0.771740
v -2.814957 2.320643 -1.157740
v -2.782957 2.269643 -1.145740
v -2.160957 2.743643 -0.771740
vn -0.1489 0.9788 0.1405
vn -0.1502 0.9784 0.1423
vn 0.1496 -0.9786 -0.1410
vn 0.1494 -0.9786 -0.1418
vn 0.9697 0.1157 0.2151
vn 0.9698 0.1190 0.2127
vn -0.9703 -0.1162 -0.2121
vn -0.9693 -0.1186 -0.2153
vn 0.1922 0.1697 -0.9666
vn 0.1922 0.1696 -0.9666
vn -0.1934 -0.1697 0.9663
vn -0.1935 -0.1698 0.9663
vn -0.2732 0.9555 0.1116
vn -0.2742 0.9550 0.1130
vn 0.2748 -0.9549 -0.1129
vn 0.2751 -0.9550 -0.1111
vn 0.9420 0.2437 0.2307
vn 0.9420 0.2436 0.2307
vn -0.9419 -0.2441 -0.2308
vn -0.9419 -0.2440 -0.2307
vn 0.1940 0.1679 -0.9665
vn 0.1929 0.1693 -0.9665
vn -0.1937 -0.1713 0.9660
vn -0.1932 -0.1659 0.9670
vn -0.4309 0.9023 0.0128
vn -0.4311 0.9022 0.0132
vn 0.4310 -0.9023 -0.0132
vn 0.4308 -0.9023 -0.0174
vn 0.8709 0.4145 0.2641
vn 0.8719 0.4098 0.2682
vn -0.8727 -0.4106 -0.2643
vn -0.8729 -0.4103 -0.2640
vn 0.2328 0.1287 -0.9640
vn 0.2315 0.1302 -0.9641
vn -0.2323 -0.1287 0.9641
vn -0.2324 -0.1285 0.9641
vn -0.6433 0.7638 -0.0523
vn 0.6430 -0.7641 0.0522
vn 0.7308 0.6315 0.2590
vn -0.7301 -0.6324 -0.2589
vn 0.2316 0.1271 -0.9645
vn 0.2365 0.1231 -0.9638
vn -0.2325 -0.1279 0.9641
vn -0.2356 -0.1223 0.9641
vn -0.7940 0.5968 -0.1160
vn -0.7949 0.5961 -0.1134
vn 0.7962 -0.5950 0.1096
vn 0.7956 -0.5951 0.1137
vn 0.5611 0.7858 0.2602
vn 0.5587 0.7890 0.2556
vn -0.5555 -0.7906 -0.2576
vn 0.2416 0.1403 -0.9602
vn 0.2444 0.1388 -0.9597
vn -0.2454 -0.1393 0.9594
vn -0.2450 -0.1397 0.9594
vn -0.8635 0.4807 -0.1525
vn 0.8616 -0.4819 0.1592
vn 0.8643 -0.4807 0.1482
vn 0.4326 0.8591 0.2734
vn 0.4347 0.8568 0.2773
vn -0.4252 -0.8603 -0.2813
vn -0.4317 -0.8585 -0.2767
vn 0.2719 0.1629 -0.9485
vn 0.2658 0.1657 -0.9497
vn -0.2532 -0.1727 0.9519
vn -1.0000 -0.0000 -0.0000
vn 1.0000 -0.0000 -0.0000
vn -0.0000 1.0000 -0.0000
vn -0.0000 -1.0000 -0.0000
vn -0.0000 -0.0000 -1.0000
vn -0.0000 -0.0000 1.0000
vn -0.6572 -0.7044 0.2682
vn -0.6571 -0.7045 0.2683
vn 0.6571 0.7045 -0.2682
vn 0.6571 0.7036 -0.2704
vn -0.6750 0.7095 0.2025
vn 0.6771 -0.7079 -0.2010
vn 0.6764 -0.7093 -0.1986
vn -0.3320 -0.0499 -0.9419
vn -0.3323 -0.0510 -0.9418
vn 0.3320 0.0500 0.9420
vn -0.4576 -0.8640 0.2099
vn -0.4608 -0.8633 0.2058
vn 0.4592 0.8643 -0.2053
vn 0.4592 0.8631 -0.2104
vn -0.8242 0.5008 0.2643
vn -0.8233 0.5019 0.2652
vn 0.8238 -0.5009 -0.2655
vn 0.8237 -0.5019 -0.2641
vn -0.3317 -0.0473 -0.9422
vn -0.3319 -0.0489 -0.9421
vn 0.3324 0.0486 0.9419
vn 0.3312 0.0476 0.9424
vn -0.0674 -0.9946 0.0790
vn -0.0701 -0.9947 0.0753
vn 0.0687 0.9948 -0.0752
vn 0.0685 0.9944 -0.0800
vn -0.9403 0.0924 0.3277
vn -0.9410 0.0903 0.3261
vn 0.9394 -0.0867 -0.3316
vn 0.9408 -0.0919 -0.3263
vn -0.3324 -0.0471 -0.9420
vn -0.3320 -0.0489 -0.9420
vn 0.3323 0.0518 0.9418
vn 0.3322 0.0515 0.9418
vn 0.1794 -0.9838 -0.0066
vn 0.1759 -0.9843 -0.0124
vn -0.1772 0.9841 0.0129
vn -0.1781 0.9840 0.0062
vn -0.9265 -0.1708 0.3352
vn -0.9264 -0.1696 0.3363
vn 0.9266 0.1685 -0.3363
vn 0.9271 0.1674 -0.3353
vn -0.3338 -0.0466 -0.9415
vn -0.3314 -0.0529 -0.9420
vn 0.3326 0.0466 0.9419
vn 0.3326 0.0528 0.9416
vn 0.5523 -0.8197 -0.1518
vn -0.5513 0.8202 0.1529
vn -0.5519 0.8202 0.1505
vn -0.7656 -0.5714 0.2954
vn -0.7650 -0.5738 0.2924
vn 0.7572 0.5773 -0.3056
vn 0.7704 0.5658 -0.2939
vn -0.3335 -0.0482 -0.9415
vn -0.3332 -0.0485 -0.9416
vn 0.3287 0.0552 0.9428
vn 0.3301 0.0525 0.9425
vn 0.8881 -0.3450 -0.3037
vn 0.8949 -0.3427 -0.2859
vn -0.8899 0.3442 0.2993
vn -0.8943 0.3444 0.2857
vn -0.3182 -0.9343 0.1608
vn -0.3196 -0.9332 0.1640
vn 0.3086 0.9389 -0.1524
vn -0.3291 -0.0512 -0.9429
vn -0.3283 -0.0514 -0.9432
vn 0.3423 0.0453 0.9385
vn 0.3284 0.0518 0.9431
vn 0.0107 -0.6846 -0.7288
vn -0.0104 0.6830 0.7303
vn -0.9916 -0.1020 0.0798
vn -0.9916 -0.1020 0.0795
vn 0.9916 0.1002 -0.0818
vn 0.9916 0.0998 -0.0818
vn -0.1277 0.7221 -0.6798
vn -0.1279 0.7224 -0.6796
vn 0.1279 -0.7207 0.6813
vn 0.1277 -0.7210 0.6811
vn 0.2678 -0.6356 -0.7241
vn 0.2683 -0.6362 -0.7234
vn -0.2679 0.6338 0.7256
vn -0.2670 0.6366 0.7235
vn -0.9550 -0.2747 -0.1118
vn -0.9552 -0.2748 -0.1104
vn 0.9553 0.2729 0.1135
vn -0.1263 0.7215 -0.6807
vn -0.1281 0.7230 -0.6789
vn 0.1283 -0.7229 0.6789
vn 0.7307 -0.3673 -0.5755
vn -0.7312 0.3673 0.5749
vn -0.7308 0.3647 0.5770
vn -0.6022 -0.7400 -0.2994
vn -0.6041 -0.7407 -0.2940
vn 0.6049 0.7398 0.2946
vn 0.6035 0.7410 0.2944
vn -0.3217 0.5647 -0.7600
vn -0.3180 0.5641 -0.7620
vn 0.3173 -0.5638 0.7625
vn 0.3159 -0.5622 0.7643
vn 0.8898 -0.1615 -0.4268
vn 0.8909 -0.1623 -0.4242
vn -0.8896 0.1621 0.4271
vn -0.8903 0.1639 0.4249
vn -0.3275 -0.8700 -0.3686
vn 0.3287 0.8708 0.3656
vn -0.3133 0.4669 -0.8269
vn -0.3154 0.4669 -0.8262
vn 0.3131 -0.4675 0.8267
vn 0.3148 -0.4682 0.8256
vn 0.9776 -0.0192 -0.2096
vn 0.9790 -0.0200 -0.2027
vn -0.9790 0.0212 0.2030
vn -0.9773 0.0179 0.2112
vn -0.0734 -0.9709 -0.2279
vn -0.0756 -0.9715 -0.2247
vn 0.0647 0.9712 0.2291
vn 0.0654 0.9711 0.2296
vn -0.1978 0.2371 -0.9511
vn -0.1896 0.2380 -0.9526
vn 0.1876 -0.2366 0.9533
vn 0.1914 -0.2372 0.9524
vn 0.8949 0.3798 0.2342
vn 0.8942 0.3803 0.2364
vn -0.8939 -0.3811 -0.2362
vn -0.8945 -0.3809 -0.2339
vn 0.3386 -0.9117 0.2327
vn 0.3162 -0.9163 0.2458
vn -0.3283 0.9112 -0.2489
vn -0.3173 0.9207 -0.2270
vn 0.3132 -0.1359 -0.9399
vn 0.2976 -0.1439 -0.9438
vn -0.3016 0.1412 0.9429
vn -0.3090 0.1387 0.9409
vn 0.4474 -0.2341 0.8631
vn 0.4496 -0.2354 0.8617
vn -0.4485 0.2341 -0.8626
vn -0.1189 -0.9721 -0.2020
vn -0.1186 -0.9722 -0.2019
vn 0.1188 0.9722 0.2018
vn 0.1190 0.9723 0.2014
vn 0.8868 -0.0116 -0.4620
vn -0.8851 0.0100 0.4653
vn -0.8856 0.0110 0.4643
vn 0.4572 0.0502 0.8879
vn -0.4569 -0.0514 -0.8880
vn -0.4571 -0.0515 -0.8879
vn 0.1094 -0.9940 0.0034
vn 0.1045 -0.9945 0.0017
vn -0.1045 0.9945 -0.0017
vn 0.8822 0.0930 -0.4615
vn 0.8830 0.0938 -0.4600
vn -0.8820 -0.0937 0.4619
vn -0.8831 -0.0930 0.4600
vn -0.2850 -0.7493 -0.5977
vn -0.2893 -0.7510 -0.5936
vn 0.2853 0.7509 0.5956
vn 0.2898 0.7503 0.5942
vn -0.4176 0.6571 -0.6275
vn -0.4171 0.6565 -0.6286
vn 0.4161 -0.6587 0.6269
vn 0.8616 0.0653 -0.5034
vn 0.8620 0.0675 -0.5024
vn -0.8634 -0.0701 0.4997
vn -0.8617 -0.0679 0.5028
vn -0.0946 -0.9416 -0.3231
vn 0.0946 0.9416 0.3231
vn -0.6450 0.3067 -0.7000
vn 0.6450 -0.3067 0.7000
vn 0.7576 0.1436 -0.6367
vn -0.7576 -0.1436 0.6367
vn 0.2049 -0.9751 -0.0842
vn 0.2046 -0.9753 -0.0835
vn -0.2039 0.9755 0.0827
vn -0.2034 0.9756 0.0822
vn -0.7711 -0.1130 -0.6266
vn -0.7768 -0.1075 -0.6206
vn 0.7759 0.1072 0.6217
vn 0.7787 0.1155 0.6167
vn 0.5960 0.1882 -0.7806
vn -0.5956 -0.1936 0.7796
vn -0.5163 0.8336 -0.1964
vn -0.5275 0.8308 -0.1779
vn 0.5229 -0.8321 0.1849
vn 0.5174 -0.8327 0.1971
vn 0.7173 0.5424 0.4374
vn 0.7168 0.5505 0.4280
vn -0.7154 -0.5527 -0.4275
vn -0.7180 -0.5507 -0.4256
vn 0.4652 0.0846 -0.8811
vn 0.4618 0.0894 -0.8825
vn -0.4659 -0.0834 0.8809
vn -0.4653 -0.0846 0.8811
vt 0.016000 0.414906
vt 0.016000 0.470563
vt 0.043769 0.414906
vt 0.043769 0.470563
vt 0.071781 0.414906
vt 0.071781 0.470563
vt 0.099550 0.414906
vt 0.099550 0.470563
vt 0.071656 0.414781
vt 0.071656 0.387012
vt 0.043887 0.414781
vt 0.043887 0.387012
vt 0.099550 0.387012
vt 0.099550 0.414781
vt 0.071781 0.387012
vt 0.071781 0.414781
vt 0.099669 0.414906
vt 0.099669 0.470563
vt 0.127438 0.414906
vt 0.127438 0.470563
vt 0.043887 0.414906
vt 0.043887 0.470563
vt 0.071656 0.414906
vt 0.071656 0.470563
vt 0.016000 0.406937
vt 0.016000 0.462594
vt 0.035800 0.406937
vt 0.035800 0.462594
vt 0.055844 0.406937
vt 0.055844 0.462594
vt 0.075644 0.406937
vt 0.075644 0.462594
vt 0.055719 0.406812
vt 0.055719 0.387012
vt 0.035919 0.406812
vt 0.035919 0.387012
vt 0.075644 0.387012
vt 0.075644 0.406812
vt 0.055844 0.387012
vt 0.055844 0.406812
vt 0.075763 0.406937
vt 0.075763 0.462594
vt 0.095562 0.406937
vt 0.095562 0.462594
vt 0.035919 0.406937
vt 0.035919 0.462594
vt 0.055719 0.406937
vt 0.055719 0.462594
vt 0.016000 0.402950
vt 0.031813 0.402950
vt 0.031813 0.462594
vt 0.047875 0.402950
vt 0.047875 0.462594
vt 0.063687 0.402950
vt 0.063687 0.462594
vt 0.047750 0.402831
vt 0.047750 0.387012
vt 0.031938 0.402831
vt 0.031938 0.387012
vt 0.063687 0.387012
vt 0.063687 0.402831
vt 0.047875 0.387012
vt 0.047875 0.402831
vt 0.063813 0.402950
vt 0.063813 0.462594
vt 0.079625 0.402950
vt 0.079625 0.462594
vt 0.031938 0.402950
vt 0.031938 0.462594
vt 0.047750 0.402950
vt 0.047750 0.462594
vt 0.016000 0.398969
vt 0.016000 0.458613
vt 0.027831 0.398969
vt 0.027831 0.458613
vt 0.039906 0.398969
vt 0.039906 0.458613
vt 0.051738 0.398969
vt 0.051738 0.458613
vt 0.039781 0.398844
vt 0.039781 0.387012
vt 0.027950 0.398844
vt 0.027950 0.387012
vt 0.051738 0.387012
vt 0.051738 0.398844
vt 0.039906 0.387012
vt 0.039906 0.398844
vt 0.051856 0.398969
vt 0.051856 0.458613
vt 0.063687 0.398969
vt 0.063687 0.458613
vt 0.027950 0.398969
vt 0.027950 0.458613
vt 0.039781 0.398969
vt 0.039781 0.458613
vt 0.016000 0.394981
vt 0.023844 0.394981
vt 0.023844 0.462594
vt 0.031938 0.394981
vt 0.039781 0.394981
vt 0.039781 0.462594
vt 0.031813 0.394862
vt 0.031813 0.387012
vt 0.023969 0.394862
vt 0.023969 0.387012
vt 0.039781 0.394862
vt 0.031938 0.394862
vt 0.039906 0.394981
vt 0.039906 0.462594
vt 0.047750 0.394981
vt 0.023969 0.394981
vt 0.023969 0.462594
vt 0.031813 0.394981
vt 0.016000 0.391000
vt 0.019863 0.391000
vt 0.019863 0.462594
vt 0.023969 0.391000
vt 0.027831 0.391000
vt 0.027831 0.462594
vt 0.023844 0.390875
vt 0.023844 0.387012
vt 0.019981 0.390875
vt 0.019981 0.387012
vt 0.027831 0.387012
vt 0.027831 0.390875
vt 0.023969 0.390875
vt 0.027950 0.391000
vt 0.027950 0.462594
vt 0.031813 0.391000
vt 0.019981 0.391000
vt 0.019981 0.462594
vt 0.023844 0.391000
vt 0.016000 0.418887
vt 0.047750 0.418887
vt 0.047750 0.458613
vt 0.091700 0.418887
vt 0.091700 0.458613
vt 0.123456 0.418887
vt 0.123456 0.458613
vt 0.091581 0.418769
vt 0.091581 0.387012
vt 0.047875 0.418769
vt 0.135406 0.387012
vt 0.135406 0.418769
vt 0.091700 0.387012
vt 0.091700 0.418769
vt 0.123575 0.418887
vt 0.123575 0.458613
vt 0.167281 0.418887
vt 0.167281 0.458613
vt 0.047875 0.418887
vt 0.047875 0.458613
vt 0.091581 0.418887
vt 0.091581 0.458613
vt 0.016000 0.446656
vt 0.043769 0.446656
vt 0.075763 0.414906
vt 0.075763 0.446656
vt 0.103531 0.414906
vt 0.103531 0.446656
vt 0.075644 0.414781
vt 0.107519 0.387012
vt 0.107519 0.414781
vt 0.075763 0.387012
vt 0.075763 0.414781
vt 0.103656 0.414906
vt 0.103656 0.446656
vt 0.135406 0.414906
vt 0.135406 0.446656
vt 0.043887 0.446656
vt 0.075644 0.414906
vt 0.075644 0.446656
vt 0.047750 0.446656
vt 0.075763 0.418887
vt 0.107519 0.418887
vt 0.107519 0.446656
vt 0.075644 0.418769
vt 0.103531 0.387012
vt 0.103531 0.418769
vt 0.075763 0.418769
vt 0.107638 0.418887
vt 0.107638 0.446656
vt 0.135406 0.418887
vt 0.047875 0.446656
vt 0.075644 0.418887
vt 0.079750 0.418887
vt 0.079750 0.446656
vt 0.111500 0.418887
vt 0.111500 0.446656
vt 0.079625 0.418769
vt 0.079625 0.387012
vt 0.111500 0.387012
vt 0.111500 0.418769
vt 0.079750 0.387012
vt 0.079750 0.418769
vt 0.111625 0.418887
vt 0.111625 0.446656
vt 0.143375 0.418887
vt 0.143375 0.446656
vt 0.079625 0.418887
vt 0.079625 0.446656
vt 0.016000 0.450644
vt 0.047750 0.450644
vt 0.075763 0.450644
vt 0.107519 0.450644
vt 0.107638 0.450644
vt 0.135406 0.450644
vt 0.047875 0.450644
vt 0.075644 0.450644
vt 0.016000 0.442675
vt 0.043769 0.442675
vt 0.071781 0.442675
vt 0.099550 0.442675
vt 0.099669 0.442675
vt 0.127438 0.442675
vt 0.043887 0.442675
vt 0.071656 0.442675
vt 0.071781 0.446656
vt 0.099550 0.446656
vt 0.099669 0.446656
vt 0.127438 0.446656
vt 0.071656 0.446656
vt 0.016000 0.422750
vt 0.035800 0.422750
vt 0.051856 0.406937
vt 0.051856 0.422750
vt 0.071656 0.406937
vt 0.071656 0.422750
vt 0.051738 0.406812
vt 0.067675 0.387012
vt 0.067675 0.406812
vt 0.051856 0.387012
vt 0.051856 0.406812
vt 0.071781 0.406937
vt 0.071781 0.422750
vt 0.087594 0.406937
vt 0.087594 0.422750
vt 0.035919 0.422750
vt 0.051738 0.406937
vt 0.051738 0.422750
vt 0.059825 0.406937
vt 0.059825 0.422750
vt 0.079625 0.406937
vt 0.079625 0.422750
vt 0.059706 0.406812
vt 0.059706 0.387012
vt 0.083613 0.387012
vt 0.083613 0.406812
vt 0.059825 0.387012
vt 0.059825 0.406812
vt 0.079750 0.406937
vt 0.079750 0.422750
vt 0.103531 0.406937
vt 0.103531 0.422750
vt 0.059706 0.406937
vt 0.059706 0.422750
vt 0.016000 0.418769
vt 0.031813 0.418769
vt 0.063687 0.418769
vt 0.063813 0.418769
vt 0.031938 0.418769
vt 0.047750 0.418769
vt 0.016000 0.402831
vt 0.023844 0.402831
vt 0.039781 0.402831
vt 0.039906 0.402831
vt 0.023969 0.402831
vt 0.031813 0.402831
vt 0.016000 0.410800
vt 0.023844 0.410800
vt 0.031938 0.410800
vt 0.039781 0.410800
vt 0.039906 0.410800
vt 0.047750 0.410800
vt 0.023969 0.410800
vt 0.031813 0.410800
vt 0.016000 0.426737
vt 0.023844 0.426737
vt 0.039906 0.426737
vt 0.047750 0.426737
vt 0.055719 0.394862
vt 0.039906 0.394862
vt 0.047875 0.394981
vt 0.047875 0.426737
vt 0.063687 0.394981
vt 0.063687 0.426737
vt 0.023969 0.426737
vt 0.039781 0.426737
vt 0.063813 0.418887
vt 0.063813 0.446656
vt 0.095562 0.418887
vt 0.095562 0.446656
vt 0.063813 0.387012
vt 0.095688 0.418887
vt 0.095688 0.446656
vt 0.063687 0.418887
vt 0.063687 0.446656
vt 0.016000 0.438812
vt 0.016000 0.466581
vt 0.067675 0.438812
vt 0.067675 0.466581
vt 0.095688 0.438812
vt 0.095688 0.466581
vt 0.147363 0.438812
vt 0.147363 0.466581
vt 0.095562 0.438688
vt 0.095562 0.387012
vt 0.067794 0.438688
vt 0.067794 0.387012
vt 0.123456 0.387012
vt 0.123456 0.438688
vt 0.095688 0.387012
vt 0.095688 0.438688
vt 0.147481 0.438812
vt 0.147481 0.466581
vt 0.175250 0.438812
vt 0.175250 0.466581
vt 0.067794 0.438812
vt 0.067794 0.466581
vt 0.095562 0.438812
vt 0.095562 0.466581
vt 0.059825 0.418887
vt 0.059825 0.446656
vt 0.091581 0.446656
vt 0.059706 0.418769
vt 0.071656 0.418769
vt 0.059825 0.418769
vt 0.091700 0.446656
vt 0.103531 0.418887
vt 0.059706 0.418887
vt 0.059706 0.446656
vt 0.016000 0.454625
vt 0.035800 0.454625
vt 0.067794 0.406937
vt 0.067794 0.454625
vt 0.087594 0.454625
vt 0.099550 0.406812
vt 0.067794 0.406812
vt 0.087719 0.406937
vt 0.087719 0.454625
vt 0.119469 0.406937
vt 0.119469 0.454625
vt 0.035919 0.454625
vt 0.067675 0.406937
vt 0.067675 0.454625
vt 0.035800 0.442675
vt 0.063813 0.406937
vt 0.063813 0.442675
vt 0.083613 0.406937
vt 0.083613 0.442675
vt 0.063687 0.406812
vt 0.091581 0.406812
vt 0.063813 0.406812
vt 0.083731 0.406937
vt 0.083731 0.442675
vt 0.111500 0.406937
vt 0.111500 0.442675
vt 0.035919 0.442675
vt 0.063687 0.406937
vt 0.063687 0.442675
vt 0.035800 0.446656
vt 0.083613 0.446656
vt 0.083731 0.446656
vt 0.035919 0.446656
vt 0.016000 0.426856
vt 0.055719 0.426856
vt 0.055719 0.454625
vt 0.083731 0.426856
vt 0.083731 0.454625
vt 0.123456 0.426856
vt 0.123456 0.454625
vt 0.083613 0.426737
vt 0.055844 0.426737
vt 0.111500 0.426737
vt 0.083731 0.387012
vt 0.083731 0.426737
vt 0.123575 0.426856
vt 0.123575 0.454625
vt 0.151344 0.426856
vt 0.151344 0.454625
vt 0.055844 0.426856
vt 0.055844 0.454625
vt 0.083613 0.426856
vt 0.083613 0.454625
vt 0.047750 0.470563
vt 0.075763 0.470563
vt 0.107519 0.470563
vt 0.107638 0.470563
vt 0.135406 0.470563
vt 0.047875 0.470563
vt 0.075644 0.470563
vt 0.123456 0.446656
vt 0.123575 0.446656
vt 0.167281 0.446656
vt 0.083731 0.418887
vt 0.115488 0.418887
vt 0.115488 0.446656
vt 0.083613 0.418769
vt 0.119469 0.387012
vt 0.119469 0.418769
vt 0.083731 0.418769
vt 0.115606 0.418887
vt 0.115606 0.446656
vt 0.151344 0.418887
vt 0.151344 0.446656
vt 0.083613 0.418887
vt 0.067794 0.418887
vt 0.067794 0.446656
vt 0.099550 0.418887
vt 0.067675 0.418769
vt 0.087594 0.387012
vt 0.087594 0.418769
vt 0.067794 0.418769
vt 0.099669 0.418887
vt 0.119469 0.418887
vt 0.119469 0.446656
vt 0.067675 0.418887
vt 0.067675 0.446656
vt 0.047750 0.466581
vt 0.099550 0.466581
vt 0.099669 0.466581
vt 0.119469 0.466581
vt 0.047875 0.466581
vt 0.075644 0.454625
vt 0.075763 0.454625
vt 0.095562 0.454625
vt 0.035800 0.470563
vt 0.055844 0.470563
vt 0.095562 0.470563
vt 0.035919 0.470563
vt 0.055719 0.470563
vt 0.063813 0.454625
vt 0.111500 0.454625
vt 0.063687 0.454625
vt 0.051856 0.454625
vt 0.071656 0.454625
vt 0.071781 0.454625
vt 0.051738 0.454625
vt 0.016000 0.474550
vt 0.035800 0.474550
vt 0.047875 0.406937
vt 0.047875 0.474550
vt 0.067675 0.474550
vt 0.047750 0.406812
vt 0.047875 0.406812
vt 0.067794 0.474550
vt 0.079625 0.474550
vt 0.035919 0.474550
vt 0.047750 0.406937
vt 0.047750 0.474550
vt 0.031813 0.470563
vt 0.043887 0.402950
vt 0.059706 0.402950
vt 0.059706 0.470563
vt 0.043769 0.402831
vt 0.043769 0.387012
vt 0.055719 0.402831
vt 0.043887 0.402831
vt 0.059825 0.402950
vt 0.059825 0.470563
vt 0.071656 0.402950
vt 0.031938 0.470563
vt 0.043769 0.402950
vt 0.016000 0.498456
vt 0.035800 0.498456
vt 0.047875 0.498456
vt 0.067675 0.498456
vt 0.067794 0.498456
vt 0.079625 0.498456
vt 0.035919 0.498456
vt 0.047750 0.498456
vt 0.016000 0.410919
vt 0.039781 0.410919
vt 0.059825 0.410919
vt 0.059825 0.458613
vt 0.083613 0.410919
vt 0.083613 0.458613
vt 0.059706 0.410800
vt 0.079625 0.410800
vt 0.059825 0.410800
vt 0.083731 0.410919
vt 0.083731 0.458613
vt 0.103531 0.410919
vt 0.103531 0.458613
vt 0.039906 0.410919
vt 0.059706 0.410919
vt 0.059706 0.458613
vt 0.095688 0.406937
vt 0.095688 0.442675
vt 0.115488 0.406937
vt 0.115488 0.442675
vt 0.095562 0.406812
vt 0.155331 0.387012
vt 0.155331 0.406812
vt 0.095688 0.406812
vt 0.115606 0.406937
vt 0.115606 0.442675
vt 0.175250 0.406937
vt 0.175250 0.442675
vt 0.095562 0.442675
vt 0.091581 0.406937
vt 0.091581 0.442675
vt 0.071656 0.406812
vt 0.107519 0.406812
vt 0.071781 0.406812
vt 0.091700 0.406937
vt 0.091700 0.442675
vt 0.127438 0.406937
vt 0.035800 0.458613
vt 0.063813 0.458613
vt 0.111500 0.458613
vt 0.035919 0.458613
vt 0.031813 0.454625
vt 0.047875 0.454625
vt 0.079625 0.454625
vt 0.031938 0.454625
vt 0.047750 0.454625
vt 0.103656 0.426856
vt 0.103656 0.470563
vt 0.143375 0.426856
vt 0.143375 0.470563
vt 0.103531 0.426737
vt 0.151344 0.387012
vt 0.151344 0.426737
vt 0.103656 0.387012
vt 0.103656 0.426737
vt 0.143500 0.426856
vt 0.143500 0.470563
vt 0.191188 0.426856
vt 0.191188 0.470563
vt 0.103531 0.426856
vt 0.103531 0.470563
vt 0.091700 0.462594
vt 0.123456 0.462594
vt 0.123575 0.462594
vt 0.167281 0.462594
vt 0.091581 0.462594
vt 0.095688 0.462594
vt 0.127438 0.418887
vt 0.127438 0.462594
vt 0.095562 0.418769
vt 0.143375 0.387012
vt 0.143375 0.418769
vt 0.095688 0.418769
vt 0.127562 0.418887
vt 0.127562 0.462594
vt 0.175250 0.418887
vt 0.175250 0.462594
s 0
f 1/1/1 2/2/1 3/3/1
f 4/2/2 5/4/2 6/3/2
f 7/5/3 8/6/3 9/7/3
f 10/6/4 11/8/4 12/7/4
f 13/9/5 14/10/5 15/11/5
f 16/10/6 17/12/6 18/11/6
f 19/13/7 20/14/7 21/15/7
f 22/14/8 23/16/8 24/15/8
f 25/17/9 26/18/9 27/19/9
f 28/18/10 29/20/10 30/19/10
f 31/21/11 32/22/11 33/23/11
f 34/22/12 35/24/12 36/23/12
f 37/25/13 38/26/13 39/27/13
f 40/26/14 41/28/14 42/27/14
f 43/29/15 44/30/15 45/31/15
f 46/30/16 47/32/16 48/31/16
f 49/33/17 50/34/17 51/35/17
f 52/34/18 53/36/18 54/35/18
f 55/37/19 56/38/19 57/39/19
f 58/38/20 59/40/20 60/39/20
f 61/41/21 62/42/21 63/43/21
f 64/42/22 65/44/22 66/43/22
f 67/45/23 68/46/23 69/47/23
f 70/46/24 71/48/24 72/47/24
f 73/49/25 74/26/25 75/50/25
f 76/26/26 77/51/26 78/50/26
f 79/52/27 80/53/27 81/54/27
f 82/53/28 83/55/28 84/54/28
f 85/56/29 86/57/29 87/58/29
f 88/57/30 89/59/30 90/58/30
f 91/60/31 92/61/31 93/62/31
f 94/61/32 95/63/32 96/62/32
f 97/64/33 98/65/33 99/66/33
f 100/65/34 101/67/34 102/66/34
f 103/68/35 104/69/35 105/70/35
f 106/69/36 107/71/36 108/70/36
f 109/72/37 110/73/37 111/74/37
f 110/73/37 112/75/37 111/74/37
f 113/76/38 114/77/38 115/78/38
f 114/77/38 116/79/38 115/78/38
f 117/80/39 118/81/39 119/82/39
f 118/81/39 120/83/39 119/82/39
f 121/84/40 122/85/40 123/86/40
f 122/85/40 124/87/40 123/86/40
f 125/88/41 126/89/41 127/90/41
f 128/89/42 129/91/42 130/90/42
f 131/92/43 132/93/43 133/94/43
f 134/93/44 135/95/44 136/94/44
s 1
f 137/96/45 138/26/45 139/97/45
s 0
f 140/26/46 141/98/46 142/97/46
f 143/99/47 144/69/47 145/100/47
f 146/69/48 147/101/48 148/100/48
s 1
f 149/102/49 150/103/49 151/104/49
s 0
f 152/103/50 153/105/50 154/104/50
f 155/81/51 156/106/51 157/59/51
f 156/106/51 158/107/51 157/59/51
s 1
f 159/108/52 160/109/52 161/110/52
s 0
f 162/109/53 163/71/53 164/110/53
f 165/111/54 166/112/54 167/113/54
f 168/112/55 169/51/55 170/113/55
f 171/114/56 172/26/56 173/115/56
f 172/26/56 174/116/56 173/115/56
f 175/117/57 176/112/57 177/118/57
f 178/112/58 179/119/58 180/118/58
f 181/120/59 182/121/59 183/122/59
f 184/121/60 185/123/60 186/122/60
f 187/124/61 188/125/61 189/105/61
f 190/125/62 191/126/62 192/105/62
f 193/127/63 194/128/63 195/129/63
f 196/128/64 197/51/64 198/129/64
f 199/130/65 200/131/65 201/132/65
f 200/131/65 202/98/65 201/132/65
f 203/133/66 204/73/66 205/134/66
f 204/73/66 206/135/66 205/134/66
f 207/136/67 208/137/67 209/138/67
f 208/137/67 210/139/67 209/138/67
f 211/140/68 212/141/68 213/142/68
f 212/141/68 214/62/68 213/142/68
f 215/143/69 216/144/69 217/145/69
f 218/144/69 219/146/69 220/145/69
f 221/147/70 222/148/70 223/149/70
f 224/148/70 225/150/70 226/149/70
f 227/151/71 228/152/71 229/153/71
f 230/152/71 231/154/71 232/153/71
f 233/1/66 234/155/66 235/3/66
f 234/155/66 236/156/66 235/3/66
f 237/157/67 238/158/67 239/159/67
f 238/158/67 240/160/67 239/159/67
f 241/161/68 242/37/68 243/11/68
f 242/37/68 244/12/68 243/11/68
f 245/162/69 246/163/69 247/164/69
f 248/163/69 249/165/69 250/164/69
f 251/166/70 252/167/70 253/168/70
f 254/167/70 255/169/70 256/168/70
f 257/21/71 258/170/71 259/171/71
f 260/170/71 261/172/71 262/171/71
f 263/133/66 264/155/66 265/134/66
f 264/155/66 266/173/66 265/134/66
f 267/174/67 268/158/67 269/175/67
f 268/158/67 270/176/67 269/175/67
f 271/177/68 272/37/68 273/142/68
f 272/37/68 274/62/68 273/142/68
f 275/178/69 276/179/69 277/164/69
f 278/179/69 279/180/69 280/164/69
f 281/181/70 282/182/70 283/183/70
f 284/182/70 285/169/70 286/183/70
f 287/151/71 288/184/71 289/185/71
f 290/184/71 291/172/71 292/185/71
f 293/133/66 294/155/66 295/134/66
f 294/155/66 296/173/66 295/134/66
f 297/174/67 298/158/67 299/175/67
f 298/158/67 300/176/67 299/175/67
f 301/177/68 302/37/68 303/142/68
f 302/37/68 304/62/68 303/142/68
f 305/178/69 306/179/69 307/164/69
f 308/179/69 309/180/69 310/164/69
f 311/181/70 312/182/70 313/183/70
f 314/182/70 315/169/70 316/183/70
f 317/151/71 318/184/71 319/185/71
f 320/184/71 321/172/71 322/185/71
f 323/133/66 324/155/66 325/134/66
f 324/155/66 326/173/66 325/134/66
f 327/174/67 328/158/67 329/175/67
f 328/158/67 330/176/67 329/175/67
f 331/177/68 332/37/68 333/142/68
f 332/37/68 334/62/68 333/142/68
f 335/178/69 336/179/69 337/164/69
f 338/179/69 339/180/69 340/164/69
f 341/181/70 342/182/70 343/183/70
f 344/182/70 345/169/70 346/183/70
f 347/151/71 348/184/71 349/185/71
f 350/184/71 351/172/71 352/185/71
f 353/133/66 354/155/66 355/134/66
f 354/155/66 356/173/66 355/134/66
f 357/174/67 358/158/67 359/175/67
f 358/158/67 360/176/67 359/175/67
f 361/177/68 362/37/68 363/142/68
f 362/37/68 364/62/68 363/142/68
f 365/178/69 366/179/69 367/164/69
f 368/179/69 369/180/69 370/164/69
f 371/181/70 372/182/70 373/183/70
f 374/182/70 375/169/70 376/183/70
f 377/151/71 378/184/71 379/185/71
f 380/184/71 381/172/71 382/185/71
f 383/133/66 384/155/66 385/134/66
f 384/155/66 386/173/66 385/134/66
f 387/174/67 388/158/67 389/175/67
f 388/158/67 390/176/67 389/175/67
f 391/177/68 392/37/68 393/142/68
f 392/37/68 394/62/68 393/142/68
f 395/178/69 396/179/69 397/164/69
f 398/179/69 399/180/69 400/164/69
f 401/181/70 402/182/70 403/183/70
f 404/182/70 405/169/70 406/183/70
f 407/151/71 408/184/71 409/185/71
f 410/184/71 411/172/71 412/185/71
f 413/133/66 414/155/66 415/134/66
f 414/155/66 416/173/66 415/134/66
f 417/174/67 418/158/67 419/175/67
f 418/158/67 420/176/67 419/175/67
f 421/177/68 422/37/68 423/142/68
f 422/37/68 424/62/68 423/142/68
f 425/178/69 426/179/69 427/164/69
f 428/179/69 429/180/69 430/164/69
f 431/181/70 432/182/70 433/183/70
f 434/182/70 435/169/70 436/183/70
f 437/151/71 438/184/71 439/185/71
f 440/184/71 441/172/71 442/185/71
f 443/133/66 444/155/66 445/134/66
f 444/155/66 446/173/66 445/134/66
f 447/174/67 448/158/67 449/175/67
f 448/158/67 450/176/67 449/175/67
f 451/177/68 452/37/68 453/142/68
f 452/37/68 454/62/68 453/142/68
f 455/178/69 456/179/69 457/164/69
f 458/179/69 459/180/69 460/164/69
f 461/181/70 462/182/70 463/183/70
f 464/182/70 465/169/70 466/183/70
f 467/151/71 468/184/71 469/185/71
f 470/184/71 471/172/71 472/185/71
f 473/133/66 474/155/66 475/134/66
f 474/155/66 476/173/66 475/134/66
f 477/174/67 478/158/67 479/175/67
f 478/158/67 480/176/67 479/175/67
f 481/177/68 482/37/68 483/142/68
f 482/37/68 484/62/68 483/142/68
f 485/178/69 486/179/69 487/164/69
f 488/179/69 489/180/69 490/164/69
f 491/181/70 492/182/70 493/183/70
f 494/182/70 495/169/70 496/183/70
f 497/151/71 498/184/71 499/185/71
f 500/184/71 501/172/71 502/185/71
f 503/133/66 504/155/66 505/134/66
f 504/155/66 506/173/66 505/134/66
f 507/174/67 508/158/67 509/175/67
f 508/158/67 510/176/67 509/175/67
f 511/177/68 512/37/68 513/142/68
f 512/37/68 514/62/68 513/142/68
f 515/178/69 516/179/69 517/164/69
f 518/179/69 519/180/69 520/164/69
f 521/181/70 522/182/70 523/183/70
f 524/182/70 525/169/70 526/183/70
f 527/151/71 528/184/71 529/185/71
f 530/184/71 531/172/71 532/185/71
f 533/133/66 534/155/66 535/134/66
f 534/155/66 536/173/66 535/134/66
f 537/174/67 538/158/67 539/175/67
f 538/158/67 540/176/67 539/175/67
f 541/177/68 542/37/68 543/142/68
f 542/37/68 544/62/68 543/142/68
f 545/178/69 546/179/69 547/164/69
f 548/179/69 549/180/69 550/164/69
f 551/181/70 552/182/70 553/183/70
f 554/182/70 555/169/70 556/183/70
f 557/151/71 558/184/71 559/185/71
f 560/184/71 561/172/71 562/185/71
f 563/133/66 564/155/66 565/134/66
f 564/155/66 566/173/66 565/134/66
f 567/186/67 568/187/67 569/188/67
f 568/187/67 570/189/67 569/188/67
f 571/190/68 572/191/68 573/142/68
f 572/191/68 574/62/68 573/142/68
f 575/192/69 576/193/69 577/194/69
f 578/193/69 579/195/69 580/194/69
f 581/196/70 582/197/70 583/198/70
f 584/197/70 585/199/70 586/198/70
f 587/151/71 588/184/71 589/200/71
f 590/184/71 591/201/71 592/200/71
f 593/133/66 594/155/66 595/134/66
f 594/155/66 596/173/66 595/134/66
f 597/174/67 598/158/67 599/175/67
f 598/158/67 600/176/67 599/175/67
f 601/177/68 602/37/68 603/142/68
f 602/37/68 604/62/68 603/142/68
f 605/178/69 606/179/69 607/164/69
f 608/179/69 609/180/69 610/164/69
f 611/181/70 612/182/70 613/183/70
f 614/182/70 615/169/70 616/183/70
f 617/151/71 618/184/71 619/185/71
f 620/184/71 621/172/71 622/185/71
f 623/133/66 624/202/66 625/134/66
f 624/202/66 626/203/66 625/134/66
f 627/174/67 628/204/67 629/175/67
f 628/204/67 630/205/67 629/175/67
f 631/177/68 632/37/68 633/142/68
f 632/37/68 634/62/68 633/142/68
f 635/178/69 636/179/69 637/164/69
f 638/179/69 639/180/69 640/164/69
f 641/181/70 642/206/70 643/183/70
f 644/206/70 645/207/70 646/183/70
f 647/151/71 648/208/71 649/185/71
f 650/208/71 651/209/71 652/185/71
f 653/133/66 654/202/66 655/134/66
f 654/202/66 656/203/66 655/134/66
f 657/174/67 658/204/67 659/175/67
f 658/204/67 660/205/67 659/175/67
f 661/177/68 662/37/68 663/142/68
f 662/37/68 664/62/68 663/142/68
f 665/178/69 666/179/69 667/164/69
f 668/179/69 669/180/69 670/164/69
f 671/181/70 672/206/70 673/183/70
f 674/206/70 675/207/70 676/183/70
f 677/151/71 678/208/71 679/185/71
f 680/208/71 681/209/71 682/185/71
f 683/133/66 684/155/66 685/134/66
f 684/155/66 686/173/66 685/134/66
f 687/174/67 688/158/67 689/175/67
f 688/158/67 690/176/67 689/175/67
f 691/177/68 692/37/68 693/142/68
f 692/37/68 694/62/68 693/142/68
f 695/178/69 696/179/69 697/164/69
f 698/179/69 699/180/69 700/164/69
f 701/181/70 702/182/70 703/183/70
f 704/182/70 705/169/70 706/183/70
f 707/151/71 708/184/71 709/185/71
f 710/184/71 711/172/71 712/185/71
f 713/133/66 714/155/66 715/134/66
f 714/155/66 716/173/66 715/134/66
f 717/174/67 718/158/67 719/175/67
f 718/158/67 720/176/67 719/175/67
f 721/177/68 722/37/68 723/142/68
f 722/37/68 724/62/68 723/142/68
f 725/178/69 726/179/69 727/164/69
f 728/179/69 729/180/69 730/164/69
f 731/181/70 732/182/70 733/183/70
f 734/182/70 735/169/70 736/183/70
f 737/151/71 738/184/71 739/185/71
f 740/184/71 741/172/71 742/185/71
f 743/133/66 744/155/66 745/134/66
f 744/155/66 746/173/66 745/134/66
f 747/174/67 748/158/67 749/175/67
f 748/158/67 750/176/67 749/175/67
f 751/177/68 752/37/68 753/142/68
f 752/37/68 754/62/68 753/142/68
f 755/178/69 756/179/69 757/164/69
f 758/179/69 759/180/69 760/164/69
f 761/181/70 762/182/70 763/183/70
f 764/182/70 765/169/70 766/183/70
f 767/151/71 768/184/71 769/185/71
f 770/184/71 771/172/71 772/185/71
f 773/133/66 774/155/66 775/134/66
f 774/155/66 776/173/66 775/134/66
f 777/174/67 778/158/67 779/175/67
f 778/158/67 780/176/67 779/175/67
f 781/177/68 782/37/68 783/142/68
f 782/37/68 784/62/68 783/142/68
f 785/178/69 786/179/69 787/164/69
f 788/179/69 789/180/69 790/164/69
f 791/181/70 792/182/70 793/183/70
f 794/182/70 795/169/70 796/183/70
f 797/151/71 798/184/71 799/185/71
f 800/184/71 801/172/71 802/185/71
f 803/133/66 804/155/66 805/134/66
f 804/155/66 806/173/66 805/134/66
f 807/174/67 808/158/67 809/175/67
f 808/158/67 810/176/67 809/175/67
f 811/177/68 812/37/68 813/142/68
f 812/37/68 814/62/68 813/142/68
f 815/178/69 816/179/69 817/164/69
f 818/179/69 819/180/69 820/164/69
f 821/181/70 822/182/70 823/183/70
f 824/182/70 825/169/70 826/183/70
f 827/151/71 828/184/71 829/185/71
f 830/184/71 831/172/71 832/185/71
f 833/133/66 834/155/66 835/134/66
f 834/155/66 836/173/66 835/134/66
f 837/174/67 838/158/67 839/175/67
f 838/158/67 840/176/67 839/175/67
f 841/177/68 842/37/68 843/142/68
f 842/37/68 844/62/68 843/142/68
f 845/178/69 846/179/69 847/164/69
f 848/179/69 849/180/69 850/164/69
f 851/181/70 852/182/70 853/183/70
f 854/182/70 855/169/70 856/183/70
f 857/151/71 858/184/71 859/185/71
f 860/184/71 861/172/71 862/185/71
f 863/133/66 864/155/66 865/134/66
f 864/155/66 866/173/66 865/134/66
f 867/174/67 868/158/67 869/175/67
f 868/158/67 870/176/67 869/175/67
f 871/177/68 872/37/68 873/142/68
f 872/37/68 874/62/68 873/142/68
f 875/178/69 876/179/69 877/164/69
f 878/179/69 879/180/69 880/164/69
f 881/181/70 882/182/70 883/183/70
f 884/182/70 885/169/70 886/183/70
f 887/151/71 888/184/71 889/185/71
f 890/184/71 891/172/71 892/185/71
f 893/133/66 894/155/66 895/134/66
f 894/155/66 896/173/66 895/134/66
f 897/174/67 898/158/67 899/175/67
f 898/158/67 900/176/67 899/175/67
f 901/177/68 902/37/68 903/142/68
f 902/37/68 904/62/68 903/142/68
f 905/178/69 906/179/69 907/164/69
f 908/179/69 909/180/69 910/164/69
f 911/181/70 912/182/70 913/183/70
f 914/182/70 915/169/70 916/183/70
f 917/151/71 918/184/71 919/185/71
f 920/184/71 921/172/71 922/185/71
f 923/133/66 924/155/66 925/134/66
f 924/155/66 926/173/66 925/134/66
f 927/174/67 928/158/67 929/175/67
f 928/158/67 930/176/67 929/175/67
f 931/177/68 932/37/68 933/142/68
f 932/37/68 934/62/68 933/142/68
f 935/178/69 936/179/69 937/164/69
f 938/179/69 939/180/69 940/164/69
f 941/181/70 942/182/70 943/183/70
f 944/182/70 945/169/70 946/183/70
f 947/151/71 948/184/71 949/185/71
f 950/184/71 951/172/71 952/185/71
f 953/133/66 954/155/66 955/134/66
f 954/155/66 956/173/66 955/134/66
f 957/174/67 958/158/67 959/175/67
f 958/158/67 960/176/67 959/175/67
f 961/177/68 962/37/68 963/142/68
f 962/37/68 964/62/68 963/142/68
f 965/178/69 966/179/69 967/164/69
f 968/179/69 969/180/69 970/164/69
f 971/181/70 972/182/70 973/183/70
f 974/182/70 975/169/70 976/183/70
f 977/151/71 978/184/71 979/185/71
f 980/184/71 981/172/71 982/185/71
f 983/133/66 984/155/66 985/134/66
f 984/155/66 986/173/66 985/134/66
f 987/174/67 988/158/67 989/175/67
f 988/158/67 990/176/67 989/175/67
f 991/177/68 992/37/68 993/142/68
f 992/37/68 994/62/68 993/142/68
f 995/178/69 996/179/69 997/164/69
f 998/179/69 999/180/69 1000/164/69
f 1001/181/70 1002/182/70 1003/183/70
f 1004/182/70 1005/169/70 1006/183/70
f 1007/151/71 1008/184/71 1009/185/71
f 1010/184/71 1011/172/71 1012/185/71
f 1013/133/66 1014/155/66 1015/134/66
f 1014/155/66 1016/173/66 1015/134/66
f 1017/174/67 1018/158/67 1019/175/67
f 1018/158/67 1020/176/67 1019/175/67
f 1021/177/68 1022/37/68 1023/142/68
f 1022/37/68 1024/62/68 1023/142/68
f 1025/178/69 1026/179/69 1027/164/69
f 1028/179/69 1029/180/69 1030/164/69
f 1031/181/70 1032/182/70 1033/183/70
f 1034/182/70 1035/169/70 1036/183/70
f 1037/151/71 1038/184/71 1039/185/71
f 1040/184/71 1041/172/71 1042/185/71
f 1043/133/66 1044/155/66 1045/134/66
f 1044/155/66 1046/173/66 1045/134/66
f 1047/174/67 1048/158/67 1049/175/67
f 1048/158/67 1050/176/67 1049/175/67
f 1051/177/68 1052/37/68 1053/142/68
f 1052/37/68 1054/62/68 1053/142/68
f 1055/178/69 1056/179/69 1057/164/69
f 1058/179/69 1059/180/69 1060/164/69
f 1061/181/70 1062/182/70 1063/183/70
f 1064/182/70 1065/169/70 1066/183/70
f 1067/151/71 1068/184/71 1069/185/71
f 1070/184/71 1071/172/71 1072/185/71
f 1073/133/66 1074/155/66 1075/134/66
f 1074/155/66 1076/173/66 1075/134/66
f 1077/174/67 1078/158/67 1079/175/67
f 1078/158/67 1080/176/67 1079/175/67
f 1081/177/68 1082/37/68 1083/142/68
f 1082/37/68 1084/62/68 1083/142/68
f 1085/178/69 1086/179/69 1087/164/69
f 1088/179/69 1089/180/69 1090/164/69
f 1091/181/70 1092/182/70 1093/183/70
f 1094/182/70 1095/169/70 1096/183/70
f 1097/151/71 1098/184/71 1099/185/71
f 1100/184/71 1101/172/71 1102/185/71
f 1103/133/66 1104/155/66 1105/134/66
f 1104/155/66 1106/173/66 1105/134/66
f 1107/174/67 1108/158/67 1109/175/67
f 1108/158/67 1110/176/67 1109/175/67
f 1111/177/68 1112/37/68 1113/142/68
f 1112/37/68 1114/62/68 1113/142/68
f 1115/178/69 1116/179/69 1117/164/69
f 1118/179/69 1119/180/69 1120/164/69
f 1121/181/70 1122/182/70 1123/183/70
f 1124/182/70 1125/169/70 1126/183/70
f 1127/151/71 1128/184/71 1129/185/71
f 1130/184/71 1131/172/71 1132/185/71
f 1133/1/66 1134/210/66 1135/3/66
f 1134/210/66 1136/211/66 1135/3/66
f 1137/5/67 1138/212/67 1139/7/67
f 1138/212/67 1140/213/67 1139/7/67
f 1141/9/68 1142/10/68 1143/11/68
f 1142/10/68 1144/12/68 1143/11/68
f 1145/13/69 1146/14/69 1147/15/69
f 1148/14/69 1149/16/69 1150/15/69
f 1151/17/70 1152/214/70 1153/19/70
f 1154/214/70 1155/215/70 1156/19/70
f 1157/21/71 1158/216/71 1159/23/71
f 1160/216/71 1161/217/71 1162/23/71
f 1163/1/66 1164/155/66 1165/3/66
f 1164/155/66 1166/156/66 1165/3/66
f 1167/5/67 1168/218/67 1169/7/67
f 1168/218/67 1170/219/67 1169/7/67
f 1171/9/68 1172/10/68 1173/11/68
f 1172/10/68 1174/12/68 1173/11/68
f 1175/13/69 1176/14/69 1177/15/69
f 1178/14/69 1179/16/69 1180/15/69
f 1181/17/70 1182/220/70 1183/19/70
f 1184/220/70 1185/221/70 1186/19/70
f 1187/21/71 1188/170/71 1189/23/71
f 1190/170/71 1191/222/71 1192/23/71
f 1193/133/66 1194/202/66 1195/134/66
f 1194/202/66 1196/203/66 1195/134/66
f 1197/174/67 1198/204/67 1199/175/67
f 1198/204/67 1200/205/67 1199/175/67
f 1201/177/68 1202/37/68 1203/142/68
f 1202/37/68 1204/62/68 1203/142/68
f 1205/178/69 1206/179/69 1207/164/69
f 1208/179/69 1209/180/69 1210/164/69
f 1211/181/70 1212/206/70 1213/183/70
f 1214/206/70 1215/207/70 1216/183/70
f 1217/151/71 1218/208/71 1219/185/71
f 1220/208/71 1221/209/71 1222/185/71
f 1223/133/66 1224/155/66 1225/134/66
f 1224/155/66 1226/173/66 1225/134/66
f 1227/174/67 1228/158/67 1229/175/67
f 1228/158/67 1230/176/67 1229/175/67
f 1231/177/68 1232/37/68 1233/142/68
f 1232/37/68 1234/62/68 1233/142/68
f 1235/178/69 1236/179/69 1237/164/69
f 1238/179/69 1239/180/69 1240/164/69
f 1241/181/70 1242/182/70 1243/183/70
f 1244/182/70 1245/169/70 1246/183/70
f 1247/151/71 1248/184/71 1249/185/71
f 1250/184/71 1251/172/71 1252/185/71
f 1253/133/66 1254/155/66 1255/134/66
f 1254/155/66 1256/173/66 1255/134/66
f 1257/174/67 1258/158/67 1259/175/67
f 1258/158/67 1260/176/67 1259/175/67
f 1261/177/68 1262/37/68 1263/142/68
f 1262/37/68 1264/62/68 1263/142/68
f 1265/178/69 1266/179/69 1267/164/69
f 1268/179/69 1269/180/69 1270/164/69
f 1271/181/70 1272/182/70 1273/183/70
f 1274/182/70 1275/169/70 1276/183/70
f 1277/151/71 1278/184/71 1279/185/71
f 1280/184/71 1281/172/71 1282/185/71
f 1283/133/66 1284/155/66 1285/134/66
f 1284/155/66 1286/173/66 1285/134/66
f 1287/174/67 1288/158/67 1289/175/67
f 1288/158/67 1290/176/67 1289/175/67
f 1291/177/68 1292/37/68 1293/142/68
f 1292/37/68 1294/62/68 1293/142/68
f 1295/178/69 1296/179/69 1297/164/69
f 1298/179/69 1299/180/69 1300/164/69
f 1301/181/70 1302/182/70 1303/183/70
f 1304/182/70 1305/169/70 1306/183/70
f 1307/151/71 1308/184/71 1309/185/71
f 1310/184/71 1311/172/71 1312/185/71
f 1313/133/66 1314/155/66 1315/134/66
f 1314/155/66 1316/173/66 1315/134/66
f 1317/174/67 1318/158/67 1319/175/67
f 1318/158/67 1320/176/67 1319/175/67
f 1321/177/68 1322/37/68 1323/142/68
f 1322/37/68 1324/62/68 1323/142/68
f 1325/178/69 1326/179/69 1327/164/69
f 1328/179/69 1329/180/69 1330/164/69
f 1331/181/70 1332/182/70 1333/183/70
f 1334/182/70 1335/169/70 1336/183/70
f 1337/151/71 1338/184/71 1339/185/71
f 1340/184/71 1341/172/71 1342/185/71
f 1343/133/66 1344/155/66 1345/134/66
f 1344/155/66 1346/173/66 1345/134/66
f 1347/174/67 1348/158/67 1349/175/67
f 1348/158/67 1350/176/67 1349/175/67
f 1351/177/68 1352/37/68 1353/142/68
f 1352/37/68 1354/62/68 1353/142/68
f 1355/178/69 1356/179/69 1357/164/69
f 1358/179/69 1359/180/69 1360/164/69
f 1361/181/70 1362/182/70 1363/183/70
f 1364/182/70 1365/169/70 1366/183/70
f 1367/151/71 1368/184/71 1369/185/71
f 1370/184/71 1371/172/71 1372/185/71
f 1373/133/66 1374/155/66 1375/134/66
f 1374/155/66 1376/173/66 1375/134/66
f 1377/174/67 1378/158/67 1379/175/67
f 1378/158/67 1380/176/67 1379/175/67
f 1381/177/68 1382/37/68 1383/142/68
f 1382/37/68 1384/62/68 1383/142/68
f 1385/178/69 1386/179/69 1387/164/69
f 1388/179/69 1389/180/69 1390/164/69
f 1391/181/70 1392/182/70 1393/183/70
f 1394/182/70 1395/169/70 1396/183/70
f 1397/151/71 1398/184/71 1399/185/71
f 1400/184/71 1401/172/71 1402/185/71
f 1403/133/66 1404/155/66 1405/134/66
f 1404/155/66 1406/173/66 1405/134/66
f 1407/174/67 1408/158/67 1409/175/67
f 1408/158/67 1410/176/67 1409/175/67
f 1411/177/68 1412/37/68 1413/142/68
f 1412/37/68 1414/62/68 1413/142/68
f 1415/178/69 1416/179/69 1417/164/69
f 1418/179/69 1419/180/69 1420/164/69
f 1421/181/70 1422/182/70 1423/183/70
f 1424/182/70 1425/169/70 1426/183/70
f 1427/151/71 1428/184/71 1429/185/71
f 1430/184/71 1431/172/71 1432/185/71
f 1433/133/66 1434/155/66 1435/134/66
f 1434/155/66 1436/173/66 1435/134/66
f 1437/174/67 1438/158/67 1439/175/67
f 1438/158/67 1440/176/67 1439/175/67
f 1441/177/68 1442/37/68 1443/142/68
f 1442/37/68 1444/62/68 1443/142/68
f 1445/178/69 1446/179/69 1447/164/69
f 1448/179/69 1449/180/69 1450/164/69
f 1451/181/70 1452/182/70 1453/183/70
f 1454/182/70 1455/169/70 1456/183/70
f 1457/151/71 1458/184/71 1459/185/71
f 1460/184/71 1461/172/71 1462/185/71
f 1463/133/66 1464/155/66 1465/134/66
f 1464/155/66 1466/173/66 1465/134/66
f 1467/174/67 1468/158/67 1469/175/67
f 1468/158/67 1470/176/67 1469/175/67
f 1471/177/68 1472/37/68 1473/142/68
f 1472/37/68 1474/62/68 1473/142/68
f 1475/178/69 1476/179/69 1477/164/69
f 1478/179/69 1479/180/69 1480/164/69
f 1481/181/70 1482/182/70 1483/183/70
f 1484/182/70 1485/169/70 1486/183/70
f 1487/151/71 1488/184/71 1489/185/71
f 1490/184/71 1491/172/71 1492/185/71
f 1493/133/66 1494/155/66 1495/134/66
f 1494/155/66 1496/173/66 1495/134/66
f 1497/174/67 1498/158/67 1499/175/67
f 1498/158/67 1500/176/67 1499/175/67
f 1501/177/68 1502/37/68 1503/142/68
f 1502/37/68 1504/62/68 1503/142/68
f 1505/178/69 1506/179/69 1507/164/69
f 1508/179/69 1509/180/69 1510/164/69
f 1511/181/70 1512/182/70 1513/183/70
f 1514/182/70 1515/169/70 1516/183/70
f 1517/151/71 1518/184/71 1519/185/71
f 1520/184/71 1521/172/71 1522/185/71
f 1523/133/66 1524/155/66 1525/134/66
f 1524/155/66 1526/173/66 1525/134/66
f 1527/174/67 1528/158/67 1529/175/67
f 1528/158/67 1530/176/67 1529/175/67
f 1531/177/68 1532/37/68 1533/142/68
f 1532/37/68 1534/62/68 1533/142/68
f 1535/178/69 1536/179/69 1537/164/69
f 1538/179/69 1539/180/69 1540/164/69
f 1541/181/70 1542/182/70 1543/183/70
f 1544/182/70 1545/169/70 1546/183/70
f 1547/151/71 1548/184/71 1549/185/71
f 1550/184/71 1551/172/71 1552/185/71
f 1553/133/66 1554/155/66 1555/134/66
f 1554/155/66 1556/173/66 1555/134/66
f 1557/174/67 1558/158/67 1559/175/67
f 1558/158/67 1560/176/67 1559/175/67
f 1561/177/68 1562/37/68 1563/142/68
f 1562/37/68 1564/62/68 1563/142/68
f 1565/178/69 1566/179/69 1567/164/69
f 1568/179/69 1569/180/69 1570/164/69
f 1571/181/70 1572/182/70 1573/183/70
f 1574/182/70 1575/169/70 1576/183/70
f 1577/151/71 1578/184/71 1579/185/71
f 1580/184/71 1581/172/71 1582/185/71
f 1583/133/66 1584/155/66 1585/134/66
f 1584/155/66 1586/173/66 1585/134/66
f 1587/174/67 1588/158/67 1589/175/67
f 1588/158/67 1590/176/67 1589/175/67
f 1591/177/68 1592/37/68 1593/142/68
f 1592/37/68 1594/62/68 1593/142/68
f 1595/178/69 1596/179/69 1597/164/69
f 1598/179/69 1599/180/69 1600/164/69
f 1601/181/70 1602/182/70 1603/183/70
f 1604/182/70 1605/169/70 1606/183/70
f 1607/151/71 1608/184/71 1609/185/71
f 1610/184/71 1611/172/71 1612/185/71
f 1613/133/66 1614/155/66 1615/134/66
f 1614/155/66 1616/173/66 1615/134/66
f 1617/174/67 1618/158/67 1619/175/67
f 1618/158/67 1620/176/67 1619/175/67
f 1621/177/68 1622/37/68 1623/142/68
f 1622/37/68 1624/62/68 1623/142/68
f 1625/178/69 1626/179/69 1627/164/69
f 1628/179/69 1629/180/69 1630/164/69
f 1631/181/70 1632/182/70 1633/183/70
f 1634/182/70 1635/169/70 1636/183/70
f 1637/151/71 1638/184/71 1639/185/71
f 1640/184/71 1641/172/71 1642/185/71
f 1643/133/66 1644/155/66 1645/134/66
f 1644/155/66 1646/173/66 1645/134/66
f 1647/174/67 1648/158/67 1649/175/67
f 1648/158/67 1650/176/67 1649/175/67
f 1651/177/68 1652/37/68 1653/142/68
f 1652/37/68 1654/62/68 1653/142/68
f 1655/178/69 1656/179/69 1657/164/69
f 1658/179/69 1659/180/69 1660/164/69
f 1661/181/70 1662/182/70 1663/183/70
f 1664/182/70 1665/169/70 1666/183/70
f 1667/151/71 1668/184/71 1669/185/71
f 1670/184/71 1671/172/71 1672/185/71
f 1673/25/66 1674/223/66 1675/27/66
f 1674/223/66 1676/224/66 1675/27/66
f 1677/225/67 1678/226/67 1679/227/67
f 1678/226/67 1680/228/67 1679/227/67
f 1681/229/68 1682/84/68 1683/35/68
f 1682/84/68 1684/36/68 1683/35/68
f 1685/230/69 1686/231/69 1687/232/69
f 1688/231/69 1689/233/69 1690/232/69
f 1691/234/70 1692/235/70 1693/236/70
f 1694/235/70 1695/237/70 1696/236/70
f 1697/45/71 1698/238/71 1699/239/71
f 1700/238/71 1701/240/71 1702/239/71
f 1703/25/66 1704/223/66 1705/27/66
f 1704/223/66 1706/224/66 1705/27/66
f 1707/225/67 1708/226/67 1709/227/67
f 1708/226/67 1710/228/67 1709/227/67
f 1711/229/68 1712/84/68 1713/35/68
f 1712/84/68 1714/36/68 1713/35/68
f 1715/230/69 1716/231/69 1717/232/69
f 1718/231/69 1719/233/69 1720/232/69
f 1721/234/70 1722/235/70 1723/236/70
f 1724/235/70 1725/237/70 1726/236/70
f 1727/45/71 1728/238/71 1729/239/71
f 1730/238/71 1731/240/71 1732/239/71
f 1733/25/66 1734/223/66 1735/27/66
f 1734/223/66 1736/224/66 1735/27/66
f 1737/225/67 1738/226/67 1739/227/67
f 1738/226/67 1740/228/67 1739/227/67
f 1741/229/68 1742/84/68 1743/35/68
f 1742/84/68 1744/36/68 1743/35/68
f 1745/230/69 1746/231/69 1747/232/69
f 1748/231/69 1749/233/69 1750/232/69
f 1751/234/70 1752/235/70 1753/236/70
f 1754/235/70 1755/237/70 1756/236/70
f 1757/45/71 1758/238/71 1759/239/71
f 1760/238/71 1761/240/71 1762/239/71
f 1763/25/66 1764/223/66 1765/27/66
f 1764/223/66 1766/224/66 1765/27/66
f 1767/225/67 1768/226/67 1769/227/67
f 1768/226/67 1770/228/67 1769/227/67
f 1771/229/68 1772/84/68 1773/35/68
f 1772/84/68 1774/36/68 1773/35/68
f 1775/230/69 1776/231/69 1777/232/69
f 1778/231/69 1779/233/69 1780/232/69
f 1781/234/70 1782/235/70 1783/236/70
f 1784/235/70 1785/237/70 1786/236/70
f 1787/45/71 1788/238/71 1789/239/71
f 1790/238/71 1791/240/71 1792/239/71
f 1793/25/66 1794/223/66 1795/27/66
f 1794/223/66 1796/224/66 1795/27/66
f 1797/241/67 1798/242/67 1799/243/67
f 1798/242/67 1800/244/67 1799/243/67
f 1801/245/68 1802/246/68 1803/35/68
f 1802/246/68 1804/36/68 1803/35/68
f 1805/247/69 1806/248/69 1807/249/69
f 1808/248/69 1809/250/69 1810/249/69
f 1811/251/70 1812/252/70 1813/253/70
f 1814/252/70 1815/254/70 1816/253/70
f 1817/45/71 1818/238/71 1819/255/71
f 1820/238/71 1821/256/71 1822/255/71
f 1823/25/66 1824/223/66 1825/27/66
f 1824/223/66 1826/224/66 1825/27/66
f 1827/225/67 1828/226/67 1829/227/67
f 1828/226/67 1830/228/67 1829/227/67
f 1831/229/68 1832/84/68 1833/35/68
f 1832/84/68 1834/36/68 1833/35/68
f 1835/230/69 1836/231/69 1837/232/69
f 1838/231/69 1839/233/69 1840/232/69
f 1841/234/70 1842/235/70 1843/236/70
f 1844/235/70 1845/237/70 1846/236/70
f 1847/45/71 1848/238/71 1849/239/71
f 1850/238/71 1851/240/71 1852/239/71
f 1853/25/66 1854/223/66 1855/27/66
f 1854/223/66 1856/224/66 1855/27/66
f 1857/225/67 1858/226/67 1859/227/67
f 1858/226/67 1860/228/67 1859/227/67
f 1861/229/68 1862/84/68 1863/35/68
f 1862/84/68 1864/36/68 1863/35/68
f 1865/230/69 1866/231/69 1867/232/69
f 1868/231/69 1869/233/69 1870/232/69
f 1871/234/70 1872/235/70 1873/236/70
f 1874/235/70 1875/237/70 1876/236/70
f 1877/45/71 1878/238/71 1879/239/71
f 1880/238/71 1881/240/71 1882/239/71
f 1883/25/66 1884/223/66 1885/27/66
f 1884/223/66 1886/224/66 1885/27/66
f 1887/225/67 1888/226/67 1889/227/67
f 1888/226/67 1890/228/67 1889/227/67
f 1891/229/68 1892/84/68 1893/35/68
f 1892/84/68 1894/36/68 1893/35/68
f 1895/230/69 1896/231/69 1897/232/69
f 1898/231/69 1899/233/69 1900/232/69
f 1901/234/70 1902/235/70 1903/236/70
f 1904/235/70 1905/237/70 1906/236/70
f 1907/45/71 1908/238/71 1909/239/71
f 1910/238/71 1911/240/71 1912/239/71
f 1913/49/66 1914/257/66 1915/50/66
f 1914/257/66 1916/258/66 1915/50/66
f 1917/52/67 1918/142/67 1919/54/67
f 1918/142/67 1920/259/67 1919/54/67
f 1921/56/68 1922/57/68 1923/58/68
f 1922/57/68 1924/59/68 1923/58/68
f 1925/60/69 1926/61/69 1927/62/69
f 1928/61/69 1929/63/69 1930/62/69
f 1931/64/70 1932/260/70 1933/66/70
f 1934/260/70 1935/190/70 1936/66/70
f 1937/68/71 1938/261/71 1939/70/71
f 1940/261/71 1941/262/71 1942/70/71
f 1943/49/66 1944/257/66 1945/50/66
f 1944/257/66 1946/258/66 1945/50/66
f 1947/52/67 1948/142/67 1949/54/67
f 1948/142/67 1950/259/67 1949/54/67
f 1951/56/68 1952/57/68 1953/58/68
f 1952/57/68 1954/59/68 1953/58/68
f 1955/60/69 1956/61/69 1957/62/69
f 1958/61/69 1959/63/69 1960/62/69
f 1961/64/70 1962/260/70 1963/66/70
f 1964/260/70 1965/190/70 1966/66/70
f 1967/68/71 1968/261/71 1969/70/71
f 1970/261/71 1971/262/71 1972/70/71
f 1973/96/66 1974/263/66 1975/97/66
f 1974/263/66 1976/264/66 1975/97/66
f 1977/99/67 1978/58/67 1979/100/67
f 1978/58/67 1980/265/67 1979/100/67
f 1981/102/68 1982/103/68 1983/104/68
f 1982/103/68 1984/105/68 1983/104/68
f 1985/81/69 1986/106/69 1987/59/69
f 1988/106/69 1989/107/69 1990/59/69
f 1991/108/70 1992/266/70 1993/110/70
f 1994/266/70 1995/56/70 1996/110/70
f 1997/111/71 1998/267/71 1999/113/71
f 2000/267/71 2001/268/71 2002/113/71
f 2003/96/66 2004/263/66 2005/97/66
f 2004/263/66 2006/264/66 2005/97/66
f 2007/99/67 2008/58/67 2009/100/67
f 2008/58/67 2010/265/67 2009/100/67
f 2011/102/68 2012/103/68 2013/104/68
f 2012/103/68 2014/105/68 2013/104/68
f 2015/81/69 2016/106/69 2017/59/69
f 2018/106/69 2019/107/69 2020/59/69
f 2021/108/70 2022/266/70 2023/110/70
f 2024/266/70 2025/56/70 2026/110/70
f 2027/111/71 2028/267/71 2029/113/71
f 2030/267/71 2031/268/71 2032/113/71
f 2033/96/66 2034/263/66 2035/97/66
f 2034/263/66 2036/264/66 2035/97/66
f 2037/99/67 2038/58/67 2039/100/67
f 2038/58/67 2040/265/67 2039/100/67
f 2041/102/68 2042/103/68 2043/104/68
f 2042/103/68 2044/105/68 2043/104/68
f 2045/81/69 2046/106/69 2047/59/69
f 2048/106/69 2049/107/69 2050/59/69
f 2051/108/70 2052/266/70 2053/110/70
f 2054/266/70 2055/56/70 2056/110/70
f 2057/111/71 2058/267/71 2059/113/71
f 2060/267/71 2061/268/71 2062/113/71
f 2063/96/66 2064/263/66 2065/97/66
f 2064/263/66 2066/264/66 2065/97/66
f 2067/99/67 2068/58/67 2069/100/67
f 2068/58/67 2070/265/67 2069/100/67
f 2071/102/68 2072/103/68 2073/104/68
f 2072/103/68 2074/105/68 2073/104/68
f 2075/81/69 2076/106/69 2077/59/69
f 2078/106/69 2079/107/69 2080/59/69
f 2081/108/70 2082/266/70 2083/110/70
f 2084/266/70 2085/56/70 2086/110/70
f 2087/111/71 2088/267/71 2089/113/71
f 2090/267/71 2091/268/71 2092/113/71
f 2093/96/66 2094/263/66 2095/97/66
f 2094/263/66 2096/264/66 2095/97/66
f 2097/99/67 2098/58/67 2099/100/67
f 2098/58/67 2100/265/67 2099/100/67
f 2101/102/68 2102/103/68 2103/104/68
f 2102/103/68 2104/105/68 2103/104/68
f 2105/81/69 2106/106/69 2107/59/69
f 2108/106/69 2109/107/69 2110/59/69
f 2111/108/70 2112/266/70 2113/110/70
f 2114/266/70 2115/56/70 2116/110/70
f 2117/111/71 2118/267/71 2119/113/71
f 2120/267/71 2121/268/71 2122/113/71
f 2123/96/66 2124/263/66 2125/97/66
f 2124/263/66 2126/264/66 2125/97/66
f 2127/99/67 2128/58/67 2129/100/67
f 2128/58/67 2130/265/67 2129/100/67
f 2131/102/68 2132/103/68 2133/104/68
f 2132/103/68 2134/105/68 2133/104/68
f 2135/81/69 2136/106/69 2137/59/69
f 2138/106/69 2139/107/69 2140/59/69
f 2141/108/70 2142/266/70 2143/110/70
f 2144/266/70 2145/56/70 2146/110/70
f 2147/111/71 2148/267/71 2149/113/71
f 2150/267/71 2151/268/71 2152/113/71
f 2153/96/66 2154/263/66 2155/97/66
f 2154/263/66 2156/264/66 2155/97/66
f 2157/99/67 2158/58/67 2159/100/67
f 2158/58/67 2160/265/67 2159/100/67
f 2161/102/68 2162/103/68 2163/104/68
f 2162/103/68 2164/105/68 2163/104/68
f 2165/81/69 2166/106/69 2167/59/69
f 2168/106/69 2169/107/69 2170/59/69
f 2171/108/70 2172/266/70 2173/110/70
f 2174/266/70 2175/56/70 2176/110/70
f 2177/111/71 2178/267/71 2179/113/71
f 2180/267/71 2181/268/71 2182/113/71
f 2183/96/66 2184/263/66 2185/97/66
f 2184/263/66 2186/264/66 2185/97/66
f 2187/99/67 2188/58/67 2189/100/67
f 2188/58/67 2190/265/67 2189/100/67
f 2191/102/68 2192/103/68 2193/104/68
f 2192/103/68 2194/105/68 2193/104/68
f 2195/81/69 2196/106/69 2197/59/69
f 2198/106/69 2199/107/69 2200/59/69
f 2201/108/70 2202/266/70 2203/110/70
f 2204/266/70 2205/56/70 2206/110/70
f 2207/111/71 2208/267/71 2209/113/71
f 2210/267/71 2211/268/71 2212/113/71
f 2213/96/66 2214/263/66 2215/97/66
f 2214/263/66 2216/264/66 2215/97/66
f 2217/99/67 2218/58/67 2219/100/67
f 2218/58/67 2220/265/67 2219/100/67
f 2221/102/68 2222/103/68 2223/104/68
f 2222/103/68 2224/105/68 2223/104/68
f 2225/81/69 2226/106/69 2227/59/69
f 2228/106/69 2229/107/69 2230/59/69
f 2231/108/70 2232/266/70 2233/110/70
f 2234/266/70 2235/56/70 2236/110/70
f 2237/111/71 2238/267/71 2239/113/71
f 2240/267/71 2241/268/71 2242/113/71
f 2243/96/66 2244/263/66 2245/97/66
f 2244/263/66 2246/264/66 2245/97/66
f 2247/99/67 2248/58/67 2249/100/67
f 2248/58/67 2250/265/67 2249/100/67
f 2251/102/68 2252/103/68 2253/104/68
f 2252/103/68 2254/105/68 2253/104/68
f 2255/81/69 2256/106/69 2257/59/69
f 2258/106/69 2259/107/69 2260/59/69
f 2261/108/70 2262/266/70 2263/110/70
f 2264/266/70 2265/56/70 2266/110/70
f 2267/111/71 2268/267/71 2269/113/71
f 2270/267/71 2271/268/71 2272/113/71
f 2273/96/66 2274/263/66 2275/97/66
f 2274/263/66 2276/264/66 2275/97/66
f 2277/99/67 2278/58/67 2279/100/67
f 2278/58/67 2280/265/67 2279/100/67
f 2281/102/68 2282/103/68 2283/104/68
f 2282/103/68 2284/105/68 2283/104/68
f 2285/81/69 2286/106/69 2287/59/69
f 2288/106/69 2289/107/69 2290/59/69
f 2291/108/70 2292/266/70 2293/110/70
f 2294/266/70 2295/56/70 2296/110/70
f 2297/111/71 2298/267/71 2299/113/71
f 2300/267/71 2301/268/71 2302/113/71
f 2303/96/66 2304/263/66 2305/97/66
f 2304/263/66 2306/264/66 2305/97/66
f 2307/99/67 2308/58/67 2309/100/67
f 2308/58/67 2310/265/67 2309/100/67
f 2311/102/68 2312/103/68 2313/104/68
f 2312/103/68 2314/105/68 2313/104/68
f 2315/81/69 2316/106/69 2317/59/69
f 2318/106/69 2319/107/69 2320/59/69
f 2321/108/70 2322/266/70 2323/110/70
f 2324/266/70 2325/56/70 2326/110/70
f 2327/111/71 2328/267/71 2329/113/71
f 2330/267/71 2331/268/71 2332/113/71
f 2333/96/66 2334/263/66 2335/97/66
f 2334/263/66 2336/264/66 2335/97/66
f 2337/99/67 2338/58/67 2339/100/67
f 2338/58/67 2340/265/67 2339/100/67
f 2341/102/68 2342/103/68 2343/104/68
f 2342/103/68 2344/105/68 2343/104/68
f 2345/81/69 2346/106/69 2347/59/69
f 2348/106/69 2349/107/69 2350/59/69
f 2351/108/70 2352/266/70 2353/110/70
f 2354/266/70 2355/56/70 2356/110/70
f 2357/111/71 2358/267/71 2359/113/71
f 2360/267/71 2361/268/71 2362/113/71
f 2363/96/66 2364/269/66 2365/97/66
f 2364/269/66 2366/270/66 2365/97/66
f 2367/99/67 2368/271/67 2369/100/67
f 2368/271/67 2370/272/67 2369/100/67
f 2371/102/68 2372/103/68 2373/104/68
f 2372/103/68 2374/105/68 2373/104/68
f 2375/81/69 2376/106/69 2377/59/69
f 2378/106/69 2379/107/69 2380/59/69
f 2381/108/70 2382/273/70 2383/110/70
f 2384/273/70 2385/274/70 2386/110/70
f 2387/111/71 2388/275/71 2389/113/71
f 2390/275/71 2391/276/71 2392/113/71
f 2393/96/66 2394/269/66 2395/97/66
f 2394/269/66 2396/270/66 2395/97/66
f 2397/99/67 2398/271/67 2399/100/67
f 2398/271/67 2400/272/67 2399/100/67
f 2401/102/68 2402/103/68 2403/104/68
f 2402/103/68 2404/105/68 2403/104/68
f 2405/81/69 2406/106/69 2407/59/69
f 2408/106/69 2409/107/69 2410/59/69
f 2411/108/70 2412/273/70 2413/110/70
f 2414/273/70 2415/274/70 2416/110/70
f 2417/111/71 2418/275/71 2419/113/71
f 2420/275/71 2421/276/71 2422/113/71
f 2423/96/66 2424/269/66 2425/97/66
f 2424/269/66 2426/270/66 2425/97/66
f 2427/99/67 2428/271/67 2429/100/67
f 2428/271/67 2430/272/67 2429/100/67
f 2431/102/68 2432/103/68 2433/104/68
f 2432/103/68 2434/105/68 2433/104/68
f 2435/81/69 2436/106/69 2437/59/69
f 2438/106/69 2439/107/69 2440/59/69
f 2441/108/70 2442/273/70 2443/110/70
f 2444/273/70 2445/274/70 2446/110/70
f 2447/111/71 2448/275/71 2449/113/71
f 2450/275/71 2451/276/71 2452/113/71
f 2453/96/66 2454/269/66 2455/97/66
f 2454/269/66 2456/270/66 2455/97/66
f 2457/99/67 2458/271/67 2459/100/67
f 2458/271/67 2460/272/67 2459/100/67
f 2461/102/68 2462/103/68 2463/104/68
f 2462/103/68 2464/105/68 2463/104/68
f 2465/81/69 2466/106/69 2467/59/69
f 2468/106/69 2469/107/69 2470/59/69
f 2471/108/70 2472/273/70 2473/110/70
f 2474/273/70 2475/274/70 2476/110/70
f 2477/111/71 2478/275/71 2479/113/71
f 2480/275/71 2481/276/71 2482/113/71
f 2483/96/66 2484/269/66 2485/97/66
f 2484/269/66 2486/270/66 2485/97/66
f 2487/99/67 2488/271/67 2489/100/67
f 2488/271/67 2490/272/67 2489/100/67
f 2491/102/68 2492/103/68 2493/104/68
f 2492/103/68 2494/105/68 2493/104/68
f 2495/81/69 2496/106/69 2497/59/69
f 2498/106/69 2499/107/69 2500/59/69
f 2501/108/70 2502/273/70 2503/110/70
f 2504/273/70 2505/274/70 2506/110/70
f 2507/111/71 2508/275/71 2509/113/71
f 2510/275/71 2511/276/71 2512/113/71
f 2513/96/66 2514/277/66 2515/97/66
f 2514/277/66 2516/278/66 2515/97/66
f 2517/108/67 2518/279/67 2519/110/67
f 2518/279/67 2520/280/67 2519/110/67
f 2521/106/68 2522/81/68 2523/104/68
f 2522/81/68 2524/105/68 2523/104/68
f 2525/34/69 2526/281/69 2527/86/69
f 2528/281/69 2529/282/69 2530/86/69
f 2531/283/70 2532/284/70 2533/285/70
f 2534/284/70 2535/286/70 2536/285/70
f 2537/111/71 2538/287/71 2539/100/71
f 2540/287/71 2541/288/71 2542/100/71
f 2543/96/66 2544/263/66 2545/97/66
f 2544/263/66 2546/264/66 2545/97/66
f 2547/99/67 2548/58/67 2549/100/67
f 2548/58/67 2550/265/67 2549/100/67
f 2551/102/68 2552/103/68 2553/104/68
f 2552/103/68 2554/105/68 2553/104/68
f 2555/81/69 2556/106/69 2557/59/69
f 2558/106/69 2559/107/69 2560/59/69
f 2561/108/70 2562/266/70 2563/110/70
f 2564/266/70 2565/56/70 2566/110/70
f 2567/111/71 2568/267/71 2569/113/71
f 2570/267/71 2571/268/71 2572/113/71
f 2573/96/66 2574/263/66 2575/97/66
f 2574/263/66 2576/264/66 2575/97/66
f 2577/99/67 2578/58/67 2579/100/67
f 2578/58/67 2580/265/67 2579/100/67
f 2581/102/68 2582/103/68 2583/104/68
f 2582/103/68 2584/105/68 2583/104/68
f 2585/81/69 2586/106/69 2587/59/69
f 2588/106/69 2589/107/69 2590/59/69
f 2591/108/70 2592/266/70 2593/110/70
f 2594/266/70 2595/56/70 2596/110/70
f 2597/111/71 2598/267/71 2599/113/71
f 2600/267/71 2601/268/71 2602/113/71
f 2603/96/66 2604/263/66 2605/97/66
f 2604/263/66 2606/264/66 2605/97/66
f 2607/99/67 2608/58/67 2609/100/67
f 2608/58/67 2610/265/67 2609/100/67
f 2611/102/68 2612/103/68 2613/104/68
f 2612/103/68 2614/105/68 2613/104/68
f 2615/81/69 2616/106/69 2617/59/69
f 2618/106/69 2619/107/69 2620/59/69
f 2621/108/70 2622/266/70 2623/110/70
f 2624/266/70 2625/56/70 2626/110/70
f 2627/111/71 2628/267/71 2629/113/71
f 2630/267/71 2631/268/71 2632/113/71
f 2633/96/66 2634/263/66 2635/97/66
f 2634/263/66 2636/264/66 2635/97/66
f 2637/99/67 2638/58/67 2639/100/67
f 2638/58/67 2640/265/67 2639/100/67
f 2641/102/68 2642/103/68 2643/104/68
f 2642/103/68 2644/105/68 2643/104/68
f 2645/81/69 2646/106/69 2647/59/69
f 2648/106/69 2649/107/69 2650/59/69
f 2651/108/70 2652/266/70 2653/110/70
f 2654/266/70 2655/56/70 2656/110/70
f 2657/111/71 2658/267/71 2659/113/71
f 2660/267/71 2661/268/71 2662/113/71
f 2663/96/66 2664/263/66 2665/97/66
f 2664/263/66 2666/264/66 2665/97/66
f 2667/99/67 2668/58/67 2669/100/67
f 2668/58/67 2670/265/67 2669/100/67
f 2671/102/68 2672/103/68 2673/104/68
f 2672/103/68 2674/105/68 2673/104/68
f 2675/81/69 2676/106/69 2677/59/69
f 2678/106/69 2679/107/69 2680/59/69
f 2681/108/70 2682/266/70 2683/110/70
f 2684/266/70 2685/56/70 2686/110/70
f 2687/111/71 2688/267/71 2689/113/71
f 2690/267/71 2691/268/71 2692/113/71
f 2693/25/66 2694/223/66 2695/27/66
f 2694/223/66 2696/224/66 2695/27/66
f 2697/225/67 2698/226/67 2699/227/67
f 2698/226/67 2700/228/67 2699/227/67
f 2701/229/68 2702/84/68 2703/35/68
f 2702/84/68 2704/36/68 2703/35/68
f 2705/230/69 2706/231/69 2707/232/69
f 2708/231/69 2709/233/69 2710/232/69
f 2711/234/70 2712/235/70 2713/236/70
f 2714/235/70 2715/237/70 2716/236/70
f 2717/45/71 2718/238/71 2719/239/71
f 2720/238/71 2721/240/71 2722/239/71
f 2723/25/66 2724/223/66 2725/27/66
f 2724/223/66 2726/224/66 2725/27/66
f 2727/225/67 2728/226/67 2729/227/67
f 2728/226/67 2730/228/67 2729/227/67
f 2731/229/68 2732/84/68 2733/35/68
f 2732/84/68 2734/36/68 2733/35/68
f 2735/230/69 2736/231/69 2737/232/69
f 2738/231/69 2739/233/69 2740/232/69
f 2741/234/70 2742/235/70 2743/236/70
f 2744/235/70 2745/237/70 2746/236/70
f 2747/45/71 2748/238/71 2749/239/71
f 2750/238/71 2751/240/71 2752/239/71
f 2753/133/66 2754/155/66 2755/134/66
f 2754/155/66 2756/173/66 2755/134/66
f 2757/174/67 2758/158/67 2759/175/67
f 2758/158/67 2760/176/67 2759/175/67
f 2761/177/68 2762/37/68 2763/142/68
f 2762/37/68 2764/62/68 2763/142/68
f 2765/178/69 2766/179/69 2767/164/69
f 2768/179/69 2769/180/69 2770/164/69
f 2771/181/70 2772/182/70 2773/183/70
f 2774/182/70 2775/169/70 2776/183/70
f 2777/151/71 2778/184/71 2779/185/71
f 2780/184/71 2781/172/71 2782/185/71
f 2783/133/66 2784/155/66 2785/134/66
f 2784/155/66 2786/173/66 2785/134/66
f 2787/174/67 2788/158/67 2789/175/67
f 2788/158/67 2790/176/67 2789/175/67
f 2791/177/68 2792/37/68 2793/142/68
f 2792/37/68 2794/62/68 2793/142/68
f 2795/178/69 2796/179/69 2797/164/69
f 2798/179/69 2799/180/69 2800/164/69
f 2801/181/70 2802/182/70 2803/183/70
f 2804/182/70 2805/169/70 2806/183/70
f 2807/151/71 2808/184/71 2809/185/71
f 2810/184/71 2811/172/71 2812/185/71
f 2813/133/66 2814/155/66 2815/134/66
f 2814/155/66 2816/173/66 2815/134/66
f 2817/174/67 2818/158/67 2819/175/67
f 2818/158/67 2820/176/67 2819/175/67
f 2821/177/68 2822/37/68 2823/142/68
f 2822/37/68 2824/62/68 2823/142/68
f 2825/178/69 2826/179/69 2827/164/69
f 2828/179/69 2829/180/69 2830/164/69
f 2831/181/70 2832/182/70 2833/183/70
f 2834/182/70 2835/169/70 2836/183/70
f 2837/151/71 2838/184/71 2839/185/71
f 2840/184/71 2841/172/71 2842/185/71
f 2843/133/66 2844/155/66 2845/134/66
f 2844/155/66 2846/173/66 2845/134/66
f 2847/174/67 2848/158/67 2849/175/67
f 2848/158/67 2850/176/67 2849/175/67
f 2851/177/68 2852/37/68 2853/142/68
f 2852/37/68 2854/62/68 2853/142/68
f 2855/178/69 2856/179/69 2857/164/69
f 2858/179/69 2859/180/69 2860/164/69
f 2861/181/70 2862/182/70 2863/183/70
f 2864/182/70 2865/169/70 2866/183/70
f 2867/151/71 2868/184/71 2869/185/71
f 2870/184/71 2871/172/71 2872/185/71
f 2873/133/66 2874/155/66 2875/134/66
f 2874/155/66 2876/173/66 2875/134/66
f 2877/174/67 2878/158/67 2879/175/67
f 2878/158/67 2880/176/67 2879/175/67
f 2881/177/68 2882/37/68 2883/142/68
f 2882/37/68 2884/62/68 2883/142/68
f 2885/178/69 2886/179/69 2887/164/69
f 2888/179/69 2889/180/69 2890/164/69
f 2891/181/70 2892/182/70 2893/183/70
f 2894/182/70 2895/169/70 2896/183/70
f 2897/151/71 2898/184/71 2899/185/71
f 2900/184/71 2901/172/71 2902/185/71
f 2903/133/66 2904/155/66 2905/134/66
f 2904/155/66 2906/173/66 2905/134/66
f 2907/174/67 2908/158/67 2909/175/67
f 2908/158/67 2910/176/67 2909/175/67
f 2911/177/68 2912/37/68 2913/142/68
f 2912/37/68 2914/62/68 2913/142/68
f 2915/178/69 2916/179/69 2917/164/69
f 2918/179/69 2919/180/69 2920/164/69
f 2921/181/70 2922/182/70 2923/183/70
f 2924/182/70 2925/169/70 2926/183/70
f 2927/151/71 2928/184/71 2929/185/71
f 2930/184/71 2931/172/71 2932/185/71
f 2933/133/66 2934/155/66 2935/134/66
f 2934/155/66 2936/173/66 2935/134/66
f 2937/174/67 2938/158/67 2939/175/67
f 2938/158/67 2940/176/67 2939/175/67
f 2941/177/68 2942/37/68 2943/142/68
f 2942/37/68 2944/62/68 2943/142/68
f 2945/178/69 2946/179/69 2947/164/69
f 2948/179/69 2949/180/69 2950/164/69
f 2951/181/70 2952/182/70 2953/183/70
f 2954/182/70 2955/169/70 2956/183/70
f 2957/151/71 2958/184/71 2959/185/71
f 2960/184/71 2961/172/71 2962/185/71
f 2963/133/66 2964/155/66 2965/134/66
f 2964/155/66 2966/173/66 2965/134/66
f 2967/174/67 2968/158/67 2969/175/67
f 2968/158/67 2970/176/67 2969/175/67
f 2971/177/68 2972/37/68 2973/142/68
f 2972/37/68 2974/62/68 2973/142/68
f 2975/178/69 2976/179/69 2977/164/69
f 2978/179/69 2979/180/69 2980/164/69
f 2981/181/70 2982/182/70 2983/183/70
f 2984/182/70 2985/169/70 2986/183/70
f 2987/151/71 2988/184/71 2989/185/71
f 2990/184/71 2991/172/71 2992/185/71
f 2993/133/66 2994/155/66 2995/134/66
f 2994/155/66 2996/173/66 2995/134/66
f 2997/174/67 2998/158/67 2999/175/67
f 2998/158/67 3000/176/67 2999/175/67
f 3001/177/68 3002/37/68 3003/142/68
f 3002/37/68 3004/62/68 3003/142/68
f 3005/178/69 3006/179/69 3007/164/69
f 3008/179/69 3009/180/69 3010/164/69
f 3011/181/70 3012/182/70 3013/183/70
f 3014/182/70 3015/169/70 3016/183/70
f 3017/151/71 3018/184/71 3019/185/71
f 3020/184/71 3021/172/71 3022/185/71
f 3023/133/66 3024/155/66 3025/134/66
f 3024/155/66 3026/173/66 3025/134/66
f 3027/174/67 3028/158/67 3029/175/67
f 3028/158/67 3030/176/67 3029/175/67
f 3031/177/68 3032/37/68 3033/142/68
f 3032/37/68 3034/62/68 3033/142/68
f 3035/178/69 3036/179/69 3037/164/69
f 3038/179/69 3039/180/69 3040/164/69
f 3041/181/70 3042/182/70 3043/183/70
f 3044/182/70 3045/169/70 3046/183/70
f 3047/151/71 3048/184/71 3049/185/71
f 3050/184/71 3051/172/71 3052/185/71
f 3053/133/66 3054/155/66 3055/134/66
f 3054/155/66 3056/173/66 3055/134/66
f 3057/174/67 3058/158/67 3059/175/67
f 3058/158/67 3060/176/67 3059/175/67
f 3061/177/68 3062/37/68 3063/142/68
f 3062/37/68 3064/62/68 3063/142/68
f 3065/178/69 3066/179/69 3067/164/69
f 3068/179/69 3069/180/69 3070/164/69
f 3071/181/70 3072/182/70 3073/183/70
f 3074/182/70 3075/169/70 3076/183/70
f 3077/151/71 3078/184/71 3079/185/71
f 3080/184/71 3081/172/71 3082/185/71
f 3083/133/66 3084/155/66 3085/134/66
f 3084/155/66 3086/173/66 3085/134/66
f 3087/174/67 3088/158/67 3089/175/67
f 3088/158/67 3090/176/67 3089/175/67
f 3091/177/68 3092/37/68 3093/142/68
f 3092/37/68 3094/62/68 3093/142/68
f 3095/178/69 3096/179/69 3097/164/69
f 3098/179/69 3099/180/69 3100/164/69
f 3101/181/70 3102/182/70 3103/183/70
f 3104/182/70 3105/169/70 3106/183/70
f 3107/151/71 3108/184/71 3109/185/71
f 3110/184/71 3111/172/71 3112/185/71
f 3113/133/66 3114/155/66 3115/134/66
f 3114/155/66 3116/173/66 3115/134/66
f 3117/174/67 3118/158/67 3119/175/67
f 3118/158/67 3120/176/67 3119/175/67
f 3121/177/68 3122/37/68 3123/142/68
f 3122/37/68 3124/62/68 3123/142/68
f 3125/178/69 3126/179/69 3127/164/69
f 3128/179/69 3129/180/69 3130/164/69
f 3131/181/70 3132/182/70 3133/183/70
f 3134/182/70 3135/169/70 3136/183/70
f 3137/151/71 3138/184/71 3139/185/71
f 3140/184/71 3141/172/71 3142/185/71
f 3143/133/66 3144/155/66 3145/134/66
f 3144/155/66 3146/173/66 3145/134/66
f 3147/174/67 3148/158/67 3149/175/67
f 3148/158/67 3150/176/67 3149/175/67
f 3151/177/68 3152/37/68 3153/142/68
f 3152/37/68 3154/62/68 3153/142/68
f 3155/178/69 3156/179/69 3157/164/69
f 3158/179/69 3159/180/69 3160/164/69
f 3161/181/70 3162/182/70 3163/183/70
f 3164/182/70 3165/169/70 3166/183/70
f 3167/151/71 3168/184/71 3169/185/71
f 3170/184/71 3171/172/71 3172/185/71
f 3173/133/66 3174/155/66 3175/134/66
f 3174/155/66 3176/173/66 3175/134/66
f 3177/174/67 3178/158/67 3179/175/67
f 3178/158/67 3180/176/67 3179/175/67
f 3181/177/68 3182/37/68 3183/142/68
f 3182/37/68 3184/62/68 3183/142/68
f 3185/178/69 3186/179/69 3187/164/69
f 3188/179/69 3189/180/69 3190/164/69
f 3191/181/70 3192/182/70 3193/183/70
f 3194/182/70 3195/169/70 3196/183/70
f 3197/151/71 3198/184/71 3199/185/71
f 3200/184/71 3201/172/71 3202/185/71
f 3203/133/66 3204/155/66 3205/134/66
f 3204/155/66 3206/173/66 3205/134/66
f 3207/174/67 3208/158/67 3209/175/67
f 3208/158/67 3210/176/67 3209/175/67
f 3211/177/68 3212/37/68 3213/142/68
f 3212/37/68 3214/62/68 3213/142/68
f 3215/178/69 3216/179/69 3217/164/69
f 3218/179/69 3219/180/69 3220/164/69
f 3221/181/70 3222/182/70 3223/183/70
f 3224/182/70 3225/169/70 3226/183/70
f 3227/151/71 3228/184/71 3229/185/71
f 3230/184/71 3231/172/71 3232/185/71
f 3233/133/66 3234/155/66 3235/134/66
f 3234/155/66 3236/173/66 3235/134/66
f 3237/174/67 3238/158/67 3239/175/67
f 3238/158/67 3240/176/67 3239/175/67
f 3241/177/68 3242/37/68 3243/142/68
f 3242/37/68 3244/62/68 3243/142/68
f 3245/178/69 3246/179/69 3247/164/69
f 3248/179/69 3249/180/69 3250/164/69
f 3251/181/70 3252/182/70 3253/183/70
f 3254/182/70 3255/169/70 3256/183/70
f 3257/151/71 3258/184/71 3259/185/71
f 3260/184/71 3261/172/71 3262/185/71
f 3263/133/66 3264/155/66 3265/134/66
f 3264/155/66 3266/173/66 3265/134/66
f 3267/174/67 3268/158/67 3269/175/67
f 3268/158/67 3270/176/67 3269/175/67
f 3271/177/68 3272/37/68 3273/142/68
f 3272/37/68 3274/62/68 3273/142/68
f 3275/178/69 3276/179/69 3277/164/69
f 3278/179/69 3279/180/69 3280/164/69
f 3281/181/70 3282/182/70 3283/183/70
f 3284/182/70 3285/169/70 3286/183/70
f 3287/151/71 3288/184/71 3289/185/71
f 3290/184/71 3291/172/71 3292/185/71
f 3293/133/66 3294/155/66 3295/134/66
f 3294/155/66 3296/173/66 3295/134/66
f 3297/174/67 3298/158/67 3299/175/67
f 3298/158/67 3300/176/67 3299/175/67
f 3301/177/68 3302/37/68 3303/142/68
f 3302/37/68 3304/62/68 3303/142/68
f 3305/178/69 3306/179/69 3307/164/69
f 3308/179/69 3309/180/69 3310/164/69
f 3311/181/70 3312/182/70 3313/183/70
f 3314/182/70 3315/169/70 3316/183/70
f 3317/151/71 3318/184/71 3319/185/71
f 3320/184/71 3321/172/71 3322/185/71
f 3323/133/66 3324/155/66 3325/134/66
f 3324/155/66 3326/173/66 3325/134/66
f 3327/174/67 3328/158/67 3329/175/67
f 3328/158/67 3330/176/67 3329/175/67
f 3331/177/68 3332/37/68 3333/142/68
f 3332/37/68 3334/62/68 3333/142/68
f 3335/178/69 3336/179/69 3337/164/69
f 3338/179/69 3339/180/69 3340/164/69
f 3341/181/70 3342/182/70 3343/183/70
f 3344/182/70 3345/169/70 3346/183/70
f 3347/151/71 3348/184/71 3349/185/71
f 3350/184/71 3351/172/71 3352/185/71
f 3353/133/66 3354/155/66 3355/134/66
f 3354/155/66 3356/173/66 3355/134/66
f 3357/174/67 3358/158/67 3359/175/67
f 3358/158/67 3360/176/67 3359/175/67
f 3361/177/68 3362/37/68 3363/142/68
f 3362/37/68 3364/62/68 3363/142/68
f 3365/178/69 3366/179/69 3367/164/69
f 3368/179/69 3369/180/69 3370/164/69
f 3371/181/70 3372/182/70 3373/183/70
f 3374/182/70 3375/169/70 3376/183/70
f 3377/151/71 3378/184/71 3379/185/71
f 3380/184/71 3381/172/71 3382/185/71
f 3383/133/66 3384/155/66 3385/134/66
f 3384/155/66 3386/173/66 3385/134/66
f 3387/174/67 3388/158/67 3389/175/67
f 3388/158/67 3390/176/67 3389/175/67
f 3391/177/68 3392/37/68 3393/142/68
f 3392/37/68 3394/62/68 3393/142/68
f 3395/178/69 3396/179/69 3397/164/69
f 3398/179/69 3399/180/69 3400/164/69
f 3401/181/70 3402/182/70 3403/183/70
f 3404/182/70 3405/169/70 3406/183/70
f 3407/151/71 3408/184/71 3409/185/71
f 3410/184/71 3411/172/71 3412/185/71
f 3413/133/66 3414/155/66 3415/134/66
f 3414/155/66 3416/173/66 3415/134/66
f 3417/174/67 3418/158/67 3419/175/67
f 3418/158/67 3420/176/67 3419/175/67
f 3421/177/68 3422/37/68 3423/142/68
f 3422/37/68 3424/62/68 3423/142/68
f 3425/178/69 3426/179/69 3427/164/69
f 3428/179/69 3429/180/69 3430/164/69
f 3431/181/70 3432/182/70 3433/183/70
f 3434/182/70 3435/169/70 3436/183/70
f 3437/151/71 3438/184/71 3439/185/71
f 3440/184/71 3441/172/71 3442/185/71
f 3443/133/71 3444/155/71 3445/134/71
f 3446/155/71 3447/173/71 3448/134/71
f 3449/174/70 3450/158/70 3451/175/70
f 3452/158/70 3453/176/70 3454/175/70
f 3455/177/68 3456/37/68 3457/142/68
f 3458/37/68 3459/62/68 3460/142/68
f 3461/178/69 3462/179/69 3463/164/69
f 3462/179/69 3464/180/69 3463/164/69
f 3465/181/66 3466/182/66 3467/183/66
f 3466/182/66 3468/169/66 3467/183/66
f 3469/151/67 3470/184/67 3471/185/67
f 3470/184/67 3472/172/67 3471/185/67
f 3473/133/71 3474/155/71 3475/134/71
f 3476/155/71 3477/173/71 3478/134/71
f 3479/174/70 3480/158/70 3481/175/70
f 3482/158/70 3483/176/70 3484/175/70
f 3485/177/68 3486/37/68 3487/142/68
f 3488/37/68 3489/62/68 3490/142/68
f 3491/178/69 3492/179/69 3493/164/69
f 3492/179/69 3494/180/69 3493/164/69
f 3495/181/66 3496/182/66 3497/183/66
f 3496/182/66 3498/169/66 3497/183/66
f 3499/151/67 3500/184/67 3501/185/67
f 3500/184/67 3502/172/67 3501/185/67
f 3503/133/71 3504/155/71 3505/134/71
f 3506/155/71 3507/173/71 3508/134/71
f 3509/174/70 3510/158/70 3511/175/70
f 3512/158/70 3513/176/70 3514/175/70
f 3515/177/68 3516/37/68 3517/142/68
f 3518/37/68 3519/62/68 3520/142/68
f 3521/178/69 3522/179/69 3523/164/69
f 3522/179/69 3524/180/69 3523/164/69
f 3525/181/66 3526/182/66 3527/183/66
f 3526/182/66 3528/169/66 3527/183/66
f 3529/151/67 3530/184/67 3531/185/67
f 3530/184/67 3532/172/67 3531/185/67
f 3533/133/71 3534/202/71 3535/134/71
f 3536/202/71 3537/203/71 3538/134/71
f 3539/174/70 3540/204/70 3541/175/70
f 3542/204/70 3543/205/70 3544/175/70
f 3545/177/68 3546/37/68 3547/142/68
f 3548/37/68 3549/62/68 3550/142/68
f 3551/178/69 3552/179/69 3553/164/69
f 3552/179/69 3554/180/69 3553/164/69
f 3555/181/66 3556/206/66 3557/183/66
f 3556/206/66 3558/207/66 3557/183/66
f 3559/151/67 3560/208/67 3561/185/67
f 3560/208/67 3562/209/67 3561/185/67
f 3563/133/71 3564/155/71 3565/134/71
f 3566/155/71 3567/173/71 3568/134/71
f 3569/174/70 3570/158/70 3571/175/70
f 3572/158/70 3573/176/70 3574/175/70
f 3575/177/68 3576/37/68 3577/142/68
f 3578/37/68 3579/62/68 3580/142/68
f 3581/178/69 3582/179/69 3583/164/69
f 3582/179/69 3584/180/69 3583/164/69
f 3585/181/66 3586/182/66 3587/183/66
f 3586/182/66 3588/169/66 3587/183/66
f 3589/151/67 3590/184/67 3591/185/67
f 3590/184/67 3592/172/67 3591/185/67
f 3593/133/71 3594/155/71 3595/134/71
f 3596/155/71 3597/173/71 3598/134/71
f 3599/174/70 3600/158/70 3601/175/70
f 3602/158/70 3603/176/70 3604/175/70
f 3605/177/68 3606/37/68 3607/142/68
f 3608/37/68 3609/62/68 3610/142/68
f 3611/178/69 3612/179/69 3613/164/69
f 3612/179/69 3614/180/69 3613/164/69
f 3615/181/66 3616/182/66 3617/183/66
f 3616/182/66 3618/169/66 3617/183/66
f 3619/151/67 3620/184/67 3621/185/67
f 3620/184/67 3622/172/67 3621/185/67
f 3623/133/71 3624/155/71 3625/134/71
f 3626/155/71 3627/173/71 3628/134/71
f 3629/289/70 3630/290/70 3631/291/70
f 3632/290/70 3633/292/70 3634/291/70
f 3635/259/68 3636/60/68 3637/142/68
f 3638/60/68 3639/62/68 3640/142/68
f 3641/191/69 3642/190/69 3643/293/69
f 3642/190/69 3644/260/69 3643/293/69
f 3645/294/66 3646/295/66 3647/188/66
f 3646/295/66 3648/189/66 3647/188/66
f 3649/151/67 3650/184/67 3651/296/67
f 3650/184/67 3652/297/67 3651/296/67
f 3653/133/71 3654/155/71 3655/134/71
f 3656/155/71 3657/173/71 3658/134/71
f 3659/174/70 3660/158/70 3661/175/70
f 3662/158/70 3663/176/70 3664/175/70
f 3665/177/68 3666/37/68 3667/142/68
f 3668/37/68 3669/62/68 3670/142/68
f 3671/178/69 3672/179/69 3673/164/69
f 3672/179/69 3674/180/69 3673/164/69
f 3675/181/66 3676/182/66 3677/183/66
f 3676/182/66 3678/169/66 3677/183/66
f 3679/151/67 3680/184/67 3681/185/67
f 3680/184/67 3682/172/67 3681/185/67
f 3683/133/71 3684/155/71 3685/134/71
f 3686/155/71 3687/173/71 3688/134/71
f 3689/174/70 3690/158/70 3691/175/70
f 3692/158/70 3693/176/70 3694/175/70
f 3695/177/68 3696/37/68 3697/142/68
f 3698/37/68 3699/62/68 3700/142/68
f 3701/178/69 3702/179/69 3703/164/69
f 3702/179/69 3704/180/69 3703/164/69
f 3705/181/66 3706/182/66 3707/183/66
f 3706/182/66 3708/169/66 3707/183/66
f 3709/151/67 3710/184/67 3711/185/67
f 3710/184/67 3712/172/67 3711/185/67
f 3713/133/71 3714/155/71 3715/134/71
f 3716/155/71 3717/173/71 3718/134/71
f 3719/174/70 3720/158/70 3721/175/70
f 3722/158/70 3723/176/70 3724/175/70
f 3725/177/68 3726/37/68 3727/142/68
f 3728/37/68 3729/62/68 3730/142/68
f 3731/178/69 3732/179/69 3733/164/69
f 3732/179/69 3734/180/69 3733/164/69
f 3735/181/66 3736/182/66 3737/183/66
f 3736/182/66 3738/169/66 3737/183/66
f 3739/151/67 3740/184/67 3741/185/67
f 3740/184/67 3742/172/67 3741/185/67
f 3743/133/71 3744/155/71 3745/134/71
f 3746/155/71 3747/173/71 3748/134/71
f 3749/174/70 3750/158/70 3751/175/70
f 3752/158/70 3753/176/70 3754/175/70
f 3755/177/68 3756/37/68 3757/142/68
f 3758/37/68 3759/62/68 3760/142/68
f 3761/178/69 3762/179/69 3763/164/69
f 3762/179/69 3764/180/69 3763/164/69
f 3765/181/66 3766/182/66 3767/183/66
f 3766/182/66 3768/169/66 3767/183/66
f 3769/151/67 3770/184/67 3771/185/67
f 3770/184/67 3772/172/67 3771/185/67
f 3773/133/71 3774/155/71 3775/134/71
f 3776/155/71 3777/173/71 3778/134/71
f 3779/174/70 3780/158/70 3781/175/70
f 3782/158/70 3783/176/70 3784/175/70
f 3785/177/68 3786/37/68 3787/142/68
f 3788/37/68 3789/62/68 3790/142/68
f 3791/178/69 3792/179/69 3793/164/69
f 3792/179/69 3794/180/69 3793/164/69
f 3795/181/66 3796/182/66 3797/183/66
f 3796/182/66 3798/169/66 3797/183/66
f 3799/151/67 3800/184/67 3801/185/67
f 3800/184/67 3802/172/67 3801/185/67
f 3803/133/71 3804/155/71 3805/134/71
f 3806/155/71 3807/173/71 3808/134/71
f 3809/174/70 3810/158/70 3811/175/70
f 3812/158/70 3813/176/70 3814/175/70
f 3815/177/68 3816/37/68 3817/142/68
f 3818/37/68 3819/62/68 3820/142/68
f 3821/178/69 3822/179/69 3823/164/69
f 3822/179/69 3824/180/69 3823/164/69
f 3825/181/66 3826/182/66 3827/183/66
f 3826/182/66 3828/169/66 3827/183/66
f 3829/151/67 3830/184/67 3831/185/67
f 3830/184/67 3832/172/67 3831/185/67
f 3833/133/71 3834/155/71 3835/134/71
f 3836/155/71 3837/173/71 3838/134/71
f 3839/174/70 3840/158/70 3841/175/70
f 3842/158/70 3843/176/70 3844/175/70
f 3845/177/68 3846/37/68 3847/142/68
f 3848/37/68 3849/62/68 3850/142/68
f 3851/178/69 3852/179/69 3853/164/69
f 3852/179/69 3854/180/69 3853/164/69
f 3855/181/66 3856/182/66 3857/183/66
f 3856/182/66 3858/169/66 3857/183/66
f 3859/151/67 3860/184/67 3861/185/67
f 3860/184/67 3862/172/67 3861/185/67
f 3863/133/71 3864/155/71 3865/134/71
f 3866/155/71 3867/173/71 3868/134/71
f 3869/174/70 3870/158/70 3871/175/70
f 3872/158/70 3873/176/70 3874/175/70
f 3875/177/68 3876/37/68 3877/142/68
f 3878/37/68 3879/62/68 3880/142/68
f 3881/178/69 3882/179/69 3883/164/69
f 3882/179/69 3884/180/69 3883/164/69
f 3885/181/66 3886/182/66 3887/183/66
f 3886/182/66 3888/169/66 3887/183/66
f 3889/151/67 3890/184/67 3891/185/67
f 3890/184/67 3892/172/67 3891/185/67
f 3893/133/71 3894/155/71 3895/134/71
f 3896/155/71 3897/173/71 3898/134/71
f 3899/174/70 3900/158/70 3901/175/70
f 3902/158/70 3903/176/70 3904/175/70
f 3905/177/68 3906/37/68 3907/142/68
f 3908/37/68 3909/62/68 3910/142/68
f 3911/178/69 3912/179/69 3913/164/69
f 3912/179/69 3914/180/69 3913/164/69
f 3915/181/66 3916/182/66 3917/183/66
f 3916/182/66 3918/169/66 3917/183/66
f 3919/151/67 3920/184/67 3921/185/67
f 3920/184/67 3922/172/67 3921/185/67
f 3923/133/71 3924/155/71 3925/134/71
f 3926/155/71 3927/173/71 3928/134/71
f 3929/174/70 3930/158/70 3931/175/70
f 3932/158/70 3933/176/70 3934/175/70
f 3935/177/68 3936/37/68 3937/142/68
f 3938/37/68 3939/62/68 3940/142/68
f 3941/178/69 3942/179/69 3943/164/69
f 3942/179/69 3944/180/69 3943/164/69
f 3945/181/66 3946/182/66 3947/183/66
f 3946/182/66 3948/169/66 3947/183/66
f 3949/151/67 3950/184/67 3951/185/67
f 3950/184/67 3952/172/67 3951/185/67
f 3953/133/71 3954/155/71 3955/134/71
f 3956/155/71 3957/173/71 3958/134/71
f 3959/174/70 3960/158/70 3961/175/70
f 3962/158/70 3963/176/70 3964/175/70
f 3965/177/68 3966/37/68 3967/142/68
f 3968/37/68 3969/62/68 3970/142/68
f 3971/178/69 3972/179/69 3973/164/69
f 3972/179/69 3974/180/69 3973/164/69
f 3975/181/66 3976/182/66 3977/183/66
f 3976/182/66 3978/169/66 3977/183/66
f 3979/151/67 3980/184/67 3981/185/67
f 3980/184/67 3982/172/67 3981/185/67
f 3983/133/71 3984/155/71 3985/134/71
f 3986/155/71 3987/173/71 3988/134/71
f 3989/174/70 3990/158/70 3991/175/70
f 3992/158/70 3993/176/70 3994/175/70
f 3995/177/68 3996/37/68 3997/142/68
f 3998/37/68 3999/62/68 4000/142/68
f 4001/178/69 4002/179/69 4003/164/69
f 4002/179/69 4004/180/69 4003/164/69
f 4005/181/66 4006/182/66 4007/183/66
f 4006/182/66 4008/169/66 4007/183/66
f 4009/151/67 4010/184/67 4011/185/67
f 4010/184/67 4012/172/67 4011/185/67
f 4013/133/71 4014/155/71 4015/134/71
f 4016/155/71 4017/173/71 4018/134/71
f 4019/174/70 4020/158/70 4021/175/70
f 4022/158/70 4023/176/70 4024/175/70
f 4025/177/68 4026/37/68 4027/142/68
f 4028/37/68 4029/62/68 4030/142/68
f 4031/178/69 4032/179/69 4033/164/69
f 4032/179/69 4034/180/69 4033/164/69
f 4035/181/66 4036/182/66 4037/183/66
f 4036/182/66 4038/169/66 4037/183/66
f 4039/151/67 4040/184/67 4041/185/67
f 4040/184/67 4042/172/67 4041/185/67
f 4043/133/71 4044/155/71 4045/134/71
f 4046/155/71 4047/173/71 4048/134/71
f 4049/174/70 4050/158/70 4051/175/70
f 4052/158/70 4053/176/70 4054/175/70
f 4055/177/68 4056/37/68 4057/142/68
f 4058/37/68 4059/62/68 4060/142/68
f 4061/178/69 4062/179/69 4063/164/69
f 4062/179/69 4064/180/69 4063/164/69
f 4065/181/66 4066/182/66 4067/183/66
f 4066/182/66 4068/169/66 4067/183/66
f 4069/151/67 4070/184/67 4071/185/67
f 4070/184/67 4072/172/67 4071/185/67
f 4073/133/71 4074/155/71 4075/134/71
f 4076/155/71 4077/173/71 4078/134/71
f 4079/174/70 4080/158/70 4081/175/70
f 4082/158/70 4083/176/70 4084/175/70
f 4085/177/68 4086/37/68 4087/142/68
f 4088/37/68 4089/62/68 4090/142/68
f 4091/178/69 4092/179/69 4093/164/69
f 4092/179/69 4094/180/69 4093/164/69
f 4095/181/66 4096/182/66 4097/183/66
f 4096/182/66 4098/169/66 4097/183/66
f 4099/151/67 4100/184/67 4101/185/67
f 4100/184/67 4102/172/67 4101/185/67
f 4103/133/71 4104/155/71 4105/134/71
f 4106/155/71 4107/173/71 4108/134/71
f 4109/174/70 4110/158/70 4111/175/70
f 4112/158/70 4113/176/70 4114/175/70
f 4115/177/68 4116/37/68 4117/142/68
f 4118/37/68 4119/62/68 4120/142/68
f 4121/178/69 4122/179/69 4123/164/69
f 4122/179/69 4124/180/69 4123/164/69
f 4125/181/66 4126/182/66 4127/183/66
f 4126/182/66 4128/169/66 4127/183/66
f 4129/151/67 4130/184/67 4131/185/67
f 4130/184/67 4132/172/67 4131/185/67
f 4133/133/71 4134/155/71 4135/134/71
f 4136/155/71 4137/173/71 4138/134/71
f 4139/174/70 4140/158/70 4141/175/70
f 4142/158/70 4143/176/70 4144/175/70
f 4145/177/68 4146/37/68 4147/142/68
f 4148/37/68 4149/62/68 4150/142/68
f 4151/178/69 4152/179/69 4153/164/69
f 4152/179/69 4154/180/69 4153/164/69
f 4155/181/66 4156/182/66 4157/183/66
f 4156/182/66 4158/169/66 4157/183/66
f 4159/151/67 4160/184/67 4161/185/67
f 4160/184/67 4162/172/67 4161/185/67
f 4163/133/71 4164/155/71 4165/134/71
f 4166/155/71 4167/173/71 4168/134/71
f 4169/174/70 4170/158/70 4171/175/70
f 4172/158/70 4173/176/70 4174/175/70
f 4175/177/68 4176/37/68 4177/142/68
f 4178/37/68 4179/62/68 4180/142/68
f 4181/178/69 4182/179/69 4183/164/69
f 4182/179/69 4184/180/69 4183/164/69
f 4185/181/66 4186/182/66 4187/183/66
f 4186/182/66 4188/169/66 4187/183/66
f 4189/151/67 4190/184/67 4191/185/67
f 4190/184/67 4192/172/67 4191/185/67
f 4193/133/71 4194/155/71 4195/134/71
f 4196/155/71 4197/173/71 4198/134/71
f 4199/174/70 4200/158/70 4201/175/70
f 4202/158/70 4203/176/70 4204/175/70
f 4205/177/68 4206/37/68 4207/142/68
f 4208/37/68 4209/62/68 4210/142/68
f 4211/178/69 4212/179/69 4213/164/69
f 4212/179/69 4214/180/69 4213/164/69
f 4215/181/66 4216/182/66 4217/183/66
f 4216/182/66 4218/169/66 4217/183/66
f 4219/151/67 4220/184/67 4221/185/67
f 4220/184/67 4222/172/67 4221/185/67
f 4223/133/71 4224/155/71 4225/134/71
f 4226/155/71 4227/173/71 4228/134/71
f 4229/174/70 4230/158/70 4231/175/70
f 4232/158/70 4233/176/70 4234/175/70
f 4235/177/68 4236/37/68 4237/142/68
f 4238/37/68 4239/62/68 4240/142/68
f 4241/178/69 4242/179/69 4243/164/69
f 4242/179/69 4244/180/69 4243/164/69
f 4245/181/66 4246/182/66 4247/183/66
f 4246/182/66 4248/169/66 4247/183/66
f 4249/151/67 4250/184/67 4251/185/67
f 4250/184/67 4252/172/67 4251/185/67
f 4253/133/71 4254/155/71 4255/134/71
f 4256/155/71 4257/173/71 4258/134/71
f 4259/174/70 4260/158/70 4261/175/70
f 4262/158/70 4263/176/70 4264/175/70
f 4265/177/68 4266/37/68 4267/142/68
f 4268/37/68 4269/62/68 4270/142/68
f 4271/178/69 4272/179/69 4273/164/69
f 4272/179/69 4274/180/69 4273/164/69
f 4275/181/66 4276/182/66 4277/183/66
f 4276/182/66 4278/169/66 4277/183/66
f 4279/151/67 4280/184/67 4281/185/67
f 4280/184/67 4282/172/67 4281/185/67
f 4283/133/71 4284/155/71 4285/134/71
f 4286/155/71 4287/173/71 4288/134/71
f 4289/174/70 4290/158/70 4291/175/70
f 4292/158/70 4293/176/70 4294/175/70
f 4295/177/68 4296/37/68 4297/142/68
f 4298/37/68 4299/62/68 4300/142/68
f 4301/178/69 4302/179/69 4303/164/69
f 4302/179/69 4304/180/69 4303/164/69
f 4305/181/66 4306/182/66 4307/183/66
f 4306/182/66 4308/169/66 4307/183/66
f 4309/151/67 4310/184/67 4311/185/67
f 4310/184/67 4312/172/67 4311/185/67
f 4313/133/71 4314/155/71 4315/134/71
f 4316/155/71 4317/173/71 4318/134/71
f 4319/174/70 4320/158/70 4321/175/70
f 4322/158/70 4323/176/70 4324/175/70
f 4325/177/68 4326/37/68 4327/142/68
f 4328/37/68 4329/62/68 4330/142/68
f 4331/178/69 4332/179/69 4333/164/69
f 4332/179/69 4334/180/69 4333/164/69
f 4335/181/66 4336/182/66 4337/183/66
f 4336/182/66 4338/169/66 4337/183/66
f 4339/151/67 4340/184/67 4341/185/67
f 4340/184/67 4342/172/67 4341/185/67
f 4343/133/71 4344/155/71 4345/134/71
f 4346/155/71 4347/173/71 4348/134/71
f 4349/174/70 4350/158/70 4351/175/70
f 4352/158/70 4353/176/70 4354/175/70
f 4355/177/68 4356/37/68 4357/142/68
f 4358/37/68 4359/62/68 4360/142/68
f 4361/178/69 4362/179/69 4363/164/69
f 4362/179/69 4364/180/69 4363/164/69
f 4365/181/66 4366/182/66 4367/183/66
f 4366/182/66 4368/169/66 4367/183/66
f 4369/151/67 4370/184/67 4371/185/67
f 4370/184/67 4372/172/67 4371/185/67
f 4373/133/71 4374/155/71 4375/134/71
f 4376/155/71 4377/173/71 4378/134/71
f 4379/174/70 4380/158/70 4381/175/70
f 4382/158/70 4383/176/70 4384/175/70
f 4385/177/68 4386/37/68 4387/142/68
f 4388/37/68 4389/62/68 4390/142/68
f 4391/178/69 4392/179/69 4393/164/69
f 4392/179/69 4394/180/69 4393/164/69
f 4395/181/66 4396/182/66 4397/183/66
f 4396/182/66 4398/169/66 4397/183/66
f 4399/151/67 4400/184/67 4401/185/67
f 4400/184/67 4402/172/67 4401/185/67
f 4403/133/71 4404/155/71 4405/134/71
f 4406/155/71 4407/173/71 4408/134/71
f 4409/174/70 4410/158/70 4411/175/70
f 4412/158/70 4413/176/70 4414/175/70
f 4415/177/68 4416/37/68 4417/142/68
f 4418/37/68 4419/62/68 4420/142/68
f 4421/178/69 4422/179/69 4423/164/69
f 4422/179/69 4424/180/69 4423/164/69
f 4425/181/66 4426/182/66 4427/183/66
f 4426/182/66 4428/169/66 4427/183/66
f 4429/151/67 4430/184/67 4431/185/67
f 4430/184/67 4432/172/67 4431/185/67
f 4433/133/71 4434/155/71 4435/134/71
f 4436/155/71 4437/173/71 4438/134/71
f 4439/174/70 4440/158/70 4441/175/70
f 4442/158/70 4443/176/70 4444/175/70
f 4445/177/68 4446/37/68 4447/142/68
f 4448/37/68 4449/62/68 4450/142/68
f 4451/178/69 4452/179/69 4453/164/69
f 4452/179/69 4454/180/69 4453/164/69
f 4455/181/66 4456/182/66 4457/183/66
f 4456/182/66 4458/169/66 4457/183/66
f 4459/151/67 4460/184/67 4461/185/67
f 4460/184/67 4462/172/67 4461/185/67
f 4463/133/71 4464/155/71 4465/134/71
f 4466/155/71 4467/173/71 4468/134/71
f 4469/174/70 4470/158/70 4471/175/70
f 4472/158/70 4473/176/70 4474/175/70
f 4475/177/68 4476/37/68 4477/142/68
f 4478/37/68 4479/62/68 4480/142/68
f 4481/178/69 4482/179/69 4483/164/69
f 4482/179/69 4484/180/69 4483/164/69
f 4485/181/66 4486/182/66 4487/183/66
f 4486/182/66 4488/169/66 4487/183/66
f 4489/151/67 4490/184/67 4491/185/67
f 4490/184/67 4492/172/67 4491/185/67
f 4493/133/71 4494/155/71 4495/134/71
f 4496/155/71 4497/173/71 4498/134/71
f 4499/174/70 4500/158/70 4501/175/70
f 4502/158/70 4503/176/70 4504/175/70
f 4505/177/68 4506/37/68 4507/142/68
f 4508/37/68 4509/62/68 4510/142/68
f 4511/178/69 4512/179/69 4513/164/69
f 4512/179/69 4514/180/69 4513/164/69
f 4515/181/66 4516/182/66 4517/183/66
f 4516/182/66 4518/169/66 4517/183/66
f 4519/151/67 4520/184/67 4521/185/67
f 4520/184/67 4522/172/67 4521/185/67
f 4523/133/71 4524/155/71 4525/134/71
f 4526/155/71 4527/173/71 4528/134/71
f 4529/174/70 4530/158/70 4531/175/70
f 4532/158/70 4533/176/70 4534/175/70
f 4535/177/68 4536/37/68 4537/142/68
f 4538/37/68 4539/62/68 4540/142/68
f 4541/178/69 4542/179/69 4543/164/69
f 4542/179/69 4544/180/69 4543/164/69
f 4545/181/66 4546/182/66 4547/183/66
f 4546/182/66 4548/169/66 4547/183/66
f 4549/151/67 4550/184/67 4551/185/67
f 4550/184/67 4552/172/67 4551/185/67
f 4553/133/71 4554/155/71 4555/134/71
f 4556/155/71 4557/173/71 4558/134/71
f 4559/174/70 4560/158/70 4561/175/70
f 4562/158/70 4563/176/70 4564/175/70
f 4565/177/68 4566/37/68 4567/142/68
f 4568/37/68 4569/62/68 4570/142/68
f 4571/178/69 4572/179/69 4573/164/69
f 4572/179/69 4574/180/69 4573/164/69
f 4575/181/66 4576/182/66 4577/183/66
f 4576/182/66 4578/169/66 4577/183/66
f 4579/151/67 4580/184/67 4581/185/67
f 4580/184/67 4582/172/67 4581/185/67
f 4583/133/71 4584/155/71 4585/134/71
f 4586/155/71 4587/173/71 4588/134/71
f 4589/174/70 4590/158/70 4591/175/70
f 4592/158/70 4593/176/70 4594/175/70
f 4595/177/68 4596/37/68 4597/142/68
f 4598/37/68 4599/62/68 4600/142/68
f 4601/178/69 4602/179/69 4603/164/69
f 4602/179/69 4604/180/69 4603/164/69
f 4605/181/66 4606/182/66 4607/183/66
f 4606/182/66 4608/169/66 4607/183/66
f 4609/151/67 4610/184/67 4611/185/67
f 4610/184/67 4612/172/67 4611/185/67
f 4613/133/71 4614/155/71 4615/134/71
f 4616/155/71 4617/173/71 4618/134/71
f 4619/174/70 4620/158/70 4621/175/70
f 4622/158/70 4623/176/70 4624/175/70
f 4625/177/68 4626/37/68 4627/142/68
f 4628/37/68 4629/62/68 4630/142/68
f 4631/178/69 4632/179/69 4633/164/69
f 4632/179/69 4634/180/69 4633/164/69
f 4635/181/66 4636/182/66 4637/183/66
f 4636/182/66 4638/169/66 4637/183/66
f 4639/151/67 4640/184/67 4641/185/67
f 4640/184/67 4642/172/67 4641/185/67
f 4643/133/71 4644/155/71 4645/134/71
f 4646/155/71 4647/173/71 4648/134/71
f 4649/174/70 4650/158/70 4651/175/70
f 4652/158/70 4653/176/70 4654/175/70
f 4655/177/68 4656/37/68 4657/142/68
f 4658/37/68 4659/62/68 4660/142/68
f 4661/178/69 4662/179/69 4663/164/69
f 4662/179/69 4664/180/69 4663/164/69
f 4665/181/66 4666/182/66 4667/183/66
f 4666/182/66 4668/169/66 4667/183/66
f 4669/151/67 4670/184/67 4671/185/67
f 4670/184/67 4672/172/67 4671/185/67
f 4673/133/71 4674/155/71 4675/134/71
f 4676/155/71 4677/173/71 4678/134/71
f 4679/174/70 4680/158/70 4681/175/70
f 4682/158/70 4683/176/70 4684/175/70
f 4685/177/68 4686/37/68 4687/142/68
f 4688/37/68 4689/62/68 4690/142/68
f 4691/178/69 4692/179/69 4693/164/69
f 4692/179/69 4694/180/69 4693/164/69
f 4695/181/66 4696/182/66 4697/183/66
f 4696/182/66 4698/169/66 4697/183/66
f 4699/151/67 4700/184/67 4701/185/67
f 4700/184/67 4702/172/67 4701/185/67
f 4703/298/71 4704/299/71 4705/300/71
f 4706/299/71 4707/301/71 4708/300/71
f 4709/302/70 4710/303/70 4711/304/70
f 4712/303/70 4713/305/70 4714/304/70
f 4715/306/68 4716/307/68 4717/308/68
f 4718/307/68 4719/309/68 4720/308/68
f 4721/310/69 4722/311/69 4723/312/69
f 4722/311/69 4724/313/69 4723/312/69
f 4725/314/66 4726/315/66 4727/316/66
f 4726/315/66 4728/317/66 4727/316/66
f 4729/318/67 4730/319/67 4731/320/67
f 4730/319/67 4732/321/67 4731/320/67
f 4733/133/71 4734/155/71 4735/134/71
f 4736/155/71 4737/173/71 4738/134/71
f 4739/174/70 4740/158/70 4741/175/70
f 4742/158/70 4743/176/70 4744/175/70
f 4745/177/68 4746/37/68 4747/142/68
f 4748/37/68 4749/62/68 4750/142/68
f 4751/178/69 4752/179/69 4753/164/69
f 4752/179/69 4754/180/69 4753/164/69
f 4755/181/66 4756/182/66 4757/183/66
f 4756/182/66 4758/169/66 4757/183/66
f 4759/151/67 4760/184/67 4761/185/67
f 4760/184/67 4762/172/67 4761/185/67
f 4763/133/71 4764/155/71 4765/134/71
f 4766/155/71 4767/173/71 4768/134/71
f 4769/174/70 4770/158/70 4771/175/70
f 4772/158/70 4773/176/70 4774/175/70
f 4775/177/68 4776/37/68 4777/142/68
f 4778/37/68 4779/62/68 4780/142/68
f 4781/178/69 4782/179/69 4783/164/69
f 4782/179/69 4784/180/69 4783/164/69
f 4785/181/66 4786/182/66 4787/183/66
f 4786/182/66 4788/169/66 4787/183/66
f 4789/151/67 4790/184/67 4791/185/67
f 4790/184/67 4792/172/67 4791/185/67
f 4793/133/71 4794/155/71 4795/134/71
f 4796/155/71 4797/173/71 4798/134/71
f 4799/174/70 4800/158/70 4801/175/70
f 4802/158/70 4803/176/70 4804/175/70
f 4805/177/68 4806/37/68 4807/142/68
f 4808/37/68 4809/62/68 4810/142/68
f 4811/178/69 4812/179/69 4813/164/69
f 4812/179/69 4814/180/69 4813/164/69
f 4815/181/66 4816/182/66 4817/183/66
f 4816/182/66 4818/169/66 4817/183/66
f 4819/151/67 4820/184/67 4821/185/67
f 4820/184/67 4822/172/67 4821/185/67
f 4823/133/71 4824/155/71 4825/134/71
f 4826/155/71 4827/173/71 4828/134/71
f 4829/174/70 4830/158/70 4831/175/70
f 4832/158/70 4833/176/70 4834/175/70
f 4835/177/68 4836/37/68 4837/142/68
f 4838/37/68 4839/62/68 4840/142/68
f 4841/178/69 4842/179/69 4843/164/69
f 4842/179/69 4844/180/69 4843/164/69
f 4845/181/66 4846/182/66 4847/183/66
f 4846/182/66 4848/169/66 4847/183/66
f 4849/151/67 4850/184/67 4851/185/67
f 4850/184/67 4852/172/67 4851/185/67
f 4853/133/71 4854/155/71 4855/134/71
f 4856/155/71 4857/173/71 4858/134/71
f 4859/174/70 4860/158/70 4861/175/70
f 4862/158/70 4863/176/70 4864/175/70
f 4865/177/68 4866/37/68 4867/142/68
f 4868/37/68 4869/62/68 4870/142/68
f 4871/178/69 4872/179/69 4873/164/69
f 4872/179/69 4874/180/69 4873/164/69
f 4875/181/66 4876/182/66 4877/183/66
f 4876/182/66 4878/169/66 4877/183/66
f 4879/151/67 4880/184/67 4881/185/67
f 4880/184/67 4882/172/67 4881/185/67
f 4883/133/71 4884/155/71 4885/134/71
f 4886/155/71 4887/173/71 4888/134/71
f 4889/174/70 4890/158/70 4891/175/70
f 4892/158/70 4893/176/70 4894/175/70
f 4895/177/68 4896/37/68 4897/142/68
f 4898/37/68 4899/62/68 4900/142/68
f 4901/178/69 4902/179/69 4903/164/69
f 4902/179/69 4904/180/69 4903/164/69
f 4905/181/66 4906/182/66 4907/183/66
f 4906/182/66 4908/169/66 4907/183/66
f 4909/151/67 4910/184/67 4911/185/67
f 4910/184/67 4912/172/67 4911/185/67
f 4913/133/71 4914/155/71 4915/134/71
f 4916/155/71 4917/173/71 4918/134/71
f 4919/174/70 4920/158/70 4921/175/70
f 4922/158/70 4923/176/70 4924/175/70
f 4925/177/68 4926/37/68 4927/142/68
f 4928/37/68 4929/62/68 4930/142/68
f 4931/178/69 4932/179/69 4933/164/69
f 4932/179/69 4934/180/69 4933/164/69
f 4935/181/66 4936/182/66 4937/183/66
f 4936/182/66 4938/169/66 4937/183/66
f 4939/151/67 4940/184/67 4941/185/67
f 4940/184/67 4942/172/67 4941/185/67
f 4943/133/71 4944/155/71 4945/134/71
f 4946/155/71 4947/173/71 4948/134/71
f 4949/289/70 4950/290/70 4951/291/70
f 4952/290/70 4953/292/70 4954/291/70
f 4955/259/68 4956/60/68 4957/142/68
f 4958/60/68 4959/62/68 4960/142/68
f 4961/191/69 4962/190/69 4963/293/69
f 4962/190/69 4964/260/69 4963/293/69
f 4965/294/66 4966/295/66 4967/188/66
f 4966/295/66 4968/189/66 4967/188/66
f 4969/151/67 4970/184/67 4971/296/67
f 4970/184/67 4972/297/67 4971/296/67
f 4973/133/71 4974/155/71 4975/134/71
f 4976/155/71 4977/173/71 4978/134/71
f 4979/289/70 4980/290/70 4981/291/70
f 4982/290/70 4983/292/70 4984/291/70
f 4985/259/68 4986/60/68 4987/142/68
f 4988/60/68 4989/62/68 4990/142/68
f 4991/191/69 4992/190/69 4993/293/69
f 4992/190/69 4994/260/69 4993/293/69
f 4995/294/66 4996/295/66 4997/188/66
f 4996/295/66 4998/189/66 4997/188/66
f 4999/151/67 5000/184/67 5001/296/67
f 5000/184/67 5002/297/67 5001/296/67
f 5003/133/71 5004/155/71 5005/134/71
f 5006/155/71 5007/173/71 5008/134/71
f 5009/289/70 5010/290/70 5011/291/70
f 5012/290/70 5013/292/70 5014/291/70
f 5015/259/68 5016/60/68 5017/142/68
f 5018/60/68 5019/62/68 5020/142/68
f 5021/191/69 5022/190/69 5023/293/69
f 5022/190/69 5024/260/69 5023/293/69
f 5025/294/66 5026/295/66 5027/188/66
f 5026/295/66 5028/189/66 5027/188/66
f 5029/151/67 5030/184/67 5031/296/67
f 5030/184/67 5032/297/67 5031/296/67
f 5033/133/71 5034/155/71 5035/134/71
f 5036/155/71 5037/173/71 5038/134/71
f 5039/289/70 5040/290/70 5041/291/70
f 5042/290/70 5043/292/70 5044/291/70
f 5045/259/68 5046/60/68 5047/142/68
f 5048/60/68 5049/62/68 5050/142/68
f 5051/191/69 5052/190/69 5053/293/69
f 5052/190/69 5054/260/69 5053/293/69
f 5055/294/66 5056/295/66 5057/188/66
f 5056/295/66 5058/189/66 5057/188/66
f 5059/151/67 5060/184/67 5061/296/67
f 5060/184/67 5062/297/67 5061/296/67
f 5063/133/71 5064/155/71 5065/134/71
f 5066/155/71 5067/173/71 5068/134/71
f 5069/289/70 5070/290/70 5071/291/70
f 5072/290/70 5073/292/70 5074/291/70
f 5075/259/68 5076/60/68 5077/142/68
f 5078/60/68 5079/62/68 5080/142/68
f 5081/191/69 5082/190/69 5083/293/69
f 5082/190/69 5084/260/69 5083/293/69
f 5085/294/66 5086/295/66 5087/188/66
f 5086/295/66 5088/189/66 5087/188/66
f 5089/151/67 5090/184/67 5091/296/67
f 5090/184/67 5092/297/67 5091/296/67
f 5093/133/71 5094/155/71 5095/134/71
f 5096/155/71 5097/173/71 5098/134/71
f 5099/289/70 5100/290/70 5101/291/70
f 5102/290/70 5103/292/70 5104/291/70
f 5105/259/68 5106/60/68 5107/142/68
f 5108/60/68 5109/62/68 5110/142/68
f 5111/191/69 5112/190/69 5113/293/69
f 5112/190/69 5114/260/69 5113/293/69
f 5115/294/66 5116/295/66 5117/188/66
f 5116/295/66 5118/189/66 5117/188/66
f 5119/151/67 5120/184/67 5121/296/67
f 5120/184/67 5122/297/67 5121/296/67
f 5123/133/71 5124/155/71 5125/134/71
f 5126/155/71 5127/173/71 5128/134/71
f 5129/322/70 5130/323/70 5131/153/70
f 5132/323/70 5133/324/70 5134/153/70
f 5135/325/68 5136/246/68 5137/142/68
f 5138/246/68 5139/62/68 5140/142/68
f 5141/10/69 5142/326/69 5143/249/69
f 5142/326/69 5144/327/69 5143/249/69
f 5145/136/66 5146/328/66 5147/329/66
f 5146/328/66 5148/160/66 5147/329/66
f 5149/151/67 5150/184/67 5151/330/67
f 5150/184/67 5152/331/67 5151/330/67
f 5153/133/71 5154/155/71 5155/134/71
f 5156/155/71 5157/173/71 5158/134/71
f 5159/174/70 5160/158/70 5161/175/70
f 5162/158/70 5163/176/70 5164/175/70
f 5165/177/68 5166/37/68 5167/142/68
f 5168/37/68 5169/62/68 5170/142/68
f 5171/178/69 5172/179/69 5173/164/69
f 5172/179/69 5174/180/69 5173/164/69
f 5175/181/66 5176/182/66 5177/183/66
f 5176/182/66 5178/169/66 5177/183/66
f 5179/151/67 5180/184/67 5181/185/67
f 5180/184/67 5182/172/67 5181/185/67
f 5183/133/71 5184/155/71 5185/134/71
f 5186/155/71 5187/173/71 5188/134/71
f 5189/174/70 5190/158/70 5191/175/70
f 5192/158/70 5193/176/70 5194/175/70
f 5195/177/68 5196/37/68 5197/142/68
f 5198/37/68 5199/62/68 5200/142/68
f 5201/178/69 5202/179/69 5203/164/69
f 5202/179/69 5204/180/69 5203/164/69
f 5205/181/66 5206/182/66 5207/183/66
f 5206/182/66 5208/169/66 5207/183/66
f 5209/151/67 5210/184/67 5211/185/67
f 5210/184/67 5212/172/67 5211/185/67
f 5213/133/71 5214/155/71 5215/134/71
f 5216/155/71 5217/173/71 5218/134/71
f 5219/174/70 5220/158/70 5221/175/70
f 5222/158/70 5223/176/70 5224/175/70
f 5225/177/68 5226/37/68 5227/142/68
f 5228/37/68 5229/62/68 5230/142/68
f 5231/178/69 5232/179/69 5233/164/69
f 5232/179/69 5234/180/69 5233/164/69
f 5235/181/66 5236/182/66 5237/183/66
f 5236/182/66 5238/169/66 5237/183/66
f 5239/151/67 5240/184/67 5241/185/67
f 5240/184/67 5242/172/67 5241/185/67
f 5243/133/71 5244/155/71 5245/134/71
f 5246/155/71 5247/173/71 5248/134/71
f 5249/174/70 5250/158/70 5251/175/70
f 5252/158/70 5253/176/70 5254/175/70
f 5255/177/68 5256/37/68 5257/142/68
f 5258/37/68 5259/62/68 5260/142/68
f 5261/178/69 5262/179/69 5263/164/69
f 5262/179/69 5264/180/69 5263/164/69
f 5265/181/66 5266/182/66 5267/183/66
f 5266/182/66 5268/169/66 5267/183/66
f 5269/151/67 5270/184/67 5271/185/67
f 5270/184/67 5272/172/67 5271/185/67
f 5273/133/71 5274/155/71 5275/134/71
f 5276/155/71 5277/173/71 5278/134/71
f 5279/174/70 5280/158/70 5281/175/70
f 5282/158/70 5283/176/70 5284/175/70
f 5285/177/68 5286/37/68 5287/142/68
f 5288/37/68 5289/62/68 5290/142/68
f 5291/178/69 5292/179/69 5293/164/69
f 5292/179/69 5294/180/69 5293/164/69
f 5295/181/66 5296/182/66 5297/183/66
f 5296/182/66 5298/169/66 5297/183/66
f 5299/151/67 5300/184/67 5301/185/67
f 5300/184/67 5302/172/67 5301/185/67
f 5303/133/71 5304/155/71 5305/134/71
f 5306/155/71 5307/173/71 5308/134/71
f 5309/174/70 5310/158/70 5311/175/70
f 5312/158/70 5313/176/70 5314/175/70
f 5315/177/68 5316/37/68 5317/142/68
f 5318/37/68 5319/62/68 5320/142/68
f 5321/178/69 5322/179/69 5323/164/69
f 5322/179/69 5324/180/69 5323/164/69
f 5325/181/66 5326/182/66 5327/183/66
f 5326/182/66 5328/169/66 5327/183/66
f 5329/151/67 5330/184/67 5331/185/67
f 5330/184/67 5332/172/67 5331/185/67
f 5333/133/71 5334/155/71 5335/134/71
f 5336/155/71 5337/173/71 5338/134/71
f 5339/174/70 5340/158/70 5341/175/70
f 5342/158/70 5343/176/70 5344/175/70
f 5345/177/68 5346/37/68 5347/142/68
f 5348/37/68 5349/62/68 5350/142/68
f 5351/178/69 5352/179/69 5353/164/69
f 5352/179/69 5354/180/69 5353/164/69
f 5355/181/66 5356/182/66 5357/183/66
f 5356/182/66 5358/169/66 5357/183/66
f 5359/151/67 5360/184/67 5361/185/67
f 5360/184/67 5362/172/67 5361/185/67
f 5363/133/71 5364/155/71 5365/134/71
f 5366/155/71 5367/173/71 5368/134/71
f 5369/174/70 5370/158/70 5371/175/70
f 5372/158/70 5373/176/70 5374/175/70
f 5375/177/68 5376/37/68 5377/142/68
f 5378/37/68 5379/62/68 5380/142/68
f 5381/178/69 5382/179/69 5383/164/69
f 5382/179/69 5384/180/69 5383/164/69
f 5385/181/66 5386/182/66 5387/183/66
f 5386/182/66 5388/169/66 5387/183/66
f 5389/151/67 5390/184/67 5391/185/67
f 5390/184/67 5392/172/67 5391/185/67
f 5393/133/71 5394/155/71 5395/134/71
f 5396/155/71 5397/173/71 5398/134/71
f 5399/174/70 5400/158/70 5401/175/70
f 5402/158/70 5403/176/70 5404/175/70
f 5405/177/68 5406/37/68 5407/142/68
f 5408/37/68 5409/62/68 5410/142/68
f 5411/178/69 5412/179/69 5413/164/69
f 5412/179/69 5414/180/69 5413/164/69
f 5415/181/66 5416/182/66 5417/183/66
f 5416/182/66 5418/169/66 5417/183/66
f 5419/151/67 5420/184/67 5421/185/67
f 5420/184/67 5422/172/67 5421/185/67
f 5423/133/71 5424/155/71 5425/134/71
f 5426/155/71 5427/173/71 5428/134/71
f 5429/174/70 5430/158/70 5431/175/70
f 5432/158/70 5433/176/70 5434/175/70
f 5435/177/68 5436/37/68 5437/142/68
f 5438/37/68 5439/62/68 5440/142/68
f 5441/178/69 5442/179/69 5443/164/69
f 5442/179/69 5444/180/69 5443/164/69
f 5445/181/66 5446/182/66 5447/183/66
f 5446/182/66 5448/169/66 5447/183/66
f 5449/151/67 5450/184/67 5451/185/67
f 5450/184/67 5452/172/67 5451/185/67
f 5453/133/71 5454/155/71 5455/134/71
f 5456/155/71 5457/173/71 5458/134/71
f 5459/174/70 5460/158/70 5461/175/70
f 5462/158/70 5463/176/70 5464/175/70
f 5465/177/68 5466/37/68 5467/142/68
f 5468/37/68 5469/62/68 5470/142/68
f 5471/178/69 5472/179/69 5473/164/69
f 5472/179/69 5474/180/69 5473/164/69
f 5475/181/66 5476/182/66 5477/183/66
f 5476/182/66 5478/169/66 5477/183/66
f 5479/151/67 5480/184/67 5481/185/67
f 5480/184/67 5482/172/67 5481/185/67
f 5483/133/71 5484/155/71 5485/134/71
f 5486/155/71 5487/173/71 5488/134/71
f 5489/174/70 5490/158/70 5491/175/70
f 5492/158/70 5493/176/70 5494/175/70
f 5495/177/68 5496/37/68 5497/142/68
f 5498/37/68 5499/62/68 5500/142/68
f 5501/178/69 5502/179/69 5503/164/69
f 5502/179/69 5504/180/69 5503/164/69
f 5505/181/66 5506/182/66 5507/183/66
f 5506/182/66 5508/169/66 5507/183/66
f 5509/151/67 5510/184/67 5511/185/67
f 5510/184/67 5512/172/67 5511/185/67
f 5513/133/71 5514/155/71 5515/134/71
f 5516/155/71 5517/173/71 5518/134/71
f 5519/174/70 5520/158/70 5521/175/70
f 5522/158/70 5523/176/70 5524/175/70
f 5525/177/68 5526/37/68 5527/142/68
f 5528/37/68 5529/62/68 5530/142/68
f 5531/178/69 5532/179/69 5533/164/69
f 5532/179/69 5534/180/69 5533/164/69
f 5535/181/66 5536/182/66 5537/183/66
f 5536/182/66 5538/169/66 5537/183/66
f 5539/151/67 5540/184/67 5541/185/67
f 5540/184/67 5542/172/67 5541/185/67
f 5543/133/71 5544/155/71 5545/134/71
f 5546/155/71 5547/173/71 5548/134/71
f 5549/174/70 5550/158/70 5551/175/70
f 5552/158/70 5553/176/70 5554/175/70
f 5555/177/68 5556/37/68 5557/142/68
f 5558/37/68 5559/62/68 5560/142/68
f 5561/178/69 5562/179/69 5563/164/69
f 5562/179/69 5564/180/69 5563/164/69
f 5565/181/66 5566/182/66 5567/183/66
f 5566/182/66 5568/169/66 5567/183/66
f 5569/151/67 5570/184/67 5571/185/67
f 5570/184/67 5572/172/67 5571/185/67
f 5573/133/71 5574/155/71 5575/134/71
f 5576/155/71 5577/173/71 5578/134/71
f 5579/174/70 5580/158/70 5581/175/70
f 5582/158/70 5583/176/70 5584/175/70
f 5585/177/68 5586/37/68 5587/142/68
f 5588/37/68 5589/62/68 5590/142/68
f 5591/178/69 5592/179/69 5593/164/69
f 5592/179/69 5594/180/69 5593/164/69
f 5595/181/66 5596/182/66 5597/183/66
f 5596/182/66 5598/169/66 5597/183/66
f 5599/151/67 5600/184/67 5601/185/67
f 5600/184/67 5602/172/67 5601/185/67
f 5603/133/71 5604/155/71 5605/134/71
f 5606/155/71 5607/173/71 5608/134/71
f 5609/174/70 5610/158/70 5611/175/70
f 5612/158/70 5613/176/70 5614/175/70
f 5615/177/68 5616/37/68 5617/142/68
f 5618/37/68 5619/62/68 5620/142/68
f 5621/178/69 5622/179/69 5623/164/69
f 5622/179/69 5624/180/69 5623/164/69
f 5625/181/66 5626/182/66 5627/183/66
f 5626/182/66 5628/169/66 5627/183/66
f 5629/151/67 5630/184/67 5631/185/67
f 5630/184/67 5632/172/67 5631/185/67
f 5633/133/71 5634/155/71 5635/134/71
f 5636/155/71 5637/173/71 5638/134/71
f 5639/174/70 5640/158/70 5641/175/70
f 5642/158/70 5643/176/70 5644/175/70
f 5645/177/68 5646/37/68 5647/142/68
f 5648/37/68 5649/62/68 5650/142/68
f 5651/178/69 5652/179/69 5653/164/69
f 5652/179/69 5654/180/69 5653/164/69
f 5655/181/66 5656/182/66 5657/183/66
f 5656/182/66 5658/169/66 5657/183/66
f 5659/151/67 5660/184/67 5661/185/67
f 5660/184/67 5662/172/67 5661/185/67
f 5663/133/71 5664/155/71 5665/134/71
f 5666/155/71 5667/173/71 5668/134/71
f 5669/174/70 5670/158/70 5671/175/70
f 5672/158/70 5673/176/70 5674/175/70
f 5675/177/68 5676/37/68 5677/142/68
f 5678/37/68 5679/62/68 5680/142/68
f 5681/178/69 5682/179/69 5683/164/69
f 5682/179/69 5684/180/69 5683/164/69
f 5685/181/66 5686/182/66 5687/183/66
f 5686/182/66 5688/169/66 5687/183/66
f 5689/151/67 5690/184/67 5691/185/67
f 5690/184/67 5692/172/67 5691/185/67
f 5693/133/71 5694/155/71 5695/134/71
f 5696/155/71 5697/173/71 5698/134/71
f 5699/174/70 5700/158/70 5701/175/70
f 5702/158/70 5703/176/70 5704/175/70
f 5705/177/68 5706/37/68 5707/142/68
f 5708/37/68 5709/62/68 5710/142/68
f 5711/178/69 5712/179/69 5713/164/69
f 5712/179/69 5714/180/69 5713/164/69
f 5715/181/66 5716/182/66 5717/183/66
f 5716/182/66 5718/169/66 5717/183/66
f 5719/151/67 5720/184/67 5721/185/67
f 5720/184/67 5722/172/67 5721/185/67
f 5723/1/71 5724/210/71 5725/3/71
f 5726/210/71 5727/211/71 5728/3/71
f 5729/5/70 5730/212/70 5731/7/70
f 5732/212/70 5733/213/70 5734/7/70
f 5735/9/68 5736/10/68 5737/11/68
f 5738/10/68 5739/12/68 5740/11/68
f 5741/13/69 5742/14/69 5743/15/69
f 5742/14/69 5744/16/69 5743/15/69
f 5745/17/66 5746/214/66 5747/19/66
f 5746/214/66 5748/215/66 5747/19/66
f 5749/21/67 5750/216/67 5751/23/67
f 5750/216/67 5752/217/67 5751/23/67
f 5753/1/71 5754/210/71 5755/3/71
f 5756/210/71 5757/211/71 5758/3/71
f 5759/5/70 5760/212/70 5761/7/70
f 5762/212/70 5763/213/70 5764/7/70
f 5765/9/68 5766/10/68 5767/11/68
f 5768/10/68 5769/12/68 5770/11/68
f 5771/13/69 5772/14/69 5773/15/69
f 5772/14/69 5774/16/69 5773/15/69
f 5775/17/66 5776/214/66 5777/19/66
f 5776/214/66 5778/215/66 5777/19/66
f 5779/21/67 5780/216/67 5781/23/67
f 5780/216/67 5782/217/67 5781/23/67
f 5783/25/71 5784/332/71 5785/27/71
f 5786/332/71 5787/333/71 5788/27/71
f 5789/334/70 5790/335/70 5791/236/70
f 5792/335/70 5793/336/70 5794/236/70
f 5795/231/68 5796/230/68 5797/35/68
f 5798/230/68 5799/36/68 5800/35/68
f 5801/13/69 5802/337/69 5803/309/69
f 5802/337/69 5804/338/69 5803/309/69
f 5805/339/66 5806/340/66 5807/341/66
f 5806/340/66 5808/342/66 5807/341/66
f 5809/45/67 5810/343/67 5811/344/67
f 5810/343/67 5812/345/67 5811/344/67
f 5813/25/71 5814/210/71 5815/27/71
f 5816/210/71 5817/346/71 5818/27/71
f 5819/347/70 5820/348/70 5821/349/70
f 5822/348/70 5823/350/70 5824/349/70
f 5825/351/68 5826/60/68 5827/35/68
f 5828/60/68 5829/36/68 5830/35/68
f 5831/141/69 5832/352/69 5833/293/69
f 5832/352/69 5834/353/69 5833/293/69
f 5835/354/66 5836/355/66 5837/356/66
f 5836/355/66 5838/357/66 5837/356/66
f 5839/45/67 5840/358/67 5841/359/67
f 5840/358/67 5842/360/67 5841/359/67
f 5843/25/71 5844/210/71 5845/27/71
f 5846/210/71 5847/346/71 5848/27/71
f 5849/347/70 5850/348/70 5851/349/70
f 5852/348/70 5853/350/70 5854/349/70
f 5855/351/68 5856/60/68 5857/35/68
f 5858/60/68 5859/36/68 5860/35/68
f 5861/141/69 5862/352/69 5863/293/69
f 5862/352/69 5864/353/69 5863/293/69
f 5865/354/66 5866/355/66 5867/356/66
f 5866/355/66 5868/357/66 5867/356/66
f 5869/45/67 5870/358/67 5871/359/67
f 5870/358/67 5872/360/67 5871/359/67
f 5873/25/71 5874/210/71 5875/27/71
f 5876/210/71 5877/346/71 5878/27/71
f 5879/347/70 5880/348/70 5881/349/70
f 5882/348/70 5883/350/70 5884/349/70
f 5885/351/68 5886/60/68 5887/35/68
f 5888/60/68 5889/36/68 5890/35/68
f 5891/141/69 5892/352/69 5893/293/69
f 5892/352/69 5894/353/69 5893/293/69
f 5895/354/66 5896/355/66 5897/356/66
f 5896/355/66 5898/357/66 5897/356/66
f 5899/45/67 5900/358/67 5901/359/67
f 5900/358/67 5902/360/67 5901/359/67
f 5903/25/71 5904/155/71 5905/27/71
f 5906/155/71 5907/361/71 5908/27/71
f 5909/347/70 5910/290/70 5911/349/70
f 5912/290/70 5913/362/70 5914/349/70
f 5915/351/68 5916/60/68 5917/35/68
f 5918/60/68 5919/36/68 5920/35/68
f 5921/141/69 5922/352/69 5923/293/69
f 5922/352/69 5924/353/69 5923/293/69
f 5925/354/66 5926/363/66 5927/356/66
f 5926/363/66 5928/189/66 5927/356/66
f 5929/45/67 5930/364/67 5931/359/67
f 5930/364/67 5932/297/67 5931/359/67
f 5933/25/71 5934/155/71 5935/27/71
f 5936/155/71 5937/361/71 5938/27/71
f 5939/347/70 5940/290/70 5941/349/70
f 5942/290/70 5943/362/70 5944/349/70
f 5945/351/68 5946/60/68 5947/35/68
f 5948/60/68 5949/36/68 5950/35/68
f 5951/141/69 5952/352/69 5953/293/69
f 5952/352/69 5954/353/69 5953/293/69
f 5955/354/66 5956/363/66 5957/356/66
f 5956/363/66 5958/189/66 5957/356/66
f 5959/45/67 5960/364/67 5961/359/67
f 5960/364/67 5962/297/67 5961/359/67
f 5963/133/71 5964/155/71 5965/134/71
f 5966/155/71 5967/173/71 5968/134/71
f 5969/174/70 5970/158/70 5971/175/70
f 5972/158/70 5973/176/70 5974/175/70
f 5975/177/68 5976/37/68 5977/142/68
f 5978/37/68 5979/62/68 5980/142/68
f 5981/178/69 5982/179/69 5983/164/69
f 5982/179/69 5984/180/69 5983/164/69
f 5985/181/66 5986/182/66 5987/183/66
f 5986/182/66 5988/169/66 5987/183/66
f 5989/151/67 5990/184/67 5991/185/67
f 5990/184/67 5992/172/67 5991/185/67
f 5993/365/71 5994/332/71 5995/366/71
f 5996/332/71 5997/367/71 5998/366/71
f 5999/368/70 6000/369/70 6001/370/70
f 6002/369/70 6003/371/70 6004/370/70
f 6005/372/68 6006/247/68 6007/373/68
f 6008/247/68 6009/39/68 6010/373/68
f 6011/192/69 6012/374/69 6013/375/69
f 6012/374/69 6014/376/69 6013/375/69
f 6015/377/66 6016/378/66 6017/379/66
f 6016/378/66 6018/380/66 6017/379/66
f 6019/381/67 6020/382/67 6021/383/67
f 6020/382/67 6022/384/67 6021/383/67
f 6023/133/71 6024/2/71 6025/134/71
f 6026/2/71 6027/385/71 6028/134/71
f 6029/174/70 6030/386/70 6031/175/70
f 6032/386/70 6033/387/70 6034/175/70
f 6035/177/68 6036/37/68 6037/142/68
f 6038/37/68 6039/62/68 6040/142/68
f 6041/178/69 6042/179/69 6043/164/69
f 6042/179/69 6044/180/69 6043/164/69
f 6045/181/66 6046/388/66 6047/183/66
f 6046/388/66 6048/389/66 6047/183/66
f 6049/151/67 6050/390/67 6051/185/67
f 6050/390/67 6052/391/67 6051/185/67
f 6053/133/71 6054/155/71 6055/134/71
f 6056/155/71 6057/173/71 6058/134/71
f 6059/174/70 6060/158/70 6061/175/70
f 6062/158/70 6063/176/70 6064/175/70
f 6065/177/68 6066/37/68 6067/142/68
f 6068/37/68 6069/62/68 6070/142/68
f 6071/178/69 6072/179/69 6073/164/69
f 6072/179/69 6074/180/69 6073/164/69
f 6075/181/66 6076/182/66 6077/183/66
f 6076/182/66 6078/169/66 6077/183/66
f 6079/151/67 6080/184/67 6081/185/67
f 6080/184/67 6082/172/67 6081/185/67
f 6083/133/71 6084/155/71 6085/134/71
f 6086/155/71 6087/173/71 6088/134/71
f 6089/174/70 6090/158/70 6091/175/70
f 6092/158/70 6093/176/70 6094/175/70
f 6095/177/68 6096/37/68 6097/142/68
f 6098/37/68 6099/62/68 6100/142/68
f 6101/178/69 6102/179/69 6103/164/69
f 6102/179/69 6104/180/69 6103/164/69
f 6105/181/66 6106/182/66 6107/183/66
f 6106/182/66 6108/169/66 6107/183/66
f 6109/151/67 6110/184/67 6111/185/67
f 6110/184/67 6112/172/67 6111/185/67
f 6113/133/71 6114/155/71 6115/134/71
f 6116/155/71 6117/173/71 6118/134/71
f 6119/174/70 6120/158/70 6121/175/70
f 6122/158/70 6123/176/70 6124/175/70
f 6125/177/68 6126/37/68 6127/142/68
f 6128/37/68 6129/62/68 6130/142/68
f 6131/178/69 6132/179/69 6133/164/69
f 6132/179/69 6134/180/69 6133/164/69
f 6135/181/66 6136/182/66 6137/183/66
f 6136/182/66 6138/169/66 6137/183/66
f 6139/151/67 6140/184/67 6141/185/67
f 6140/184/67 6142/172/67 6141/185/67
f 6143/133/71 6144/155/71 6145/134/71
f 6146/155/71 6147/173/71 6148/134/71
f 6149/174/70 6150/158/70 6151/175/70
f 6152/158/70 6153/176/70 6154/175/70
f 6155/177/68 6156/37/68 6157/142/68
f 6158/37/68 6159/62/68 6160/142/68
f 6161/178/69 6162/179/69 6163/164/69
f 6162/179/69 6164/180/69 6163/164/69
f 6165/181/66 6166/182/66 6167/183/66
f 6166/182/66 6168/169/66 6167/183/66
f 6169/151/67 6170/184/67 6171/185/67
f 6170/184/67 6172/172/67 6171/185/67
f 6173/133/71 6174/155/71 6175/134/71
f 6176/155/71 6177/173/71 6178/134/71
f 6179/174/70 6180/158/70 6181/175/70
f 6182/158/70 6183/176/70 6184/175/70
f 6185/177/68 6186/37/68 6187/142/68
f 6188/37/68 6189/62/68 6190/142/68
f 6191/178/69 6192/179/69 6193/164/69
f 6192/179/69 6194/180/69 6193/164/69
f 6195/181/66 6196/182/66 6197/183/66
f 6196/182/66 6198/169/66 6197/183/66
f 6199/151/67 6200/184/67 6201/185/67
f 6200/184/67 6202/172/67 6201/185/67
f 6203/133/71 6204/155/71 6205/134/71
f 6206/155/71 6207/173/71 6208/134/71
f 6209/174/70 6210/158/70 6211/175/70
f 6212/158/70 6213/176/70 6214/175/70
f 6215/177/68 6216/37/68 6217/142/68
f 6218/37/68 6219/62/68 6220/142/68
f 6221/178/69 6222/179/69 6223/164/69
f 6222/179/69 6224/180/69 6223/164/69
f 6225/181/66 6226/182/66 6227/183/66
f 6226/182/66 6228/169/66 6227/183/66
f 6229/151/67 6230/184/67 6231/185/67
f 6230/184/67 6232/172/67 6231/185/67
f 6233/133/71 6234/155/71 6235/134/71
f 6236/155/71 6237/173/71 6238/134/71
f 6239/174/70 6240/158/70 6241/175/70
f 6242/158/70 6243/176/70 6244/175/70
f 6245/177/68 6246/37/68 6247/142/68
f 6248/37/68 6249/62/68 6250/142/68
f 6251/178/69 6252/179/69 6253/164/69
f 6252/179/69 6254/180/69 6253/164/69
f 6255/181/66 6256/182/66 6257/183/66
f 6256/182/66 6258/169/66 6257/183/66
f 6259/151/67 6260/184/67 6261/185/67
f 6260/184/67 6262/172/67 6261/185/67
f 6263/133/71 6264/155/71 6265/134/71
f 6266/155/71 6267/173/71 6268/134/71
f 6269/174/70 6270/158/70 6271/175/70
f 6272/158/70 6273/176/70 6274/175/70
f 6275/177/68 6276/37/68 6277/142/68
f 6278/37/68 6279/62/68 6280/142/68
f 6281/178/69 6282/179/69 6283/164/69
f 6282/179/69 6284/180/69 6283/164/69
f 6285/181/66 6286/182/66 6287/183/66
f 6286/182/66 6288/169/66 6287/183/66
f 6289/151/67 6290/184/67 6291/185/67
f 6290/184/67 6292/172/67 6291/185/67
f 6293/133/71 6294/155/71 6295/134/71
f 6296/155/71 6297/173/71 6298/134/71
f 6299/174/70 6300/158/70 6301/175/70
f 6302/158/70 6303/176/70 6304/175/70
f 6305/177/68 6306/37/68 6307/142/68
f 6308/37/68 6309/62/68 6310/142/68
f 6311/178/69 6312/179/69 6313/164/69
f 6312/179/69 6314/180/69 6313/164/69
f 6315/181/66 6316/182/66 6317/183/66
f 6316/182/66 6318/169/66 6317/183/66
f 6319/151/67 6320/184/67 6321/185/67
f 6320/184/67 6322/172/67 6321/185/67
f 6323/133/71 6324/155/71 6325/134/71
f 6326/155/71 6327/173/71 6328/134/71
f 6329/174/70 6330/158/70 6331/175/70
f 6332/158/70 6333/176/70 6334/175/70
f 6335/177/68 6336/37/68 6337/142/68
f 6338/37/68 6339/62/68 6340/142/68
f 6341/178/69 6342/179/69 6343/164/69
f 6342/179/69 6344/180/69 6343/164/69
f 6345/181/66 6346/182/66 6347/183/66
f 6346/182/66 6348/169/66 6347/183/66
f 6349/151/67 6350/184/67 6351/185/67
f 6350/184/67 6352/172/67 6351/185/67
f 6353/133/71 6354/155/71 6355/134/71
f 6356/155/71 6357/173/71 6358/134/71
f 6359/174/70 6360/158/70 6361/175/70
f 6362/158/70 6363/176/70 6364/175/70
f 6365/177/68 6366/37/68 6367/142/68
f 6368/37/68 6369/62/68 6370/142/68
f 6371/178/69 6372/179/69 6373/164/69
f 6372/179/69 6374/180/69 6373/164/69
f 6375/181/66 6376/182/66 6377/183/66
f 6376/182/66 6378/169/66 6377/183/66
f 6379/151/67 6380/184/67 6381/185/67
f 6380/184/67 6382/172/67 6381/185/67
f 6383/133/71 6384/155/71 6385/134/71
f 6386/155/71 6387/173/71 6388/134/71
f 6389/174/70 6390/158/70 6391/175/70
f 6392/158/70 6393/176/70 6394/175/70
f 6395/177/68 6396/37/68 6397/142/68
f 6398/37/68 6399/62/68 6400/142/68
f 6401/178/69 6402/179/69 6403/164/69
f 6402/179/69 6404/180/69 6403/164/69
f 6405/181/66 6406/182/66 6407/183/66
f 6406/182/66 6408/169/66 6407/183/66
f 6409/151/67 6410/184/67 6411/185/67
f 6410/184/67 6412/172/67 6411/185/67
f 6413/133/71 6414/155/71 6415/134/71
f 6416/155/71 6417/173/71 6418/134/71
f 6419/174/70 6420/158/70 6421/175/70
f 6422/158/70 6423/176/70 6424/175/70
f 6425/177/68 6426/37/68 6427/142/68
f 6428/37/68 6429/62/68 6430/142/68
f 6431/178/69 6432/179/69 6433/164/69
f 6432/179/69 6434/180/69 6433/164/69
f 6435/181/66 6436/182/66 6437/183/66
f 6436/182/66 6438/169/66 6437/183/66
f 6439/151/67 6440/184/67 6441/185/67
f 6440/184/67 6442/172/67 6441/185/67
f 6443/133/71 6444/155/71 6445/134/71
f 6446/155/71 6447/173/71 6448/134/71
f 6449/174/70 6450/158/70 6451/175/70
f 6452/158/70 6453/176/70 6454/175/70
f 6455/177/68 6456/37/68 6457/142/68
f 6458/37/68 6459/62/68 6460/142/68
f 6461/178/69 6462/179/69 6463/164/69
f 6462/179/69 6464/180/69 6463/164/69
f 6465/181/66 6466/182/66 6467/183/66
f 6466/182/66 6468/169/66 6467/183/66
f 6469/151/67 6470/184/67 6471/185/67
f 6470/184/67 6472/172/67 6471/185/67
f 6473/133/71 6474/155/71 6475/134/71
f 6476/155/71 6477/173/71 6478/134/71
f 6479/174/70 6480/158/70 6481/175/70
f 6482/158/70 6483/176/70 6484/175/70
f 6485/177/68 6486/37/68 6487/142/68
f 6488/37/68 6489/62/68 6490/142/68
f 6491/178/69 6492/179/69 6493/164/69
f 6492/179/69 6494/180/69 6493/164/69
f 6495/181/66 6496/182/66 6497/183/66
f 6496/182/66 6498/169/66 6497/183/66
f 6499/151/67 6500/184/67 6501/185/67
f 6500/184/67 6502/172/67 6501/185/67
f 6503/133/71 6504/155/71 6505/134/71
f 6506/155/71 6507/173/71 6508/134/71
f 6509/174/70 6510/158/70 6511/175/70
f 6512/158/70 6513/176/70 6514/175/70
f 6515/177/68 6516/37/68 6517/142/68
f 6518/37/68 6519/62/68 6520/142/68
f 6521/178/69 6522/179/69 6523/164/69
f 6522/179/69 6524/180/69 6523/164/69
f 6525/181/66 6526/182/66 6527/183/66
f 6526/182/66 6528/169/66 6527/183/66
f 6529/151/67 6530/184/67 6531/185/67
f 6530/184/67 6532/172/67 6531/185/67
f 6533/133/71 6534/155/71 6535/134/71
f 6536/155/71 6537/173/71 6538/134/71
f 6539/174/70 6540/158/70 6541/175/70
f 6542/158/70 6543/176/70 6544/175/70
f 6545/177/68 6546/37/68 6547/142/68
f 6548/37/68 6549/62/68 6550/142/68
f 6551/178/69 6552/179/69 6553/164/69
f 6552/179/69 6554/180/69 6553/164/69
f 6555/181/66 6556/182/66 6557/183/66
f 6556/182/66 6558/169/66 6557/183/66
f 6559/151/67 6560/184/67 6561/185/67
f 6560/184/67 6562/172/67 6561/185/67
f 6563/133/71 6564/155/71 6565/134/71
f 6566/155/71 6567/173/71 6568/134/71
f 6569/174/70 6570/158/70 6571/175/70
f 6572/158/70 6573/176/70 6574/175/70
f 6575/177/68 6576/37/68 6577/142/68
f 6578/37/68 6579/62/68 6580/142/68
f 6581/178/69 6582/179/69 6583/164/69
f 6582/179/69 6584/180/69 6583/164/69
f 6585/181/66 6586/182/66 6587/183/66
f 6586/182/66 6588/169/66 6587/183/66
f 6589/151/67 6590/184/67 6591/185/67
f 6590/184/67 6592/172/67 6591/185/67
f 6593/133/71 6594/155/71 6595/134/71
f 6596/155/71 6597/173/71 6598/134/71
f 6599/174/70 6600/158/70 6601/175/70
f 6602/158/70 6603/176/70 6604/175/70
f 6605/177/68 6606/37/68 6607/142/68
f 6608/37/68 6609/62/68 6610/142/68
f 6611/178/69 6612/179/69 6613/164/69
f 6612/179/69 6614/180/69 6613/164/69
f 6615/181/66 6616/182/66 6617/183/66
f 6616/182/66 6618/169/66 6617/183/66
f 6619/151/67 6620/184/67 6621/185/67
f 6620/184/67 6622/172/67 6621/185/67
f 6623/133/71 6624/155/71 6625/134/71
f 6626/155/71 6627/173/71 6628/134/71
f 6629/174/70 6630/158/70 6631/175/70
f 6632/158/70 6633/176/70 6634/175/70
f 6635/177/68 6636/37/68 6637/142/68
f 6638/37/68 6639/62/68 6640/142/68
f 6641/178/69 6642/179/69 6643/164/69
f 6642/179/69 6644/180/69 6643/164/69
f 6645/181/66 6646/182/66 6647/183/66
f 6646/182/66 6648/169/66 6647/183/66
f 6649/151/67 6650/184/67 6651/185/67
f 6650/184/67 6652/172/67 6651/185/67
f 6653/133/71 6654/155/71 6655/134/71
f 6656/155/71 6657/173/71 6658/134/71
f 6659/174/70 6660/158/70 6661/175/70
f 6662/158/70 6663/176/70 6664/175/70
f 6665/177/68 6666/37/68 6667/142/68
f 6668/37/68 6669/62/68 6670/142/68
f 6671/178/69 6672/179/69 6673/164/69
f 6672/179/69 6674/180/69 6673/164/69
f 6675/181/66 6676/182/66 6677/183/66
f 6676/182/66 6678/169/66 6677/183/66
f 6679/151/67 6680/184/67 6681/185/67
f 6680/184/67 6682/172/67 6681/185/67
f 6683/133/71 6684/155/71 6685/134/71
f 6686/155/71 6687/173/71 6688/134/71
f 6689/174/70 6690/158/70 6691/175/70
f 6692/158/70 6693/176/70 6694/175/70
f 6695/177/68 6696/37/68 6697/142/68
f 6698/37/68 6699/62/68 6700/142/68
f 6701/178/69 6702/179/69 6703/164/69
f 6702/179/69 6704/180/69 6703/164/69
f 6705/181/66 6706/182/66 6707/183/66
f 6706/182/66 6708/169/66 6707/183/66
f 6709/151/67 6710/184/67 6711/185/67
f 6710/184/67 6712/172/67 6711/185/67
f 6713/133/71 6714/155/71 6715/134/71
f 6716/155/71 6717/173/71 6718/134/71
f 6719/174/70 6720/158/70 6721/175/70
f 6722/158/70 6723/176/70 6724/175/70
f 6725/177/68 6726/37/68 6727/142/68
f 6728/37/68 6729/62/68 6730/142/68
f 6731/178/69 6732/179/69 6733/164/69
f 6732/179/69 6734/180/69 6733/164/69
f 6735/181/66 6736/182/66 6737/183/66
f 6736/182/66 6738/169/66 6737/183/66
f 6739/151/67 6740/184/67 6741/185/67
f 6740/184/67 6742/172/67 6741/185/67
f 6743/133/71 6744/155/71 6745/134/71
f 6746/155/71 6747/173/71 6748/134/71
f 6749/174/70 6750/158/70 6751/175/70
f 6752/158/70 6753/176/70 6754/175/70
f 6755/177/68 6756/37/68 6757/142/68
f 6758/37/68 6759/62/68 6760/142/68
f 6761/178/69 6762/179/69 6763/164/69
f 6762/179/69 6764/180/69 6763/164/69
f 6765/181/66 6766/182/66 6767/183/66
f 6766/182/66 6768/169/66 6767/183/66
f 6769/151/67 6770/184/67 6771/185/67
f 6770/184/67 6772/172/67 6771/185/67
f 6773/133/71 6774/155/71 6775/134/71
f 6776/155/71 6777/173/71 6778/134/71
f 6779/174/70 6780/158/70 6781/175/70
f 6782/158/70 6783/176/70 6784/175/70
f 6785/177/68 6786/37/68 6787/142/68
f 6788/37/68 6789/62/68 6790/142/68
f 6791/178/69 6792/179/69 6793/164/69
f 6792/179/69 6794/180/69 6793/164/69
f 6795/181/66 6796/182/66 6797/183/66
f 6796/182/66 6798/169/66 6797/183/66
f 6799/151/67 6800/184/67 6801/185/67
f 6800/184/67 6802/172/67 6801/185/67
f 6803/133/71 6804/155/71 6805/134/71
f 6806/155/71 6807/173/71 6808/134/71
f 6809/174/70 6810/158/70 6811/175/70
f 6812/158/70 6813/176/70 6814/175/70
f 6815/177/68 6816/37/68 6817/142/68
f 6818/37/68 6819/62/68 6820/142/68
f 6821/178/69 6822/179/69 6823/164/69
f 6822/179/69 6824/180/69 6823/164/69
f 6825/181/66 6826/182/66 6827/183/66
f 6826/182/66 6828/169/66 6827/183/66
f 6829/151/67 6830/184/67 6831/185/67
f 6830/184/67 6832/172/67 6831/185/67
f 6833/133/71 6834/155/71 6835/134/71
f 6836/155/71 6837/173/71 6838/134/71
f 6839/174/70 6840/158/70 6841/175/70
f 6842/158/70 6843/176/70 6844/175/70
f 6845/177/68 6846/37/68 6847/142/68
f 6848/37/68 6849/62/68 6850/142/68
f 6851/178/69 6852/179/69 6853/164/69
f 6852/179/69 6854/180/69 6853/164/69
f 6855/181/66 6856/182/66 6857/183/66
f 6856/182/66 6858/169/66 6857/183/66
f 6859/151/67 6860/184/67 6861/185/67
f 6860/184/67 6862/172/67 6861/185/67
f 6863/133/71 6864/155/71 6865/134/71
f 6866/155/71 6867/173/71 6868/134/71
f 6869/174/70 6870/158/70 6871/175/70
f 6872/158/70 6873/176/70 6874/175/70
f 6875/177/68 6876/37/68 6877/142/68
f 6878/37/68 6879/62/68 6880/142/68
f 6881/178/69 6882/179/69 6883/164/69
f 6882/179/69 6884/180/69 6883/164/69
f 6885/181/66 6886/182/66 6887/183/66
f 6886/182/66 6888/169/66 6887/183/66
f 6889/151/67 6890/184/67 6891/185/67
f 6890/184/67 6892/172/67 6891/185/67
f 6893/133/71 6894/155/71 6895/134/71
f 6896/155/71 6897/173/71 6898/134/71
f 6899/174/70 6900/158/70 6901/175/70
f 6902/158/70 6903/176/70 6904/175/70
f 6905/177/68 6906/37/68 6907/142/68
f 6908/37/68 6909/62/68 6910/142/68
f 6911/178/69 6912/179/69 6913/164/69
f 6912/179/69 6914/180/69 6913/164/69
f 6915/181/66 6916/182/66 6917/183/66
f 6916/182/66 6918/169/66 6917/183/66
f 6919/151/67 6920/184/67 6921/185/67
f 6920/184/67 6922/172/67 6921/185/67
f 6923/133/71 6924/155/71 6925/134/71
f 6926/155/71 6927/173/71 6928/134/71
f 6929/174/70 6930/158/70 6931/175/70
f 6932/158/70 6933/176/70 6934/175/70
f 6935/177/68 6936/37/68 6937/142/68
f 6938/37/68 6939/62/68 6940/142/68
f 6941/178/69 6942/179/69 6943/164/69
f 6942/179/69 6944/180/69 6943/164/69
f 6945/181/66 6946/182/66 6947/183/66
f 6946/182/66 6948/169/66 6947/183/66
f 6949/151/67 6950/184/67 6951/185/67
f 6950/184/67 6952/172/67 6951/185/67
f 6953/133/71 6954/155/71 6955/134/71
f 6956/155/71 6957/173/71 6958/134/71
f 6959/174/70 6960/158/70 6961/175/70
f 6962/158/70 6963/176/70 6964/175/70
f 6965/177/68 6966/37/68 6967/142/68
f 6968/37/68 6969/62/68 6970/142/68
f 6971/178/69 6972/179/69 6973/164/69
f 6972/179/69 6974/180/69 6973/164/69
f 6975/181/66 6976/182/66 6977/183/66
f 6976/182/66 6978/169/66 6977/183/66
f 6979/151/67 6980/184/67 6981/185/67
f 6980/184/67 6982/172/67 6981/185/67
f 6983/133/71 6984/155/71 6985/134/71
f 6986/155/71 6987/173/71 6988/134/71
f 6989/174/70 6990/158/70 6991/175/70
f 6992/158/70 6993/176/70 6994/175/70
f 6995/177/68 6996/37/68 6997/142/68
f 6998/37/68 6999/62/68 7000/142/68
f 7001/178/69 7002/179/69 7003/164/69
f 7002/179/69 7004/180/69 7003/164/69
f 7005/181/66 7006/182/66 7007/183/66
f 7006/182/66 7008/169/66 7007/183/66
f 7009/151/67 7010/184/67 7011/185/67
f 7010/184/67 7012/172/67 7011/185/67
f 7013/133/71 7014/155/71 7015/134/71
f 7016/155/71 7017/173/71 7018/134/71
f 7019/174/70 7020/158/70 7021/175/70
f 7022/158/70 7023/176/70 7024/175/70
f 7025/177/68 7026/37/68 7027/142/68
f 7028/37/68 7029/62/68 7030/142/68
f 7031/178/69 7032/179/69 7033/164/69
f 7032/179/69 7034/180/69 7033/164/69
f 7035/181/66 7036/182/66 7037/183/66
f 7036/182/66 7038/169/66 7037/183/66
f 7039/151/67 7040/184/67 7041/185/67
f 7040/184/67 7042/172/67 7041/185/67
f 7043/133/71 7044/155/71 7045/134/71
f 7046/155/71 7047/173/71 7048/134/71
f 7049/174/70 7050/158/70 7051/175/70
f 7052/158/70 7053/176/70 7054/175/70
f 7055/177/68 7056/37/68 7057/142/68
f 7058/37/68 7059/62/68 7060/142/68
f 7061/178/69 7062/179/69 7063/164/69
f 7062/179/69 7064/180/69 7063/164/69
f 7065/181/66 7066/182/66 7067/183/66
f 7066/182/66 7068/169/66 7067/183/66
f 7069/151/67 7070/184/67 7071/185/67
f 7070/184/67 7072/172/67 7071/185/67
f 7073/133/71 7074/155/71 7075/134/71
f 7076/155/71 7077/173/71 7078/134/71
f 7079/174/70 7080/158/70 7081/175/70
f 7082/158/70 7083/176/70 7084/175/70
f 7085/177/68 7086/37/68 7087/142/68
f 7088/37/68 7089/62/68 7090/142/68
f 7091/178/69 7092/179/69 7093/164/69
f 7092/179/69 7094/180/69 7093/164/69
f 7095/181/66 7096/182/66 7097/183/66
f 7096/182/66 7098/169/66 7097/183/66
f 7099/151/67 7100/184/67 7101/185/67
f 7100/184/67 7102/172/67 7101/185/67
f 7103/133/71 7104/155/71 7105/134/71
f 7106/155/71 7107/173/71 7108/134/71
f 7109/174/70 7110/158/70 7111/175/70
f 7112/158/70 7113/176/70 7114/175/70
f 7115/177/68 7116/37/68 7117/142/68
f 7118/37/68 7119/62/68 7120/142/68
f 7121/178/69 7122/179/69 7123/164/69
f 7122/179/69 7124/180/69 7123/164/69
f 7125/181/66 7126/182/66 7127/183/66
f 7126/182/66 7128/169/66 7127/183/66
f 7129/151/67 7130/184/67 7131/185/67
f 7130/184/67 7132/172/67 7131/185/67
f 7133/133/71 7134/155/71 7135/134/71
f 7136/155/71 7137/173/71 7138/134/71
f 7139/174/70 7140/158/70 7141/175/70
f 7142/158/70 7143/176/70 7144/175/70
f 7145/177/68 7146/37/68 7147/142/68
f 7148/37/68 7149/62/68 7150/142/68
f 7151/178/69 7152/179/69 7153/164/69
f 7152/179/69 7154/180/69 7153/164/69
f 7155/181/66 7156/182/66 7157/183/66
f 7156/182/66 7158/169/66 7157/183/66
f 7159/151/67 7160/184/67 7161/185/67
f 7160/184/67 7162/172/67 7161/185/67
f 7163/133/71 7164/155/71 7165/134/71
f 7166/155/71 7167/173/71 7168/134/71
f 7169/174/70 7170/158/70 7171/175/70
f 7172/158/70 7173/176/70 7174/175/70
f 7175/177/68 7176/37/68 7177/142/68
f 7178/37/68 7179/62/68 7180/142/68
f 7181/178/69 7182/179/69 7183/164/69
f 7182/179/69 7184/180/69 7183/164/69
f 7185/181/66 7186/182/66 7187/183/66
f 7186/182/66 7188/169/66 7187/183/66
f 7189/151/67 7190/184/67 7191/185/67
f 7190/184/67 7192/172/67 7191/185/67
f 7193/133/71 7194/155/71 7195/134/71
f 7196/155/71 7197/173/71 7198/134/71
f 7199/174/70 7200/158/70 7201/175/70
f 7202/158/70 7203/176/70 7204/175/70
f 7205/177/68 7206/37/68 7207/142/68
f 7208/37/68 7209/62/68 7210/142/68
f 7211/178/69 7212/179/69 7213/164/69
f 7212/179/69 7214/180/69 7213/164/69
f 7215/181/66 7216/182/66 7217/183/66
f 7216/182/66 7218/169/66 7217/183/66
f 7219/151/67 7220/184/67 7221/185/67
f 7220/184/67 7222/172/67 7221/185/67
f 7223/133/71 7224/155/71 7225/134/71
f 7226/155/71 7227/173/71 7228/134/71
f 7229/174/70 7230/158/70 7231/175/70
f 7232/158/70 7233/176/70 7234/175/70
f 7235/177/68 7236/37/68 7237/142/68
f 7238/37/68 7239/62/68 7240/142/68
f 7241/178/69 7242/179/69 7243/164/69
f 7242/179/69 7244/180/69 7243/164/69
f 7245/181/66 7246/182/66 7247/183/66
f 7246/182/66 7248/169/66 7247/183/66
f 7249/151/67 7250/184/67 7251/185/67
f 7250/184/67 7252/172/67 7251/185/67
f 7253/133/71 7254/155/71 7255/134/71
f 7256/155/71 7257/173/71 7258/134/71
f 7259/174/70 7260/158/70 7261/175/70
f 7262/158/70 7263/176/70 7264/175/70
f 7265/177/68 7266/37/68 7267/142/68
f 7268/37/68 7269/62/68 7270/142/68
f 7271/178/69 7272/179/69 7273/164/69
f 7272/179/69 7274/180/69 7273/164/69
f 7275/181/66 7276/182/66 7277/183/66
f 7276/182/66 7278/169/66 7277/183/66
f 7279/151/67 7280/184/67 7281/185/67
f 7280/184/67 7282/172/67 7281/185/67
f 7283/133/71 7284/155/71 7285/134/71
f 7286/155/71 7287/173/71 7288/134/71
f 7289/174/70 7290/158/70 7291/175/70
f 7292/158/70 7293/176/70 7294/175/70
f 7295/177/68 7296/37/68 7297/142/68
f 7298/37/68 7299/62/68 7300/142/68
f 7301/178/69 7302/179/69 7303/164/69
f 7302/179/69 7304/180/69 7303/164/69
f 7305/181/66 7306/182/66 7307/183/66
f 7306/182/66 7308/169/66 7307/183/66
f 7309/151/67 7310/184/67 7311/185/67
f 7310/184/67 7312/172/67 7311/185/67
f 7313/133/71 7314/155/71 7315/134/71
f 7316/155/71 7317/173/71 7318/134/71
f 7319/174/70 7320/158/70 7321/175/70
f 7322/158/70 7323/176/70 7324/175/70
f 7325/177/68 7326/37/68 7327/142/68
f 7328/37/68 7329/62/68 7330/142/68
f 7331/178/69 7332/179/69 7333/164/69
f 7332/179/69 7334/180/69 7333/164/69
f 7335/181/66 7336/182/66 7337/183/66
f 7336/182/66 7338/169/66 7337/183/66
f 7339/151/67 7340/184/67 7341/185/67
f 7340/184/67 7342/172/67 7341/185/67
f 7343/133/71 7344/155/71 7345/134/71
f 7346/155/71 7347/173/71 7348/134/71
f 7349/174/70 7350/158/70 7351/175/70
f 7352/158/70 7353/176/70 7354/175/70
f 7355/177/68 7356/37/68 7357/142/68
f 7358/37/68 7359/62/68 7360/142/68
f 7361/178/69 7362/179/69 7363/164/69
f 7362/179/69 7364/180/69 7363/164/69
f 7365/181/66 7366/182/66 7367/183/66
f 7366/182/66 7368/169/66 7367/183/66
f 7369/151/67 7370/184/67 7371/185/67
f 7370/184/67 7372/172/67 7371/185/67
f 7373/133/71 7374/155/71 7375/134/71
f 7376/155/71 7377/173/71 7378/134/71
f 7379/174/70 7380/158/70 7381/175/70
f 7382/158/70 7383/176/70 7384/175/70
f 7385/177/68 7386/37/68 7387/142/68
f 7388/37/68 7389/62/68 7390/142/68
f 7391/178/69 7392/179/69 7393/164/69
f 7392/179/69 7394/180/69 7393/164/69
f 7395/181/66 7396/182/66 7397/183/66
f 7396/182/66 7398/169/66 7397/183/66
f 7399/151/67 7400/184/67 7401/185/67
f 7400/184/67 7402/172/67 7401/185/67
f 7403/133/71 7404/155/71 7405/134/71
f 7406/155/71 7407/173/71 7408/134/71
f 7409/174/70 7410/158/70 7411/175/70
f 7412/158/70 7413/176/70 7414/175/70
f 7415/177/68 7416/37/68 7417/142/68
f 7418/37/68 7419/62/68 7420/142/68
f 7421/178/69 7422/179/69 7423/164/69
f 7422/179/69 7424/180/69 7423/164/69
f 7425/181/66 7426/182/66 7427/183/66
f 7426/182/66 7428/169/66 7427/183/66
f 7429/151/67 7430/184/67 7431/185/67
f 7430/184/67 7432/172/67 7431/185/67
f 7433/133/71 7434/155/71 7435/134/71
f 7436/155/71 7437/173/71 7438/134/71
f 7439/174/70 7440/158/70 7441/175/70
f 7442/158/70 7443/176/70 7444/175/70
f 7445/177/68 7446/37/68 7447/142/68
f 7448/37/68 7449/62/68 7450/142/68
f 7451/178/69 7452/179/69 7453/164/69
f 7452/179/69 7454/180/69 7453/164/69
f 7455/181/66 7456/182/66 7457/183/66
f 7456/182/66 7458/169/66 7457/183/66
f 7459/151/67 7460/184/67 7461/185/67
f 7460/184/67 7462/172/67 7461/185/67
f 7463/133/71 7464/155/71 7465/134/71
f 7466/155/71 7467/173/71 7468/134/71
f 7469/174/70 7470/158/70 7471/175/70
f 7472/158/70 7473/176/70 7474/175/70
f 7475/177/68 7476/37/68 7477/142/68
f 7478/37/68 7479/62/68 7480/142/68
f 7481/178/69 7482/179/69 7483/164/69
f 7482/179/69 7484/180/69 7483/164/69
f 7485/181/66 7486/182/66 7487/183/66
f 7486/182/66 7488/169/66 7487/183/66
f 7489/151/67 7490/184/67 7491/185/67
f 7490/184/67 7492/172/67 7491/185/67
f 7493/133/71 7494/155/71 7495/134/71
f 7496/155/71 7497/173/71 7498/134/71
f 7499/174/70 7500/158/70 7501/175/70
f 7502/158/70 7503/176/70 7504/175/70
f 7505/177/68 7506/37/68 7507/142/68
f 7508/37/68 7509/62/68 7510/142/68
f 7511/178/69 7512/179/69 7513/164/69
f 7512/179/69 7514/180/69 7513/164/69
f 7515/181/66 7516/182/66 7517/183/66
f 7516/182/66 7518/169/66 7517/183/66
f 7519/151/67 7520/184/67 7521/185/67
f 7520/184/67 7522/172/67 7521/185/67
f 7523/133/71 7524/155/71 7525/134/71
f 7526/155/71 7527/173/71 7528/134/71
f 7529/174/70 7530/158/70 7531/175/70
f 7532/158/70 7533/176/70 7534/175/70
f 7535/177/68 7536/37/68 7537/142/68
f 7538/37/68 7539/62/68 7540/142/68
f 7541/178/69 7542/179/69 7543/164/69
f 7542/179/69 7544/180/69 7543/164/69
f 7545/181/66 7546/182/66 7547/183/66
f 7546/182/66 7548/169/66 7547/183/66
f 7549/151/67 7550/184/67 7551/185/67
f 7550/184/67 7552/172/67 7551/185/67
f 7553/133/71 7554/155/71 7555/134/71
f 7556/155/71 7557/173/71 7558/134/71
f 7559/174/70 7560/158/70 7561/175/70
f 7562/158/70 7563/176/70 7564/175/70
f 7565/177/68 7566/37/68 7567/142/68
f 7568/37/68 7569/62/68 7570/142/68
f 7571/178/69 7572/179/69 7573/164/69
f 7572/179/69 7574/180/69 7573/164/69
f 7575/181/66 7576/182/66 7577/183/66
f 7576/182/66 7578/169/66 7577/183/66
f 7579/151/67 7580/184/67 7581/185/67
f 7580/184/67 7582/172/67 7581/185/67
f 7583/133/71 7584/155/71 7585/134/71
f 7586/155/71 7587/173/71 7588/134/71
f 7589/174/70 7590/158/70 7591/175/70
f 7592/158/70 7593/176/70 7594/175/70
f 7595/177/68 7596/37/68 7597/142/68
f 7598/37/68 7599/62/68 7600/142/68
f 7601/178/69 7602/179/69 7603/164/69
f 7602/179/69 7604/180/69 7603/164/69
f 7605/181/66 7606/182/66 7607/183/66
f 7606/182/66 7608/169/66 7607/183/66
f 7609/151/67 7610/184/67 7611/185/67
f 7610/184/67 7612/172/67 7611/185/67
f 7613/133/71 7614/155/71 7615/134/71
f 7616/155/71 7617/173/71 7618/134/71
f 7619/174/70 7620/158/70 7621/175/70
f 7622/158/70 7623/176/70 7624/175/70
f 7625/177/68 7626/37/68 7627/142/68
f 7628/37/68 7629/62/68 7630/142/68
f 7631/178/69 7632/179/69 7633/164/69
f 7632/179/69 7634/180/69 7633/164/69
f 7635/181/66 7636/182/66 7637/183/66
f 7636/182/66 7638/169/66 7637/183/66
f 7639/151/67 7640/184/67 7641/185/67
f 7640/184/67 7642/172/67 7641/185/67
f 7643/133/71 7644/155/71 7645/134/71
f 7646/155/71 7647/173/71 7648/134/71
f 7649/174/70 7650/158/70 7651/175/70
f 7652/158/70 7653/176/70 7654/175/70
f 7655/177/68 7656/37/68 7657/142/68
f 7658/37/68 7659/62/68 7660/142/68
f 7661/178/69 7662/179/69 7663/164/69
f 7662/179/69 7664/180/69 7663/164/69
f 7665/181/66 7666/182/66 7667/183/66
f 7666/182/66 7668/169/66 7667/183/66
f 7669/151/67 7670/184/67 7671/185/67
f 7670/184/67 7672/172/67 7671/185/67
f 7673/133/71 7674/155/71 7675/134/71
f 7676/155/71 7677/173/71 7678/134/71
f 7679/174/70 7680/158/70 7681/175/70
f 7682/158/70 7683/176/70 7684/175/70
f 7685/177/68 7686/37/68 7687/142/68
f 7688/37/68 7689/62/68 7690/142/68
f 7691/178/69 7692/179/69 7693/164/69
f 7692/179/69 7694/180/69 7693/164/69
f 7695/181/66 7696/182/66 7697/183/66
f 7696/182/66 7698/169/66 7697/183/66
f 7699/151/67 7700/184/67 7701/185/67
f 7700/184/67 7702/172/67 7701/185/67
f 7703/133/71 7704/155/71 7705/134/71
f 7706/155/71 7707/173/71 7708/134/71
f 7709/174/70 7710/158/70 7711/175/70
f 7712/158/70 7713/176/70 7714/175/70
f 7715/177/68 7716/37/68 7717/142/68
f 7718/37/68 7719/62/68 7720/142/68
f 7721/178/69 7722/179/69 7723/164/69
f 7722/179/69 7724/180/69 7723/164/69
f 7725/181/66 7726/182/66 7727/183/66
f 7726/182/66 7728/169/66 7727/183/66
f 7729/151/67 7730/184/67 7731/185/67
f 7730/184/67 7732/172/67 7731/185/67
f 7733/133/71 7734/155/71 7735/134/71
f 7736/155/71 7737/173/71 7738/134/71
f 7739/136/70 7740/328/70 7741/138/70
f 7742/328/70 7743/392/70 7744/138/70
f 7745/140/68 7746/141/68 7747/142/68
f 7748/141/68 7749/62/68 7750/142/68
f 7751/143/69 7752/144/69 7753/145/69
f 7752/144/69 7754/146/69 7753/145/69
f 7755/147/66 7756/393/66 7757/149/66
f 7756/393/66 7758/394/66 7757/149/66
f 7759/151/67 7760/184/67 7761/153/67
f 7760/184/67 7762/324/67 7761/153/67
f 7763/133/71 7764/155/71 7765/134/71
f 7766/155/71 7767/173/71 7768/134/71
f 7769/174/70 7770/158/70 7771/175/70
f 7772/158/70 7773/176/70 7774/175/70
f 7775/177/68 7776/37/68 7777/142/68
f 7778/37/68 7779/62/68 7780/142/68
f 7781/178/69 7782/179/69 7783/164/69
f 7782/179/69 7784/180/69 7783/164/69
f 7785/181/66 7786/182/66 7787/183/66
f 7786/182/66 7788/169/66 7787/183/66
f 7789/151/67 7790/184/67 7791/185/67
f 7790/184/67 7792/172/67 7791/185/67
f 7793/133/71 7794/202/71 7795/134/71
f 7796/202/71 7797/203/71 7798/134/71
f 7799/174/70 7800/204/70 7801/175/70
f 7802/204/70 7803/205/70 7804/175/70
f 7805/177/68 7806/37/68 7807/142/68
f 7808/37/68 7809/62/68 7810/142/68
f 7811/178/69 7812/179/69 7813/164/69
f 7812/179/69 7814/180/69 7813/164/69
f 7815/181/66 7816/206/66 7817/183/66
f 7816/206/66 7818/207/66 7817/183/66
f 7819/151/67 7820/208/67 7821/185/67
f 7820/208/67 7822/209/67 7821/185/67
f 7823/133/71 7824/155/71 7825/134/71
f 7826/155/71 7827/173/71 7828/134/71
f 7829/174/70 7830/158/70 7831/175/70
f 7832/158/70 7833/176/70 7834/175/70
f 7835/177/68 7836/37/68 7837/142/68
f 7838/37/68 7839/62/68 7840/142/68
f 7841/178/69 7842/179/69 7843/164/69
f 7842/179/69 7844/180/69 7843/164/69
f 7845/181/66 7846/182/66 7847/183/66
f 7846/182/66 7848/169/66 7847/183/66
f 7849/151/67 7850/184/67 7851/185/67
f 7850/184/67 7852/172/67 7851/185/67
f 7853/133/71 7854/155/71 7855/134/71
f 7856/155/71 7857/173/71 7858/134/71
f 7859/174/70 7860/158/70 7861/175/70
f 7862/158/70 7863/176/70 7864/175/70
f 7865/177/68 7866/37/68 7867/142/68
f 7868/37/68 7869/62/68 7870/142/68
f 7871/178/69 7872/179/69 7873/164/69
f 7872/179/69 7874/180/69 7873/164/69
f 7875/181/66 7876/182/66 7877/183/66
f 7876/182/66 7878/169/66 7877/183/66
f 7879/151/67 7880/184/67 7881/185/67
f 7880/184/67 7882/172/67 7881/185/67
f 7883/133/71 7884/155/71 7885/134/71
f 7886/155/71 7887/173/71 7888/134/71
f 7889/174/70 7890/158/70 7891/175/70
f 7892/158/70 7893/176/70 7894/175/70
f 7895/177/68 7896/37/68 7897/142/68
f 7898/37/68 7899/62/68 7900/142/68
f 7901/178/69 7902/179/69 7903/164/69
f 7902/179/69 7904/180/69 7903/164/69
f 7905/181/66 7906/182/66 7907/183/66
f 7906/182/66 7908/169/66 7907/183/66
f 7909/151/67 7910/184/67 7911/185/67
f 7910/184/67 7912/172/67 7911/185/67
f 7913/133/71 7914/155/71 7915/134/71
f 7916/155/71 7917/173/71 7918/134/71
f 7919/174/70 7920/158/70 7921/175/70
f 7922/158/70 7923/176/70 7924/175/70
f 7925/177/68 7926/37/68 7927/142/68
f 7928/37/68 7929/62/68 7930/142/68
f 7931/178/69 7932/179/69 7933/164/69
f 7932/179/69 7934/180/69 7933/164/69
f 7935/181/66 7936/182/66 7937/183/66
f 7936/182/66 7938/169/66 7937/183/66
f 7939/151/67 7940/184/67 7941/185/67
f 7940/184/67 7942/172/67 7941/185/67
f 7943/133/71 7944/155/71 7945/134/71
f 7946/155/71 7947/173/71 7948/134/71
f 7949/174/70 7950/158/70 7951/175/70
f 7952/158/70 7953/176/70 7954/175/70
f 7955/177/68 7956/37/68 7957/142/68
f 7958/37/68 7959/62/68 7960/142/68
f 7961/178/69 7962/179/69 7963/164/69
f 7962/179/69 7964/180/69 7963/164/69
f 7965/181/66 7966/182/66 7967/183/66
f 7966/182/66 7968/169/66 7967/183/66
f 7969/151/67 7970/184/67 7971/185/67
f 7970/184/67 7972/172/67 7971/185/67
f 7973/133/71 7974/155/71 7975/134/71
f 7976/155/71 7977/173/71 7978/134/71
f 7979/174/70 7980/158/70 7981/175/70
f 7982/158/70 7983/176/70 7984/175/70
f 7985/177/68 7986/37/68 7987/142/68
f 7988/37/68 7989/62/68 7990/142/68
f 7991/178/69 7992/179/69 7993/164/69
f 7992/179/69 7994/180/69 7993/164/69
f 7995/181/66 7996/182/66 7997/183/66
f 7996/182/66 7998/169/66 7997/183/66
f 7999/151/67 8000/184/67 8001/185/67
f 8000/184/67 8002/172/67 8001/185/67
f 8003/133/71 8004/155/71 8005/134/71
f 8006/155/71 8007/173/71 8008/134/71
f 8009/174/70 8010/158/70 8011/175/70
f 8012/158/70 8013/176/70 8014/175/70
f 8015/177/68 8016/37/68 8017/142/68
f 8018/37/68 8019/62/68 8020/142/68
f 8021/178/69 8022/179/69 8023/164/69
f 8022/179/69 8024/180/69 8023/164/69
f 8025/181/66 8026/182/66 8027/183/66
f 8026/182/66 8028/169/66 8027/183/66
f 8029/151/67 8030/184/67 8031/185/67
f 8030/184/67 8032/172/67 8031/185/67
f 8033/133/71 8034/155/71 8035/134/71
f 8036/155/71 8037/173/71 8038/134/71
f 8039/174/70 8040/158/70 8041/175/70
f 8042/158/70 8043/176/70 8044/175/70
f 8045/177/68 8046/37/68 8047/142/68
f 8048/37/68 8049/62/68 8050/142/68
f 8051/178/69 8052/179/69 8053/164/69
f 8052/179/69 8054/180/69 8053/164/69
f 8055/181/66 8056/182/66 8057/183/66
f 8056/182/66 8058/169/66 8057/183/66
f 8059/151/67 8060/184/67 8061/185/67
f 8060/184/67 8062/172/67 8061/185/67
f 8063/133/71 8064/155/71 8065/134/71
f 8066/155/71 8067/173/71 8068/134/71
f 8069/174/70 8070/158/70 8071/175/70
f 8072/158/70 8073/176/70 8074/175/70
f 8075/177/68 8076/37/68 8077/142/68
f 8078/37/68 8079/62/68 8080/142/68
f 8081/178/69 8082/179/69 8083/164/69
f 8082/179/69 8084/180/69 8083/164/69
f 8085/181/66 8086/182/66 8087/183/66
f 8086/182/66 8088/169/66 8087/183/66
f 8089/151/67 8090/184/67 8091/185/67
f 8090/184/67 8092/172/67 8091/185/67
f 8093/133/71 8094/155/71 8095/134/71
f 8096/155/71 8097/173/71 8098/134/71
f 8099/174/70 8100/158/70 8101/175/70
f 8102/158/70 8103/176/70 8104/175/70
f 8105/177/68 8106/37/68 8107/142/68
f 8108/37/68 8109/62/68 8110/142/68
f 8111/178/69 8112/179/69 8113/164/69
f 8112/179/69 8114/180/69 8113/164/69
f 8115/181/66 8116/182/66 8117/183/66
f 8116/182/66 8118/169/66 8117/183/66
f 8119/151/67 8120/184/67 8121/185/67
f 8120/184/67 8122/172/67 8121/185/67
f 8123/133/71 8124/155/71 8125/134/71
f 8126/155/71 8127/173/71 8128/134/71
f 8129/174/70 8130/158/70 8131/175/70
f 8132/158/70 8133/176/70 8134/175/70
f 8135/177/68 8136/37/68 8137/142/68
f 8138/37/68 8139/62/68 8140/142/68
f 8141/178/69 8142/179/69 8143/164/69
f 8142/179/69 8144/180/69 8143/164/69
f 8145/181/66 8146/182/66 8147/183/66
f 8146/182/66 8148/169/66 8147/183/66
f 8149/151/67 8150/184/67 8151/185/67
f 8150/184/67 8152/172/67 8151/185/67
f 8153/133/71 8154/155/71 8155/134/71
f 8156/155/71 8157/173/71 8158/134/71
f 8159/174/70 8160/158/70 8161/175/70
f 8162/158/70 8163/176/70 8164/175/70
f 8165/177/68 8166/37/68 8167/142/68
f 8168/37/68 8169/62/68 8170/142/68
f 8171/178/69 8172/179/69 8173/164/69
f 8172/179/69 8174/180/69 8173/164/69
f 8175/181/66 8176/182/66 8177/183/66
f 8176/182/66 8178/169/66 8177/183/66
f 8179/151/67 8180/184/67 8181/185/67
f 8180/184/67 8182/172/67 8181/185/67
f 8183/133/71 8184/155/71 8185/134/71
f 8186/155/71 8187/173/71 8188/134/71
f 8189/174/70 8190/158/70 8191/175/70
f 8192/158/70 8193/176/70 8194/175/70
f 8195/177/68 8196/37/68 8197/142/68
f 8198/37/68 8199/62/68 8200/142/68
f 8201/178/69 8202/179/69 8203/164/69
f 8202/179/69 8204/180/69 8203/164/69
f 8205/181/66 8206/182/66 8207/183/66
f 8206/182/66 8208/169/66 8207/183/66
f 8209/151/67 8210/184/67 8211/185/67
f 8210/184/67 8212/172/67 8211/185/67
f 8213/133/66 8214/155/66 8215/134/66
f 8214/155/66 8216/173/66 8215/134/66
f 8217/174/67 8218/158/67 8219/175/67
f 8218/158/67 8220/176/67 8219/175/67
f 8221/177/68 8222/37/68 8223/142/68
f 8222/37/68 8224/62/68 8223/142/68
f 8225/178/69 8226/179/69 8227/164/69
f 8228/179/69 8229/180/69 8230/164/69
f 8231/181/70 8232/182/70 8233/183/70
f 8234/182/70 8235/169/70 8236/183/70
f 8237/151/71 8238/184/71 8239/185/71
f 8240/184/71 8241/172/71 8242/185/71
f 8243/133/66 8244/155/66 8245/134/66
f 8244/155/66 8246/173/66 8245/134/66
f 8247/174/67 8248/158/67 8249/175/67
f 8248/158/67 8250/176/67 8249/175/67
f 8251/177/68 8252/37/68 8253/142/68
f 8252/37/68 8254/62/68 8253/142/68
f 8255/178/69 8256/179/69 8257/164/69
f 8258/179/69 8259/180/69 8260/164/69
f 8261/181/70 8262/182/70 8263/183/70
f 8264/182/70 8265/169/70 8266/183/70
f 8267/151/71 8268/184/71 8269/185/71
f 8270/184/71 8271/172/71 8272/185/71
f 8273/133/66 8274/155/66 8275/134/66
f 8274/155/66 8276/173/66 8275/134/66
f 8277/174/67 8278/158/67 8279/175/67
f 8278/158/67 8280/176/67 8279/175/67
f 8281/177/68 8282/37/68 8283/142/68
f 8282/37/68 8284/62/68 8283/142/68
f 8285/178/69 8286/179/69 8287/164/69
f 8288/179/69 8289/180/69 8290/164/69
f 8291/181/70 8292/182/70 8293/183/70
f 8294/182/70 8295/169/70 8296/183/70
f 8297/151/71 8298/184/71 8299/185/71
f 8300/184/71 8301/172/71 8302/185/71
f 8303/133/66 8304/155/66 8305/134/66
f 8304/155/66 8306/173/66 8305/134/66
f 8307/174/67 8308/158/67 8309/175/67
f 8308/158/67 8310/176/67 8309/175/67
f 8311/177/68 8312/37/68 8313/142/68
f 8312/37/68 8314/62/68 8313/142/68
f 8315/178/69 8316/179/69 8317/164/69
f 8318/179/69 8319/180/69 8320/164/69
f 8321/181/70 8322/182/70 8323/183/70
f 8324/182/70 8325/169/70 8326/183/70
f 8327/151/71 8328/184/71 8329/185/71
f 8330/184/71 8331/172/71 8332/185/71
f 8333/133/66 8334/155/66 8335/134/66
f 8334/155/66 8336/173/66 8335/134/66
f 8337/174/67 8338/158/67 8339/175/67
f 8338/158/67 8340/176/67 8339/175/67
f 8341/177/68 8342/37/68 8343/142/68
f 8342/37/68 8344/62/68 8343/142/68
f 8345/178/69 8346/179/69 8347/164/69
f 8348/179/69 8349/180/69 8350/164/69
f 8351/181/70 8352/182/70 8353/183/70
f 8354/182/70 8355/169/70 8356/183/70
f 8357/151/71 8358/184/71 8359/185/71
f 8360/184/71 8361/172/71 8362/185/71
f 8363/133/66 8364/155/66 8365/134/66
f 8364/155/66 8366/173/66 8365/134/66
f 8367/174/67 8368/158/67 8369/175/67
f 8368/158/67 8370/176/67 8369/175/67
f 8371/177/68 8372/37/68 8373/142/68
f 8372/37/68 8374/62/68 8373/142/68
f 8375/178/69 8376/179/69 8377/164/69
f 8378/179/69 8379/180/69 8380/164/69
f 8381/181/70 8382/182/70 8383/183/70
f 8384/182/70 8385/169/70 8386/183/70
f 8387/151/71 8388/184/71 8389/185/71
f 8390/184/71 8391/172/71 8392/185/71
f 8393/133/66 8394/155/66 8395/134/66
f 8394/155/66 8396/173/66 8395/134/66
f 8397/174/67 8398/158/67 8399/175/67
f 8398/158/67 8400/176/67 8399/175/67
f 8401/177/68 8402/37/68 8403/142/68
f 8402/37/68 8404/62/68 8403/142/68
f 8405/178/69 8406/179/69 8407/164/69
f 8408/179/69 8409/180/69 8410/164/69
f 8411/181/70 8412/182/70 8413/183/70
f 8414/182/70 8415/169/70 8416/183/70
f 8417/151/71 8418/184/71 8419/185/71
f 8420/184/71 8421/172/71 8422/185/71
f 8423/133/66 8424/155/66 8425/134/66
f 8424/155/66 8426/173/66 8425/134/66
f 8427/174/67 8428/158/67 8429/175/67
f 8428/158/67 8430/176/67 8429/175/67
f 8431/177/68 8432/37/68 8433/142/68
f 8432/37/68 8434/62/68 8433/142/68
f 8435/178/69 8436/179/69 8437/164/69
f 8438/179/69 8439/180/69 8440/164/69
f 8441/181/70 8442/182/70 8443/183/70
f 8444/182/70 8445/169/70 8446/183/70
f 8447/151/71 8448/184/71 8449/185/71
f 8450/184/71 8451/172/71 8452/185/71
f 8453/133/66 8454/155/66 8455/134/66
f 8454/155/66 8456/173/66 8455/134/66
f 8457/174/67 8458/158/67 8459/175/67
f 8458/158/67 8460/176/67 8459/175/67
f 8461/177/68 8462/37/68 8463/142/68
f 8462/37/68 8464/62/68 8463/142/68
f 8465/178/69 8466/179/69 8467/164/69
f 8468/179/69 8469/180/69 8470/164/69
f 8471/181/70 8472/182/70 8473/183/70
f 8474/182/70 8475/169/70 8476/183/70
f 8477/151/71 8478/184/71 8479/185/71
f 8480/184/71 8481/172/71 8482/185/71
f 8483/133/66 8484/155/66 8485/134/66
f 8484/155/66 8486/173/66 8485/134/66
f 8487/174/67 8488/158/67 8489/175/67
f 8488/158/67 8490/176/67 8489/175/67
f 8491/177/68 8492/37/68 8493/142/68
f 8492/37/68 8494/62/68 8493/142/68
f 8495/178/69 8496/179/69 8497/164/69
f 8498/179/69 8499/180/69 8500/164/69
f 8501/181/70 8502/182/70 8503/183/70
f 8504/182/70 8505/169/70 8506/183/70
f 8507/151/71 8508/184/71 8509/185/71
f 8510/184/71 8511/172/71 8512/185/71
f 8513/133/66 8514/155/66 8515/134/66
f 8514/155/66 8516/173/66 8515/134/66
f 8517/174/67 8518/158/67 8519/175/67
f 8518/158/67 8520/176/67 8519/175/67
f 8521/177/68 8522/37/68 8523/142/68
f 8522/37/68 8524/62/68 8523/142/68
f 8525/178/69 8526/179/69 8527/164/69
f 8528/179/69 8529/180/69 8530/164/69
f 8531/181/70 8532/182/70 8533/183/70
f 8534/182/70 8535/169/70 8536/183/70
f 8537/151/71 8538/184/71 8539/185/71
f 8540/184/71 8541/172/71 8542/185/71
f 8543/133/66 8544/155/66 8545/134/66
f 8544/155/66 8546/173/66 8545/134/66
f 8547/174/67 8548/158/67 8549/175/67
f 8548/158/67 8550/176/67 8549/175/67
f 8551/177/68 8552/37/68 8553/142/68
f 8552/37/68 8554/62/68 8553/142/68
f 8555/178/69 8556/179/69 8557/164/69
f 8558/179/69 8559/180/69 8560/164/69
f 8561/181/70 8562/182/70 8563/183/70
f 8564/182/70 8565/169/70 8566/183/70
f 8567/151/71 8568/184/71 8569/185/71
f 8570/184/71 8571/172/71 8572/185/71
f 8573/133/66 8574/155/66 8575/134/66
f 8574/155/66 8576/173/66 8575/134/66
f 8577/174/67 8578/158/67 8579/175/67
f 8578/158/67 8580/176/67 8579/175/67
f 8581/177/68 8582/37/68 8583/142/68
f 8582/37/68 8584/62/68 8583/142/68
f 8585/178/69 8586/179/69 8587/164/69
f 8588/179/69 8589/180/69 8590/164/69
f 8591/181/70 8592/182/70 8593/183/70
f 8594/182/70 8595/169/70 8596/183/70
f 8597/151/71 8598/184/71 8599/185/71
f 8600/184/71 8601/172/71 8602/185/71
f 8603/133/66 8604/155/66 8605/134/66
f 8604/155/66 8606/173/66 8605/134/66
f 8607/174/67 8608/158/67 8609/175/67
f 8608/158/67 8610/176/67 8609/175/67
f 8611/177/68 8612/37/68 8613/142/68
f 8612/37/68 8614/62/68 8613/142/68
f 8615/178/69 8616/179/69 8617/164/69
f 8618/179/69 8619/180/69 8620/164/69
f 8621/181/70 8622/182/70 8623/183/70
f 8624/182/70 8625/169/70 8626/183/70
f 8627/151/71 8628/184/71 8629/185/71
f 8630/184/71 8631/172/71 8632/185/71
f 8633/133/66 8634/155/66 8635/134/66
f 8634/155/66 8636/173/66 8635/134/66
f 8637/174/67 8638/158/67 8639/175/67
f 8638/158/67 8640/176/67 8639/175/67
f 8641/177/68 8642/37/68 8643/142/68
f 8642/37/68 8644/62/68 8643/142/68
f 8645/178/69 8646/179/69 8647/164/69
f 8648/179/69 8649/180/69 8650/164/69
f 8651/181/70 8652/182/70 8653/183/70
f 8654/182/70 8655/169/70 8656/183/70
f 8657/151/71 8658/184/71 8659/185/71
f 8660/184/71 8661/172/71 8662/185/71
f 8663/133/66 8664/155/66 8665/134/66
f 8664/155/66 8666/173/66 8665/134/66
f 8667/174/67 8668/158/67 8669/175/67
f 8668/158/67 8670/176/67 8669/175/67
f 8671/177/68 8672/37/68 8673/142/68
f 8672/37/68 8674/62/68 8673/142/68
f 8675/178/69 8676/179/69 8677/164/69
f 8678/179/69 8679/180/69 8680/164/69
f 8681/181/70 8682/182/70 8683/183/70
f 8684/182/70 8685/169/70 8686/183/70
f 8687/151/71 8688/184/71 8689/185/71
f 8690/184/71 8691/172/71 8692/185/71
f 8693/133/66 8694/155/66 8695/134/66
f 8694/155/66 8696/173/66 8695/134/66
f 8697/174/67 8698/158/67 8699/175/67
f 8698/158/67 8700/176/67 8699/175/67
f 8701/177/68 8702/37/68 8703/142/68
f 8702/37/68 8704/62/68 8703/142/68
f 8705/178/69 8706/179/69 8707/164/69
f 8708/179/69 8709/180/69 8710/164/69
f 8711/181/70 8712/182/70 8713/183/70
f 8714/182/70 8715/169/70 8716/183/70
f 8717/151/71 8718/184/71 8719/185/71
f 8720/184/71 8721/172/71 8722/185/71
f 8723/133/66 8724/155/66 8725/134/66
f 8724/155/66 8726/173/66 8725/134/66
f 8727/174/67 8728/158/67 8729/175/67
f 8728/158/67 8730/176/67 8729/175/67
f 8731/177/68 8732/37/68 8733/142/68
f 8732/37/68 8734/62/68 8733/142/68
f 8735/178/69 8736/179/69 8737/164/69
f 8738/179/69 8739/180/69 8740/164/69
f 8741/181/70 8742/182/70 8743/183/70
f 8744/182/70 8745/169/70 8746/183/70
f 8747/151/71 8748/184/71 8749/185/71
f 8750/184/71 8751/172/71 8752/185/71
f 8753/133/66 8754/155/66 8755/134/66
f 8754/155/66 8756/173/66 8755/134/66
f 8757/395/67 8758/363/67 8759/396/67
f 8758/363/67 8760/397/67 8759/396/67
f 8761/398/68 8762/247/68 8763/142/68
f 8762/247/68 8764/62/68 8763/142/68
f 8765/399/69 8766/400/69 8767/375/69
f 8768/400/69 8769/401/69 8770/375/69
f 8771/402/70 8772/403/70 8773/404/70
f 8774/403/70 8775/405/70 8776/404/70
f 8777/151/71 8778/184/71 8779/406/71
f 8780/184/71 8781/362/71 8782/406/71
f 8783/133/66 8784/155/66 8785/134/66
f 8784/155/66 8786/173/66 8785/134/66
f 8787/395/67 8788/363/67 8789/396/67
f 8788/363/67 8790/397/67 8789/396/67
f 8791/398/68 8792/247/68 8793/142/68
f 8792/247/68 8794/62/68 8793/142/68
f 8795/399/69 8796/400/69 8797/375/69
f 8798/400/69 8799/401/69 8800/375/69
f 8801/402/70 8802/403/70 8803/404/70
f 8804/403/70 8805/405/70 8806/404/70
f 8807/151/71 8808/184/71 8809/406/71
f 8810/184/71 8811/362/71 8812/406/71
f 8813/133/66 8814/155/66 8815/134/66
f 8814/155/66 8816/173/66 8815/134/66
f 8817/174/67 8818/158/67 8819/175/67
f 8818/158/67 8820/176/67 8819/175/67
f 8821/177/68 8822/37/68 8823/142/68
f 8822/37/68 8824/62/68 8823/142/68
f 8825/178/69 8826/179/69 8827/164/69
f 8828/179/69 8829/180/69 8830/164/69
f 8831/181/70 8832/182/70 8833/183/70
f 8834/182/70 8835/169/70 8836/183/70
f 8837/151/71 8838/184/71 8839/185/71
f 8840/184/71 8841/172/71 8842/185/71
f 8843/133/66 8844/155/66 8845/134/66
f 8844/155/66 8846/173/66 8845/134/66
f 8847/174/67 8848/158/67 8849/175/67
f 8848/158/67 8850/176/67 8849/175/67
f 8851/177/68 8852/37/68 8853/142/68
f 8852/37/68 8854/62/68 8853/142/68
f 8855/178/69 8856/179/69 8857/164/69
f 8858/179/69 8859/180/69 8860/164/69
f 8861/181/70 8862/182/70 8863/183/70
f 8864/182/70 8865/169/70 8866/183/70
f 8867/151/71 8868/184/71 8869/185/71
f 8870/184/71 8871/172/71 8872/185/71
f 8873/133/66 8874/155/66 8875/134/66
f 8874/155/66 8876/173/66 8875/134/66
f 8877/174/67 8878/158/67 8879/175/67
f 8878/158/67 8880/176/67 8879/175/67
f 8881/177/68 8882/37/68 8883/142/68
f 8882/37/68 8884/62/68 8883/142/68
f 8885/178/69 8886/179/69 8887/164/69
f 8888/179/69 8889/180/69 8890/164/69
f 8891/181/70 8892/182/70 8893/183/70
f 8894/182/70 8895/169/70 8896/183/70
f 8897/151/71 8898/184/71 8899/185/71
f 8900/184/71 8901/172/71 8902/185/71
f 8903/133/66 8904/155/66 8905/134/66
f 8904/155/66 8906/173/66 8905/134/66
f 8907/174/67 8908/158/67 8909/175/67
f 8908/158/67 8910/176/67 8909/175/67
f 8911/177/68 8912/37/68 8913/142/68
f 8912/37/68 8914/62/68 8913/142/68
f 8915/178/69 8916/179/69 8917/164/69
f 8918/179/69 8919/180/69 8920/164/69
f 8921/181/70 8922/182/70 8923/183/70
f 8924/182/70 8925/169/70 8926/183/70
f 8927/151/71 8928/184/71 8929/185/71
f 8930/184/71 8931/172/71 8932/185/71
f 8933/133/66 8934/155/66 8935/134/66
f 8934/155/66 8936/173/66 8935/134/66
f 8937/174/67 8938/158/67 8939/175/67
f 8938/158/67 8940/176/67 8939/175/67
f 8941/177/68 8942/37/68 8943/142/68
f 8942/37/68 8944/62/68 8943/142/68
f 8945/178/69 8946/179/69 8947/164/69
f 8948/179/69 8949/180/69 8950/164/69
f 8951/181/70 8952/182/70 8953/183/70
f 8954/182/70 8955/169/70 8956/183/70
f 8957/151/71 8958/184/71 8959/185/71
f 8960/184/71 8961/172/71 8962/185/71
f 8963/133/66 8964/155/66 8965/134/66
f 8964/155/66 8966/173/66 8965/134/66
f 8967/186/67 8968/187/67 8969/188/67
f 8968/187/67 8970/189/67 8969/188/67
f 8971/190/68 8972/191/68 8973/142/68
f 8972/191/68 8974/62/68 8973/142/68
f 8975/192/69 8976/193/69 8977/194/69
f 8978/193/69 8979/195/69 8980/194/69
f 8981/196/70 8982/197/70 8983/198/70
f 8984/197/70 8985/199/70 8986/198/70
f 8987/151/71 8988/184/71 8989/200/71
f 8990/184/71 8991/201/71 8992/200/71
f 8993/133/66 8994/155/66 8995/134/66
f 8994/155/66 8996/173/66 8995/134/66
f 8997/174/67 8998/158/67 8999/175/67
f 8998/158/67 9000/176/67 8999/175/67
f 9001/177/68 9002/37/68 9003/142/68
f 9002/37/68 9004/62/68 9003/142/68
f 9005/178/69 9006/179/69 9007/164/69
f 9008/179/69 9009/180/69 9010/164/69
f 9011/181/70 9012/182/70 9013/183/70
f 9014/182/70 9015/169/70 9016/183/70
f 9017/151/71 9018/184/71 9019/185/71
f 9020/184/71 9021/172/71 9022/185/71
f 9023/133/66 9024/155/66 9025/134/66
f 9024/155/66 9026/173/66 9025/134/66
f 9027/174/67 9028/158/67 9029/175/67
f 9028/158/67 9030/176/67 9029/175/67
f 9031/177/68 9032/37/68 9033/142/68
f 9032/37/68 9034/62/68 9033/142/68
f 9035/178/69 9036/179/69 9037/164/69
f 9038/179/69 9039/180/69 9040/164/69
f 9041/181/70 9042/182/70 9043/183/70
f 9044/182/70 9045/169/70 9046/183/70
f 9047/151/71 9048/184/71 9049/185/71
f 9050/184/71 9051/172/71 9052/185/71
f 9053/133/66 9054/155/66 9055/134/66
f 9054/155/66 9056/173/66 9055/134/66
f 9057/174/67 9058/158/67 9059/175/67
f 9058/158/67 9060/176/67 9059/175/67
f 9061/177/68 9062/37/68 9063/142/68
f 9062/37/68 9064/62/68 9063/142/68
f 9065/178/69 9066/179/69 9067/164/69
f 9068/179/69 9069/180/69 9070/164/69
f 9071/181/70 9072/182/70 9073/183/70
f 9074/182/70 9075/169/70 9076/183/70
f 9077/151/71 9078/184/71 9079/185/71
f 9080/184/71 9081/172/71 9082/185/71
f 9083/133/66 9084/155/66 9085/134/66
f 9084/155/66 9086/173/66 9085/134/66
f 9087/174/67 9088/158/67 9089/175/67
f 9088/158/67 9090/176/67 9089/175/67
f 9091/177/68 9092/37/68 9093/142/68
f 9092/37/68 9094/62/68 9093/142/68
f 9095/178/69 9096/179/69 9097/164/69
f 9098/179/69 9099/180/69 9100/164/69
f 9101/181/70 9102/182/70 9103/183/70
f 9104/182/70 9105/169/70 9106/183/70
f 9107/151/71 9108/184/71 9109/185/71
f 9110/184/71 9111/172/71 9112/185/71
f 9113/133/66 9114/155/66 9115/134/66
f 9114/155/66 9116/173/66 9115/134/66
f 9117/174/67 9118/158/67 9119/175/67
f 9118/158/67 9120/176/67 9119/175/67
f 9121/177/68 9122/37/68 9123/142/68
f 9122/37/68 9124/62/68 9123/142/68
f 9125/178/69 9126/179/69 9127/164/69
f 9128/179/69 9129/180/69 9130/164/69
f 9131/181/70 9132/182/70 9133/183/70
f 9134/182/70 9135/169/70 9136/183/70
f 9137/151/71 9138/184/71 9139/185/71
f 9140/184/71 9141/172/71 9142/185/71
f 9143/133/66 9144/155/66 9145/134/66
f 9144/155/66 9146/173/66 9145/134/66
f 9147/174/67 9148/158/67 9149/175/67
f 9148/158/67 9150/176/67 9149/175/67
f 9151/177/68 9152/37/68 9153/142/68
f 9152/37/68 9154/62/68 9153/142/68
f 9155/178/69 9156/179/69 9157/164/69
f 9158/179/69 9159/180/69 9160/164/69
f 9161/181/70 9162/182/70 9163/183/70
f 9164/182/70 9165/169/70 9166/183/70
f 9167/151/71 9168/184/71 9169/185/71
f 9170/184/71 9171/172/71 9172/185/71
f 9173/133/66 9174/155/66 9175/134/66
f 9174/155/66 9176/173/66 9175/134/66
f 9177/407/67 9178/408/67 9179/409/67
f 9178/408/67 9180/219/67 9179/409/67
f 9181/410/68 9182/230/68 9183/142/68
f 9182/230/68 9184/62/68 9183/142/68
f 9185/411/69 9186/412/69 9187/309/69
f 9188/412/69 9189/413/69 9190/309/69
f 9191/414/70 9192/220/70 9193/415/70
f 9194/220/70 9195/416/70 9196/415/70
f 9197/151/71 9198/184/71 9199/417/71
f 9200/184/71 9201/418/71 9202/417/71
f 9203/133/66 9204/299/66 9205/134/66
f 9204/299/66 9206/419/66 9205/134/66
f 9207/407/67 9208/319/67 9209/409/67
f 9208/319/67 9210/420/67 9209/409/67
f 9211/410/68 9212/230/68 9213/142/68
f 9212/230/68 9214/62/68 9213/142/68
f 9215/411/69 9216/412/69 9217/309/69
f 9218/412/69 9219/413/69 9220/309/69
f 9221/414/70 9222/421/70 9223/415/70
f 9224/421/70 9225/422/70 9226/415/70
f 9227/151/71 9228/423/71 9229/417/71
f 9230/423/71 9231/301/71 9232/417/71
f 9233/25/66 9234/332/66 9235/27/66
f 9234/332/66 9236/333/66 9235/27/66
f 9237/334/67 9238/335/67 9239/236/67
f 9238/335/67 9240/336/67 9239/236/67
f 9241/231/68 9242/230/68 9243/35/68
f 9242/230/68 9244/36/68 9243/35/68
f 9245/13/69 9246/337/69 9247/309/69
f 9248/337/69 9249/338/69 9250/309/69
f 9251/339/70 9252/340/70 9253/341/70
f 9254/340/70 9255/342/70 9256/341/70
f 9257/45/71 9258/343/71 9259/344/71
f 9260/343/71 9261/345/71 9262/344/71
f 9263/25/66 9264/332/66 9265/27/66
f 9264/332/66 9266/333/66 9265/27/66
f 9267/334/67 9268/335/67 9269/236/67
f 9268/335/67 9270/336/67 9269/236/67
f 9271/231/68 9272/230/68 9273/35/68
f 9272/230/68 9274/36/68 9273/35/68
f 9275/13/69 9276/337/69 9277/309/69
f 9278/337/69 9279/338/69 9280/309/69
f 9281/339/70 9282/340/70 9283/341/70
f 9284/340/70 9285/342/70 9286/341/70
f 9287/45/71 9288/343/71 9289/344/71
f 9290/343/71 9291/345/71 9292/344/71
f 9293/25/66 9294/332/66 9295/27/66
f 9294/332/66 9296/333/66 9295/27/66
f 9297/29/67 9298/382/67 9299/31/67
f 9298/382/67 9300/424/67 9299/31/67
f 9301/33/68 9302/34/68 9303/35/68
f 9302/34/68 9304/36/68 9303/35/68
f 9305/37/69 9306/38/69 9307/39/69
f 9308/38/69 9309/40/69 9310/39/69
f 9311/41/70 9312/425/70 9313/43/70
f 9314/425/70 9315/426/70 9316/43/70
f 9317/45/71 9318/343/71 9319/47/71
f 9320/343/71 9321/367/71 9322/47/71
f 9323/25/66 9324/332/66 9325/27/66
f 9324/332/66 9326/333/66 9325/27/66
f 9327/29/67 9328/382/67 9329/31/67
f 9328/382/67 9330/424/67 9329/31/67
f 9331/33/68 9332/34/68 9333/35/68
f 9332/34/68 9334/36/68 9333/35/68
f 9335/37/69 9336/38/69 9337/39/69
f 9338/38/69 9339/40/69 9340/39/69
f 9341/41/70 9342/425/70 9343/43/70
f 9344/425/70 9345/426/70 9346/43/70
f 9347/45/71 9348/343/71 9349/47/71
f 9350/343/71 9351/367/71 9352/47/71
f 9353/25/66 9354/332/66 9355/27/66
f 9354/332/66 9356/333/66 9355/27/66
f 9357/29/67 9358/382/67 9359/31/67
f 9358/382/67 9360/424/67 9359/31/67
f 9361/33/68 9362/34/68 9363/35/68
f 9362/34/68 9364/36/68 9363/35/68
f 9365/37/69 9366/38/69 9367/39/69
f 9368/38/69 9369/40/69 9370/39/69
f 9371/41/70 9372/425/70 9373/43/70
f 9374/425/70 9375/426/70 9376/43/70
f 9377/45/71 9378/343/71 9379/47/71
f 9380/343/71 9381/367/71 9382/47/71
f 9383/25/66 9384/332/66 9385/27/66
f 9384/332/66 9386/333/66 9385/27/66
f 9387/29/67 9388/382/67 9389/31/67
f 9388/382/67 9390/424/67 9389/31/67
f 9391/33/68 9392/34/68 9393/35/68
f 9392/34/68 9394/36/68 9393/35/68
f 9395/37/69 9396/38/69 9397/39/69
f 9398/38/69 9399/40/69 9400/39/69
f 9401/41/70 9402/425/70 9403/43/70
f 9404/425/70 9405/426/70 9406/43/70
f 9407/45/71 9408/343/71 9409/47/71
f 9410/343/71 9411/367/71 9412/47/71
f 9413/25/66 9414/332/66 9415/27/66
f 9414/332/66 9416/333/66 9415/27/66
f 9417/29/67 9418/382/67 9419/31/67
f 9418/382/67 9420/424/67 9419/31/67
f 9421/33/68 9422/34/68 9423/35/68
f 9422/34/68 9424/36/68 9423/35/68
f 9425/37/69 9426/38/69 9427/39/69
f 9428/38/69 9429/40/69 9430/39/69
f 9431/41/70 9432/425/70 9433/43/70
f 9434/425/70 9435/426/70 9436/43/70
f 9437/45/71 9438/343/71 9439/47/71
f 9440/343/71 9441/367/71 9442/47/71
f 9443/25/66 9444/332/66 9445/27/66
f 9444/332/66 9446/333/66 9445/27/66
f 9447/29/67 9448/382/67 9449/31/67
f 9448/382/67 9450/424/67 9449/31/67
f 9451/33/68 9452/34/68 9453/35/68
f 9452/34/68 9454/36/68 9453/35/68
f 9455/37/69 9456/38/69 9457/39/69
f 9458/38/69 9459/40/69 9460/39/69
f 9461/41/70 9462/425/70 9463/43/70
f 9464/425/70 9465/426/70 9466/43/70
f 9467/45/71 9468/343/71 9469/47/71
f 9470/343/71 9471/367/71 9472/47/71
f 9473/25/66 9474/332/66 9475/27/66
f 9474/332/66 9476/333/66 9475/27/66
f 9477/29/67 9478/382/67 9479/31/67
f 9478/382/67 9480/424/67 9479/31/67
f 9481/33/68 9482/34/68 9483/35/68
f 9482/34/68 9484/36/68 9483/35/68
f 9485/37/69 9486/38/69 9487/39/69
f 9488/38/69 9489/40/69 9490/39/69
f 9491/41/70 9492/425/70 9493/43/70
f 9494/425/70 9495/426/70 9496/43/70
f 9497/45/71 9498/343/71 9499/47/71
f 9500/343/71 9501/367/71 9502/47/71
f 9503/25/66 9504/332/66 9505/27/66
f 9504/332/66 9506/333/66 9505/27/66
f 9507/29/67 9508/382/67 9509/31/67
f 9508/382/67 9510/424/67 9509/31/67
f 9511/33/68 9512/34/68 9513/35/68
f 9512/34/68 9514/36/68 9513/35/68
f 9515/37/69 9516/38/69 9517/39/69
f 9518/38/69 9519/40/69 9520/39/69
f 9521/41/70 9522/425/70 9523/43/70
f 9524/425/70 9525/426/70 9526/43/70
f 9527/45/71 9528/343/71 9529/47/71
f 9530/343/71 9531/367/71 9532/47/71
f 9533/25/66 9534/332/66 9535/27/66
f 9534/332/66 9536/333/66 9535/27/66
f 9537/29/67 9538/382/67 9539/31/67
f 9538/382/67 9540/424/67 9539/31/67
f 9541/33/68 9542/34/68 9543/35/68
f 9542/34/68 9544/36/68 9543/35/68
f 9545/37/69 9546/38/69 9547/39/69
f 9548/38/69 9549/40/69 9550/39/69
f 9551/41/70 9552/425/70 9553/43/70
f 9554/425/70 9555/426/70 9556/43/70
f 9557/45/71 9558/343/71 9559/47/71
f 9560/343/71 9561/367/71 9562/47/71
f 9563/25/66 9564/332/66 9565/27/66
f 9564/332/66 9566/333/66 9565/27/66
f 9567/29/67 9568/382/67 9569/31/67
f 9568/382/67 9570/424/67 9569/31/67
f 9571/33/68 9572/34/68 9573/35/68
f 9572/34/68 9574/36/68 9573/35/68
f 9575/37/69 9576/38/69 9577/39/69
f 9578/38/69 9579/40/69 9580/39/69
f 9581/41/70 9582/425/70 9583/43/70
f 9584/425/70 9585/426/70 9586/43/70
f 9587/45/71 9588/343/71 9589/47/71
f 9590/343/71 9591/367/71 9592/47/71
f 9593/25/66 9594/332/66 9595/27/66
f 9594/332/66 9596/333/66 9595/27/66
f 9597/29/67 9598/382/67 9599/31/67
f 9598/382/67 9600/424/67 9599/31/67
f 9601/33/68 9602/34/68 9603/35/68
f 9602/34/68 9604/36/68 9603/35/68
f 9605/37/69 9606/38/69 9607/39/69
f 9608/38/69 9609/40/69 9610/39/69
f 9611/41/70 9612/425/70 9613/43/70
f 9614/425/70 9615/426/70 9616/43/70
f 9617/45/71 9618/343/71 9619/47/71
f 9620/343/71 9621/367/71 9622/47/71
f 9623/25/66 9624/2/66 9625/27/66
f 9624/2/66 9626/427/66 9625/27/66
f 9627/29/67 9628/428/67 9629/31/67
f 9628/428/67 9630/391/67 9629/31/67
f 9631/33/68 9632/34/68 9633/35/68
f 9632/34/68 9634/36/68 9633/35/68
f 9635/37/69 9636/38/69 9637/39/69
f 9638/38/69 9639/40/69 9640/39/69
f 9641/41/70 9642/386/70 9643/43/70
f 9644/386/70 9645/429/70 9646/43/70
f 9647/45/71 9648/430/71 9649/47/71
f 9650/430/71 9651/431/71 9652/47/71
f 9653/25/66 9654/332/66 9655/27/66
f 9654/332/66 9656/333/66 9655/27/66
f 9657/29/67 9658/382/67 9659/31/67
f 9658/382/67 9660/424/67 9659/31/67
f 9661/33/68 9662/34/68 9663/35/68
f 9662/34/68 9664/36/68 9663/35/68
f 9665/37/69 9666/38/69 9667/39/69
f 9668/38/69 9669/40/69 9670/39/69
f 9671/41/70 9672/425/70 9673/43/70
f 9674/425/70 9675/426/70 9676/43/70
f 9677/45/71 9678/343/71 9679/47/71
f 9680/343/71 9681/367/71 9682/47/71
f 9683/25/66 9684/332/66 9685/27/66
f 9684/332/66 9686/333/66 9685/27/66
f 9687/29/67 9688/382/67 9689/31/67
f 9688/382/67 9690/424/67 9689/31/67
f 9691/33/68 9692/34/68 9693/35/68
f 9692/34/68 9694/36/68 9693/35/68
f 9695/37/69 9696/38/69 9697/39/69
f 9698/38/69 9699/40/69 9700/39/69
f 9701/41/70 9702/425/70 9703/43/70
f 9704/425/70 9705/426/70 9706/43/70
f 9707/45/71 9708/343/71 9709/47/71
f 9710/343/71 9711/367/71 9712/47/71
f 9713/25/66 9714/332/66 9715/27/66
f 9714/332/66 9716/333/66 9715/27/66
f 9717/29/67 9718/382/67 9719/31/67
f 9718/382/67 9720/424/67 9719/31/67
f 9721/33/68 9722/34/68 9723/35/68
f 9722/34/68 9724/36/68 9723/35/68
f 9725/37/69 9726/38/69 9727/39/69
f 9728/38/69 9729/40/69 9730/39/69
f 9731/41/70 9732/425/70 9733/43/70
f 9734/425/70 9735/426/70 9736/43/70
f 9737/45/71 9738/343/71 9739/47/71
f 9740/343/71 9741/367/71 9742/47/71
f 9743/25/66 9744/332/66 9745/27/66
f 9744/332/66 9746/333/66 9745/27/66
f 9747/29/67 9748/382/67 9749/31/67
f 9748/382/67 9750/424/67 9749/31/67
f 9751/33/68 9752/34/68 9753/35/68
f 9752/34/68 9754/36/68 9753/35/68
f 9755/37/69 9756/38/69 9757/39/69
f 9758/38/69 9759/40/69 9760/39/69
f 9761/41/70 9762/425/70 9763/43/70
f 9764/425/70 9765/426/70 9766/43/70
f 9767/45/71 9768/343/71 9769/47/71
f 9770/343/71 9771/367/71 9772/47/71
f 9773/25/66 9774/332/66 9775/27/66
f 9774/332/66 9776/333/66 9775/27/66
f 9777/29/67 9778/382/67 9779/31/67
f 9778/382/67 9780/424/67 9779/31/67
f 9781/33/68 9782/34/68 9783/35/68
f 9782/34/68 9784/36/68 9783/35/68
f 9785/37/69 9786/38/69 9787/39/69
f 9788/38/69 9789/40/69 9790/39/69
f 9791/41/70 9792/425/70 9793/43/70
f 9794/425/70 9795/426/70 9796/43/70
f 9797/45/71 9798/343/71 9799/47/71
f 9800/343/71 9801/367/71 9802/47/71
f 9803/25/66 9804/332/66 9805/27/66
f 9804/332/66 9806/333/66 9805/27/66
f 9807/29/67 9808/382/67 9809/31/67
f 9808/382/67 9810/424/67 9809/31/67
f 9811/33/68 9812/34/68 9813/35/68
f 9812/34/68 9814/36/68 9813/35/68
f 9815/37/69 9816/38/69 9817/39/69
f 9818/38/69 9819/40/69 9820/39/69
f 9821/41/70 9822/425/70 9823/43/70
f 9824/425/70 9825/426/70 9826/43/70
f 9827/45/71 9828/343/71 9829/47/71
f 9830/343/71 9831/367/71 9832/47/71
f 9833/25/66 9834/332/66 9835/27/66
f 9834/332/66 9836/333/66 9835/27/66
f 9837/29/67 9838/382/67 9839/31/67
f 9838/382/67 9840/424/67 9839/31/67
f 9841/33/68 9842/34/68 9843/35/68
f 9842/34/68 9844/36/68 9843/35/68
f 9845/37/69 9846/38/69 9847/39/69
f 9848/38/69 9849/40/69 9850/39/69
f 9851/41/70 9852/425/70 9853/43/70
f 9854/425/70 9855/426/70 9856/43/70
f 9857/45/71 9858/343/71 9859/47/71
f 9860/343/71 9861/367/71 9862/47/71
f 9863/25/66 9864/332/66 9865/27/66
f 9864/332/66 9866/333/66 9865/27/66
f 9867/29/67 9868/382/67 9869/31/67
f 9868/382/67 9870/424/67 9869/31/67
f 9871/33/68 9872/34/68 9873/35/68
f 9872/34/68 9874/36/68 9873/35/68
f 9875/37/69 9876/38/69 9877/39/69
f 9878/38/69 9879/40/69 9880/39/69
f 9881/41/70 9882/425/70 9883/43/70
f 9884/425/70 9885/426/70 9886/43/70
f 9887/45/71 9888/343/71 9889/47/71
f 9890/343/71 9891/367/71 9892/47/71
f 9893/25/66 9894/332/66 9895/27/66
f 9894/332/66 9896/333/66 9895/27/66
f 9897/29/67 9898/382/67 9899/31/67
f 9898/382/67 9900/424/67 9899/31/67
f 9901/33/68 9902/34/68 9903/35/68
f 9902/34/68 9904/36/68 9903/35/68
f 9905/37/69 9906/38/69 9907/39/69
f 9908/38/69 9909/40/69 9910/39/69
f 9911/41/70 9912/425/70 9913/43/70
f 9914/425/70 9915/426/70 9916/43/70
f 9917/45/71 9918/343/71 9919/47/71
f 9920/343/71 9921/367/71 9922/47/71
f 9923/25/66 9924/332/66 9925/27/66
f 9924/332/66 9926/333/66 9925/27/66
f 9927/29/67 9928/382/67 9929/31/67
f 9928/382/67 9930/424/67 9929/31/67
f 9931/33/68 9932/34/68 9933/35/68
f 9932/34/68 9934/36/68 9933/35/68
f 9935/37/69 9936/38/69 9937/39/69
f 9938/38/69 9939/40/69 9940/39/69
f 9941/41/70 9942/425/70 9943/43/70
f 9944/425/70 9945/426/70 9946/43/70
f 9947/45/71 9948/343/71 9949/47/71
f 9950/343/71 9951/367/71 9952/47/71
f 9953/25/66 9954/332/66 9955/27/66
f 9954/332/66 9956/333/66 9955/27/66
f 9957/347/67 9958/432/67 9959/349/67
f 9958/432/67 9960/384/67 9959/349/67
f 9961/351/68 9962/60/68 9963/35/68
f 9962/60/68 9964/36/68 9963/35/68
f 9965/141/69 9966/352/69 9967/293/69
f 9968/352/69 9969/353/69 9970/293/69
f 9971/354/70 9972/369/70 9973/356/70
f 9974/369/70 9975/433/70 9976/356/70
f 9977/45/71 9978/343/71 9979/359/71
f 9980/343/71 9981/434/71 9982/359/71
f 9983/25/66 9984/332/66 9985/27/66
f 9984/332/66 9986/333/66 9985/27/66
f 9987/29/67 9988/382/67 9989/31/67
f 9988/382/67 9990/424/67 9989/31/67
f 9991/33/68 9992/34/68 9993/35/68
f 9992/34/68 9994/36/68 9993/35/68
f 9995/37/69 9996/38/69 9997/39/69
f 9998/38/69 9999/40/69 10000/39/69
f 10001/41/70 10002/425/70 10003/43/70
f 10004/425/70 10005/426/70 10006/43/70
f 10007/45/71 10008/343/71 10009/47/71
f 10010/343/71 10011/367/71 10012/47/71
f 10013/25/71 10014/155/71 10015/27/71
f 10016/155/71 10017/361/71 10018/27/71
f 10019/347/70 10020/290/70 10021/349/70
f 10022/290/70 10023/362/70 10024/349/70
f 10025/351/68 10026/60/68 10027/35/68
f 10028/60/68 10029/36/68 10030/35/68
f 10031/141/69 10032/352/69 10033/293/69
f 10032/352/69 10034/353/69 10033/293/69
f 10035/354/66 10036/363/66 10037/356/66
f 10036/363/66 10038/189/66 10037/356/66
f 10039/45/67 10040/364/67 10041/359/67
f 10040/364/67 10042/297/67 10041/359/67
f 10043/25/71 10044/155/71 10045/27/71
f 10046/155/71 10047/361/71 10048/27/71
f 10049/347/70 10050/290/70 10051/349/70
f 10052/290/70 10053/362/70 10054/349/70
f 10055/351/68 10056/60/68 10057/35/68
f 10058/60/68 10059/36/68 10060/35/68
f 10061/141/69 10062/352/69 10063/293/69
f 10062/352/69 10064/353/69 10063/293/69
f 10065/354/66 10066/363/66 10067/356/66
f 10066/363/66 10068/189/66 10067/356/66
f 10069/45/67 10070/364/67 10071/359/67
f 10070/364/67 10072/297/67 10071/359/67
f 10073/25/66 10074/332/66 10075/27/66
f 10074/332/66 10076/333/66 10075/27/66
f 10077/29/67 10078/382/67 10079/31/67
f 10078/382/67 10080/424/67 10079/31/67
f 10081/33/68 10082/34/68 10083/35/68
f 10082/34/68 10084/36/68 10083/35/68
f 10085/37/69 10086/38/69 10087/39/69
f 10088/38/69 10089/40/69 10090/39/69
f 10091/41/70 10092/425/70 10093/43/70
f 10094/425/70 10095/426/70 10096/43/70
f 10097/45/71 10098/343/71 10099/47/71
f 10100/343/71 10101/367/71 10102/47/71
f 10103/25/66 10104/332/66 10105/27/66
f 10104/332/66 10106/333/66 10105/27/66
f 10107/29/67 10108/382/67 10109/31/67
f 10108/382/67 10110/424/67 10109/31/67
f 10111/33/68 10112/34/68 10113/35/68
f 10112/34/68 10114/36/68 10113/35/68
f 10115/37/69 10116/38/69 10117/39/69
f 10118/38/69 10119/40/69 10120/39/69
f 10121/41/70 10122/425/70 10123/43/70
f 10124/425/70 10125/426/70 10126/43/70
f 10127/45/71 10128/343/71 10129/47/71
f 10130/343/71 10131/367/71 10132/47/71
f 10133/25/71 10134/332/71 10135/27/71
f 10136/332/71 10137/333/71 10138/27/71
f 10139/334/70 10140/335/70 10141/236/70
f 10142/335/70 10143/336/70 10144/236/70
f 10145/231/68 10146/230/68 10147/35/68
f 10148/230/68 10149/36/68 10150/35/68
f 10151/13/69 10152/337/69 10153/309/69
f 10152/337/69 10154/338/69 10153/309/69
f 10155/339/66 10156/340/66 10157/341/66
f 10156/340/66 10158/342/66 10157/341/66
f 10159/45/67 10160/343/67 10161/344/67
f 10160/343/67 10162/345/67 10161/344/67
f 10163/25/66 10164/332/66 10165/27/66
f 10164/332/66 10166/333/66 10165/27/66
f 10167/29/67 10168/382/67 10169/31/67
f 10168/382/67 10170/424/67 10169/31/67
f 10171/33/68 10172/34/68 10173/35/68
f 10172/34/68 10174/36/68 10173/35/68
f 10175/37/69 10176/38/69 10177/39/69
f 10178/38/69 10179/40/69 10180/39/69
f 10181/41/70 10182/425/70 10183/43/70
f 10184/425/70 10185/426/70 10186/43/70
f 10187/45/71 10188/343/71 10189/47/71
f 10190/343/71 10191/367/71 10192/47/71
f 10193/25/66 10194/332/66 10195/27/66
f 10194/332/66 10196/333/66 10195/27/66
f 10197/29/67 10198/382/67 10199/31/67
f 10198/382/67 10200/424/67 10199/31/67
f 10201/33/68 10202/34/68 10203/35/68
f 10202/34/68 10204/36/68 10203/35/68
f 10205/37/69 10206/38/69 10207/39/69
f 10208/38/69 10209/40/69 10210/39/69
f 10211/41/70 10212/425/70 10213/43/70
f 10214/425/70 10215/426/70 10216/43/70
f 10217/45/71 10218/343/71 10219/47/71
f 10220/343/71 10221/367/71 10222/47/71
f 10223/25/66 10224/332/66 10225/27/66
f 10224/332/66 10226/333/66 10225/27/66
f 10227/29/67 10228/382/67 10229/31/67
f 10228/382/67 10230/424/67 10229/31/67
f 10231/33/68 10232/34/68 10233/35/68
f 10232/34/68 10234/36/68 10233/35/68
f 10235/37/69 10236/38/69 10237/39/69
f 10238/38/69 10239/40/69 10240/39/69
f 10241/41/70 10242/425/70 10243/43/70
f 10244/425/70 10245/426/70 10246/43/70
f 10247/45/71 10248/343/71 10249/47/71
f 10250/343/71 10251/367/71 10252/47/71
f 10253/25/66 10254/332/66 10255/27/66
f 10254/332/66 10256/333/66 10255/27/66
f 10257/225/67 10258/435/67 10259/227/67
f 10258/435/67 10260/436/67 10259/227/67
f 10261/229/68 10262/84/68 10263/35/68
f 10262/84/68 10264/36/68 10263/35/68
f 10265/230/69 10266/231/69 10267/232/69
f 10268/231/69 10269/233/69 10270/232/69
f 10271/234/70 10272/437/70 10273/236/70
f 10274/437/70 10275/336/70 10276/236/70
f 10277/45/71 10278/343/71 10279/239/71
f 10280/343/71 10281/438/71 10282/239/71
f 10283/25/66 10284/332/66 10285/27/66
f 10284/332/66 10286/333/66 10285/27/66
f 10287/347/67 10288/432/67 10289/349/67
f 10288/432/67 10290/384/67 10289/349/67
f 10291/351/68 10292/60/68 10293/35/68
f 10292/60/68 10294/36/68 10293/35/68
f 10295/141/69 10296/352/69 10297/293/69
f 10298/352/69 10299/353/69 10300/293/69
f 10301/354/70 10302/369/70 10303/356/70
f 10304/369/70 10305/433/70 10306/356/70
f 10307/45/71 10308/343/71 10309/359/71
f 10310/343/71 10311/434/71 10312/359/71
f 10313/25/66 10314/332/66 10315/27/66
f 10314/332/66 10316/333/66 10315/27/66
f 10317/29/67 10318/382/67 10319/31/67
f 10318/382/67 10320/424/67 10319/31/67
f 10321/33/68 10322/34/68 10323/35/68
f 10322/34/68 10324/36/68 10323/35/68
f 10325/37/69 10326/38/69 10327/39/69
f 10328/38/69 10329/40/69 10330/39/69
f 10331/41/70 10332/425/70 10333/43/70
f 10334/425/70 10335/426/70 10336/43/70
f 10337/45/71 10338/343/71 10339/47/71
f 10340/343/71 10341/367/71 10342/47/71
f 10343/25/66 10344/332/66 10345/27/66
f 10344/332/66 10346/333/66 10345/27/66
f 10347/29/67 10348/382/67 10349/31/67
f 10348/382/67 10350/424/67 10349/31/67
f 10351/33/68 10352/34/68 10353/35/68
f 10352/34/68 10354/36/68 10353/35/68
f 10355/37/69 10356/38/69 10357/39/69
f 10358/38/69 10359/40/69 10360/39/69
f 10361/41/70 10362/425/70 10363/43/70
f 10364/425/70 10365/426/70 10366/43/70
f 10367/45/71 10368/343/71 10369/47/71
f 10370/343/71 10371/367/71 10372/47/71
f 10373/25/66 10374/2/66 10375/27/66
f 10374/2/66 10376/427/66 10375/27/66
f 10377/29/67 10378/428/67 10379/31/67
f 10378/428/67 10380/391/67 10379/31/67
f 10381/33/68 10382/34/68 10383/35/68
f 10382/34/68 10384/36/68 10383/35/68
f 10385/37/69 10386/38/69 10387/39/69
f 10388/38/69 10389/40/69 10390/39/69
f 10391/41/70 10392/386/70 10393/43/70
f 10394/386/70 10395/429/70 10396/43/70
f 10397/45/71 10398/430/71 10399/47/71
f 10400/430/71 10401/431/71 10402/47/71
f 10403/25/66 10404/332/66 10405/27/66
f 10404/332/66 10406/333/66 10405/27/66
f 10407/225/67 10408/435/67 10409/227/67
f 10408/435/67 10410/436/67 10409/227/67
f 10411/229/68 10412/84/68 10413/35/68
f 10412/84/68 10414/36/68 10413/35/68
f 10415/230/69 10416/231/69 10417/232/69
f 10418/231/69 10419/233/69 10420/232/69
f 10421/234/70 10422/437/70 10423/236/70
f 10424/437/70 10425/336/70 10426/236/70
f 10427/45/71 10428/343/71 10429/239/71
f 10430/343/71 10431/438/71 10432/239/71
f 10433/25/66 10434/439/66 10435/27/66
f 10434/439/66 10436/440/66 10435/27/66
f 10437/441/67 10438/442/67 10439/344/67
f 10438/442/67 10440/443/67 10439/344/67
f 10441/444/68 10442/57/68 10443/35/68
f 10442/57/68 10444/36/68 10443/35/68
f 10445/246/69 10446/245/69 10447/62/69
f 10448/245/69 10449/445/69 10450/62/69
f 10451/334/70 10452/446/70 10453/243/70
f 10454/446/70 10455/447/70 10456/243/70
f 10457/45/71 10458/448/71 10459/449/71
f 10460/448/71 10461/450/71 10462/449/71
f 10463/49/66 10464/2/66 10465/50/66
f 10464/2/66 10466/451/66 10465/50/66
f 10467/452/67 10468/22/67 10469/453/67
f 10468/22/67 10470/454/67 10469/453/67
f 10471/455/68 10472/456/68 10473/58/68
f 10472/456/68 10474/59/68 10473/58/68
f 10475/34/69 10476/457/69 10477/12/69
f 10478/457/69 10479/458/69 10480/12/69
f 10481/459/70 10482/460/70 10483/461/70
f 10484/460/70 10485/24/70 10486/461/70
f 10487/68/71 10488/462/71 10489/463/71
f 10490/462/71 10491/4/71 10492/463/71
f 10493/25/66 10494/464/66 10495/27/66
f 10494/464/66 10496/465/66 10495/27/66
f 10497/441/67 10498/466/67 10499/344/67
f 10498/466/67 10500/467/67 10499/344/67
f 10501/444/68 10502/57/68 10503/35/68
f 10502/57/68 10504/36/68 10503/35/68
f 10505/246/69 10506/245/69 10507/62/69
f 10508/245/69 10509/445/69 10510/62/69
f 10511/334/70 10512/468/70 10513/243/70
f 10514/468/70 10515/469/70 10516/243/70
f 10517/45/71 10518/470/71 10519/449/71
f 10520/470/71 10521/471/71 10522/449/71
f 10523/25/66 10524/332/66 10525/27/66
f 10524/332/66 10526/333/66 10525/27/66
f 10527/29/67 10528/382/67 10529/31/67
f 10528/382/67 10530/424/67 10529/31/67
f 10531/33/68 10532/34/68 10533/35/68
f 10532/34/68 10534/36/68 10533/35/68
f 10535/37/69 10536/38/69 10537/39/69
f 10538/38/69 10539/40/69 10540/39/69
f 10541/41/70 10542/425/70 10543/43/70
f 10544/425/70 10545/426/70 10546/43/70
f 10547/45/71 10548/343/71 10549/47/71
f 10550/343/71 10551/367/71 10552/47/71
f 10553/25/66 10554/332/66 10555/27/66
f 10554/332/66 10556/333/66 10555/27/66
f 10557/29/67 10558/382/67 10559/31/67
f 10558/382/67 10560/424/67 10559/31/67
f 10561/33/68 10562/34/68 10563/35/68
f 10562/34/68 10564/36/68 10563/35/68
f 10565/37/69 10566/38/69 10567/39/69
f 10568/38/69 10569/40/69 10570/39/69
f 10571/41/70 10572/425/70 10573/43/70
f 10574/425/70 10575/426/70 10576/43/70
f 10577/45/71 10578/343/71 10579/47/71
f 10580/343/71 10581/367/71 10582/47/71
f 10583/25/66 10584/332/66 10585/27/66
f 10584/332/66 10586/333/66 10585/27/66
f 10587/29/67 10588/382/67 10589/31/67
f 10588/382/67 10590/424/67 10589/31/67
f 10591/33/68 10592/34/68 10593/35/68
f 10592/34/68 10594/36/68 10593/35/68
f 10595/37/69 10596/38/69 10597/39/69
f 10598/38/69 10599/40/69 10600/39/69
f 10601/41/70 10602/425/70 10603/43/70
f 10604/425/70 10605/426/70 10606/43/70
f 10607/45/71 10608/343/71 10609/47/71
f 10610/343/71 10611/367/71 10612/47/71
f 10613/25/66 10614/332/66 10615/27/66
f 10614/332/66 10616/333/66 10615/27/66
f 10617/29/67 10618/382/67 10619/31/67
f 10618/382/67 10620/424/67 10619/31/67
f 10621/33/68 10622/34/68 10623/35/68
f 10622/34/68 10624/36/68 10623/35/68
f 10625/37/69 10626/38/69 10627/39/69
f 10628/38/69 10629/40/69 10630/39/69
f 10631/41/70 10632/425/70 10633/43/70
f 10634/425/70 10635/426/70 10636/43/70
f 10637/45/71 10638/343/71 10639/47/71
f 10640/343/71 10641/367/71 10642/47/71
f 10643/25/66 10644/332/66 10645/27/66
f 10644/332/66 10646/333/66 10645/27/66
f 10647/29/67 10648/382/67 10649/31/67
f 10648/382/67 10650/424/67 10649/31/67
f 10651/33/68 10652/34/68 10653/35/68
f 10652/34/68 10654/36/68 10653/35/68
f 10655/37/69 10656/38/69 10657/39/69
f 10658/38/69 10659/40/69 10660/39/69
f 10661/41/70 10662/425/70 10663/43/70
f 10664/425/70 10665/426/70 10666/43/70
f 10667/45/71 10668/343/71 10669/47/71
f 10670/343/71 10671/367/71 10672/47/71
f 10673/25/66 10674/332/66 10675/27/66
f 10674/332/66 10676/333/66 10675/27/66
f 10677/29/67 10678/382/67 10679/31/67
f 10678/382/67 10680/424/67 10679/31/67
f 10681/33/68 10682/34/68 10683/35/68
f 10682/34/68 10684/36/68 10683/35/68
f 10685/37/69 10686/38/69 10687/39/69
f 10688/38/69 10689/40/69 10690/39/69
f 10691/41/70 10692/425/70 10693/43/70
f 10694/425/70 10695/426/70 10696/43/70
f 10697/45/71 10698/343/71 10699/47/71
f 10700/343/71 10701/367/71 10702/47/71
f 10703/25/66 10704/332/66 10705/27/66
f 10704/332/66 10706/333/66 10705/27/66
f 10707/29/67 10708/382/67 10709/31/67
f 10708/382/67 10710/424/67 10709/31/67
f 10711/33/68 10712/34/68 10713/35/68
f 10712/34/68 10714/36/68 10713/35/68
f 10715/37/69 10716/38/69 10717/39/69
f 10718/38/69 10719/40/69 10720/39/69
f 10721/41/70 10722/425/70 10723/43/70
f 10724/425/70 10725/426/70 10726/43/70
f 10727/45/71 10728/343/71 10729/47/71
f 10730/343/71 10731/367/71 10732/47/71
f 10733/25/66 10734/332/66 10735/27/66
f 10734/332/66 10736/333/66 10735/27/66
f 10737/347/67 10738/432/67 10739/349/67
f 10738/432/67 10740/384/67 10739/349/67
f 10741/351/68 10742/60/68 10743/35/68
f 10742/60/68 10744/36/68 10743/35/68
f 10745/141/69 10746/352/69 10747/293/69
f 10748/352/69 10749/353/69 10750/293/69
f 10751/354/70 10752/369/70 10753/356/70
f 10754/369/70 10755/433/70 10756/356/70
f 10757/45/71 10758/343/71 10759/359/71
f 10760/343/71 10761/434/71 10762/359/71
f 10763/25/66 10764/332/66 10765/27/66
f 10764/332/66 10766/333/66 10765/27/66
f 10767/29/67 10768/382/67 10769/31/67
f 10768/382/67 10770/424/67 10769/31/67
f 10771/33/68 10772/34/68 10773/35/68
f 10772/34/68 10774/36/68 10773/35/68
f 10775/37/69 10776/38/69 10777/39/69
f 10778/38/69 10779/40/69 10780/39/69
f 10781/41/70 10782/425/70 10783/43/70
f 10784/425/70 10785/426/70 10786/43/70
f 10787/45/71 10788/343/71 10789/47/71
f 10790/343/71 10791/367/71 10792/47/71
f 10793/25/66 10794/332/66 10795/27/66
f 10794/332/66 10796/333/66 10795/27/66
f 10797/29/67 10798/382/67 10799/31/67
f 10798/382/67 10800/424/67 10799/31/67
f 10801/33/68 10802/34/68 10803/35/68
f 10802/34/68 10804/36/68 10803/35/68
f 10805/37/69 10806/38/69 10807/39/69
f 10808/38/69 10809/40/69 10810/39/69
f 10811/41/70 10812/425/70 10813/43/70
f 10814/425/70 10815/426/70 10816/43/70
f 10817/45/71 10818/343/71 10819/47/71
f 10820/343/71 10821/367/71 10822/47/71
f 10823/25/66 10824/332/66 10825/27/66
f 10824/332/66 10826/333/66 10825/27/66
f 10827/29/67 10828/382/67 10829/31/67
f 10828/382/67 10830/424/67 10829/31/67
f 10831/33/68 10832/34/68 10833/35/68
f 10832/34/68 10834/36/68 10833/35/68
f 10835/37/69 10836/38/69 10837/39/69
f 10838/38/69 10839/40/69 10840/39/69
f 10841/41/70 10842/425/70 10843/43/70
f 10844/425/70 10845/426/70 10846/43/70
f 10847/45/71 10848/343/71 10849/47/71
f 10850/343/71 10851/367/71 10852/47/71
f 10853/25/66 10854/332/66 10855/27/66
f 10854/332/66 10856/333/66 10855/27/66
f 10857/29/67 10858/382/67 10859/31/67
f 10858/382/67 10860/424/67 10859/31/67
f 10861/33/68 10862/34/68 10863/35/68
f 10862/34/68 10864/36/68 10863/35/68
f 10865/37/69 10866/38/69 10867/39/69
f 10868/38/69 10869/40/69 10870/39/69
f 10871/41/70 10872/425/70 10873/43/70
f 10874/425/70 10875/426/70 10876/43/70
f 10877/45/71 10878/343/71 10879/47/71
f 10880/343/71 10881/367/71 10882/47/71
f 10883/25/66 10884/332/66 10885/27/66
f 10884/332/66 10886/333/66 10885/27/66
f 10887/29/67 10888/382/67 10889/31/67
f 10888/382/67 10890/424/67 10889/31/67
f 10891/33/68 10892/34/68 10893/35/68
f 10892/34/68 10894/36/68 10893/35/68
f 10895/37/69 10896/38/69 10897/39/69
f 10898/38/69 10899/40/69 10900/39/69
f 10901/41/70 10902/425/70 10903/43/70
f 10904/425/70 10905/426/70 10906/43/70
f 10907/45/71 10908/343/71 10909/47/71
f 10910/343/71 10911/367/71 10912/47/71
f 10913/25/66 10914/332/66 10915/27/66
f 10914/332/66 10916/333/66 10915/27/66
f 10917/29/67 10918/382/67 10919/31/67
f 10918/382/67 10920/424/67 10919/31/67
f 10921/33/68 10922/34/68 10923/35/68
f 10922/34/68 10924/36/68 10923/35/68
f 10925/37/69 10926/38/69 10927/39/69
f 10928/38/69 10929/40/69 10930/39/69
f 10931/41/70 10932/425/70 10933/43/70
f 10934/425/70 10935/426/70 10936/43/70
f 10937/45/71 10938/343/71 10939/47/71
f 10940/343/71 10941/367/71 10942/47/71
f 10943/25/66 10944/332/66 10945/27/66
f 10944/332/66 10946/333/66 10945/27/66
f 10947/29/67 10948/382/67 10949/31/67
f 10948/382/67 10950/424/67 10949/31/67
f 10951/33/68 10952/34/68 10953/35/68
f 10952/34/68 10954/36/68 10953/35/68
f 10955/37/69 10956/38/69 10957/39/69
f 10958/38/69 10959/40/69 10960/39/69
f 10961/41/70 10962/425/70 10963/43/70
f 10964/425/70 10965/426/70 10966/43/70
f 10967/45/71 10968/343/71 10969/47/71
f 10970/343/71 10971/367/71 10972/47/71
f 10973/25/66 10974/332/66 10975/27/66
f 10974/332/66 10976/333/66 10975/27/66
f 10977/29/67 10978/382/67 10979/31/67
f 10978/382/67 10980/424/67 10979/31/67
f 10981/33/68 10982/34/68 10983/35/68
f 10982/34/68 10984/36/68 10983/35/68
f 10985/37/69 10986/38/69 10987/39/69
f 10988/38/69 10989/40/69 10990/39/69
f 10991/41/70 10992/425/70 10993/43/70
f 10994/425/70 10995/426/70 10996/43/70
f 10997/45/71 10998/343/71 10999/47/71
f 11000/343/71 11001/367/71 11002/47/71
f 11003/25/66 11004/332/66 11005/27/66
f 11004/332/66 11006/333/66 11005/27/66
f 11007/29/67 11008/382/67 11009/31/67
f 11008/382/67 11010/424/67 11009/31/67
f 11011/33/68 11012/34/68 11013/35/68
f 11012/34/68 11014/36/68 11013/35/68
f 11015/37/69 11016/38/69 11017/39/69
f 11018/38/69 11019/40/69 11020/39/69
f 11021/41/70 11022/425/70 11023/43/70
f 11024/425/70 11025/426/70 11026/43/70
f 11027/45/71 11028/343/71 11029/47/71
f 11030/343/71 11031/367/71 11032/47/71
f 11033/25/66 11034/332/66 11035/27/66
f 11034/332/66 11036/333/66 11035/27/66
f 11037/29/67 11038/382/67 11039/31/67
f 11038/382/67 11040/424/67 11039/31/67
f 11041/33/68 11042/34/68 11043/35/68
f 11042/34/68 11044/36/68 11043/35/68
f 11045/37/69 11046/38/69 11047/39/69
f 11048/38/69 11049/40/69 11050/39/69
f 11051/41/70 11052/425/70 11053/43/70
f 11054/425/70 11055/426/70 11056/43/70
f 11057/45/71 11058/343/71 11059/47/71
f 11060/343/71 11061/367/71 11062/47/71
f 11063/25/66 11064/332/66 11065/27/66
f 11064/332/66 11066/333/66 11065/27/66
f 11067/29/67 11068/382/67 11069/31/67
f 11068/382/67 11070/424/67 11069/31/67
f 11071/33/68 11072/34/68 11073/35/68
f 11072/34/68 11074/36/68 11073/35/68
f 11075/37/69 11076/38/69 11077/39/69
f 11078/38/69 11079/40/69 11080/39/69
f 11081/41/70 11082/425/70 11083/43/70
f 11084/425/70 11085/426/70 11086/43/70
f 11087/45/71 11088/343/71 11089/47/71
f 11090/343/71 11091/367/71 11092/47/71
f 11093/25/66 11094/332/66 11095/27/66
f 11094/332/66 11096/333/66 11095/27/66
f 11097/29/67 11098/382/67 11099/31/67
f 11098/382/67 11100/424/67 11099/31/67
f 11101/33/68 11102/34/68 11103/35/68
f 11102/34/68 11104/36/68 11103/35/68
f 11105/37/69 11106/38/69 11107/39/69
f 11108/38/69 11109/40/69 11110/39/69
f 11111/41/70 11112/425/70 11113/43/70
f 11114/425/70 11115/426/70 11116/43/70
f 11117/45/71 11118/343/71 11119/47/71
f 11120/343/71 11121/367/71 11122/47/71
f 11123/25/66 11124/332/66 11125/27/66
f 11124/332/66 11126/333/66 11125/27/66
f 11127/29/67 11128/382/67 11129/31/67
f 11128/382/67 11130/424/67 11129/31/67
f 11131/33/68 11132/34/68 11133/35/68
f 11132/34/68 11134/36/68 11133/35/68
f 11135/37/69 11136/38/69 11137/39/69
f 11138/38/69 11139/40/69 11140/39/69
f 11141/41/70 11142/425/70 11143/43/70
f 11144/425/70 11145/426/70 11146/43/70
f 11147/45/71 11148/343/71 11149/47/71
f 11150/343/71 11151/367/71 11152/47/71
f 11153/25/66 11154/332/66 11155/27/66
f 11154/332/66 11156/333/66 11155/27/66
f 11157/29/67 11158/382/67 11159/31/67
f 11158/382/67 11160/424/67 11159/31/67
f 11161/33/68 11162/34/68 11163/35/68
f 11162/34/68 11164/36/68 11163/35/68
f 11165/37/69 11166/38/69 11167/39/69
f 11168/38/69 11169/40/69 11170/39/69
f 11171/41/70 11172/425/70 11173/43/70
f 11174/425/70 11175/426/70 11176/43/70
f 11177/45/71 11178/343/71 11179/47/71
f 11180/343/71 11181/367/71 11182/47/71
f 11183/25/66 11184/332/66 11185/27/66
f 11184/332/66 11186/333/66 11185/27/66
f 11187/29/67 11188/382/67 11189/31/67
f 11188/382/67 11190/424/67 11189/31/67
f 11191/33/68 11192/34/68 11193/35/68
f 11192/34/68 11194/36/68 11193/35/68
f 11195/37/69 11196/38/69 11197/39/69
f 11198/38/69 11199/40/69 11200/39/69
f 11201/41/70 11202/425/70 11203/43/70
f 11204/425/70 11205/426/70 11206/43/70
f 11207/45/71 11208/343/71 11209/47/71
f 11210/343/71 11211/367/71 11212/47/71
f 11213/25/66 11214/332/66 11215/27/66
f 11214/332/66 11216/333/66 11215/27/66
f 11217/29/67 11218/382/67 11219/31/67
f 11218/382/67 11220/424/67 11219/31/67
f 11221/33/68 11222/34/68 11223/35/68
f 11222/34/68 11224/36/68 11223/35/68
f 11225/37/69 11226/38/69 11227/39/69
f 11228/38/69 11229/40/69 11230/39/69
f 11231/41/70 11232/425/70 11233/43/70
f 11234/425/70 11235/426/70 11236/43/70
f 11237/45/71 11238/343/71 11239/47/71
f 11240/343/71 11241/367/71 11242/47/71
f 11243/25/66 11244/332/66 11245/27/66
f 11244/332/66 11246/333/66 11245/27/66
f 11247/29/67 11248/382/67 11249/31/67
f 11248/382/67 11250/424/67 11249/31/67
f 11251/33/68 11252/34/68 11253/35/68
f 11252/34/68 11254/36/68 11253/35/68
f 11255/37/69 11256/38/69 11257/39/69
f 11258/38/69 11259/40/69 11260/39/69
f 11261/41/70 11262/425/70 11263/43/70
f 11264/425/70 11265/426/70 11266/43/70
f 11267/45/71 11268/343/71 11269/47/71
f 11270/343/71 11271/367/71 11272/47/71
f 11273/25/66 11274/332/66 11275/27/66
f 11274/332/66 11276/333/66 11275/27/66
f 11277/29/67 11278/382/67 11279/31/67
f 11278/382/67 11280/424/67 11279/31/67
f 11281/33/68 11282/34/68 11283/35/68
f 11282/34/68 11284/36/68 11283/35/68
f 11285/37/69 11286/38/69 11287/39/69
f 11288/38/69 11289/40/69 11290/39/69
f 11291/41/70 11292/425/70 11293/43/70
f 11294/425/70 11295/426/70 11296/43/70
f 11297/45/71 11298/343/71 11299/47/71
f 11300/343/71 11301/367/71 11302/47/71
f 11303/25/66 11304/332/66 11305/27/66
f 11304/332/66 11306/333/66 11305/27/66
f 11307/29/67 11308/382/67 11309/31/67
f 11308/382/67 11310/424/67 11309/31/67
f 11311/33/68 11312/34/68 11313/35/68
f 11312/34/68 11314/36/68 11313/35/68
f 11315/37/69 11316/38/69 11317/39/69
f 11318/38/69 11319/40/69 11320/39/69
f 11321/41/70 11322/425/70 11323/43/70
f 11324/425/70 11325/426/70 11326/43/70
f 11327/45/71 11328/343/71 11329/47/71
f 11330/343/71 11331/367/71 11332/47/71
f 11333/472/66 11334/73/66 11335/473/66
f 11334/73/66 11336/95/66 11335/473/66
f 11337/474/67 11338/475/67 11339/476/67
f 11338/475/67 11340/477/67 11339/476/67
f 11341/478/68 11342/246/68 11343/273/68
f 11342/246/68 11344/86/68 11343/273/68
f 11345/191/69 11346/479/69 11347/249/69
f 11348/479/69 11349/480/69 11350/249/69
f 11351/481/70 11352/482/70 11353/483/70
f 11354/482/70 11355/484/70 11356/483/70
f 11357/485/71 11358/77/71 11359/486/71
f 11360/77/71 11361/487/71 11362/486/71
f 11363/133/66 11364/299/66 11365/134/66
f 11364/299/66 11366/419/66 11365/134/66
f 11367/407/67 11368/319/67 11369/409/67
f 11368/319/67 11370/420/67 11369/409/67
f 11371/410/68 11372/230/68 11373/142/68
f 11372/230/68 11374/62/68 11373/142/68
f 11375/411/69 11376/412/69 11377/309/69
f 11378/412/69 11379/413/69 11380/309/69
f 11381/414/70 11382/421/70 11383/415/70
f 11384/421/70 11385/422/70 11386/415/70
f 11387/151/71 11388/423/71 11389/417/71
f 11390/423/71 11391/301/71 11392/417/71
f 11393/133/66 11394/299/66 11395/134/66
f 11394/299/66 11396/419/66 11395/134/66
f 11397/407/67 11398/319/67 11399/409/67
f 11398/319/67 11400/420/67 11399/409/67
f 11401/410/68 11402/230/68 11403/142/68
f 11402/230/68 11404/62/68 11403/142/68
f 11405/411/69 11406/412/69 11407/309/69
f 11408/412/69 11409/413/69 11410/309/69
f 11411/414/70 11412/421/70 11413/415/70
f 11414/421/70 11415/422/70 11416/415/70
f 11417/151/71 11418/423/71 11419/417/71
f 11420/423/71 11421/301/71 11422/417/71
f 11423/133/66 11424/299/66 11425/134/66
f 11424/299/66 11426/419/66 11425/134/66
f 11427/407/67 11428/319/67 11429/409/67
f 11428/319/67 11430/420/67 11429/409/67
f 11431/410/68 11432/230/68 11433/142/68
f 11432/230/68 11434/62/68 11433/142/68
f 11435/411/69 11436/412/69 11437/309/69
f 11438/412/69 11439/413/69 11440/309/69
f 11441/414/70 11442/421/70 11443/415/70
f 11444/421/70 11445/422/70 11446/415/70
f 11447/151/71 11448/423/71 11449/417/71
f 11450/423/71 11451/301/71 11452/417/71
f 11453/133/66 11454/155/66 11455/134/66
f 11454/155/66 11456/173/66 11455/134/66
f 11457/174/67 11458/158/67 11459/175/67
f 11458/158/67 11460/176/67 11459/175/67
f 11461/177/68 11462/37/68 11463/142/68
f 11462/37/68 11464/62/68 11463/142/68
f 11465/178/69 11466/179/69 11467/164/69
f 11468/179/69 11469/180/69 11470/164/69
f 11471/181/70 11472/182/70 11473/183/70
f 11474/182/70 11475/169/70 11476/183/70
f 11477/151/71 11478/184/71 11479/185/71
f 11480/184/71 11481/172/71 11482/185/71
f 11483/133/66 11484/155/66 11485/134/66
f 11484/155/66 11486/173/66 11485/134/66
f 11487/174/67 11488/158/67 11489/175/67
f 11488/158/67 11490/176/67 11489/175/67
f 11491/177/68 11492/37/68 11493/142/68
f 11492/37/68 11494/62/68 11493/142/68
f 11495/178/69 11496/179/69 11497/164/69
f 11498/179/69 11499/180/69 11500/164/69
f 11501/181/70 11502/182/70 11503/183/70
f 11504/182/70 11505/169/70 11506/183/70
f 11507/151/71 11508/184/71 11509/185/71
f 11510/184/71 11511/172/71 11512/185/71
f 11513/133/66 11514/155/66 11515/134/66
f 11514/155/66 11516/173/66 11515/134/66
f 11517/174/67 11518/158/67 11519/175/67
f 11518/158/67 11520/176/67 11519/175/67
f 11521/177/68 11522/37/68 11523/142/68
f 11522/37/68 11524/62/68 11523/142/68
f 11525/178/69 11526/179/69 11527/164/69
f 11528/179/69 11529/180/69 11530/164/69
f 11531/181/70 11532/182/70 11533/183/70
f 11534/182/70 11535/169/70 11536/183/70
f 11537/151/71 11538/184/71 11539/185/71
f 11540/184/71 11541/172/71 11542/185/71
f 11543/133/66 11544/155/66 11545/134/66
f 11544/155/66 11546/173/66 11545/134/66
f 11547/174/67 11548/158/67 11549/175/67
f 11548/158/67 11550/176/67 11549/175/67
f 11551/177/68 11552/37/68 11553/142/68
f 11552/37/68 11554/62/68 11553/142/68
f 11555/178/69 11556/179/69 11557/164/69
f 11558/179/69 11559/180/69 11560/164/69
f 11561/181/70 11562/182/70 11563/183/70
f 11564/182/70 11565/169/70 11566/183/70
f 11567/151/71 11568/184/71 11569/185/71
f 11570/184/71 11571/172/71 11572/185/71
f 11573/133/66 11574/155/66 11575/134/66
f 11574/155/66 11576/173/66 11575/134/66
f 11577/174/67 11578/158/67 11579/175/67
f 11578/158/67 11580/176/67 11579/175/67
f 11581/177/68 11582/37/68 11583/142/68
f 11582/37/68 11584/62/68 11583/142/68
f 11585/178/69 11586/179/69 11587/164/69
f 11588/179/69 11589/180/69 11590/164/69
f 11591/181/70 11592/182/70 11593/183/70
f 11594/182/70 11595/169/70 11596/183/70
f 11597/151/71 11598/184/71 11599/185/71
f 11600/184/71 11601/172/71 11602/185/71
f 11603/133/66 11604/155/66 11605/134/66
f 11604/155/66 11606/173/66 11605/134/66
f 11607/174/67 11608/158/67 11609/175/67
f 11608/158/67 11610/176/67 11609/175/67
f 11611/177/68 11612/37/68 11613/142/68
f 11612/37/68 11614/62/68 11613/142/68
f 11615/178/69 11616/179/69 11617/164/69
f 11618/179/69 11619/180/69 11620/164/69
f 11621/181/70 11622/182/70 11623/183/70
f 11624/182/70 11625/169/70 11626/183/70
f 11627/151/71 11628/184/71 11629/185/71
f 11630/184/71 11631/172/71 11632/185/71
f 11633/133/66 11634/155/66 11635/134/66
f 11634/155/66 11636/173/66 11635/134/66
f 11637/174/67 11638/158/67 11639/175/67
f 11638/158/67 11640/176/67 11639/175/67
f 11641/177/68 11642/37/68 11643/142/68
f 11642/37/68 11644/62/68 11643/142/68
f 11645/178/69 11646/179/69 11647/164/69
f 11648/179/69 11649/180/69 11650/164/69
f 11651/181/70 11652/182/70 11653/183/70
f 11654/182/70 11655/169/70 11656/183/70
f 11657/151/71 11658/184/71 11659/185/71
f 11660/184/71 11661/172/71 11662/185/71
f 11663/133/66 11664/155/66 11665/134/66
f 11664/155/66 11666/173/66 11665/134/66
f 11667/174/67 11668/158/67 11669/175/67
f 11668/158/67 11670/176/67 11669/175/67
f 11671/177/68 11672/37/68 11673/142/68
f 11672/37/68 11674/62/68 11673/142/68
f 11675/178/69 11676/179/69 11677/164/69
f 11678/179/69 11679/180/69 11680/164/69
f 11681/181/70 11682/182/70 11683/183/70
f 11684/182/70 11685/169/70 11686/183/70
f 11687/151/71 11688/184/71 11689/185/71
f 11690/184/71 11691/172/71 11692/185/71
f 11693/133/66 11694/155/66 11695/134/66
f 11694/155/66 11696/173/66 11695/134/66
f 11697/174/67 11698/158/67 11699/175/67
f 11698/158/67 11700/176/67 11699/175/67
f 11701/177/68 11702/37/68 11703/142/68
f 11702/37/68 11704/62/68 11703/142/68
f 11705/178/69 11706/179/69 11707/164/69
f 11708/179/69 11709/180/69 11710/164/69
f 11711/181/70 11712/182/70 11713/183/70
f 11714/182/70 11715/169/70 11716/183/70
f 11717/151/71 11718/184/71 11719/185/71
f 11720/184/71 11721/172/71 11722/185/71
f 11723/133/66 11724/155/66 11725/134/66
f 11724/155/66 11726/173/66 11725/134/66
f 11727/174/67 11728/158/67 11729/175/67
f 11728/158/67 11730/176/67 11729/175/67
f 11731/177/68 11732/37/68 11733/142/68
f 11732/37/68 11734/62/68 11733/142/68
f 11735/178/69 11736/179/69 11737/164/69
f 11738/179/69 11739/180/69 11740/164/69
f 11741/181/70 11742/182/70 11743/183/70
f 11744/182/70 11745/169/70 11746/183/70
f 11747/151/71 11748/184/71 11749/185/71
f 11750/184/71 11751/172/71 11752/185/71
f 11753/133/66 11754/155/66 11755/134/66
f 11754/155/66 11756/173/66 11755/134/66
f 11757/174/67 11758/158/67 11759/175/67
f 11758/158/67 11760/176/67 11759/175/67
f 11761/177/68 11762/37/68 11763/142/68
f 11762/37/68 11764/62/68 11763/142/68
f 11765/178/69 11766/179/69 11767/164/69
f 11768/179/69 11769/180/69 11770/164/69
f 11771/181/70 11772/182/70 11773/183/70
f 11774/182/70 11775/169/70 11776/183/70
f 11777/151/71 11778/184/71 11779/185/71
f 11780/184/71 11781/172/71 11782/185/71
f 11783/133/66 11784/155/66 11785/134/66
f 11784/155/66 11786/173/66 11785/134/66
f 11787/174/67 11788/158/67 11789/175/67
f 11788/158/67 11790/176/67 11789/175/67
f 11791/177/68 11792/37/68 11793/142/68
f 11792/37/68 11794/62/68 11793/142/68
f 11795/178/69 11796/179/69 11797/164/69
f 11798/179/69 11799/180/69 11800/164/69
f 11801/181/70 11802/182/70 11803/183/70
f 11804/182/70 11805/169/70 11806/183/70
f 11807/151/71 11808/184/71 11809/185/71
f 11810/184/71 11811/172/71 11812/185/71
f 11813/133/66 11814/155/66 11815/134/66
f 11814/155/66 11816/173/66 11815/134/66
f 11817/174/67 11818/158/67 11819/175/67
f 11818/158/67 11820/176/67 11819/175/67
f 11821/177/68 11822/37/68 11823/142/68
f 11822/37/68 11824/62/68 11823/142/68
f 11825/178/69 11826/179/69 11827/164/69
f 11828/179/69 11829/180/69 11830/164/69
f 11831/181/70 11832/182/70 11833/183/70
f 11834/182/70 11835/169/70 11836/183/70
f 11837/151/71 11838/184/71 11839/185/71
f 11840/184/71 11841/172/71 11842/185/71
f 11843/133/66 11844/155/66 11845/134/66
f 11844/155/66 11846/173/66 11845/134/66
f 11847/174/67 11848/158/67 11849/175/67
f 11848/158/67 11850/176/67 11849/175/67
f 11851/177/68 11852/37/68 11853/142/68
f 11852/37/68 11854/62/68 11853/142/68
f 11855/178/69 11856/179/69 11857/164/69
f 11858/179/69 11859/180/69 11860/164/69
f 11861/181/70 11862/182/70 11863/183/70
f 11864/182/70 11865/169/70 11866/183/70
f 11867/151/71 11868/184/71 11869/185/71
f 11870/184/71 11871/172/71 11872/185/71
f 11873/25/66 11874/210/66 11875/27/66
f 11874/210/66 11876/346/66 11875/27/66
f 11877/347/67 11878/348/67 11879/349/67
f 11878/348/67 11880/350/67 11879/349/67
f 11881/351/68 11882/60/68 11883/35/68
f 11882/60/68 11884/36/68 11883/35/68
f 11885/141/69 11886/352/69 11887/293/69
f 11888/352/69 11889/353/69 11890/293/69
f 11891/354/70 11892/355/70 11893/356/70
f 11894/355/70 11895/357/70 11896/356/70
f 11897/45/71 11898/358/71 11899/359/71
f 11900/358/71 11901/360/71 11902/359/71
f 11903/25/66 11904/210/66 11905/27/66
f 11904/210/66 11906/346/66 11905/27/66
f 11907/347/67 11908/348/67 11909/349/67
f 11908/348/67 11910/350/67 11909/349/67
f 11911/351/68 11912/60/68 11913/35/68
f 11912/60/68 11914/36/68 11913/35/68
f 11915/141/69 11916/352/69 11917/293/69
f 11918/352/69 11919/353/69 11920/293/69
f 11921/354/70 11922/355/70 11923/356/70
f 11924/355/70 11925/357/70 11926/356/70
f 11927/45/71 11928/358/71 11929/359/71
f 11930/358/71 11931/360/71 11932/359/71
f 11933/25/66 11934/210/66 11935/27/66
f 11934/210/66 11936/346/66 11935/27/66
f 11937/347/67 11938/348/67 11939/349/67
f 11938/348/67 11940/350/67 11939/349/67
f 11941/351/68 11942/60/68 11943/35/68
f 11942/60/68 11944/36/68 11943/35/68
f 11945/141/69 11946/352/69 11947/293/69
f 11948/352/69 11949/353/69 11950/293/69
f 11951/354/70 11952/355/70 11953/356/70
f 11954/355/70 11955/357/70 11956/356/70
f 11957/45/71 11958/358/71 11959/359/71
f 11960/358/71 11961/360/71 11962/359/71
f 11963/25/66 11964/210/66 11965/27/66
f 11964/210/66 11966/346/66 11965/27/66
f 11967/347/67 11968/348/67 11969/349/67
f 11968/348/67 11970/350/67 11969/349/67
f 11971/351/68 11972/60/68 11973/35/68
f 11972/60/68 11974/36/68 11973/35/68
f 11975/141/69 11976/352/69 11977/293/69
f 11978/352/69 11979/353/69 11980/293/69
f 11981/354/70 11982/355/70 11983/356/70
f 11984/355/70 11985/357/70 11986/356/70
f 11987/45/71 11988/358/71 11989/359/71
f 11990/358/71 11991/360/71 11992/359/71
f 11993/25/66 11994/210/66 11995/27/66
f 11994/210/66 11996/346/66 11995/27/66
f 11997/347/67 11998/348/67 11999/349/67
f 11998/348/67 12000/350/67 11999/349/67
f 12001/351/68 12002/60/68 12003/35/68
f 12002/60/68 12004/36/68 12003/35/68
f 12005/141/69 12006/352/69 12007/293/69
f 12008/352/69 12009/353/69 12010/293/69
f 12011/354/70 12012/355/70 12013/356/70
f 12014/355/70 12015/357/70 12016/356/70
f 12017/45/71 12018/358/71 12019/359/71
f 12020/358/71 12021/360/71 12022/359/71
f 12023/25/66 12024/210/66 12025/27/66
f 12024/210/66 12026/346/66 12025/27/66
f 12027/347/67 12028/348/67 12029/349/67
f 12028/348/67 12030/350/67 12029/349/67
f 12031/351/68 12032/60/68 12033/35/68
f 12032/60/68 12034/36/68 12033/35/68
f 12035/141/69 12036/352/69 12037/293/69
f 12038/352/69 12039/353/69 12040/293/69
f 12041/354/70 12042/355/70 12043/356/70
f 12044/355/70 12045/357/70 12046/356/70
f 12047/45/71 12048/358/71 12049/359/71
f 12050/358/71 12051/360/71 12052/359/71
f 12053/25/66 12054/210/66 12055/27/66
f 12054/210/66 12056/346/66 12055/27/66
f 12057/488/67 12058/489/67 12059/490/67
f 12058/489/67 12060/491/67 12059/490/67
f 12061/492/68 12062/307/68 12063/35/68
f 12062/307/68 12064/36/68 12063/35/68
f 12065/493/69 12066/494/69 12067/312/69
f 12068/494/69 12069/495/69 12070/312/69
f 12071/496/70 12072/497/70 12073/498/70
f 12074/497/70 12075/499/70 12076/498/70
f 12077/45/71 12078/358/71 12079/43/71
f 12080/358/71 12081/500/71 12082/43/71
f 12083/25/66 12084/210/66 12085/27/66
f 12084/210/66 12086/346/66 12085/27/66
f 12087/234/67 12088/212/67 12089/501/67
f 12088/212/67 12090/502/67 12089/501/67
f 12091/503/68 12092/10/68 12093/35/68
f 12092/10/68 12094/36/68 12093/35/68
f 12095/162/69 12096/504/69 12097/15/69
f 12098/504/69 12099/505/69 12100/15/69
f 12101/506/70 12102/507/70 12103/508/70
f 12104/507/70 12105/215/70 12106/508/70
f 12107/45/71 12108/358/71 12109/227/71
f 12110/358/71 12111/217/71 12112/227/71
f 12113/25/66 12114/210/66 12115/27/66
f 12114/210/66 12116/346/66 12115/27/66
f 12117/234/67 12118/212/67 12119/501/67
f 12118/212/67 12120/502/67 12119/501/67
f 12121/503/68 12122/10/68 12123/35/68
f 12122/10/68 12124/36/68 12123/35/68
f 12125/162/69 12126/504/69 12127/15/69
f 12128/504/69 12129/505/69 12130/15/69
f 12131/506/70 12132/507/70 12133/508/70
f 12134/507/70 12135/215/70 12136/508/70
f 12137/45/71 12138/358/71 12139/227/71
f 12140/358/71 12141/217/71 12142/227/71
f 12143/25/66 12144/210/66 12145/27/66
f 12144/210/66 12146/346/66 12145/27/66
f 12147/234/67 12148/212/67 12149/501/67
f 12148/212/67 12150/502/67 12149/501/67
f 12151/503/68 12152/10/68 12153/35/68
f 12152/10/68 12154/36/68 12153/35/68
f 12155/162/69 12156/504/69 12157/15/69
f 12158/504/69 12159/505/69 12160/15/69
f 12161/506/70 12162/507/70 12163/508/70
f 12164/507/70 12165/215/70 12166/508/70
f 12167/45/71 12168/358/71 12169/227/71
f 12170/358/71 12171/217/71 12172/227/71
f 12173/25/66 12174/73/66 12175/27/66
f 12174/73/66 12176/509/66 12175/27/66
f 12177/347/67 12178/510/67 12179/349/67
f 12178/510/67 12180/477/67 12179/349/67
f 12181/351/68 12182/60/68 12183/35/68
f 12182/60/68 12184/36/68 12183/35/68
f 12185/141/69 12186/352/69 12187/293/69
f 12188/352/69 12189/353/69 12190/293/69
f 12191/354/70 12192/482/70 12193/356/70
f 12194/482/70 12195/511/70 12196/356/70
f 12197/45/71 12198/512/71 12199/359/71
f 12200/512/71 12201/91/71 12202/359/71
f 12203/25/66 12204/73/66 12205/27/66
f 12204/73/66 12206/509/66 12205/27/66
f 12207/347/67 12208/510/67 12209/349/67
f 12208/510/67 12210/477/67 12209/349/67
f 12211/351/68 12212/60/68 12213/35/68
f 12212/60/68 12214/36/68 12213/35/68
f 12215/141/69 12216/352/69 12217/293/69
f 12218/352/69 12219/353/69 12220/293/69
f 12221/354/70 12222/482/70 12223/356/70
f 12224/482/70 12225/511/70 12226/356/70
f 12227/45/71 12228/512/71 12229/359/71
f 12230/512/71 12231/91/71 12232/359/71
f 12233/133/66 12234/155/66 12235/134/66
f 12234/155/66 12236/173/66 12235/134/66
f 12237/407/67 12238/408/67 12239/409/67
f 12238/408/67 12240/219/67 12239/409/67
f 12241/410/68 12242/230/68 12243/142/68
f 12242/230/68 12244/62/68 12243/142/68
f 12245/411/69 12246/412/69 12247/309/69
f 12248/412/69 12249/413/69 12250/309/69
f 12251/414/70 12252/220/70 12253/415/70
f 12254/220/70 12255/416/70 12256/415/70
f 12257/151/71 12258/184/71 12259/417/71
f 12260/184/71 12261/418/71 12262/417/71
f 12263/133/66 12264/299/66 12265/134/66
f 12264/299/66 12266/419/66 12265/134/66
f 12267/407/67 12268/319/67 12269/409/67
f 12268/319/67 12270/420/67 12269/409/67
f 12271/410/68 12272/230/68 12273/142/68
f 12272/230/68 12274/62/68 12273/142/68
f 12275/411/69 12276/412/69 12277/309/69
f 12278/412/69 12279/413/69 12280/309/69
f 12281/414/70 12282/421/70 12283/415/70
f 12284/421/70 12285/422/70 12286/415/70
f 12287/151/71 12288/423/71 12289/417/71
f 12290/423/71 12291/301/71 12292/417/71
f 12293/133/66 12294/299/66 12295/134/66
f 12294/299/66 12296/419/66 12295/134/66
f 12297/407/67 12298/319/67 12299/409/67
f 12298/319/67 12300/420/67 12299/409/67
f 12301/410/68 12302/230/68 12303/142/68
f 12302/230/68 12304/62/68 12303/142/68
f 12305/411/69 12306/412/69 12307/309/69
f 12308/412/69 12309/413/69 12310/309/69
f 12311/414/70 12312/421/70 12313/415/70
f 12314/421/70 12315/422/70 12316/415/70
f 12317/151/71 12318/423/71 12319/417/71
f 12320/423/71 12321/301/71 12322/417/71
f 12323/133/66 12324/299/66 12325/134/66
f 12324/299/66 12326/419/66 12325/134/66
f 12327/407/67 12328/319/67 12329/409/67
f 12328/319/67 12330/420/67 12329/409/67
f 12331/410/68 12332/230/68 12333/142/68
f 12332/230/68 12334/62/68 12333/142/68
f 12335/411/69 12336/412/69 12337/309/69
f 12338/412/69 12339/413/69 12340/309/69
f 12341/414/70 12342/421/70 12343/415/70
f 12344/421/70 12345/422/70 12346/415/70
f 12347/151/71 12348/423/71 12349/417/71
f 12350/423/71 12351/301/71 12352/417/71
f 12353/133/66 12354/299/66 12355/134/66
f 12354/299/66 12356/419/66 12355/134/66
f 12357/407/67 12358/319/67 12359/409/67
f 12358/319/67 12360/420/67 12359/409/67
f 12361/410/68 12362/230/68 12363/142/68
f 12362/230/68 12364/62/68 12363/142/68
f 12365/411/69 12366/412/69 12367/309/69
f 12368/412/69 12369/413/69 12370/309/69
f 12371/414/70 12372/421/70 12373/415/70
f 12374/421/70 12375/422/70 12376/415/70
f 12377/151/71 12378/423/71 12379/417/71
f 12380/423/71 12381/301/71 12382/417/71
f 12383/25/66 12384/73/66 12385/27/66
f 12384/73/66 12386/509/66 12385/27/66
f 12387/347/67 12388/510/67 12389/349/67
f 12388/510/67 12390/477/67 12389/349/67
f 12391/351/68 12392/60/68 12393/35/68
f 12392/60/68 12394/36/68 12393/35/68
f 12395/141/69 12396/352/69 12397/293/69
f 12398/352/69 12399/353/69 12400/293/69
f 12401/354/70 12402/482/70 12403/356/70
f 12404/482/70 12405/511/70 12406/356/70
f 12407/45/71 12408/512/71 12409/359/71
f 12410/512/71 12411/91/71 12412/359/71
f 12413/49/66 12414/332/66 12415/50/66
f 12414/332/66 12416/513/66 12415/50/66
f 12417/52/67 12418/514/67 12419/54/67
f 12418/514/67 12420/434/67 12419/54/67
f 12421/56/68 12422/57/68 12423/58/68
f 12422/57/68 12424/59/68 12423/58/68
f 12425/60/69 12426/61/69 12427/62/69
f 12428/61/69 12429/63/69 12430/62/69
f 12431/64/70 12432/432/70 12433/66/70
f 12434/432/70 12435/515/70 12436/66/70
f 12437/68/71 12438/516/71 12439/70/71
f 12440/516/71 12441/517/71 12442/70/71
f 12443/49/66 12444/332/66 12445/50/66
f 12444/332/66 12446/513/66 12445/50/66
f 12447/52/67 12448/514/67 12449/54/67
f 12448/514/67 12450/434/67 12449/54/67
f 12451/56/68 12452/57/68 12453/58/68
f 12452/57/68 12454/59/68 12453/58/68
f 12455/60/69 12456/61/69 12457/62/69
f 12458/61/69 12459/63/69 12460/62/69
f 12461/64/70 12462/432/70 12463/66/70
f 12464/432/70 12465/515/70 12466/66/70
f 12467/68/71 12468/516/71 12469/70/71
f 12470/516/71 12471/517/71 12472/70/71
f 12473/49/66 12474/332/66 12475/50/66
f 12474/332/66 12476/513/66 12475/50/66
f 12477/52/67 12478/514/67 12479/54/67
f 12478/514/67 12480/434/67 12479/54/67
f 12481/56/68 12482/57/68 12483/58/68
f 12482/57/68 12484/59/68 12483/58/68
f 12485/60/69 12486/61/69 12487/62/69
f 12488/61/69 12489/63/69 12490/62/69
f 12491/64/70 12492/432/70 12493/66/70
f 12494/432/70 12495/515/70 12496/66/70
f 12497/68/71 12498/516/71 12499/70/71
f 12500/516/71 12501/517/71 12502/70/71
f 12503/49/66 12504/332/66 12505/50/66
f 12504/332/66 12506/513/66 12505/50/66
f 12507/52/67 12508/514/67 12509/54/67
f 12508/514/67 12510/434/67 12509/54/67
f 12511/56/68 12512/57/68 12513/58/68
f 12512/57/68 12514/59/68 12513/58/68
f 12515/60/69 12516/61/69 12517/62/69
f 12518/61/69 12519/63/69 12520/62/69
f 12521/64/70 12522/432/70 12523/66/70
f 12524/432/70 12525/515/70 12526/66/70
f 12527/68/71 12528/516/71 12529/70/71
f 12530/516/71 12531/517/71 12532/70/71
f 12533/49/66 12534/332/66 12535/50/66
f 12534/332/66 12536/513/66 12535/50/66
f 12537/52/67 12538/514/67 12539/54/67
f 12538/514/67 12540/434/67 12539/54/67
f 12541/56/68 12542/57/68 12543/58/68
f 12542/57/68 12544/59/68 12543/58/68
f 12545/60/69 12546/61/69 12547/62/69
f 12548/61/69 12549/63/69 12550/62/69
f 12551/64/70 12552/432/70 12553/66/70
f 12554/432/70 12555/515/70 12556/66/70
f 12557/68/71 12558/516/71 12559/70/71
f 12560/516/71 12561/517/71 12562/70/71
f 12563/49/66 12564/332/66 12565/50/66
f 12564/332/66 12566/513/66 12565/50/66
f 12567/52/67 12568/514/67 12569/54/67
f 12568/514/67 12570/434/67 12569/54/67
f 12571/56/68 12572/57/68 12573/58/68
f 12572/57/68 12574/59/68 12573/58/68
f 12575/60/69 12576/61/69 12577/62/69
f 12578/61/69 12579/63/69 12580/62/69
f 12581/64/70 12582/432/70 12583/66/70
f 12584/432/70 12585/515/70 12586/66/70
f 12587/68/71 12588/516/71 12589/70/71
f 12590/516/71 12591/517/71 12592/70/71
f 12593/49/66 12594/332/66 12595/50/66
f 12594/332/66 12596/513/66 12595/50/66
f 12597/52/67 12598/514/67 12599/54/67
f 12598/514/67 12600/434/67 12599/54/67
f 12601/56/68 12602/57/68 12603/58/68
f 12602/57/68 12604/59/68 12603/58/68
f 12605/60/69 12606/61/69 12607/62/69
f 12608/61/69 12609/63/69 12610/62/69
f 12611/64/70 12612/432/70 12613/66/70
f 12614/432/70 12615/515/70 12616/66/70
f 12617/68/71 12618/516/71 12619/70/71
f 12620/516/71 12621/517/71 12622/70/71
f 12623/49/66 12624/332/66 12625/50/66
f 12624/332/66 12626/513/66 12625/50/66
f 12627/52/67 12628/514/67 12629/54/67
f 12628/514/67 12630/434/67 12629/54/67
f 12631/56/68 12632/57/68 12633/58/68
f 12632/57/68 12634/59/68 12633/58/68
f 12635/60/69 12636/61/69 12637/62/69
f 12638/61/69 12639/63/69 12640/62/69
f 12641/64/70 12642/432/70 12643/66/70
f 12644/432/70 12645/515/70 12646/66/70
f 12647/68/71 12648/516/71 12649/70/71
f 12650/516/71 12651/517/71 12652/70/71
f 12653/49/66 12654/332/66 12655/50/66
f 12654/332/66 12656/513/66 12655/50/66
f 12657/52/67 12658/514/67 12659/54/67
f 12658/514/67 12660/434/67 12659/54/67
f 12661/56/68 12662/57/68 12663/58/68
f 12662/57/68 12664/59/68 12663/58/68
f 12665/60/69 12666/61/69 12667/62/69
f 12668/61/69 12669/63/69 12670/62/69
f 12671/64/70 12672/432/70 12673/66/70
f 12674/432/70 12675/515/70 12676/66/70
f 12677/68/71 12678/516/71 12679/70/71
f 12680/516/71 12681/517/71 12682/70/71
f 12683/49/66 12684/332/66 12685/50/66
f 12684/332/66 12686/513/66 12685/50/66
f 12687/52/67 12688/514/67 12689/54/67
f 12688/514/67 12690/434/67 12689/54/67
f 12691/56/68 12692/57/68 12693/58/68
f 12692/57/68 12694/59/68 12693/58/68
f 12695/60/69 12696/61/69 12697/62/69
f 12698/61/69 12699/63/69 12700/62/69
f 12701/64/70 12702/432/70 12703/66/70
f 12704/432/70 12705/515/70 12706/66/70
f 12707/68/71 12708/516/71 12709/70/71
f 12710/516/71 12711/517/71 12712/70/71
f 12713/49/66 12714/332/66 12715/50/66
f 12714/332/66 12716/513/66 12715/50/66
f 12717/52/67 12718/514/67 12719/54/67
f 12718/514/67 12720/434/67 12719/54/67
f 12721/56/68 12722/57/68 12723/58/68
f 12722/57/68 12724/59/68 12723/58/68
f 12725/60/69 12726/61/69 12727/62/69
f 12728/61/69 12729/63/69 12730/62/69
f 12731/64/70 12732/432/70 12733/66/70
f 12734/432/70 12735/515/70 12736/66/70
f 12737/68/71 12738/516/71 12739/70/71
f 12740/516/71 12741/517/71 12742/70/71
f 12743/49/66 12744/332/66 12745/50/66
f 12744/332/66 12746/513/66 12745/50/66
f 12747/52/67 12748/514/67 12749/54/67
f 12748/514/67 12750/434/67 12749/54/67
f 12751/56/68 12752/57/68 12753/58/68
f 12752/57/68 12754/59/68 12753/58/68
f 12755/60/69 12756/61/69 12757/62/69
f 12758/61/69 12759/63/69 12760/62/69
f 12761/64/70 12762/432/70 12763/66/70
f 12764/432/70 12765/515/70 12766/66/70
f 12767/68/71 12768/516/71 12769/70/71
f 12770/516/71 12771/517/71 12772/70/71
f 12773/49/66 12774/332/66 12775/50/66
f 12774/332/66 12776/513/66 12775/50/66
f 12777/52/67 12778/514/67 12779/54/67
f 12778/514/67 12780/434/67 12779/54/67
f 12781/56/68 12782/57/68 12783/58/68
f 12782/57/68 12784/59/68 12783/58/68
f 12785/60/69 12786/61/69 12787/62/69
f 12788/61/69 12789/63/69 12790/62/69
f 12791/64/70 12792/432/70 12793/66/70
f 12794/432/70 12795/515/70 12796/66/70
f 12797/68/71 12798/516/71 12799/70/71
f 12800/516/71 12801/517/71 12802/70/71
f 12803/25/66 12804/73/66 12805/27/66
f 12804/73/66 12806/509/66 12805/27/66
f 12807/347/67 12808/510/67 12809/349/67
f 12808/510/67 12810/477/67 12809/349/67
f 12811/351/68 12812/60/68 12813/35/68
f 12812/60/68 12814/36/68 12813/35/68
f 12815/141/69 12816/352/69 12817/293/69
f 12818/352/69 12819/353/69 12820/293/69
f 12821/354/70 12822/482/70 12823/356/70
f 12824/482/70 12825/511/70 12826/356/70
f 12827/45/71 12828/512/71 12829/359/71
f 12830/512/71 12831/91/71 12832/359/71
f 12833/25/66 12834/73/66 12835/27/66
f 12834/73/66 12836/509/66 12835/27/66
f 12837/347/67 12838/510/67 12839/349/67
f 12838/510/67 12840/477/67 12839/349/67
f 12841/351/68 12842/60/68 12843/35/68
f 12842/60/68 12844/36/68 12843/35/68
f 12845/141/69 12846/352/69 12847/293/69
f 12848/352/69 12849/353/69 12850/293/69
f 12851/354/70 12852/482/70 12853/356/70
f 12854/482/70 12855/511/70 12856/356/70
f 12857/45/71 12858/512/71 12859/359/71
f 12860/512/71 12861/91/71 12862/359/71
f 12863/25/66 12864/210/66 12865/27/66
f 12864/210/66 12866/346/66 12865/27/66
f 12867/347/67 12868/348/67 12869/349/67
f 12868/348/67 12870/350/67 12869/349/67
f 12871/351/68 12872/60/68 12873/35/68
f 12872/60/68 12874/36/68 12873/35/68
f 12875/141/69 12876/352/69 12877/293/69
f 12878/352/69 12879/353/69 12880/293/69
f 12881/354/70 12882/355/70 12883/356/70
f 12884/355/70 12885/357/70 12886/356/70
f 12887/45/71 12888/358/71 12889/359/71
f 12890/358/71 12891/360/71 12892/359/71
f 12893/25/66 12894/332/66 12895/27/66
f 12894/332/66 12896/333/66 12895/27/66
f 12897/347/67 12898/432/67 12899/349/67
f 12898/432/67 12900/384/67 12899/349/67
f 12901/351/68 12902/60/68 12903/35/68
f 12902/60/68 12904/36/68 12903/35/68
f 12905/141/69 12906/352/69 12907/293/69
f 12908/352/69 12909/353/69 12910/293/69
f 12911/354/70 12912/369/70 12913/356/70
f 12914/369/70 12915/433/70 12916/356/70
f 12917/45/71 12918/343/71 12919/359/71
f 12920/343/71 12921/434/71 12922/359/71
f 12923/25/66 12924/210/66 12925/27/66
f 12924/210/66 12926/346/66 12925/27/66
f 12927/347/67 12928/348/67 12929/349/67
f 12928/348/67 12930/350/67 12929/349/67
f 12931/351/68 12932/60/68 12933/35/68
f 12932/60/68 12934/36/68 12933/35/68
f 12935/141/69 12936/352/69 12937/293/69
f 12938/352/69 12939/353/69 12940/293/69
f 12941/354/70 12942/355/70 12943/356/70
f 12944/355/70 12945/357/70 12946/356/70
f 12947/45/71 12948/358/71 12949/359/71
f 12950/358/71 12951/360/71 12952/359/71
f 12953/25/66 12954/210/66 12955/27/66
f 12954/210/66 12956/346/66 12955/27/66
f 12957/347/67 12958/348/67 12959/349/67
f 12958/348/67 12960/350/67 12959/349/67
f 12961/351/68 12962/60/68 12963/35/68
f 12962/60/68 12964/36/68 12963/35/68
f 12965/141/69 12966/352/69 12967/293/69
f 12968/352/69 12969/353/69 12970/293/69
f 12971/354/70 12972/355/70 12973/356/70
f 12974/355/70 12975/357/70 12976/356/70
f 12977/45/71 12978/358/71 12979/359/71
f 12980/358/71 12981/360/71 12982/359/71
f 12983/25/66 12984/210/66 12985/27/66
f 12984/210/66 12986/346/66 12985/27/66
f 12987/347/67 12988/348/67 12989/349/67
f 12988/348/67 12990/350/67 12989/349/67
f 12991/351/68 12992/60/68 12993/35/68
f 12992/60/68 12994/36/68 12993/35/68
f 12995/141/69 12996/352/69 12997/293/69
f 12998/352/69 12999/353/69 13000/293/69
f 13001/354/70 13002/355/70 13003/356/70
f 13004/355/70 13005/357/70 13006/356/70
f 13007/45/71 13008/358/71 13009/359/71
f 13010/358/71 13011/360/71 13012/359/71
f 13013/25/66 13014/210/66 13015/27/66
f 13014/210/66 13016/346/66 13015/27/66
f 13017/347/67 13018/348/67 13019/349/67
f 13018/348/67 13020/350/67 13019/349/67
f 13021/351/68 13022/60/68 13023/35/68
f 13022/60/68 13024/36/68 13023/35/68
f 13025/141/69 13026/352/69 13027/293/69
f 13028/352/69 13029/353/69 13030/293/69
f 13031/354/70 13032/355/70 13033/356/70
f 13034/355/70 13035/357/70 13036/356/70
f 13037/45/71 13038/358/71 13039/359/71
f 13040/358/71 13041/360/71 13042/359/71
f 13043/25/66 13044/210/66 13045/27/66
f 13044/210/66 13046/346/66 13045/27/66
f 13047/347/67 13048/348/67 13049/349/67
f 13048/348/67 13050/350/67 13049/349/67
f 13051/351/68 13052/60/68 13053/35/68
f 13052/60/68 13054/36/68 13053/35/68
f 13055/141/69 13056/352/69 13057/293/69
f 13058/352/69 13059/353/69 13060/293/69
f 13061/354/70 13062/355/70 13063/356/70
f 13064/355/70 13065/357/70 13066/356/70
f 13067/45/71 13068/358/71 13069/359/71
f 13070/358/71 13071/360/71 13072/359/71
f 13073/25/66 13074/210/66 13075/27/66
f 13074/210/66 13076/346/66 13075/27/66
f 13077/347/67 13078/348/67 13079/349/67
f 13078/348/67 13080/350/67 13079/349/67
f 13081/351/68 13082/60/68 13083/35/68
f 13082/60/68 13084/36/68 13083/35/68
f 13085/141/69 13086/352/69 13087/293/69
f 13088/352/69 13089/353/69 13090/293/69
f 13091/354/70 13092/355/70 13093/356/70
f 13094/355/70 13095/357/70 13096/356/70
f 13097/45/71 13098/358/71 13099/359/71
f 13100/358/71 13101/360/71 13102/359/71
f 13103/133/66 13104/155/66 13105/134/66
f 13104/155/66 13106/173/66 13105/134/66
f 13107/174/67 13108/158/67 13109/175/67
f 13108/158/67 13110/176/67 13109/175/67
f 13111/177/68 13112/37/68 13113/142/68
f 13112/37/68 13114/62/68 13113/142/68
f 13115/178/69 13116/179/69 13117/164/69
f 13118/179/69 13119/180/69 13120/164/69
f 13121/181/70 13122/182/70 13123/183/70
f 13124/182/70 13125/169/70 13126/183/70
f 13127/151/71 13128/184/71 13129/185/71
f 13130/184/71 13131/172/71 13132/185/71
f 13133/133/66 13134/155/66 13135/134/66
f 13134/155/66 13136/173/66 13135/134/66
f 13137/174/67 13138/158/67 13139/175/67
f 13138/158/67 13140/176/67 13139/175/67
f 13141/177/68 13142/37/68 13143/142/68
f 13142/37/68 13144/62/68 13143/142/68
f 13145/178/69 13146/179/69 13147/164/69
f 13148/179/69 13149/180/69 13150/164/69
f 13151/181/70 13152/182/70 13153/183/70
f 13154/182/70 13155/169/70 13156/183/70
f 13157/151/71 13158/184/71 13159/185/71
f 13160/184/71 13161/172/71 13162/185/71
f 13163/133/66 13164/155/66 13165/134/66
f 13164/155/66 13166/173/66 13165/134/66
f 13167/174/67 13168/158/67 13169/175/67
f 13168/158/67 13170/176/67 13169/175/67
f 13171/177/68 13172/37/68 13173/142/68
f 13172/37/68 13174/62/68 13173/142/68
f 13175/178/69 13176/179/69 13177/164/69
f 13178/179/69 13179/180/69 13180/164/69
f 13181/181/70 13182/182/70 13183/183/70
f 13184/182/70 13185/169/70 13186/183/70
f 13187/151/71 13188/184/71 13189/185/71
f 13190/184/71 13191/172/71 13192/185/71
f 13193/133/66 13194/155/66 13195/134/66
f 13194/155/66 13196/173/66 13195/134/66
f 13197/174/67 13198/158/67 13199/175/67
f 13198/158/67 13200/176/67 13199/175/67
f 13201/177/68 13202/37/68 13203/142/68
f 13202/37/68 13204/62/68 13203/142/68
f 13205/178/69 13206/179/69 13207/164/69
f 13208/179/69 13209/180/69 13210/164/69
f 13211/181/70 13212/182/70 13213/183/70
f 13214/182/70 13215/169/70 13216/183/70
f 13217/151/71 13218/184/71 13219/185/71
f 13220/184/71 13221/172/71 13222/185/71
f 13223/365/66 13224/2/66 13225/366/66
f 13224/2/66 13226/431/66 13225/366/66
f 13227/518/67 13228/519/67 13229/520/67
f 13228/519/67 13230/521/67 13229/520/67
f 13231/522/68 13232/178/68 13233/373/68
f 13232/178/68 13234/39/68 13233/373/68
f 13235/523/69 13236/524/69 13237/525/69
f 13238/524/69 13239/526/69 13240/525/69
f 13241/527/70 13242/528/70 13243/529/70
f 13244/528/70 13245/530/70 13246/529/70
f 13247/381/71 13248/428/71 13249/531/71
f 13250/428/71 13251/532/71 13252/531/71
f 13253/133/66 13254/26/66 13255/134/66
f 13254/26/66 13256/71/66 13255/134/66
f 13257/136/67 13258/533/67 13259/138/67
f 13258/533/67 13260/534/67 13259/138/67
f 13261/140/68 13262/141/68 13263/142/68
f 13262/141/68 13264/62/68 13263/142/68
f 13265/143/69 13266/144/69 13267/145/69
f 13268/144/69 13269/146/69 13270/145/69
f 13271/147/70 13272/535/70 13273/149/70
f 13274/535/70 13275/536/70 13276/149/70
f 13277/151/71 13278/53/71 13279/153/71
f 13280/53/71 13281/537/71 13282/153/71
f 13283/133/66 13284/26/66 13285/134/66
f 13284/26/66 13286/71/66 13285/134/66
f 13287/294/67 13288/538/67 13289/539/67
f 13288/538/67 13290/540/67 13289/539/67
f 13291/541/68 13292/307/68 13293/142/68
f 13292/307/68 13294/62/68 13293/142/68
f 13295/542/69 13296/543/69 13297/312/69
f 13298/543/69 13299/544/69 13300/312/69
f 13301/545/70 13302/546/70 13303/547/70
f 13304/546/70 13305/548/70 13306/547/70
f 13307/151/71 13308/53/71 13309/291/71
f 13310/53/71 13311/44/71 13312/291/71
f 13313/133/66 13314/26/66 13315/134/66
f 13314/26/66 13316/71/66 13315/134/66
f 13317/294/67 13318/538/67 13319/539/67
f 13318/538/67 13320/540/67 13319/539/67
f 13321/541/68 13322/307/68 13323/142/68
f 13322/307/68 13324/62/68 13323/142/68
f 13325/542/69 13326/543/69 13327/312/69
f 13328/543/69 13329/544/69 13330/312/69
f 13331/545/70 13332/546/70 13333/547/70
f 13334/546/70 13335/548/70 13336/547/70
f 13337/151/71 13338/53/71 13339/291/71
f 13340/53/71 13341/44/71 13342/291/71
f 13343/1/72 13344/2/72 13345/3/72
f 13346/2/73 13347/4/73 13348/3/73
f 13349/5/74 13350/6/74 13351/7/74
f 13352/6/75 13353/8/75 13354/7/75
f 13355/9/76 13356/10/76 13357/11/76
f 13356/10/76 13358/12/76 13357/11/76
f 13359/13/77 13360/14/77 13361/15/77
f 13362/14/78 13363/16/78 13364/15/78
f 13365/17/79 13366/18/79 13367/19/79
f 13368/18/80 13369/20/80 13370/19/80
f 13371/21/81 13372/22/81 13373/23/81
f 13372/22/81 13374/24/81 13373/23/81
f 13375/25/82 13376/26/82 13377/27/82
f 13378/26/83 13379/28/83 13380/27/83
s 1
f 13381/29/84 13382/30/84 13383/31/84
s 0
f 13384/30/85 13385/32/85 13386/31/85
f 13387/33/86 13388/34/86 13389/35/86
f 13390/34/87 13391/36/87 13392/35/87
f 13393/37/88 13394/38/88 13395/39/88
f 13396/38/89 13397/40/89 13398/39/89
f 13399/41/90 13400/42/90 13401/43/90
f 13402/42/91 13403/44/91 13404/43/91
f 13405/45/92 13406/46/92 13407/47/92
f 13408/46/93 13409/48/93 13410/47/93
f 13411/49/94 13412/26/94 13413/50/94
f 13414/26/95 13415/51/95 13416/50/95
f 13417/52/96 13418/53/96 13419/54/96
f 13420/53/97 13421/55/97 13422/54/97
f 13423/56/98 13424/57/98 13425/58/98
f 13426/57/99 13427/59/99 13428/58/99
f 13429/60/100 13430/61/100 13431/62/100
f 13432/61/101 13433/63/101 13434/62/101
f 13435/64/102 13436/65/102 13437/66/102
f 13438/65/103 13439/67/103 13440/66/103
f 13441/68/104 13442/69/104 13443/70/104
f 13444/69/105 13445/71/105 13446/70/105
f 13447/72/106 13448/73/106 13449/74/106
f 13450/73/107 13451/75/107 13452/74/107
f 13453/76/108 13454/77/108 13455/78/108
f 13456/77/109 13457/79/109 13458/78/109
f 13459/80/110 13460/81/110 13461/82/110
f 13462/81/111 13463/83/111 13464/82/111
f 13465/84/112 13466/85/112 13467/86/112
f 13468/85/113 13469/87/113 13470/86/113
f 13471/88/114 13472/89/114 13473/90/114
f 13474/89/115 13475/91/115 13476/90/115
f 13477/92/116 13478/93/116 13479/94/116
f 13480/93/117 13481/95/117 13482/94/117
f 13483/96/118 13484/26/118 13485/97/118
f 13484/26/118 13486/98/118 13485/97/118
f 13487/99/119 13488/69/119 13489/100/119
f 13490/69/120 13491/101/120 13492/100/120
f 13493/102/121 13494/103/121 13495/104/121
f 13496/103/122 13497/105/122 13498/104/122
f 13499/81/123 13500/106/123 13501/59/123
f 13502/106/124 13503/107/124 13504/59/124
f 13505/108/125 13506/109/125 13507/110/125
f 13508/109/126 13509/71/126 13510/110/126
f 13511/111/127 13512/112/127 13513/113/127
f 13514/112/128 13515/51/128 13516/113/128
f 13517/114/129 13518/26/129 13519/115/129
f 13520/26/130 13521/116/130 13522/115/130
f 13523/117/131 13524/112/131 13525/118/131
f 13526/112/132 13527/119/132 13528/118/132
f 13529/120/133 13530/121/133 13531/122/133
f 13532/121/134 13533/123/134 13534/122/134
f 13535/124/135 13536/125/135 13537/105/135
f 13536/125/135 13538/126/135 13537/105/135
f 13539/127/136 13540/128/136 13541/129/136
f 13542/128/137 13543/51/137 13544/129/137
f 13545/130/138 13546/131/138 13547/132/138
f 13548/131/139 13549/98/139 13550/132/139
f 13551/1/140 13552/2/140 13553/3/140
s 1
f 13552/2/140 13554/4/140 13553/3/140
s 0
f 13555/5/141 13556/6/141 13557/7/141
f 13556/6/141 13558/8/141 13557/7/141
f 13559/9/142 13560/10/142 13561/11/142
f 13562/10/143 13563/12/143 13564/11/143
f 13565/13/144 13566/14/144 13567/15/144
f 13568/14/145 13569/16/145 13570/15/145
f 13571/17/146 13572/18/146 13573/19/146
f 13574/18/147 13575/20/147 13576/19/147
f 13577/21/148 13578/22/148 13579/23/148
f 13580/22/149 13581/24/149 13582/23/149
f 13583/25/150 13584/26/150 13585/27/150
f 13586/26/151 13587/28/151 13588/27/151
f 13589/29/152 13590/30/152 13591/31/152
f 13592/30/153 13593/32/153 13594/31/153
f 13595/33/154 13596/34/154 13597/35/154
f 13598/34/155 13599/36/155 13600/35/155
f 13601/37/156 13602/38/156 13603/39/156
f 13602/38/156 13604/40/156 13603/39/156
f 13605/41/157 13606/42/157 13607/43/157
f 13608/42/158 13609/44/158 13610/43/158
f 13611/45/159 13612/46/159 13613/47/159
f 13612/46/159 13614/48/159 13613/47/159
f 13615/49/160 13616/26/160 13617/50/160
f 13616/26/160 13618/51/160 13617/50/160
f 13619/52/161 13620/53/161 13621/54/161
f 13622/53/162 13623/55/162 13624/54/162
f 13625/56/163 13626/57/163 13627/58/163
f 13628/57/164 13629/59/164 13630/58/164
f 13631/60/165 13632/61/165 13633/62/165
f 13634/61/166 13635/63/166 13636/62/166
f 13637/64/167 13638/65/167 13639/66/167
s 1
f 13640/65/168 13641/67/168 13642/66/168
s 0
f 13643/68/169 13644/69/169 13645/70/169
f 13646/69/170 13647/71/170 13648/70/170
f 13649/72/171 13650/73/171 13651/74/171
f 13652/73/172 13653/75/172 13654/74/172
f 13655/76/173 13656/77/173 13657/78/173
f 13658/77/174 13659/79/174 13660/78/174
f 13661/80/175 13662/81/175 13663/82/175
f 13662/81/175 13664/83/175 13663/82/175
f 13665/84/176 13666/85/176 13667/86/176
f 13666/85/176 13668/87/176 13667/86/176
f 13669/88/177 13670/89/177 13671/90/177
f 13672/89/178 13673/91/178 13674/90/178
f 13675/92/179 13676/93/179 13677/94/179
f 13678/93/180 13679/95/180 13680/94/180
f 13681/96/181 13682/26/181 13683/97/181
f 13684/26/182 13685/98/182 13686/97/182
f 13687/99/183 13688/69/183 13689/100/183
f 13690/69/184 13691/101/184 13692/100/184
f 13693/102/185 13694/103/185 13695/104/185
f 13696/103/186 13697/105/186 13698/104/186
f 13699/81/187 13700/106/187 13701/59/187
f 13702/106/188 13703/107/188 13704/59/188
f 13705/108/189 13706/109/189 13707/110/189
f 13708/109/190 13709/71/190 13710/110/190
f 13711/111/191 13712/112/191 13713/113/191
f 13714/112/192 13715/51/192 13716/113/192
f 13717/114/193 13718/26/193 13719/115/193
f 13720/26/194 13721/116/194 13722/115/194
f 13723/117/195 13724/112/195 13725/118/195
s 1
f 13726/112/196 13727/119/196 13728/118/196
s 0
f 13729/120/197 13730/121/197 13731/122/197
f 13732/121/198 13733/123/198 13734/122/198
f 13735/124/199 13736/125/199 13737/105/199
f 13738/125/200 13739/126/200 13740/105/200
f 13741/127/201 13742/128/201 13743/129/201
f 13744/128/202 13745/51/202 13746/129/202
f 13747/130/203 13748/131/203 13749/132/203
f 13750/131/204 13751/98/204 13752/132/204
f 13753/1/205 13754/2/205 13755/3/205
f 13756/2/206 13757/4/206 13758/3/206
f 13759/5/207 13760/6/207 13761/7/207
f 13760/6/207 13762/8/207 13761/7/207
f 13763/9/208 13764/10/208 13765/11/208
f 13766/10/209 13767/12/209 13768/11/209
f 13769/13/210 13770/14/210 13771/15/210
f 13772/14/211 13773/16/211 13774/15/211
f 13775/17/212 13776/18/212 13777/19/212
f 13776/18/212 13778/20/212 13777/19/212
f 13779/21/213 13780/22/213 13781/23/213
f 13782/22/214 13783/24/214 13784/23/214
f 13785/25/215 13786/26/215 13787/27/215
f 13786/26/215 13788/28/215 13787/27/215
f 13789/29/216 13790/30/216 13791/31/216
f 13792/30/217 13793/32/217 13794/31/217
f 13795/33/218 13796/34/218 13797/35/218
f 13798/34/219 13799/36/219 13800/35/219
f 13801/37/220 13802/38/220 13803/39/220
f 13802/38/220 13804/40/220 13803/39/220
f 13805/41/221 13806/42/221 13807/43/221
f 13808/42/222 13809/44/222 13810/43/222
f 13811/45/223 13812/46/223 13813/47/223
f 13814/46/224 13815/48/224 13816/47/224
f 13817/49/225 13818/26/225 13819/50/225
f 13820/26/226 13821/51/226 13822/50/226
f 13823/52/227 13824/53/227 13825/54/227
f 13826/53/228 13827/55/228 13828/54/228
f 13829/56/229 13830/57/229 13831/58/229
f 13832/57/230 13833/59/230 13834/58/230
f 13835/60/231 13836/61/231 13837/62/231
f 13836/61/231 13838/63/231 13837/62/231
f 13839/64/232 13840/65/232 13841/66/232
f 13842/65/233 13843/67/233 13844/66/233
f 13845/68/234 13846/69/234 13847/70/234
f 13848/69/235 13849/71/235 13850/70/235
f 13851/72/236 13852/73/236 13853/74/236
f 13852/73/236 13854/75/236 13853/74/236
f 13855/76/237 13856/77/237 13857/78/237
f 13856/77/237 13858/79/237 13857/78/237
f 13859/80/238 13860/81/238 13861/82/238
f 13860/81/238 13862/83/238 13861/82/238
f 13863/84/239 13864/85/239 13865/86/239
f 13864/85/239 13866/87/239 13865/86/239
f 13867/88/240 13868/89/240 13869/90/240
f 13868/89/240 13870/91/240 13869/90/240
f 13871/92/241 13872/93/241 13873/94/241
f 13872/93/241 13874/95/241 13873/94/241
f 13875/96/242 13876/26/242 13877/97/242
f 13878/26/243 13879/98/243 13880/97/243
f 13881/99/244 13882/69/244 13883/100/244
f 13884/69/245 13885/101/245 13886/100/245
f 13887/102/246 13888/103/246 13889/104/246
f 13890/103/247 13891/105/247 13892/104/247
f 13893/81/248 13894/106/248 13895/59/248
f 13896/106/249 13897/107/249 13898/59/249
f 13899/108/250 13900/109/250 13901/110/250
f 13900/109/250 13902/71/250 13901/110/250
f 13903/111/251 13904/112/251 13905/113/251
f 13904/112/251 13906/51/251 13905/113/251
f 13907/114/252 13908/26/252 13909/115/252
f 13910/26/253 13911/116/253 13912/115/253
f 13913/117/254 13914/112/254 13915/118/254
f 13916/112/255 13917/119/255 13918/118/255
f 13919/120/256 13920/121/256 13921/122/256
f 13922/121/257 13923/123/257 13924/122/257
f 13925/124/258 13926/125/258 13927/105/258
f 13928/125/259 13929/126/259 13930/105/259
f 13931/127/260 13932/128/260 13933/129/260
f 13934/128/261 13935/51/261 13936/129/261
f 13937/130/262 13938/131/262 13939/132/262
f 13940/131/263 13941/98/263 13942/132/263
